fill	x	y	key	showSelected1	showSelected2
#66C2A5	1	-0.689099191816566	1	sous-entraînement	VC à 2 blocs 32
#FC8D62	2	-0.608089478320124	2	validation	VC à 2 blocs 32
#FC8D62	3	-0.710016671983337	3	validation	VC à 2 blocs 32
#66C2A5	4	-0.466925730528553	4	sous-entraînement	VC à 2 blocs 32
#FC8D62	5	-0.593503033560796	5	validation	VC à 2 blocs 32
#FC8D62	6	-0.708500649154134	6	validation	VC à 2 blocs 32
#66C2A5	7	-0.577710905499484	7	sous-entraînement	VC à 2 blocs 32
#66C2A5	8	-0.552621340229411	8	sous-entraînement	VC à 2 blocs 32
#FC8D62	9	-0.568875675576983	9	validation	VC à 2 blocs 32
#FC8D62	10	-0.656992649457968	10	validation	VC à 2 blocs 32
#FC8D62	11	0.334821441067167	11	validation	VC à 2 blocs 32
#66C2A5	12	0.222627647863225	12	sous-entraînement	VC à 2 blocs 32
#FC8D62	13	0.121519266167902	13	validation	VC à 2 blocs 32
#FC8D62	14	-0.0378266644956678	14	validation	VC à 2 blocs 32
#FC8D62	15	0.296136416036393	15	validation	VC à 2 blocs 32
#66C2A5	16	0.179149963320559	16	sous-entraînement	VC à 2 blocs 32
#FC8D62	17	0.182024297912188	17	validation	VC à 2 blocs 32
#FC8D62	18	0.278026945290612	18	validation	VC à 2 blocs 32
#66C2A5	19	0.265765443731891	19	sous-entraînement	VC à 2 blocs 32
#66C2A5	20	0.243033456343833	20	sous-entraînement	VC à 2 blocs 32
#66C2A5	21	-0.743730875249225	21	sous-entraînement	VC à 2 blocs 32
#66C2A5	22	-0.757414982336941	22	sous-entraînement	VC à 2 blocs 32
#FC8D62	23	-0.828172114073528	23	validation	VC à 2 blocs 32
#66C2A5	24	-1.03456378199638	24	sous-entraînement	VC à 2 blocs 32
#FC8D62	25	-0.773646037620576	25	validation	VC à 2 blocs 32
#66C2A5	26	-0.841241486362947	26	sous-entraînement	VC à 2 blocs 32
#FC8D62	27	-0.85120816308058	27	validation	VC à 2 blocs 32
#FC8D62	28	-0.982703850799975	28	validation	VC à 2 blocs 32
#FC8D62	29	-0.883443617920909	29	validation	VC à 2 blocs 32
#66C2A5	30	-0.793834456390077	30	sous-entraînement	VC à 2 blocs 32
#66C2A5	31	1.7311487572907	31	sous-entraînement	VC à 2 blocs 32
#66C2A5	32	1.58500202940349	32	sous-entraînement	VC à 2 blocs 32
#66C2A5	33	1.63404796329373	33	sous-entraînement	VC à 2 blocs 32
#FC8D62	34	1.5899002980795	34	validation	VC à 2 blocs 32
#FC8D62	35	1.45757484645493	35	validation	VC à 2 blocs 32
#66C2A5	36	1.55378134580782	36	sous-entraînement	VC à 2 blocs 32
#FC8D62	37	1.55585180676676	37	validation	VC à 2 blocs 32
#FC8D62	38	1.58934946246667	38	validation	VC à 2 blocs 32
#66C2A5	39	1.70528333933618	39	sous-entraînement	VC à 2 blocs 32
#66C2A5	40	1.67159837698355	40	sous-entraînement	VC à 2 blocs 32
#66C2A5	41	0.313055412190002	41	sous-entraînement	VC à 2 blocs 32
#FC8D62	42	0.30417160380171	42	validation	VC à 2 blocs 32
#66C2A5	43	0.399204109355834	43	sous-entraînement	VC à 2 blocs 32
#66C2A5	44	0.385174091682726	44	sous-entraînement	VC à 2 blocs 32
#66C2A5	45	0.260632202360409	45	sous-entraînement	VC à 2 blocs 32
#FC8D62	46	0.258758256119149	46	validation	VC à 2 blocs 32
#FC8D62	47	0.365965968029044	47	validation	VC à 2 blocs 32
#66C2A5	48	0.406361064266902	48	sous-entraînement	VC à 2 blocs 32
#FC8D62	49	0.318273150600338	49	validation	VC à 2 blocs 32
#66C2A5	50	0.417618544460782	50	sous-entraînement	VC à 2 blocs 32
#FC8D62	1	-0.689099191816566	1	validation	VC à 2 blocs 33
#66C2A5	2	-0.608089478320124	2	sous-entraînement	VC à 2 blocs 33
#66C2A5	3	-0.710016671983337	3	sous-entraînement	VC à 2 blocs 33
#FC8D62	4	-0.466925730528553	4	validation	VC à 2 blocs 33
#66C2A5	5	-0.593503033560796	5	sous-entraînement	VC à 2 blocs 33
#66C2A5	6	-0.708500649154134	6	sous-entraînement	VC à 2 blocs 33
#FC8D62	7	-0.577710905499484	7	validation	VC à 2 blocs 33
#FC8D62	8	-0.552621340229411	8	validation	VC à 2 blocs 33
#66C2A5	9	-0.568875675576983	9	sous-entraînement	VC à 2 blocs 33
#66C2A5	10	-0.656992649457968	10	sous-entraînement	VC à 2 blocs 33
#66C2A5	11	0.334821441067167	11	sous-entraînement	VC à 2 blocs 33
#FC8D62	12	0.222627647863225	12	validation	VC à 2 blocs 33
#66C2A5	13	0.121519266167902	13	sous-entraînement	VC à 2 blocs 33
#66C2A5	14	-0.0378266644956678	14	sous-entraînement	VC à 2 blocs 33
#66C2A5	15	0.296136416036393	15	sous-entraînement	VC à 2 blocs 33
#FC8D62	16	0.179149963320559	16	validation	VC à 2 blocs 33
#66C2A5	17	0.182024297912188	17	sous-entraînement	VC à 2 blocs 33
#66C2A5	18	0.278026945290612	18	sous-entraînement	VC à 2 blocs 33
#FC8D62	19	0.265765443731891	19	validation	VC à 2 blocs 33
#FC8D62	20	0.243033456343833	20	validation	VC à 2 blocs 33
#FC8D62	21	-0.743730875249225	21	validation	VC à 2 blocs 33
#FC8D62	22	-0.757414982336941	22	validation	VC à 2 blocs 33
#66C2A5	23	-0.828172114073528	23	sous-entraînement	VC à 2 blocs 33
#FC8D62	24	-1.03456378199638	24	validation	VC à 2 blocs 33
#66C2A5	25	-0.773646037620576	25	sous-entraînement	VC à 2 blocs 33
#FC8D62	26	-0.841241486362947	26	validation	VC à 2 blocs 33
#66C2A5	27	-0.85120816308058	27	sous-entraînement	VC à 2 blocs 33
#66C2A5	28	-0.982703850799975	28	sous-entraînement	VC à 2 blocs 33
#66C2A5	29	-0.883443617920909	29	sous-entraînement	VC à 2 blocs 33
#FC8D62	30	-0.793834456390077	30	validation	VC à 2 blocs 33
#FC8D62	31	1.7311487572907	31	validation	VC à 2 blocs 33
#FC8D62	32	1.58500202940349	32	validation	VC à 2 blocs 33
#FC8D62	33	1.63404796329373	33	validation	VC à 2 blocs 33
#66C2A5	34	1.5899002980795	34	sous-entraînement	VC à 2 blocs 33
#66C2A5	35	1.45757484645493	35	sous-entraînement	VC à 2 blocs 33
#FC8D62	36	1.55378134580782	36	validation	VC à 2 blocs 33
#66C2A5	37	1.55585180676676	37	sous-entraînement	VC à 2 blocs 33
#66C2A5	38	1.58934946246667	38	sous-entraînement	VC à 2 blocs 33
#FC8D62	39	1.70528333933618	39	validation	VC à 2 blocs 33
#FC8D62	40	1.67159837698355	40	validation	VC à 2 blocs 33
#FC8D62	41	0.313055412190002	41	validation	VC à 2 blocs 33
#66C2A5	42	0.30417160380171	42	sous-entraînement	VC à 2 blocs 33
#FC8D62	43	0.399204109355834	43	validation	VC à 2 blocs 33
#FC8D62	44	0.385174091682726	44	validation	VC à 2 blocs 33
#FC8D62	45	0.260632202360409	45	validation	VC à 2 blocs 33
#66C2A5	46	0.258758256119149	46	sous-entraînement	VC à 2 blocs 33
#66C2A5	47	0.365965968029044	47	sous-entraînement	VC à 2 blocs 33
#FC8D62	48	0.406361064266902	48	validation	VC à 2 blocs 33
#66C2A5	49	0.318273150600338	49	sous-entraînement	VC à 2 blocs 33
#FC8D62	50	0.417618544460782	50	validation	VC à 2 blocs 33
#FC8D62	1	-0.689099191816566	1	validation	VC à 2 blocs 85
#FC8D62	2	-0.608089478320124	2	validation	VC à 2 blocs 85
#66C2A5	3	-0.710016671983337	3	sous-entraînement	VC à 2 blocs 85
#66C2A5	4	-0.466925730528553	4	sous-entraînement	VC à 2 blocs 85
#66C2A5	5	-0.593503033560796	5	sous-entraînement	VC à 2 blocs 85
#66C2A5	6	-0.708500649154134	6	sous-entraînement	VC à 2 blocs 85
#FC8D62	7	-0.577710905499484	7	validation	VC à 2 blocs 85
#FC8D62	8	-0.552621340229411	8	validation	VC à 2 blocs 85
#66C2A5	9	-0.568875675576983	9	sous-entraînement	VC à 2 blocs 85
#66C2A5	10	-0.656992649457968	10	sous-entraînement	VC à 2 blocs 85
#FC8D62	11	0.334821441067167	11	validation	VC à 2 blocs 85
#FC8D62	12	0.222627647863225	12	validation	VC à 2 blocs 85
#FC8D62	13	0.121519266167902	13	validation	VC à 2 blocs 85
#66C2A5	14	-0.0378266644956678	14	sous-entraînement	VC à 2 blocs 85
#66C2A5	15	0.296136416036393	15	sous-entraînement	VC à 2 blocs 85
#FC8D62	16	0.179149963320559	16	validation	VC à 2 blocs 85
#FC8D62	17	0.182024297912188	17	validation	VC à 2 blocs 85
#FC8D62	18	0.278026945290612	18	validation	VC à 2 blocs 85
#FC8D62	19	0.265765443731891	19	validation	VC à 2 blocs 85
#66C2A5	20	0.243033456343833	20	sous-entraînement	VC à 2 blocs 85
#66C2A5	21	-0.743730875249225	21	sous-entraînement	VC à 2 blocs 85
#FC8D62	22	-0.757414982336941	22	validation	VC à 2 blocs 85
#FC8D62	23	-0.828172114073528	23	validation	VC à 2 blocs 85
#FC8D62	24	-1.03456378199638	24	validation	VC à 2 blocs 85
#FC8D62	25	-0.773646037620576	25	validation	VC à 2 blocs 85
#FC8D62	26	-0.841241486362947	26	validation	VC à 2 blocs 85
#66C2A5	27	-0.85120816308058	27	sous-entraînement	VC à 2 blocs 85
#FC8D62	28	-0.982703850799975	28	validation	VC à 2 blocs 85
#66C2A5	29	-0.883443617920909	29	sous-entraînement	VC à 2 blocs 85
#66C2A5	30	-0.793834456390077	30	sous-entraînement	VC à 2 blocs 85
#66C2A5	31	1.7311487572907	31	sous-entraînement	VC à 2 blocs 85
#66C2A5	32	1.58500202940349	32	sous-entraînement	VC à 2 blocs 85
#FC8D62	33	1.63404796329373	33	validation	VC à 2 blocs 85
#66C2A5	34	1.5899002980795	34	sous-entraînement	VC à 2 blocs 85
#FC8D62	35	1.45757484645493	35	validation	VC à 2 blocs 85
#66C2A5	36	1.55378134580782	36	sous-entraînement	VC à 2 blocs 85
#66C2A5	37	1.55585180676676	37	sous-entraînement	VC à 2 blocs 85
#66C2A5	38	1.58934946246667	38	sous-entraînement	VC à 2 blocs 85
#FC8D62	39	1.70528333933618	39	validation	VC à 2 blocs 85
#66C2A5	40	1.67159837698355	40	sous-entraînement	VC à 2 blocs 85
#FC8D62	41	0.313055412190002	41	validation	VC à 2 blocs 85
#FC8D62	42	0.30417160380171	42	validation	VC à 2 blocs 85
#66C2A5	43	0.399204109355834	43	sous-entraînement	VC à 2 blocs 85
#66C2A5	44	0.385174091682726	44	sous-entraînement	VC à 2 blocs 85
#FC8D62	45	0.260632202360409	45	validation	VC à 2 blocs 85
#66C2A5	46	0.258758256119149	46	sous-entraînement	VC à 2 blocs 85
#FC8D62	47	0.365965968029044	47	validation	VC à 2 blocs 85
#66C2A5	48	0.406361064266902	48	sous-entraînement	VC à 2 blocs 85
#66C2A5	49	0.318273150600338	49	sous-entraînement	VC à 2 blocs 85
#FC8D62	50	0.417618544460782	50	validation	VC à 2 blocs 85
#66C2A5	1	-0.689099191816566	1	sous-entraînement	VC à 2 blocs 77
#66C2A5	2	-0.608089478320124	2	sous-entraînement	VC à 2 blocs 77
#FC8D62	3	-0.710016671983337	3	validation	VC à 2 blocs 77
#FC8D62	4	-0.466925730528553	4	validation	VC à 2 blocs 77
#FC8D62	5	-0.593503033560796	5	validation	VC à 2 blocs 77
#FC8D62	6	-0.708500649154134	6	validation	VC à 2 blocs 77
#66C2A5	7	-0.577710905499484	7	sous-entraînement	VC à 2 blocs 77
#66C2A5	8	-0.552621340229411	8	sous-entraînement	VC à 2 blocs 77
#FC8D62	9	-0.568875675576983	9	validation	VC à 2 blocs 77
#FC8D62	10	-0.656992649457968	10	validation	VC à 2 blocs 77
#66C2A5	11	0.334821441067167	11	sous-entraînement	VC à 2 blocs 77
#66C2A5	12	0.222627647863225	12	sous-entraînement	VC à 2 blocs 77
#66C2A5	13	0.121519266167902	13	sous-entraînement	VC à 2 blocs 77
#FC8D62	14	-0.0378266644956678	14	validation	VC à 2 blocs 77
#FC8D62	15	0.296136416036393	15	validation	VC à 2 blocs 77
#66C2A5	16	0.179149963320559	16	sous-entraînement	VC à 2 blocs 77
#66C2A5	17	0.182024297912188	17	sous-entraînement	VC à 2 blocs 77
#66C2A5	18	0.278026945290612	18	sous-entraînement	VC à 2 blocs 77
#66C2A5	19	0.265765443731891	19	sous-entraînement	VC à 2 blocs 77
#FC8D62	20	0.243033456343833	20	validation	VC à 2 blocs 77
#FC8D62	21	-0.743730875249225	21	validation	VC à 2 blocs 77
#66C2A5	22	-0.757414982336941	22	sous-entraînement	VC à 2 blocs 77
#66C2A5	23	-0.828172114073528	23	sous-entraînement	VC à 2 blocs 77
#66C2A5	24	-1.03456378199638	24	sous-entraînement	VC à 2 blocs 77
#66C2A5	25	-0.773646037620576	25	sous-entraînement	VC à 2 blocs 77
#66C2A5	26	-0.841241486362947	26	sous-entraînement	VC à 2 blocs 77
#FC8D62	27	-0.85120816308058	27	validation	VC à 2 blocs 77
#66C2A5	28	-0.982703850799975	28	sous-entraînement	VC à 2 blocs 77
#FC8D62	29	-0.883443617920909	29	validation	VC à 2 blocs 77
#FC8D62	30	-0.793834456390077	30	validation	VC à 2 blocs 77
#FC8D62	31	1.7311487572907	31	validation	VC à 2 blocs 77
#FC8D62	32	1.58500202940349	32	validation	VC à 2 blocs 77
#66C2A5	33	1.63404796329373	33	sous-entraînement	VC à 2 blocs 77
#FC8D62	34	1.5899002980795	34	validation	VC à 2 blocs 77
#66C2A5	35	1.45757484645493	35	sous-entraînement	VC à 2 blocs 77
#FC8D62	36	1.55378134580782	36	validation	VC à 2 blocs 77
#FC8D62	37	1.55585180676676	37	validation	VC à 2 blocs 77
#FC8D62	38	1.58934946246667	38	validation	VC à 2 blocs 77
#66C2A5	39	1.70528333933618	39	sous-entraînement	VC à 2 blocs 77
#FC8D62	40	1.67159837698355	40	validation	VC à 2 blocs 77
#66C2A5	41	0.313055412190002	41	sous-entraînement	VC à 2 blocs 77
#66C2A5	42	0.30417160380171	42	sous-entraînement	VC à 2 blocs 77
#FC8D62	43	0.399204109355834	43	validation	VC à 2 blocs 77
#FC8D62	44	0.385174091682726	44	validation	VC à 2 blocs 77
#66C2A5	45	0.260632202360409	45	sous-entraînement	VC à 2 blocs 77
#FC8D62	46	0.258758256119149	46	validation	VC à 2 blocs 77
#66C2A5	47	0.365965968029044	47	sous-entraînement	VC à 2 blocs 77
#FC8D62	48	0.406361064266902	48	validation	VC à 2 blocs 77
#FC8D62	49	0.318273150600338	49	validation	VC à 2 blocs 77
#66C2A5	50	0.417618544460782	50	sous-entraînement	VC à 2 blocs 77
#FC8D62	1	-0.689099191816566	1	validation	VC à 2 blocs 4
#66C2A5	2	-0.608089478320124	2	sous-entraînement	VC à 2 blocs 4
#FC8D62	3	-0.710016671983337	3	validation	VC à 2 blocs 4
#66C2A5	4	-0.466925730528553	4	sous-entraînement	VC à 2 blocs 4
#66C2A5	5	-0.593503033560796	5	sous-entraînement	VC à 2 blocs 4
#FC8D62	6	-0.708500649154134	6	validation	VC à 2 blocs 4
#FC8D62	7	-0.577710905499484	7	validation	VC à 2 blocs 4
#66C2A5	8	-0.552621340229411	8	sous-entraînement	VC à 2 blocs 4
#66C2A5	9	-0.568875675576983	9	sous-entraînement	VC à 2 blocs 4
#66C2A5	10	-0.656992649457968	10	sous-entraînement	VC à 2 blocs 4
#66C2A5	11	0.334821441067167	11	sous-entraînement	VC à 2 blocs 4
#FC8D62	12	0.222627647863225	12	validation	VC à 2 blocs 4
#FC8D62	13	0.121519266167902	13	validation	VC à 2 blocs 4
#66C2A5	14	-0.0378266644956678	14	sous-entraînement	VC à 2 blocs 4
#FC8D62	15	0.296136416036393	15	validation	VC à 2 blocs 4
#66C2A5	16	0.179149963320559	16	sous-entraînement	VC à 2 blocs 4
#FC8D62	17	0.182024297912188	17	validation	VC à 2 blocs 4
#66C2A5	18	0.278026945290612	18	sous-entraînement	VC à 2 blocs 4
#66C2A5	19	0.265765443731891	19	sous-entraînement	VC à 2 blocs 4
#66C2A5	20	0.243033456343833	20	sous-entraînement	VC à 2 blocs 4
#66C2A5	21	-0.743730875249225	21	sous-entraînement	VC à 2 blocs 4
#66C2A5	22	-0.757414982336941	22	sous-entraînement	VC à 2 blocs 4
#66C2A5	23	-0.828172114073528	23	sous-entraînement	VC à 2 blocs 4
#FC8D62	24	-1.03456378199638	24	validation	VC à 2 blocs 4
#FC8D62	25	-0.773646037620576	25	validation	VC à 2 blocs 4
#66C2A5	26	-0.841241486362947	26	sous-entraînement	VC à 2 blocs 4
#66C2A5	27	-0.85120816308058	27	sous-entraînement	VC à 2 blocs 4
#FC8D62	28	-0.982703850799975	28	validation	VC à 2 blocs 4
#66C2A5	29	-0.883443617920909	29	sous-entraînement	VC à 2 blocs 4
#FC8D62	30	-0.793834456390077	30	validation	VC à 2 blocs 4
#FC8D62	31	1.7311487572907	31	validation	VC à 2 blocs 4
#FC8D62	32	1.58500202940349	32	validation	VC à 2 blocs 4
#FC8D62	33	1.63404796329373	33	validation	VC à 2 blocs 4
#FC8D62	34	1.5899002980795	34	validation	VC à 2 blocs 4
#66C2A5	35	1.45757484645493	35	sous-entraînement	VC à 2 blocs 4
#66C2A5	36	1.55378134580782	36	sous-entraînement	VC à 2 blocs 4
#FC8D62	37	1.55585180676676	37	validation	VC à 2 blocs 4
#FC8D62	38	1.58934946246667	38	validation	VC à 2 blocs 4
#66C2A5	39	1.70528333933618	39	sous-entraînement	VC à 2 blocs 4
#FC8D62	40	1.67159837698355	40	validation	VC à 2 blocs 4
#FC8D62	41	0.313055412190002	41	validation	VC à 2 blocs 4
#66C2A5	42	0.30417160380171	42	sous-entraînement	VC à 2 blocs 4
#FC8D62	43	0.399204109355834	43	validation	VC à 2 blocs 4
#FC8D62	44	0.385174091682726	44	validation	VC à 2 blocs 4
#66C2A5	45	0.260632202360409	45	sous-entraînement	VC à 2 blocs 4
#FC8D62	46	0.258758256119149	46	validation	VC à 2 blocs 4
#FC8D62	47	0.365965968029044	47	validation	VC à 2 blocs 4
#66C2A5	48	0.406361064266902	48	sous-entraînement	VC à 2 blocs 4
#66C2A5	49	0.318273150600338	49	sous-entraînement	VC à 2 blocs 4
#FC8D62	50	0.417618544460782	50	validation	VC à 2 blocs 4
#66C2A5	1	-0.689099191816566	1	sous-entraînement	VC à 2 blocs 34
#FC8D62	2	-0.608089478320124	2	validation	VC à 2 blocs 34
#66C2A5	3	-0.710016671983337	3	sous-entraînement	VC à 2 blocs 34
#FC8D62	4	-0.466925730528553	4	validation	VC à 2 blocs 34
#FC8D62	5	-0.593503033560796	5	validation	VC à 2 blocs 34
#66C2A5	6	-0.708500649154134	6	sous-entraînement	VC à 2 blocs 34
#66C2A5	7	-0.577710905499484	7	sous-entraînement	VC à 2 blocs 34
#FC8D62	8	-0.552621340229411	8	validation	VC à 2 blocs 34
#FC8D62	9	-0.568875675576983	9	validation	VC à 2 blocs 34
#FC8D62	10	-0.656992649457968	10	validation	VC à 2 blocs 34
#FC8D62	11	0.334821441067167	11	validation	VC à 2 blocs 34
#66C2A5	12	0.222627647863225	12	sous-entraînement	VC à 2 blocs 34
#66C2A5	13	0.121519266167902	13	sous-entraînement	VC à 2 blocs 34
#FC8D62	14	-0.0378266644956678	14	validation	VC à 2 blocs 34
#66C2A5	15	0.296136416036393	15	sous-entraînement	VC à 2 blocs 34
#FC8D62	16	0.179149963320559	16	validation	VC à 2 blocs 34
#66C2A5	17	0.182024297912188	17	sous-entraînement	VC à 2 blocs 34
#FC8D62	18	0.278026945290612	18	validation	VC à 2 blocs 34
#FC8D62	19	0.265765443731891	19	validation	VC à 2 blocs 34
#FC8D62	20	0.243033456343833	20	validation	VC à 2 blocs 34
#FC8D62	21	-0.743730875249225	21	validation	VC à 2 blocs 34
#FC8D62	22	-0.757414982336941	22	validation	VC à 2 blocs 34
#FC8D62	23	-0.828172114073528	23	validation	VC à 2 blocs 34
#66C2A5	24	-1.03456378199638	24	sous-entraînement	VC à 2 blocs 34
#66C2A5	25	-0.773646037620576	25	sous-entraînement	VC à 2 blocs 34
#FC8D62	26	-0.841241486362947	26	validation	VC à 2 blocs 34
#FC8D62	27	-0.85120816308058	27	validation	VC à 2 blocs 34
#66C2A5	28	-0.982703850799975	28	sous-entraînement	VC à 2 blocs 34
#FC8D62	29	-0.883443617920909	29	validation	VC à 2 blocs 34
#66C2A5	30	-0.793834456390077	30	sous-entraînement	VC à 2 blocs 34
#66C2A5	31	1.7311487572907	31	sous-entraînement	VC à 2 blocs 34
#66C2A5	32	1.58500202940349	32	sous-entraînement	VC à 2 blocs 34
#66C2A5	33	1.63404796329373	33	sous-entraînement	VC à 2 blocs 34
#66C2A5	34	1.5899002980795	34	sous-entraînement	VC à 2 blocs 34
#FC8D62	35	1.45757484645493	35	validation	VC à 2 blocs 34
#FC8D62	36	1.55378134580782	36	validation	VC à 2 blocs 34
#66C2A5	37	1.55585180676676	37	sous-entraînement	VC à 2 blocs 34
#66C2A5	38	1.58934946246667	38	sous-entraînement	VC à 2 blocs 34
#FC8D62	39	1.70528333933618	39	validation	VC à 2 blocs 34
#66C2A5	40	1.67159837698355	40	sous-entraînement	VC à 2 blocs 34
#66C2A5	41	0.313055412190002	41	sous-entraînement	VC à 2 blocs 34
#FC8D62	42	0.30417160380171	42	validation	VC à 2 blocs 34
#66C2A5	43	0.399204109355834	43	sous-entraînement	VC à 2 blocs 34
#66C2A5	44	0.385174091682726	44	sous-entraînement	VC à 2 blocs 34
#FC8D62	45	0.260632202360409	45	validation	VC à 2 blocs 34
#66C2A5	46	0.258758256119149	46	sous-entraînement	VC à 2 blocs 34
#66C2A5	47	0.365965968029044	47	sous-entraînement	VC à 2 blocs 34
#FC8D62	48	0.406361064266902	48	validation	VC à 2 blocs 34
#FC8D62	49	0.318273150600338	49	validation	VC à 2 blocs 34
#66C2A5	50	0.417618544460782	50	sous-entraînement	VC à 2 blocs 34
#FC8D62	1	-0.689099191816566	1	validation	VC à 2 blocs 28
#FC8D62	2	-0.608089478320124	2	validation	VC à 2 blocs 28
#FC8D62	3	-0.710016671983337	3	validation	VC à 2 blocs 28
#66C2A5	4	-0.466925730528553	4	sous-entraînement	VC à 2 blocs 28
#66C2A5	5	-0.593503033560796	5	sous-entraînement	VC à 2 blocs 28
#66C2A5	6	-0.708500649154134	6	sous-entraînement	VC à 2 blocs 28
#66C2A5	7	-0.577710905499484	7	sous-entraînement	VC à 2 blocs 28
#66C2A5	8	-0.552621340229411	8	sous-entraînement	VC à 2 blocs 28
#FC8D62	9	-0.568875675576983	9	validation	VC à 2 blocs 28
#66C2A5	10	-0.656992649457968	10	sous-entraînement	VC à 2 blocs 28
#FC8D62	11	0.334821441067167	11	validation	VC à 2 blocs 28
#FC8D62	12	0.222627647863225	12	validation	VC à 2 blocs 28
#FC8D62	13	0.121519266167902	13	validation	VC à 2 blocs 28
#FC8D62	14	-0.0378266644956678	14	validation	VC à 2 blocs 28
#66C2A5	15	0.296136416036393	15	sous-entraînement	VC à 2 blocs 28
#FC8D62	16	0.179149963320559	16	validation	VC à 2 blocs 28
#FC8D62	17	0.182024297912188	17	validation	VC à 2 blocs 28
#66C2A5	18	0.278026945290612	18	sous-entraînement	VC à 2 blocs 28
#66C2A5	19	0.265765443731891	19	sous-entraînement	VC à 2 blocs 28
#66C2A5	20	0.243033456343833	20	sous-entraînement	VC à 2 blocs 28
#FC8D62	21	-0.743730875249225	21	validation	VC à 2 blocs 28
#FC8D62	22	-0.757414982336941	22	validation	VC à 2 blocs 28
#66C2A5	23	-0.828172114073528	23	sous-entraînement	VC à 2 blocs 28
#FC8D62	24	-1.03456378199638	24	validation	VC à 2 blocs 28
#66C2A5	25	-0.773646037620576	25	sous-entraînement	VC à 2 blocs 28
#FC8D62	26	-0.841241486362947	26	validation	VC à 2 blocs 28
#FC8D62	27	-0.85120816308058	27	validation	VC à 2 blocs 28
#66C2A5	28	-0.982703850799975	28	sous-entraînement	VC à 2 blocs 28
#FC8D62	29	-0.883443617920909	29	validation	VC à 2 blocs 28
#FC8D62	30	-0.793834456390077	30	validation	VC à 2 blocs 28
#FC8D62	31	1.7311487572907	31	validation	VC à 2 blocs 28
#66C2A5	32	1.58500202940349	32	sous-entraînement	VC à 2 blocs 28
#66C2A5	33	1.63404796329373	33	sous-entraînement	VC à 2 blocs 28
#FC8D62	34	1.5899002980795	34	validation	VC à 2 blocs 28
#FC8D62	35	1.45757484645493	35	validation	VC à 2 blocs 28
#66C2A5	36	1.55378134580782	36	sous-entraînement	VC à 2 blocs 28
#66C2A5	37	1.55585180676676	37	sous-entraînement	VC à 2 blocs 28
#66C2A5	38	1.58934946246667	38	sous-entraînement	VC à 2 blocs 28
#66C2A5	39	1.70528333933618	39	sous-entraînement	VC à 2 blocs 28
#FC8D62	40	1.67159837698355	40	validation	VC à 2 blocs 28
#FC8D62	41	0.313055412190002	41	validation	VC à 2 blocs 28
#66C2A5	42	0.30417160380171	42	sous-entraînement	VC à 2 blocs 28
#FC8D62	43	0.399204109355834	43	validation	VC à 2 blocs 28
#FC8D62	44	0.385174091682726	44	validation	VC à 2 blocs 28
#66C2A5	45	0.260632202360409	45	sous-entraînement	VC à 2 blocs 28
#66C2A5	46	0.258758256119149	46	sous-entraînement	VC à 2 blocs 28
#FC8D62	47	0.365965968029044	47	validation	VC à 2 blocs 28
#66C2A5	48	0.406361064266902	48	sous-entraînement	VC à 2 blocs 28
#66C2A5	49	0.318273150600338	49	sous-entraînement	VC à 2 blocs 28
#66C2A5	50	0.417618544460782	50	sous-entraînement	VC à 2 blocs 28
#66C2A5	1	-0.689099191816566	1	sous-entraînement	VC à 2 blocs 78
#66C2A5	2	-0.608089478320124	2	sous-entraînement	VC à 2 blocs 78
#66C2A5	3	-0.710016671983337	3	sous-entraînement	VC à 2 blocs 78
#FC8D62	4	-0.466925730528553	4	validation	VC à 2 blocs 78
#FC8D62	5	-0.593503033560796	5	validation	VC à 2 blocs 78
#FC8D62	6	-0.708500649154134	6	validation	VC à 2 blocs 78
#FC8D62	7	-0.577710905499484	7	validation	VC à 2 blocs 78
#FC8D62	8	-0.552621340229411	8	validation	VC à 2 blocs 78
#66C2A5	9	-0.568875675576983	9	sous-entraînement	VC à 2 blocs 78
#FC8D62	10	-0.656992649457968	10	validation	VC à 2 blocs 78
#66C2A5	11	0.334821441067167	11	sous-entraînement	VC à 2 blocs 78
#66C2A5	12	0.222627647863225	12	sous-entraînement	VC à 2 blocs 78
#66C2A5	13	0.121519266167902	13	sous-entraînement	VC à 2 blocs 78
#66C2A5	14	-0.0378266644956678	14	sous-entraînement	VC à 2 blocs 78
#FC8D62	15	0.296136416036393	15	validation	VC à 2 blocs 78
#66C2A5	16	0.179149963320559	16	sous-entraînement	VC à 2 blocs 78
#66C2A5	17	0.182024297912188	17	sous-entraînement	VC à 2 blocs 78
#FC8D62	18	0.278026945290612	18	validation	VC à 2 blocs 78
#FC8D62	19	0.265765443731891	19	validation	VC à 2 blocs 78
#FC8D62	20	0.243033456343833	20	validation	VC à 2 blocs 78
#66C2A5	21	-0.743730875249225	21	sous-entraînement	VC à 2 blocs 78
#66C2A5	22	-0.757414982336941	22	sous-entraînement	VC à 2 blocs 78
#FC8D62	23	-0.828172114073528	23	validation	VC à 2 blocs 78
#66C2A5	24	-1.03456378199638	24	sous-entraînement	VC à 2 blocs 78
#FC8D62	25	-0.773646037620576	25	validation	VC à 2 blocs 78
#66C2A5	26	-0.841241486362947	26	sous-entraînement	VC à 2 blocs 78
#66C2A5	27	-0.85120816308058	27	sous-entraînement	VC à 2 blocs 78
#FC8D62	28	-0.982703850799975	28	validation	VC à 2 blocs 78
#66C2A5	29	-0.883443617920909	29	sous-entraînement	VC à 2 blocs 78
#66C2A5	30	-0.793834456390077	30	sous-entraînement	VC à 2 blocs 78
#66C2A5	31	1.7311487572907	31	sous-entraînement	VC à 2 blocs 78
#FC8D62	32	1.58500202940349	32	validation	VC à 2 blocs 78
#FC8D62	33	1.63404796329373	33	validation	VC à 2 blocs 78
#66C2A5	34	1.5899002980795	34	sous-entraînement	VC à 2 blocs 78
#66C2A5	35	1.45757484645493	35	sous-entraînement	VC à 2 blocs 78
#FC8D62	36	1.55378134580782	36	validation	VC à 2 blocs 78
#FC8D62	37	1.55585180676676	37	validation	VC à 2 blocs 78
#FC8D62	38	1.58934946246667	38	validation	VC à 2 blocs 78
#FC8D62	39	1.70528333933618	39	validation	VC à 2 blocs 78
#66C2A5	40	1.67159837698355	40	sous-entraînement	VC à 2 blocs 78
#66C2A5	41	0.313055412190002	41	sous-entraînement	VC à 2 blocs 78
#FC8D62	42	0.30417160380171	42	validation	VC à 2 blocs 78
#66C2A5	43	0.399204109355834	43	sous-entraînement	VC à 2 blocs 78
#66C2A5	44	0.385174091682726	44	sous-entraînement	VC à 2 blocs 78
#FC8D62	45	0.260632202360409	45	validation	VC à 2 blocs 78
#FC8D62	46	0.258758256119149	46	validation	VC à 2 blocs 78
#66C2A5	47	0.365965968029044	47	sous-entraînement	VC à 2 blocs 78
#FC8D62	48	0.406361064266902	48	validation	VC à 2 blocs 78
#FC8D62	49	0.318273150600338	49	validation	VC à 2 blocs 78
#FC8D62	50	0.417618544460782	50	validation	VC à 2 blocs 78
#66C2A5	1	-0.689099191816566	1	sous-entraînement	VC à 2 blocs 35
#FC8D62	2	-0.608089478320124	2	validation	VC à 2 blocs 35
#FC8D62	3	-0.710016671983337	3	validation	VC à 2 blocs 35
#FC8D62	4	-0.466925730528553	4	validation	VC à 2 blocs 35
#FC8D62	5	-0.593503033560796	5	validation	VC à 2 blocs 35
#FC8D62	6	-0.708500649154134	6	validation	VC à 2 blocs 35
#66C2A5	7	-0.577710905499484	7	sous-entraînement	VC à 2 blocs 35
#FC8D62	8	-0.552621340229411	8	validation	VC à 2 blocs 35
#FC8D62	9	-0.568875675576983	9	validation	VC à 2 blocs 35
#FC8D62	10	-0.656992649457968	10	validation	VC à 2 blocs 35
#66C2A5	11	0.334821441067167	11	sous-entraînement	VC à 2 blocs 35
#66C2A5	12	0.222627647863225	12	sous-entraînement	VC à 2 blocs 35
#66C2A5	13	0.121519266167902	13	sous-entraînement	VC à 2 blocs 35
#66C2A5	14	-0.0378266644956678	14	sous-entraînement	VC à 2 blocs 35
#FC8D62	15	0.296136416036393	15	validation	VC à 2 blocs 35
#FC8D62	16	0.179149963320559	16	validation	VC à 2 blocs 35
#66C2A5	17	0.182024297912188	17	sous-entraînement	VC à 2 blocs 35
#66C2A5	18	0.278026945290612	18	sous-entraînement	VC à 2 blocs 35
#66C2A5	19	0.265765443731891	19	sous-entraînement	VC à 2 blocs 35
#66C2A5	20	0.243033456343833	20	sous-entraînement	VC à 2 blocs 35
#FC8D62	21	-0.743730875249225	21	validation	VC à 2 blocs 35
#FC8D62	22	-0.757414982336941	22	validation	VC à 2 blocs 35
#FC8D62	23	-0.828172114073528	23	validation	VC à 2 blocs 35
#66C2A5	24	-1.03456378199638	24	sous-entraînement	VC à 2 blocs 35
#FC8D62	25	-0.773646037620576	25	validation	VC à 2 blocs 35
#66C2A5	26	-0.841241486362947	26	sous-entraînement	VC à 2 blocs 35
#66C2A5	27	-0.85120816308058	27	sous-entraînement	VC à 2 blocs 35
#FC8D62	28	-0.982703850799975	28	validation	VC à 2 blocs 35
#66C2A5	29	-0.883443617920909	29	sous-entraînement	VC à 2 blocs 35
#FC8D62	30	-0.793834456390077	30	validation	VC à 2 blocs 35
#66C2A5	31	1.7311487572907	31	sous-entraînement	VC à 2 blocs 35
#66C2A5	32	1.58500202940349	32	sous-entraînement	VC à 2 blocs 35
#66C2A5	33	1.63404796329373	33	sous-entraînement	VC à 2 blocs 35
#FC8D62	34	1.5899002980795	34	validation	VC à 2 blocs 35
#FC8D62	35	1.45757484645493	35	validation	VC à 2 blocs 35
#66C2A5	36	1.55378134580782	36	sous-entraînement	VC à 2 blocs 35
#66C2A5	37	1.55585180676676	37	sous-entraînement	VC à 2 blocs 35
#66C2A5	38	1.58934946246667	38	sous-entraînement	VC à 2 blocs 35
#FC8D62	39	1.70528333933618	39	validation	VC à 2 blocs 35
#FC8D62	40	1.67159837698355	40	validation	VC à 2 blocs 35
#FC8D62	41	0.313055412190002	41	validation	VC à 2 blocs 35
#66C2A5	42	0.30417160380171	42	sous-entraînement	VC à 2 blocs 35
#FC8D62	43	0.399204109355834	43	validation	VC à 2 blocs 35
#66C2A5	44	0.385174091682726	44	sous-entraînement	VC à 2 blocs 35
#FC8D62	45	0.260632202360409	45	validation	VC à 2 blocs 35
#FC8D62	46	0.258758256119149	46	validation	VC à 2 blocs 35
#66C2A5	47	0.365965968029044	47	sous-entraînement	VC à 2 blocs 35
#FC8D62	48	0.406361064266902	48	validation	VC à 2 blocs 35
#66C2A5	49	0.318273150600338	49	sous-entraînement	VC à 2 blocs 35
#66C2A5	50	0.417618544460782	50	sous-entraînement	VC à 2 blocs 35
#FC8D62	1	-0.689099191816566	1	validation	VC à 2 blocs 5
#66C2A5	2	-0.608089478320124	2	sous-entraînement	VC à 2 blocs 5
#66C2A5	3	-0.710016671983337	3	sous-entraînement	VC à 2 blocs 5
#66C2A5	4	-0.466925730528553	4	sous-entraînement	VC à 2 blocs 5
#66C2A5	5	-0.593503033560796	5	sous-entraînement	VC à 2 blocs 5
#66C2A5	6	-0.708500649154134	6	sous-entraînement	VC à 2 blocs 5
#FC8D62	7	-0.577710905499484	7	validation	VC à 2 blocs 5
#66C2A5	8	-0.552621340229411	8	sous-entraînement	VC à 2 blocs 5
#66C2A5	9	-0.568875675576983	9	sous-entraînement	VC à 2 blocs 5
#66C2A5	10	-0.656992649457968	10	sous-entraînement	VC à 2 blocs 5
#FC8D62	11	0.334821441067167	11	validation	VC à 2 blocs 5
#FC8D62	12	0.222627647863225	12	validation	VC à 2 blocs 5
#FC8D62	13	0.121519266167902	13	validation	VC à 2 blocs 5
#FC8D62	14	-0.0378266644956678	14	validation	VC à 2 blocs 5
#66C2A5	15	0.296136416036393	15	sous-entraînement	VC à 2 blocs 5
#66C2A5	16	0.179149963320559	16	sous-entraînement	VC à 2 blocs 5
#FC8D62	17	0.182024297912188	17	validation	VC à 2 blocs 5
#FC8D62	18	0.278026945290612	18	validation	VC à 2 blocs 5
#FC8D62	19	0.265765443731891	19	validation	VC à 2 blocs 5
#FC8D62	20	0.243033456343833	20	validation	VC à 2 blocs 5
#66C2A5	21	-0.743730875249225	21	sous-entraînement	VC à 2 blocs 5
#66C2A5	22	-0.757414982336941	22	sous-entraînement	VC à 2 blocs 5
#66C2A5	23	-0.828172114073528	23	sous-entraînement	VC à 2 blocs 5
#FC8D62	24	-1.03456378199638	24	validation	VC à 2 blocs 5
#66C2A5	25	-0.773646037620576	25	sous-entraînement	VC à 2 blocs 5
#FC8D62	26	-0.841241486362947	26	validation	VC à 2 blocs 5
#FC8D62	27	-0.85120816308058	27	validation	VC à 2 blocs 5
#66C2A5	28	-0.982703850799975	28	sous-entraînement	VC à 2 blocs 5
#FC8D62	29	-0.883443617920909	29	validation	VC à 2 blocs 5
#66C2A5	30	-0.793834456390077	30	sous-entraînement	VC à 2 blocs 5
#FC8D62	31	1.7311487572907	31	validation	VC à 2 blocs 5
#FC8D62	32	1.58500202940349	32	validation	VC à 2 blocs 5
#FC8D62	33	1.63404796329373	33	validation	VC à 2 blocs 5
#66C2A5	34	1.5899002980795	34	sous-entraînement	VC à 2 blocs 5
#66C2A5	35	1.45757484645493	35	sous-entraînement	VC à 2 blocs 5
#FC8D62	36	1.55378134580782	36	validation	VC à 2 blocs 5
#FC8D62	37	1.55585180676676	37	validation	VC à 2 blocs 5
#FC8D62	38	1.58934946246667	38	validation	VC à 2 blocs 5
#66C2A5	39	1.70528333933618	39	sous-entraînement	VC à 2 blocs 5
#66C2A5	40	1.67159837698355	40	sous-entraînement	VC à 2 blocs 5
#66C2A5	41	0.313055412190002	41	sous-entraînement	VC à 2 blocs 5
#FC8D62	42	0.30417160380171	42	validation	VC à 2 blocs 5
#66C2A5	43	0.399204109355834	43	sous-entraînement	VC à 2 blocs 5
#FC8D62	44	0.385174091682726	44	validation	VC à 2 blocs 5
#66C2A5	45	0.260632202360409	45	sous-entraînement	VC à 2 blocs 5
#66C2A5	46	0.258758256119149	46	sous-entraînement	VC à 2 blocs 5
#FC8D62	47	0.365965968029044	47	validation	VC à 2 blocs 5
#66C2A5	48	0.406361064266902	48	sous-entraînement	VC à 2 blocs 5
#FC8D62	49	0.318273150600338	49	validation	VC à 2 blocs 5
#FC8D62	50	0.417618544460782	50	validation	VC à 2 blocs 5
#66C2A5	1	-0.689099191816566	1	sous-entraînement	VC à 2 blocs 36
#FC8D62	2	-0.608089478320124	2	validation	VC à 2 blocs 36
#66C2A5	3	-0.710016671983337	3	sous-entraînement	VC à 2 blocs 36
#66C2A5	4	-0.466925730528553	4	sous-entraînement	VC à 2 blocs 36
#FC8D62	5	-0.593503033560796	5	validation	VC à 2 blocs 36
#66C2A5	6	-0.708500649154134	6	sous-entraînement	VC à 2 blocs 36
#FC8D62	7	-0.577710905499484	7	validation	VC à 2 blocs 36
#66C2A5	8	-0.552621340229411	8	sous-entraînement	VC à 2 blocs 36
#66C2A5	9	-0.568875675576983	9	sous-entraînement	VC à 2 blocs 36
#FC8D62	10	-0.656992649457968	10	validation	VC à 2 blocs 36
#66C2A5	11	0.334821441067167	11	sous-entraînement	VC à 2 blocs 36
#FC8D62	12	0.222627647863225	12	validation	VC à 2 blocs 36
#66C2A5	13	0.121519266167902	13	sous-entraînement	VC à 2 blocs 36
#66C2A5	14	-0.0378266644956678	14	sous-entraînement	VC à 2 blocs 36
#FC8D62	15	0.296136416036393	15	validation	VC à 2 blocs 36
#66C2A5	16	0.179149963320559	16	sous-entraînement	VC à 2 blocs 36
#FC8D62	17	0.182024297912188	17	validation	VC à 2 blocs 36
#66C2A5	18	0.278026945290612	18	sous-entraînement	VC à 2 blocs 36
#FC8D62	19	0.265765443731891	19	validation	VC à 2 blocs 36
#66C2A5	20	0.243033456343833	20	sous-entraînement	VC à 2 blocs 36
#66C2A5	21	-0.743730875249225	21	sous-entraînement	VC à 2 blocs 36
#66C2A5	22	-0.757414982336941	22	sous-entraînement	VC à 2 blocs 36
#FC8D62	23	-0.828172114073528	23	validation	VC à 2 blocs 36
#FC8D62	24	-1.03456378199638	24	validation	VC à 2 blocs 36
#FC8D62	25	-0.773646037620576	25	validation	VC à 2 blocs 36
#FC8D62	26	-0.841241486362947	26	validation	VC à 2 blocs 36
#66C2A5	27	-0.85120816308058	27	sous-entraînement	VC à 2 blocs 36
#66C2A5	28	-0.982703850799975	28	sous-entraînement	VC à 2 blocs 36
#FC8D62	29	-0.883443617920909	29	validation	VC à 2 blocs 36
#FC8D62	30	-0.793834456390077	30	validation	VC à 2 blocs 36
#66C2A5	31	1.7311487572907	31	sous-entraînement	VC à 2 blocs 36
#FC8D62	32	1.58500202940349	32	validation	VC à 2 blocs 36
#FC8D62	33	1.63404796329373	33	validation	VC à 2 blocs 36
#FC8D62	34	1.5899002980795	34	validation	VC à 2 blocs 36
#66C2A5	35	1.45757484645493	35	sous-entraînement	VC à 2 blocs 36
#66C2A5	36	1.55378134580782	36	sous-entraînement	VC à 2 blocs 36
#66C2A5	37	1.55585180676676	37	sous-entraînement	VC à 2 blocs 36
#66C2A5	38	1.58934946246667	38	sous-entraînement	VC à 2 blocs 36
#FC8D62	39	1.70528333933618	39	validation	VC à 2 blocs 36
#FC8D62	40	1.67159837698355	40	validation	VC à 2 blocs 36
#FC8D62	41	0.313055412190002	41	validation	VC à 2 blocs 36
#66C2A5	42	0.30417160380171	42	sous-entraînement	VC à 2 blocs 36
#FC8D62	43	0.399204109355834	43	validation	VC à 2 blocs 36
#FC8D62	44	0.385174091682726	44	validation	VC à 2 blocs 36
#FC8D62	45	0.260632202360409	45	validation	VC à 2 blocs 36
#66C2A5	46	0.258758256119149	46	sous-entraînement	VC à 2 blocs 36
#66C2A5	47	0.365965968029044	47	sous-entraînement	VC à 2 blocs 36
#66C2A5	48	0.406361064266902	48	sous-entraînement	VC à 2 blocs 36
#FC8D62	49	0.318273150600338	49	validation	VC à 2 blocs 36
#FC8D62	50	0.417618544460782	50	validation	VC à 2 blocs 36
#FC8D62	1	-0.689099191816566	1	validation	VC à 2 blocs 6
#66C2A5	2	-0.608089478320124	2	sous-entraînement	VC à 2 blocs 6
#FC8D62	3	-0.710016671983337	3	validation	VC à 2 blocs 6
#FC8D62	4	-0.466925730528553	4	validation	VC à 2 blocs 6
#66C2A5	5	-0.593503033560796	5	sous-entraînement	VC à 2 blocs 6
#FC8D62	6	-0.708500649154134	6	validation	VC à 2 blocs 6
#66C2A5	7	-0.577710905499484	7	sous-entraînement	VC à 2 blocs 6
#FC8D62	8	-0.552621340229411	8	validation	VC à 2 blocs 6
#FC8D62	9	-0.568875675576983	9	validation	VC à 2 blocs 6
#66C2A5	10	-0.656992649457968	10	sous-entraînement	VC à 2 blocs 6
#FC8D62	11	0.334821441067167	11	validation	VC à 2 blocs 6
#66C2A5	12	0.222627647863225	12	sous-entraînement	VC à 2 blocs 6
#FC8D62	13	0.121519266167902	13	validation	VC à 2 blocs 6
#FC8D62	14	-0.0378266644956678	14	validation	VC à 2 blocs 6
#66C2A5	15	0.296136416036393	15	sous-entraînement	VC à 2 blocs 6
#FC8D62	16	0.179149963320559	16	validation	VC à 2 blocs 6
#66C2A5	17	0.182024297912188	17	sous-entraînement	VC à 2 blocs 6
#FC8D62	18	0.278026945290612	18	validation	VC à 2 blocs 6
#66C2A5	19	0.265765443731891	19	sous-entraînement	VC à 2 blocs 6
#FC8D62	20	0.243033456343833	20	validation	VC à 2 blocs 6
#FC8D62	21	-0.743730875249225	21	validation	VC à 2 blocs 6
#FC8D62	22	-0.757414982336941	22	validation	VC à 2 blocs 6
#66C2A5	23	-0.828172114073528	23	sous-entraînement	VC à 2 blocs 6
#66C2A5	24	-1.03456378199638	24	sous-entraînement	VC à 2 blocs 6
#66C2A5	25	-0.773646037620576	25	sous-entraînement	VC à 2 blocs 6
#66C2A5	26	-0.841241486362947	26	sous-entraînement	VC à 2 blocs 6
#FC8D62	27	-0.85120816308058	27	validation	VC à 2 blocs 6
#FC8D62	28	-0.982703850799975	28	validation	VC à 2 blocs 6
#66C2A5	29	-0.883443617920909	29	sous-entraînement	VC à 2 blocs 6
#66C2A5	30	-0.793834456390077	30	sous-entraînement	VC à 2 blocs 6
#FC8D62	31	1.7311487572907	31	validation	VC à 2 blocs 6
#66C2A5	32	1.58500202940349	32	sous-entraînement	VC à 2 blocs 6
#66C2A5	33	1.63404796329373	33	sous-entraînement	VC à 2 blocs 6
#66C2A5	34	1.5899002980795	34	sous-entraînement	VC à 2 blocs 6
#FC8D62	35	1.45757484645493	35	validation	VC à 2 blocs 6
#FC8D62	36	1.55378134580782	36	validation	VC à 2 blocs 6
#FC8D62	37	1.55585180676676	37	validation	VC à 2 blocs 6
#FC8D62	38	1.58934946246667	38	validation	VC à 2 blocs 6
#66C2A5	39	1.70528333933618	39	sous-entraînement	VC à 2 blocs 6
#66C2A5	40	1.67159837698355	40	sous-entraînement	VC à 2 blocs 6
#66C2A5	41	0.313055412190002	41	sous-entraînement	VC à 2 blocs 6
#FC8D62	42	0.30417160380171	42	validation	VC à 2 blocs 6
#66C2A5	43	0.399204109355834	43	sous-entraînement	VC à 2 blocs 6
#66C2A5	44	0.385174091682726	44	sous-entraînement	VC à 2 blocs 6
#66C2A5	45	0.260632202360409	45	sous-entraînement	VC à 2 blocs 6
#FC8D62	46	0.258758256119149	46	validation	VC à 2 blocs 6
#FC8D62	47	0.365965968029044	47	validation	VC à 2 blocs 6
#FC8D62	48	0.406361064266902	48	validation	VC à 2 blocs 6
#66C2A5	49	0.318273150600338	49	sous-entraînement	VC à 2 blocs 6
#66C2A5	50	0.417618544460782	50	sous-entraînement	VC à 2 blocs 6
#66C2A5	1	-0.689099191816566	1	sous-entraînement	VC à 2 blocs 37
#FC8D62	2	-0.608089478320124	2	validation	VC à 2 blocs 37
#FC8D62	3	-0.710016671983337	3	validation	VC à 2 blocs 37
#66C2A5	4	-0.466925730528553	4	sous-entraînement	VC à 2 blocs 37
#FC8D62	5	-0.593503033560796	5	validation	VC à 2 blocs 37
#66C2A5	6	-0.708500649154134	6	sous-entraînement	VC à 2 blocs 37
#FC8D62	7	-0.577710905499484	7	validation	VC à 2 blocs 37
#66C2A5	8	-0.552621340229411	8	sous-entraînement	VC à 2 blocs 37
#66C2A5	9	-0.568875675576983	9	sous-entraînement	VC à 2 blocs 37
#FC8D62	10	-0.656992649457968	10	validation	VC à 2 blocs 37
#66C2A5	11	0.334821441067167	11	sous-entraînement	VC à 2 blocs 37
#66C2A5	12	0.222627647863225	12	sous-entraînement	VC à 2 blocs 37
#66C2A5	13	0.121519266167902	13	sous-entraînement	VC à 2 blocs 37
#FC8D62	14	-0.0378266644956678	14	validation	VC à 2 blocs 37
#66C2A5	15	0.296136416036393	15	sous-entraînement	VC à 2 blocs 37
#66C2A5	16	0.179149963320559	16	sous-entraînement	VC à 2 blocs 37
#66C2A5	17	0.182024297912188	17	sous-entraînement	VC à 2 blocs 37
#66C2A5	18	0.278026945290612	18	sous-entraînement	VC à 2 blocs 37
#66C2A5	19	0.265765443731891	19	sous-entraînement	VC à 2 blocs 37
#66C2A5	20	0.243033456343833	20	sous-entraînement	VC à 2 blocs 37
#66C2A5	21	-0.743730875249225	21	sous-entraînement	VC à 2 blocs 37
#FC8D62	22	-0.757414982336941	22	validation	VC à 2 blocs 37
#FC8D62	23	-0.828172114073528	23	validation	VC à 2 blocs 37
#66C2A5	24	-1.03456378199638	24	sous-entraînement	VC à 2 blocs 37
#FC8D62	25	-0.773646037620576	25	validation	VC à 2 blocs 37
#66C2A5	26	-0.841241486362947	26	sous-entraînement	VC à 2 blocs 37
#FC8D62	27	-0.85120816308058	27	validation	VC à 2 blocs 37
#FC8D62	28	-0.982703850799975	28	validation	VC à 2 blocs 37
#FC8D62	29	-0.883443617920909	29	validation	VC à 2 blocs 37
#FC8D62	30	-0.793834456390077	30	validation	VC à 2 blocs 37
#FC8D62	31	1.7311487572907	31	validation	VC à 2 blocs 37
#66C2A5	32	1.58500202940349	32	sous-entraînement	VC à 2 blocs 37
#FC8D62	33	1.63404796329373	33	validation	VC à 2 blocs 37
#66C2A5	34	1.5899002980795	34	sous-entraînement	VC à 2 blocs 37
#66C2A5	35	1.45757484645493	35	sous-entraînement	VC à 2 blocs 37
#FC8D62	36	1.55378134580782	36	validation	VC à 2 blocs 37
#FC8D62	37	1.55585180676676	37	validation	VC à 2 blocs 37
#FC8D62	38	1.58934946246667	38	validation	VC à 2 blocs 37
#FC8D62	39	1.70528333933618	39	validation	VC à 2 blocs 37
#FC8D62	40	1.67159837698355	40	validation	VC à 2 blocs 37
#FC8D62	41	0.313055412190002	41	validation	VC à 2 blocs 37
#66C2A5	42	0.30417160380171	42	sous-entraînement	VC à 2 blocs 37
#FC8D62	43	0.399204109355834	43	validation	VC à 2 blocs 37
#66C2A5	44	0.385174091682726	44	sous-entraînement	VC à 2 blocs 37
#FC8D62	45	0.260632202360409	45	validation	VC à 2 blocs 37
#66C2A5	46	0.258758256119149	46	sous-entraînement	VC à 2 blocs 37
#66C2A5	47	0.365965968029044	47	sous-entraînement	VC à 2 blocs 37
#FC8D62	48	0.406361064266902	48	validation	VC à 2 blocs 37
#FC8D62	49	0.318273150600338	49	validation	VC à 2 blocs 37
#66C2A5	50	0.417618544460782	50	sous-entraînement	VC à 2 blocs 37
#FC8D62	1	-0.689099191816566	1	validation	VC à 2 blocs 91
#66C2A5	2	-0.608089478320124	2	sous-entraînement	VC à 2 blocs 91
#66C2A5	3	-0.710016671983337	3	sous-entraînement	VC à 2 blocs 91
#FC8D62	4	-0.466925730528553	4	validation	VC à 2 blocs 91
#66C2A5	5	-0.593503033560796	5	sous-entraînement	VC à 2 blocs 91
#FC8D62	6	-0.708500649154134	6	validation	VC à 2 blocs 91
#66C2A5	7	-0.577710905499484	7	sous-entraînement	VC à 2 blocs 91
#FC8D62	8	-0.552621340229411	8	validation	VC à 2 blocs 91
#FC8D62	9	-0.568875675576983	9	validation	VC à 2 blocs 91
#66C2A5	10	-0.656992649457968	10	sous-entraînement	VC à 2 blocs 91
#FC8D62	11	0.334821441067167	11	validation	VC à 2 blocs 91
#FC8D62	12	0.222627647863225	12	validation	VC à 2 blocs 91
#FC8D62	13	0.121519266167902	13	validation	VC à 2 blocs 91
#66C2A5	14	-0.0378266644956678	14	sous-entraînement	VC à 2 blocs 91
#FC8D62	15	0.296136416036393	15	validation	VC à 2 blocs 91
#FC8D62	16	0.179149963320559	16	validation	VC à 2 blocs 91
#FC8D62	17	0.182024297912188	17	validation	VC à 2 blocs 91
#FC8D62	18	0.278026945290612	18	validation	VC à 2 blocs 91
#FC8D62	19	0.265765443731891	19	validation	VC à 2 blocs 91
#FC8D62	20	0.243033456343833	20	validation	VC à 2 blocs 91
#FC8D62	21	-0.743730875249225	21	validation	VC à 2 blocs 91
#66C2A5	22	-0.757414982336941	22	sous-entraînement	VC à 2 blocs 91
#66C2A5	23	-0.828172114073528	23	sous-entraînement	VC à 2 blocs 91
#FC8D62	24	-1.03456378199638	24	validation	VC à 2 blocs 91
#66C2A5	25	-0.773646037620576	25	sous-entraînement	VC à 2 blocs 91
#FC8D62	26	-0.841241486362947	26	validation	VC à 2 blocs 91
#66C2A5	27	-0.85120816308058	27	sous-entraînement	VC à 2 blocs 91
#66C2A5	28	-0.982703850799975	28	sous-entraînement	VC à 2 blocs 91
#66C2A5	29	-0.883443617920909	29	sous-entraînement	VC à 2 blocs 91
#66C2A5	30	-0.793834456390077	30	sous-entraînement	VC à 2 blocs 91
#66C2A5	31	1.7311487572907	31	sous-entraînement	VC à 2 blocs 91
#FC8D62	32	1.58500202940349	32	validation	VC à 2 blocs 91
#66C2A5	33	1.63404796329373	33	sous-entraînement	VC à 2 blocs 91
#FC8D62	34	1.5899002980795	34	validation	VC à 2 blocs 91
#FC8D62	35	1.45757484645493	35	validation	VC à 2 blocs 91
#66C2A5	36	1.55378134580782	36	sous-entraînement	VC à 2 blocs 91
#66C2A5	37	1.55585180676676	37	sous-entraînement	VC à 2 blocs 91
#66C2A5	38	1.58934946246667	38	sous-entraînement	VC à 2 blocs 91
#66C2A5	39	1.70528333933618	39	sous-entraînement	VC à 2 blocs 91
#66C2A5	40	1.67159837698355	40	sous-entraînement	VC à 2 blocs 91
#66C2A5	41	0.313055412190002	41	sous-entraînement	VC à 2 blocs 91
#FC8D62	42	0.30417160380171	42	validation	VC à 2 blocs 91
#66C2A5	43	0.399204109355834	43	sous-entraînement	VC à 2 blocs 91
#FC8D62	44	0.385174091682726	44	validation	VC à 2 blocs 91
#66C2A5	45	0.260632202360409	45	sous-entraînement	VC à 2 blocs 91
#FC8D62	46	0.258758256119149	46	validation	VC à 2 blocs 91
#FC8D62	47	0.365965968029044	47	validation	VC à 2 blocs 91
#66C2A5	48	0.406361064266902	48	sous-entraînement	VC à 2 blocs 91
#66C2A5	49	0.318273150600338	49	sous-entraînement	VC à 2 blocs 91
#FC8D62	50	0.417618544460782	50	validation	VC à 2 blocs 91
#66C2A5	1	-0.689099191816566	1	sous-entraînement	VC à 2 blocs 38
#66C2A5	2	-0.608089478320124	2	sous-entraînement	VC à 2 blocs 38
#FC8D62	3	-0.710016671983337	3	validation	VC à 2 blocs 38
#66C2A5	4	-0.466925730528553	4	sous-entraînement	VC à 2 blocs 38
#66C2A5	5	-0.593503033560796	5	sous-entraînement	VC à 2 blocs 38
#FC8D62	6	-0.708500649154134	6	validation	VC à 2 blocs 38
#FC8D62	7	-0.577710905499484	7	validation	VC à 2 blocs 38
#FC8D62	8	-0.552621340229411	8	validation	VC à 2 blocs 38
#FC8D62	9	-0.568875675576983	9	validation	VC à 2 blocs 38
#FC8D62	10	-0.656992649457968	10	validation	VC à 2 blocs 38
#66C2A5	11	0.334821441067167	11	sous-entraînement	VC à 2 blocs 38
#66C2A5	12	0.222627647863225	12	sous-entraînement	VC à 2 blocs 38
#FC8D62	13	0.121519266167902	13	validation	VC à 2 blocs 38
#66C2A5	14	-0.0378266644956678	14	sous-entraînement	VC à 2 blocs 38
#FC8D62	15	0.296136416036393	15	validation	VC à 2 blocs 38
#FC8D62	16	0.179149963320559	16	validation	VC à 2 blocs 38
#FC8D62	17	0.182024297912188	17	validation	VC à 2 blocs 38
#FC8D62	18	0.278026945290612	18	validation	VC à 2 blocs 38
#FC8D62	19	0.265765443731891	19	validation	VC à 2 blocs 38
#66C2A5	20	0.243033456343833	20	sous-entraînement	VC à 2 blocs 38
#FC8D62	21	-0.743730875249225	21	validation	VC à 2 blocs 38
#66C2A5	22	-0.757414982336941	22	sous-entraînement	VC à 2 blocs 38
#FC8D62	23	-0.828172114073528	23	validation	VC à 2 blocs 38
#66C2A5	24	-1.03456378199638	24	sous-entraînement	VC à 2 blocs 38
#66C2A5	25	-0.773646037620576	25	sous-entraînement	VC à 2 blocs 38
#66C2A5	26	-0.841241486362947	26	sous-entraînement	VC à 2 blocs 38
#66C2A5	27	-0.85120816308058	27	sous-entraînement	VC à 2 blocs 38
#FC8D62	28	-0.982703850799975	28	validation	VC à 2 blocs 38
#66C2A5	29	-0.883443617920909	29	sous-entraînement	VC à 2 blocs 38
#66C2A5	30	-0.793834456390077	30	sous-entraînement	VC à 2 blocs 38
#66C2A5	31	1.7311487572907	31	sous-entraînement	VC à 2 blocs 38
#66C2A5	32	1.58500202940349	32	sous-entraînement	VC à 2 blocs 38
#FC8D62	33	1.63404796329373	33	validation	VC à 2 blocs 38
#66C2A5	34	1.5899002980795	34	sous-entraînement	VC à 2 blocs 38
#FC8D62	35	1.45757484645493	35	validation	VC à 2 blocs 38
#FC8D62	36	1.55378134580782	36	validation	VC à 2 blocs 38
#66C2A5	37	1.55585180676676	37	sous-entraînement	VC à 2 blocs 38
#66C2A5	38	1.58934946246667	38	sous-entraînement	VC à 2 blocs 38
#66C2A5	39	1.70528333933618	39	sous-entraînement	VC à 2 blocs 38
#FC8D62	40	1.67159837698355	40	validation	VC à 2 blocs 38
#FC8D62	41	0.313055412190002	41	validation	VC à 2 blocs 38
#FC8D62	42	0.30417160380171	42	validation	VC à 2 blocs 38
#FC8D62	43	0.399204109355834	43	validation	VC à 2 blocs 38
#66C2A5	44	0.385174091682726	44	sous-entraînement	VC à 2 blocs 38
#66C2A5	45	0.260632202360409	45	sous-entraînement	VC à 2 blocs 38
#66C2A5	46	0.258758256119149	46	sous-entraînement	VC à 2 blocs 38
#66C2A5	47	0.365965968029044	47	sous-entraînement	VC à 2 blocs 38
#FC8D62	48	0.406361064266902	48	validation	VC à 2 blocs 38
#FC8D62	49	0.318273150600338	49	validation	VC à 2 blocs 38
#FC8D62	50	0.417618544460782	50	validation	VC à 2 blocs 38
#FC8D62	1	-0.689099191816566	1	validation	VC à 2 blocs 39
#FC8D62	2	-0.608089478320124	2	validation	VC à 2 blocs 39
#66C2A5	3	-0.710016671983337	3	sous-entraînement	VC à 2 blocs 39
#FC8D62	4	-0.466925730528553	4	validation	VC à 2 blocs 39
#FC8D62	5	-0.593503033560796	5	validation	VC à 2 blocs 39
#66C2A5	6	-0.708500649154134	6	sous-entraînement	VC à 2 blocs 39
#66C2A5	7	-0.577710905499484	7	sous-entraînement	VC à 2 blocs 39
#66C2A5	8	-0.552621340229411	8	sous-entraînement	VC à 2 blocs 39
#66C2A5	9	-0.568875675576983	9	sous-entraînement	VC à 2 blocs 39
#66C2A5	10	-0.656992649457968	10	sous-entraînement	VC à 2 blocs 39
#FC8D62	11	0.334821441067167	11	validation	VC à 2 blocs 39
#FC8D62	12	0.222627647863225	12	validation	VC à 2 blocs 39
#66C2A5	13	0.121519266167902	13	sous-entraînement	VC à 2 blocs 39
#FC8D62	14	-0.0378266644956678	14	validation	VC à 2 blocs 39
#66C2A5	15	0.296136416036393	15	sous-entraînement	VC à 2 blocs 39
#66C2A5	16	0.179149963320559	16	sous-entraînement	VC à 2 blocs 39
#66C2A5	17	0.182024297912188	17	sous-entraînement	VC à 2 blocs 39
#66C2A5	18	0.278026945290612	18	sous-entraînement	VC à 2 blocs 39
#66C2A5	19	0.265765443731891	19	sous-entraînement	VC à 2 blocs 39
#FC8D62	20	0.243033456343833	20	validation	VC à 2 blocs 39
#66C2A5	21	-0.743730875249225	21	sous-entraînement	VC à 2 blocs 39
#FC8D62	22	-0.757414982336941	22	validation	VC à 2 blocs 39
#66C2A5	23	-0.828172114073528	23	sous-entraînement	VC à 2 blocs 39
#FC8D62	24	-1.03456378199638	24	validation	VC à 2 blocs 39
#FC8D62	25	-0.773646037620576	25	validation	VC à 2 blocs 39
#FC8D62	26	-0.841241486362947	26	validation	VC à 2 blocs 39
#FC8D62	27	-0.85120816308058	27	validation	VC à 2 blocs 39
#66C2A5	28	-0.982703850799975	28	sous-entraînement	VC à 2 blocs 39
#FC8D62	29	-0.883443617920909	29	validation	VC à 2 blocs 39
#FC8D62	30	-0.793834456390077	30	validation	VC à 2 blocs 39
#FC8D62	31	1.7311487572907	31	validation	VC à 2 blocs 39
#FC8D62	32	1.58500202940349	32	validation	VC à 2 blocs 39
#66C2A5	33	1.63404796329373	33	sous-entraînement	VC à 2 blocs 39
#FC8D62	34	1.5899002980795	34	validation	VC à 2 blocs 39
#66C2A5	35	1.45757484645493	35	sous-entraînement	VC à 2 blocs 39
#66C2A5	36	1.55378134580782	36	sous-entraînement	VC à 2 blocs 39
#FC8D62	37	1.55585180676676	37	validation	VC à 2 blocs 39
#FC8D62	38	1.58934946246667	38	validation	VC à 2 blocs 39
#FC8D62	39	1.70528333933618	39	validation	VC à 2 blocs 39
#66C2A5	40	1.67159837698355	40	sous-entraînement	VC à 2 blocs 39
#66C2A5	41	0.313055412190002	41	sous-entraînement	VC à 2 blocs 39
#66C2A5	42	0.30417160380171	42	sous-entraînement	VC à 2 blocs 39
#66C2A5	43	0.399204109355834	43	sous-entraînement	VC à 2 blocs 39
#FC8D62	44	0.385174091682726	44	validation	VC à 2 blocs 39
#FC8D62	45	0.260632202360409	45	validation	VC à 2 blocs 39
#FC8D62	46	0.258758256119149	46	validation	VC à 2 blocs 39
#FC8D62	47	0.365965968029044	47	validation	VC à 2 blocs 39
#66C2A5	48	0.406361064266902	48	sous-entraînement	VC à 2 blocs 39
#66C2A5	49	0.318273150600338	49	sous-entraînement	VC à 2 blocs 39
#66C2A5	50	0.417618544460782	50	sous-entraînement	VC à 2 blocs 39
#66C2A5	1	-0.689099191816566	1	sous-entraînement	VC à 2 blocs 7
#66C2A5	2	-0.608089478320124	2	sous-entraînement	VC à 2 blocs 7
#FC8D62	3	-0.710016671983337	3	validation	VC à 2 blocs 7
#FC8D62	4	-0.466925730528553	4	validation	VC à 2 blocs 7
#66C2A5	5	-0.593503033560796	5	sous-entraînement	VC à 2 blocs 7
#66C2A5	6	-0.708500649154134	6	sous-entraînement	VC à 2 blocs 7
#66C2A5	7	-0.577710905499484	7	sous-entraînement	VC à 2 blocs 7
#FC8D62	8	-0.552621340229411	8	validation	VC à 2 blocs 7
#66C2A5	9	-0.568875675576983	9	sous-entraînement	VC à 2 blocs 7
#FC8D62	10	-0.656992649457968	10	validation	VC à 2 blocs 7
#FC8D62	11	0.334821441067167	11	validation	VC à 2 blocs 7
#FC8D62	12	0.222627647863225	12	validation	VC à 2 blocs 7
#66C2A5	13	0.121519266167902	13	sous-entraînement	VC à 2 blocs 7
#66C2A5	14	-0.0378266644956678	14	sous-entraînement	VC à 2 blocs 7
#FC8D62	15	0.296136416036393	15	validation	VC à 2 blocs 7
#66C2A5	16	0.179149963320559	16	sous-entraînement	VC à 2 blocs 7
#66C2A5	17	0.182024297912188	17	sous-entraînement	VC à 2 blocs 7
#66C2A5	18	0.278026945290612	18	sous-entraînement	VC à 2 blocs 7
#66C2A5	19	0.265765443731891	19	sous-entraînement	VC à 2 blocs 7
#66C2A5	20	0.243033456343833	20	sous-entraînement	VC à 2 blocs 7
#66C2A5	21	-0.743730875249225	21	sous-entraînement	VC à 2 blocs 7
#FC8D62	22	-0.757414982336941	22	validation	VC à 2 blocs 7
#66C2A5	23	-0.828172114073528	23	sous-entraînement	VC à 2 blocs 7
#66C2A5	24	-1.03456378199638	24	sous-entraînement	VC à 2 blocs 7
#FC8D62	25	-0.773646037620576	25	validation	VC à 2 blocs 7
#FC8D62	26	-0.841241486362947	26	validation	VC à 2 blocs 7
#FC8D62	27	-0.85120816308058	27	validation	VC à 2 blocs 7
#66C2A5	28	-0.982703850799975	28	sous-entraînement	VC à 2 blocs 7
#FC8D62	29	-0.883443617920909	29	validation	VC à 2 blocs 7
#FC8D62	30	-0.793834456390077	30	validation	VC à 2 blocs 7
#FC8D62	31	1.7311487572907	31	validation	VC à 2 blocs 7
#FC8D62	32	1.58500202940349	32	validation	VC à 2 blocs 7
#FC8D62	33	1.63404796329373	33	validation	VC à 2 blocs 7
#FC8D62	34	1.5899002980795	34	validation	VC à 2 blocs 7
#FC8D62	35	1.45757484645493	35	validation	VC à 2 blocs 7
#66C2A5	36	1.55378134580782	36	sous-entraînement	VC à 2 blocs 7
#FC8D62	37	1.55585180676676	37	validation	VC à 2 blocs 7
#66C2A5	38	1.58934946246667	38	sous-entraînement	VC à 2 blocs 7
#66C2A5	39	1.70528333933618	39	sous-entraînement	VC à 2 blocs 7
#66C2A5	40	1.67159837698355	40	sous-entraînement	VC à 2 blocs 7
#FC8D62	41	0.313055412190002	41	validation	VC à 2 blocs 7
#FC8D62	42	0.30417160380171	42	validation	VC à 2 blocs 7
#66C2A5	43	0.399204109355834	43	sous-entraînement	VC à 2 blocs 7
#66C2A5	44	0.385174091682726	44	sous-entraînement	VC à 2 blocs 7
#FC8D62	45	0.260632202360409	45	validation	VC à 2 blocs 7
#66C2A5	46	0.258758256119149	46	sous-entraînement	VC à 2 blocs 7
#FC8D62	47	0.365965968029044	47	validation	VC à 2 blocs 7
#66C2A5	48	0.406361064266902	48	sous-entraînement	VC à 2 blocs 7
#FC8D62	49	0.318273150600338	49	validation	VC à 2 blocs 7
#FC8D62	50	0.417618544460782	50	validation	VC à 2 blocs 7
#FC8D62	1	-0.689099191816566	1	validation	VC à 2 blocs 92
#FC8D62	2	-0.608089478320124	2	validation	VC à 2 blocs 92
#66C2A5	3	-0.710016671983337	3	sous-entraînement	VC à 2 blocs 92
#66C2A5	4	-0.466925730528553	4	sous-entraînement	VC à 2 blocs 92
#FC8D62	5	-0.593503033560796	5	validation	VC à 2 blocs 92
#FC8D62	6	-0.708500649154134	6	validation	VC à 2 blocs 92
#FC8D62	7	-0.577710905499484	7	validation	VC à 2 blocs 92
#66C2A5	8	-0.552621340229411	8	sous-entraînement	VC à 2 blocs 92
#FC8D62	9	-0.568875675576983	9	validation	VC à 2 blocs 92
#66C2A5	10	-0.656992649457968	10	sous-entraînement	VC à 2 blocs 92
#66C2A5	11	0.334821441067167	11	sous-entraînement	VC à 2 blocs 92
#66C2A5	12	0.222627647863225	12	sous-entraînement	VC à 2 blocs 92
#FC8D62	13	0.121519266167902	13	validation	VC à 2 blocs 92
#FC8D62	14	-0.0378266644956678	14	validation	VC à 2 blocs 92
#66C2A5	15	0.296136416036393	15	sous-entraînement	VC à 2 blocs 92
#FC8D62	16	0.179149963320559	16	validation	VC à 2 blocs 92
#FC8D62	17	0.182024297912188	17	validation	VC à 2 blocs 92
#FC8D62	18	0.278026945290612	18	validation	VC à 2 blocs 92
#FC8D62	19	0.265765443731891	19	validation	VC à 2 blocs 92
#FC8D62	20	0.243033456343833	20	validation	VC à 2 blocs 92
#FC8D62	21	-0.743730875249225	21	validation	VC à 2 blocs 92
#66C2A5	22	-0.757414982336941	22	sous-entraînement	VC à 2 blocs 92
#FC8D62	23	-0.828172114073528	23	validation	VC à 2 blocs 92
#FC8D62	24	-1.03456378199638	24	validation	VC à 2 blocs 92
#66C2A5	25	-0.773646037620576	25	sous-entraînement	VC à 2 blocs 92
#66C2A5	26	-0.841241486362947	26	sous-entraînement	VC à 2 blocs 92
#66C2A5	27	-0.85120816308058	27	sous-entraînement	VC à 2 blocs 92
#FC8D62	28	-0.982703850799975	28	validation	VC à 2 blocs 92
#66C2A5	29	-0.883443617920909	29	sous-entraînement	VC à 2 blocs 92
#66C2A5	30	-0.793834456390077	30	sous-entraînement	VC à 2 blocs 92
#66C2A5	31	1.7311487572907	31	sous-entraînement	VC à 2 blocs 92
#66C2A5	32	1.58500202940349	32	sous-entraînement	VC à 2 blocs 92
#66C2A5	33	1.63404796329373	33	sous-entraînement	VC à 2 blocs 92
#66C2A5	34	1.5899002980795	34	sous-entraînement	VC à 2 blocs 92
#66C2A5	35	1.45757484645493	35	sous-entraînement	VC à 2 blocs 92
#FC8D62	36	1.55378134580782	36	validation	VC à 2 blocs 92
#66C2A5	37	1.55585180676676	37	sous-entraînement	VC à 2 blocs 92
#FC8D62	38	1.58934946246667	38	validation	VC à 2 blocs 92
#FC8D62	39	1.70528333933618	39	validation	VC à 2 blocs 92
#FC8D62	40	1.67159837698355	40	validation	VC à 2 blocs 92
#66C2A5	41	0.313055412190002	41	sous-entraînement	VC à 2 blocs 92
#66C2A5	42	0.30417160380171	42	sous-entraînement	VC à 2 blocs 92
#FC8D62	43	0.399204109355834	43	validation	VC à 2 blocs 92
#FC8D62	44	0.385174091682726	44	validation	VC à 2 blocs 92
#66C2A5	45	0.260632202360409	45	sous-entraînement	VC à 2 blocs 92
#FC8D62	46	0.258758256119149	46	validation	VC à 2 blocs 92
#66C2A5	47	0.365965968029044	47	sous-entraînement	VC à 2 blocs 92
#FC8D62	48	0.406361064266902	48	validation	VC à 2 blocs 92
#66C2A5	49	0.318273150600338	49	sous-entraînement	VC à 2 blocs 92
#66C2A5	50	0.417618544460782	50	sous-entraînement	VC à 2 blocs 92
#FC8D62	1	-0.689099191816566	1	validation	VC à 2 blocs 79
#FC8D62	2	-0.608089478320124	2	validation	VC à 2 blocs 79
#66C2A5	3	-0.710016671983337	3	sous-entraînement	VC à 2 blocs 79
#66C2A5	4	-0.466925730528553	4	sous-entraînement	VC à 2 blocs 79
#66C2A5	5	-0.593503033560796	5	sous-entraînement	VC à 2 blocs 79
#FC8D62	6	-0.708500649154134	6	validation	VC à 2 blocs 79
#FC8D62	7	-0.577710905499484	7	validation	VC à 2 blocs 79
#66C2A5	8	-0.552621340229411	8	sous-entraînement	VC à 2 blocs 79
#FC8D62	9	-0.568875675576983	9	validation	VC à 2 blocs 79
#66C2A5	10	-0.656992649457968	10	sous-entraînement	VC à 2 blocs 79
#FC8D62	11	0.334821441067167	11	validation	VC à 2 blocs 79
#66C2A5	12	0.222627647863225	12	sous-entraînement	VC à 2 blocs 79
#66C2A5	13	0.121519266167902	13	sous-entraînement	VC à 2 blocs 79
#66C2A5	14	-0.0378266644956678	14	sous-entraînement	VC à 2 blocs 79
#FC8D62	15	0.296136416036393	15	validation	VC à 2 blocs 79
#FC8D62	16	0.179149963320559	16	validation	VC à 2 blocs 79
#66C2A5	17	0.182024297912188	17	sous-entraînement	VC à 2 blocs 79
#66C2A5	18	0.278026945290612	18	sous-entraînement	VC à 2 blocs 79
#66C2A5	19	0.265765443731891	19	sous-entraînement	VC à 2 blocs 79
#FC8D62	20	0.243033456343833	20	validation	VC à 2 blocs 79
#FC8D62	21	-0.743730875249225	21	validation	VC à 2 blocs 79
#66C2A5	22	-0.757414982336941	22	sous-entraînement	VC à 2 blocs 79
#66C2A5	23	-0.828172114073528	23	sous-entraînement	VC à 2 blocs 79
#FC8D62	24	-1.03456378199638	24	validation	VC à 2 blocs 79
#FC8D62	25	-0.773646037620576	25	validation	VC à 2 blocs 79
#66C2A5	26	-0.841241486362947	26	sous-entraînement	VC à 2 blocs 79
#66C2A5	27	-0.85120816308058	27	sous-entraînement	VC à 2 blocs 79
#FC8D62	28	-0.982703850799975	28	validation	VC à 2 blocs 79
#FC8D62	29	-0.883443617920909	29	validation	VC à 2 blocs 79
#FC8D62	30	-0.793834456390077	30	validation	VC à 2 blocs 79
#66C2A5	31	1.7311487572907	31	sous-entraînement	VC à 2 blocs 79
#66C2A5	32	1.58500202940349	32	sous-entraînement	VC à 2 blocs 79
#66C2A5	33	1.63404796329373	33	sous-entraînement	VC à 2 blocs 79
#FC8D62	34	1.5899002980795	34	validation	VC à 2 blocs 79
#FC8D62	35	1.45757484645493	35	validation	VC à 2 blocs 79
#FC8D62	36	1.55378134580782	36	validation	VC à 2 blocs 79
#FC8D62	37	1.55585180676676	37	validation	VC à 2 blocs 79
#FC8D62	38	1.58934946246667	38	validation	VC à 2 blocs 79
#FC8D62	39	1.70528333933618	39	validation	VC à 2 blocs 79
#66C2A5	40	1.67159837698355	40	sous-entraînement	VC à 2 blocs 79
#66C2A5	41	0.313055412190002	41	sous-entraînement	VC à 2 blocs 79
#FC8D62	42	0.30417160380171	42	validation	VC à 2 blocs 79
#FC8D62	43	0.399204109355834	43	validation	VC à 2 blocs 79
#FC8D62	44	0.385174091682726	44	validation	VC à 2 blocs 79
#66C2A5	45	0.260632202360409	45	sous-entraînement	VC à 2 blocs 79
#66C2A5	46	0.258758256119149	46	sous-entraînement	VC à 2 blocs 79
#66C2A5	47	0.365965968029044	47	sous-entraînement	VC à 2 blocs 79
#FC8D62	48	0.406361064266902	48	validation	VC à 2 blocs 79
#66C2A5	49	0.318273150600338	49	sous-entraînement	VC à 2 blocs 79
#66C2A5	50	0.417618544460782	50	sous-entraînement	VC à 2 blocs 79
#66C2A5	1	-0.689099191816566	1	sous-entraînement	VC à 2 blocs 98
#66C2A5	2	-0.608089478320124	2	sous-entraînement	VC à 2 blocs 98
#FC8D62	3	-0.710016671983337	3	validation	VC à 2 blocs 98
#FC8D62	4	-0.466925730528553	4	validation	VC à 2 blocs 98
#FC8D62	5	-0.593503033560796	5	validation	VC à 2 blocs 98
#66C2A5	6	-0.708500649154134	6	sous-entraînement	VC à 2 blocs 98
#66C2A5	7	-0.577710905499484	7	sous-entraînement	VC à 2 blocs 98
#FC8D62	8	-0.552621340229411	8	validation	VC à 2 blocs 98
#66C2A5	9	-0.568875675576983	9	sous-entraînement	VC à 2 blocs 98
#FC8D62	10	-0.656992649457968	10	validation	VC à 2 blocs 98
#66C2A5	11	0.334821441067167	11	sous-entraînement	VC à 2 blocs 98
#FC8D62	12	0.222627647863225	12	validation	VC à 2 blocs 98
#FC8D62	13	0.121519266167902	13	validation	VC à 2 blocs 98
#FC8D62	14	-0.0378266644956678	14	validation	VC à 2 blocs 98
#66C2A5	15	0.296136416036393	15	sous-entraînement	VC à 2 blocs 98
#66C2A5	16	0.179149963320559	16	sous-entraînement	VC à 2 blocs 98
#FC8D62	17	0.182024297912188	17	validation	VC à 2 blocs 98
#FC8D62	18	0.278026945290612	18	validation	VC à 2 blocs 98
#FC8D62	19	0.265765443731891	19	validation	VC à 2 blocs 98
#66C2A5	20	0.243033456343833	20	sous-entraînement	VC à 2 blocs 98
#66C2A5	21	-0.743730875249225	21	sous-entraînement	VC à 2 blocs 98
#FC8D62	22	-0.757414982336941	22	validation	VC à 2 blocs 98
#FC8D62	23	-0.828172114073528	23	validation	VC à 2 blocs 98
#66C2A5	24	-1.03456378199638	24	sous-entraînement	VC à 2 blocs 98
#66C2A5	25	-0.773646037620576	25	sous-entraînement	VC à 2 blocs 98
#FC8D62	26	-0.841241486362947	26	validation	VC à 2 blocs 98
#FC8D62	27	-0.85120816308058	27	validation	VC à 2 blocs 98
#66C2A5	28	-0.982703850799975	28	sous-entraînement	VC à 2 blocs 98
#66C2A5	29	-0.883443617920909	29	sous-entraînement	VC à 2 blocs 98
#66C2A5	30	-0.793834456390077	30	sous-entraînement	VC à 2 blocs 98
#FC8D62	31	1.7311487572907	31	validation	VC à 2 blocs 98
#FC8D62	32	1.58500202940349	32	validation	VC à 2 blocs 98
#FC8D62	33	1.63404796329373	33	validation	VC à 2 blocs 98
#66C2A5	34	1.5899002980795	34	sous-entraînement	VC à 2 blocs 98
#66C2A5	35	1.45757484645493	35	sous-entraînement	VC à 2 blocs 98
#66C2A5	36	1.55378134580782	36	sous-entraînement	VC à 2 blocs 98
#66C2A5	37	1.55585180676676	37	sous-entraînement	VC à 2 blocs 98
#66C2A5	38	1.58934946246667	38	sous-entraînement	VC à 2 blocs 98
#66C2A5	39	1.70528333933618	39	sous-entraînement	VC à 2 blocs 98
#FC8D62	40	1.67159837698355	40	validation	VC à 2 blocs 98
#FC8D62	41	0.313055412190002	41	validation	VC à 2 blocs 98
#66C2A5	42	0.30417160380171	42	sous-entraînement	VC à 2 blocs 98
#66C2A5	43	0.399204109355834	43	sous-entraînement	VC à 2 blocs 98
#66C2A5	44	0.385174091682726	44	sous-entraînement	VC à 2 blocs 98
#FC8D62	45	0.260632202360409	45	validation	VC à 2 blocs 98
#FC8D62	46	0.258758256119149	46	validation	VC à 2 blocs 98
#FC8D62	47	0.365965968029044	47	validation	VC à 2 blocs 98
#66C2A5	48	0.406361064266902	48	sous-entraînement	VC à 2 blocs 98
#FC8D62	49	0.318273150600338	49	validation	VC à 2 blocs 98
#FC8D62	50	0.417618544460782	50	validation	VC à 2 blocs 98
#66C2A5	1	-0.689099191816566	1	sous-entraînement	VC à 2 blocs 40
#FC8D62	2	-0.608089478320124	2	validation	VC à 2 blocs 40
#66C2A5	3	-0.710016671983337	3	sous-entraînement	VC à 2 blocs 40
#FC8D62	4	-0.466925730528553	4	validation	VC à 2 blocs 40
#66C2A5	5	-0.593503033560796	5	sous-entraînement	VC à 2 blocs 40
#FC8D62	6	-0.708500649154134	6	validation	VC à 2 blocs 40
#66C2A5	7	-0.577710905499484	7	sous-entraînement	VC à 2 blocs 40
#66C2A5	8	-0.552621340229411	8	sous-entraînement	VC à 2 blocs 40
#FC8D62	9	-0.568875675576983	9	validation	VC à 2 blocs 40
#FC8D62	10	-0.656992649457968	10	validation	VC à 2 blocs 40
#FC8D62	11	0.334821441067167	11	validation	VC à 2 blocs 40
#FC8D62	12	0.222627647863225	12	validation	VC à 2 blocs 40
#FC8D62	13	0.121519266167902	13	validation	VC à 2 blocs 40
#66C2A5	14	-0.0378266644956678	14	sous-entraînement	VC à 2 blocs 40
#FC8D62	15	0.296136416036393	15	validation	VC à 2 blocs 40
#66C2A5	16	0.179149963320559	16	sous-entraînement	VC à 2 blocs 40
#FC8D62	17	0.182024297912188	17	validation	VC à 2 blocs 40
#66C2A5	18	0.278026945290612	18	sous-entraînement	VC à 2 blocs 40
#66C2A5	19	0.265765443731891	19	sous-entraînement	VC à 2 blocs 40
#66C2A5	20	0.243033456343833	20	sous-entraînement	VC à 2 blocs 40
#66C2A5	21	-0.743730875249225	21	sous-entraînement	VC à 2 blocs 40
#FC8D62	22	-0.757414982336941	22	validation	VC à 2 blocs 40
#66C2A5	23	-0.828172114073528	23	sous-entraînement	VC à 2 blocs 40
#66C2A5	24	-1.03456378199638	24	sous-entraînement	VC à 2 blocs 40
#66C2A5	25	-0.773646037620576	25	sous-entraînement	VC à 2 blocs 40
#FC8D62	26	-0.841241486362947	26	validation	VC à 2 blocs 40
#FC8D62	27	-0.85120816308058	27	validation	VC à 2 blocs 40
#FC8D62	28	-0.982703850799975	28	validation	VC à 2 blocs 40
#66C2A5	29	-0.883443617920909	29	sous-entraînement	VC à 2 blocs 40
#FC8D62	30	-0.793834456390077	30	validation	VC à 2 blocs 40
#66C2A5	31	1.7311487572907	31	sous-entraînement	VC à 2 blocs 40
#66C2A5	32	1.58500202940349	32	sous-entraînement	VC à 2 blocs 40
#FC8D62	33	1.63404796329373	33	validation	VC à 2 blocs 40
#FC8D62	34	1.5899002980795	34	validation	VC à 2 blocs 40
#FC8D62	35	1.45757484645493	35	validation	VC à 2 blocs 40
#66C2A5	36	1.55378134580782	36	sous-entraînement	VC à 2 blocs 40
#66C2A5	37	1.55585180676676	37	sous-entraînement	VC à 2 blocs 40
#FC8D62	38	1.58934946246667	38	validation	VC à 2 blocs 40
#66C2A5	39	1.70528333933618	39	sous-entraînement	VC à 2 blocs 40
#FC8D62	40	1.67159837698355	40	validation	VC à 2 blocs 40
#FC8D62	41	0.313055412190002	41	validation	VC à 2 blocs 40
#66C2A5	42	0.30417160380171	42	sous-entraînement	VC à 2 blocs 40
#FC8D62	43	0.399204109355834	43	validation	VC à 2 blocs 40
#FC8D62	44	0.385174091682726	44	validation	VC à 2 blocs 40
#FC8D62	45	0.260632202360409	45	validation	VC à 2 blocs 40
#66C2A5	46	0.258758256119149	46	sous-entraînement	VC à 2 blocs 40
#66C2A5	47	0.365965968029044	47	sous-entraînement	VC à 2 blocs 40
#66C2A5	48	0.406361064266902	48	sous-entraînement	VC à 2 blocs 40
#66C2A5	49	0.318273150600338	49	sous-entraînement	VC à 2 blocs 40
#FC8D62	50	0.417618544460782	50	validation	VC à 2 blocs 40
#FC8D62	1	-0.689099191816566	1	validation	VC à 2 blocs 97
#66C2A5	2	-0.608089478320124	2	sous-entraînement	VC à 2 blocs 97
#FC8D62	3	-0.710016671983337	3	validation	VC à 2 blocs 97
#66C2A5	4	-0.466925730528553	4	sous-entraînement	VC à 2 blocs 97
#FC8D62	5	-0.593503033560796	5	validation	VC à 2 blocs 97
#66C2A5	6	-0.708500649154134	6	sous-entraînement	VC à 2 blocs 97
#FC8D62	7	-0.577710905499484	7	validation	VC à 2 blocs 97
#FC8D62	8	-0.552621340229411	8	validation	VC à 2 blocs 97
#66C2A5	9	-0.568875675576983	9	sous-entraînement	VC à 2 blocs 97
#66C2A5	10	-0.656992649457968	10	sous-entraînement	VC à 2 blocs 97
#66C2A5	11	0.334821441067167	11	sous-entraînement	VC à 2 blocs 97
#66C2A5	12	0.222627647863225	12	sous-entraînement	VC à 2 blocs 97
#66C2A5	13	0.121519266167902	13	sous-entraînement	VC à 2 blocs 97
#FC8D62	14	-0.0378266644956678	14	validation	VC à 2 blocs 97
#66C2A5	15	0.296136416036393	15	sous-entraînement	VC à 2 blocs 97
#FC8D62	16	0.179149963320559	16	validation	VC à 2 blocs 97
#66C2A5	17	0.182024297912188	17	sous-entraînement	VC à 2 blocs 97
#FC8D62	18	0.278026945290612	18	validation	VC à 2 blocs 97
#FC8D62	19	0.265765443731891	19	validation	VC à 2 blocs 97
#FC8D62	20	0.243033456343833	20	validation	VC à 2 blocs 97
#FC8D62	21	-0.743730875249225	21	validation	VC à 2 blocs 97
#66C2A5	22	-0.757414982336941	22	sous-entraînement	VC à 2 blocs 97
#FC8D62	23	-0.828172114073528	23	validation	VC à 2 blocs 97
#FC8D62	24	-1.03456378199638	24	validation	VC à 2 blocs 97
#FC8D62	25	-0.773646037620576	25	validation	VC à 2 blocs 97
#66C2A5	26	-0.841241486362947	26	sous-entraînement	VC à 2 blocs 97
#66C2A5	27	-0.85120816308058	27	sous-entraînement	VC à 2 blocs 97
#66C2A5	28	-0.982703850799975	28	sous-entraînement	VC à 2 blocs 97
#FC8D62	29	-0.883443617920909	29	validation	VC à 2 blocs 97
#66C2A5	30	-0.793834456390077	30	sous-entraînement	VC à 2 blocs 97
#FC8D62	31	1.7311487572907	31	validation	VC à 2 blocs 97
#FC8D62	32	1.58500202940349	32	validation	VC à 2 blocs 97
#66C2A5	33	1.63404796329373	33	sous-entraînement	VC à 2 blocs 97
#66C2A5	34	1.5899002980795	34	sous-entraînement	VC à 2 blocs 97
#66C2A5	35	1.45757484645493	35	sous-entraînement	VC à 2 blocs 97
#FC8D62	36	1.55378134580782	36	validation	VC à 2 blocs 97
#FC8D62	37	1.55585180676676	37	validation	VC à 2 blocs 97
#66C2A5	38	1.58934946246667	38	sous-entraînement	VC à 2 blocs 97
#FC8D62	39	1.70528333933618	39	validation	VC à 2 blocs 97
#66C2A5	40	1.67159837698355	40	sous-entraînement	VC à 2 blocs 97
#66C2A5	41	0.313055412190002	41	sous-entraînement	VC à 2 blocs 97
#FC8D62	42	0.30417160380171	42	validation	VC à 2 blocs 97
#66C2A5	43	0.399204109355834	43	sous-entraînement	VC à 2 blocs 97
#66C2A5	44	0.385174091682726	44	sous-entraînement	VC à 2 blocs 97
#66C2A5	45	0.260632202360409	45	sous-entraînement	VC à 2 blocs 97
#FC8D62	46	0.258758256119149	46	validation	VC à 2 blocs 97
#FC8D62	47	0.365965968029044	47	validation	VC à 2 blocs 97
#FC8D62	48	0.406361064266902	48	validation	VC à 2 blocs 97
#FC8D62	49	0.318273150600338	49	validation	VC à 2 blocs 97
#66C2A5	50	0.417618544460782	50	sous-entraînement	VC à 2 blocs 97
#66C2A5	1	-0.689099191816566	1	sous-entraînement	VC à 2 blocs 71
#66C2A5	2	-0.608089478320124	2	sous-entraînement	VC à 2 blocs 71
#66C2A5	3	-0.710016671983337	3	sous-entraînement	VC à 2 blocs 71
#FC8D62	4	-0.466925730528553	4	validation	VC à 2 blocs 71
#66C2A5	5	-0.593503033560796	5	sous-entraînement	VC à 2 blocs 71
#FC8D62	6	-0.708500649154134	6	validation	VC à 2 blocs 71
#FC8D62	7	-0.577710905499484	7	validation	VC à 2 blocs 71
#66C2A5	8	-0.552621340229411	8	sous-entraînement	VC à 2 blocs 71
#66C2A5	9	-0.568875675576983	9	sous-entraînement	VC à 2 blocs 71
#66C2A5	10	-0.656992649457968	10	sous-entraînement	VC à 2 blocs 71
#FC8D62	11	0.334821441067167	11	validation	VC à 2 blocs 71
#66C2A5	12	0.222627647863225	12	sous-entraînement	VC à 2 blocs 71
#FC8D62	13	0.121519266167902	13	validation	VC à 2 blocs 71
#FC8D62	14	-0.0378266644956678	14	validation	VC à 2 blocs 71
#FC8D62	15	0.296136416036393	15	validation	VC à 2 blocs 71
#66C2A5	16	0.179149963320559	16	sous-entraînement	VC à 2 blocs 71
#66C2A5	17	0.182024297912188	17	sous-entraînement	VC à 2 blocs 71
#FC8D62	18	0.278026945290612	18	validation	VC à 2 blocs 71
#FC8D62	19	0.265765443731891	19	validation	VC à 2 blocs 71
#FC8D62	20	0.243033456343833	20	validation	VC à 2 blocs 71
#FC8D62	21	-0.743730875249225	21	validation	VC à 2 blocs 71
#66C2A5	22	-0.757414982336941	22	sous-entraînement	VC à 2 blocs 71
#FC8D62	23	-0.828172114073528	23	validation	VC à 2 blocs 71
#66C2A5	24	-1.03456378199638	24	sous-entraînement	VC à 2 blocs 71
#66C2A5	25	-0.773646037620576	25	sous-entraînement	VC à 2 blocs 71
#FC8D62	26	-0.841241486362947	26	validation	VC à 2 blocs 71
#66C2A5	27	-0.85120816308058	27	sous-entraînement	VC à 2 blocs 71
#FC8D62	28	-0.982703850799975	28	validation	VC à 2 blocs 71
#FC8D62	29	-0.883443617920909	29	validation	VC à 2 blocs 71
#FC8D62	30	-0.793834456390077	30	validation	VC à 2 blocs 71
#66C2A5	31	1.7311487572907	31	sous-entraînement	VC à 2 blocs 71
#FC8D62	32	1.58500202940349	32	validation	VC à 2 blocs 71
#FC8D62	33	1.63404796329373	33	validation	VC à 2 blocs 71
#66C2A5	34	1.5899002980795	34	sous-entraînement	VC à 2 blocs 71
#FC8D62	35	1.45757484645493	35	validation	VC à 2 blocs 71
#66C2A5	36	1.55378134580782	36	sous-entraînement	VC à 2 blocs 71
#66C2A5	37	1.55585180676676	37	sous-entraînement	VC à 2 blocs 71
#FC8D62	38	1.58934946246667	38	validation	VC à 2 blocs 71
#66C2A5	39	1.70528333933618	39	sous-entraînement	VC à 2 blocs 71
#66C2A5	40	1.67159837698355	40	sous-entraînement	VC à 2 blocs 71
#66C2A5	41	0.313055412190002	41	sous-entraînement	VC à 2 blocs 71
#66C2A5	42	0.30417160380171	42	sous-entraînement	VC à 2 blocs 71
#FC8D62	43	0.399204109355834	43	validation	VC à 2 blocs 71
#66C2A5	44	0.385174091682726	44	sous-entraînement	VC à 2 blocs 71
#FC8D62	45	0.260632202360409	45	validation	VC à 2 blocs 71
#66C2A5	46	0.258758256119149	46	sous-entraînement	VC à 2 blocs 71
#FC8D62	47	0.365965968029044	47	validation	VC à 2 blocs 71
#FC8D62	48	0.406361064266902	48	validation	VC à 2 blocs 71
#66C2A5	49	0.318273150600338	49	sous-entraînement	VC à 2 blocs 71
#FC8D62	50	0.417618544460782	50	validation	VC à 2 blocs 71
#FC8D62	1	-0.689099191816566	1	validation	VC à 2 blocs 8
#FC8D62	2	-0.608089478320124	2	validation	VC à 2 blocs 8
#FC8D62	3	-0.710016671983337	3	validation	VC à 2 blocs 8
#66C2A5	4	-0.466925730528553	4	sous-entraînement	VC à 2 blocs 8
#FC8D62	5	-0.593503033560796	5	validation	VC à 2 blocs 8
#66C2A5	6	-0.708500649154134	6	sous-entraînement	VC à 2 blocs 8
#66C2A5	7	-0.577710905499484	7	sous-entraînement	VC à 2 blocs 8
#FC8D62	8	-0.552621340229411	8	validation	VC à 2 blocs 8
#FC8D62	9	-0.568875675576983	9	validation	VC à 2 blocs 8
#FC8D62	10	-0.656992649457968	10	validation	VC à 2 blocs 8
#66C2A5	11	0.334821441067167	11	sous-entraînement	VC à 2 blocs 8
#FC8D62	12	0.222627647863225	12	validation	VC à 2 blocs 8
#66C2A5	13	0.121519266167902	13	sous-entraînement	VC à 2 blocs 8
#66C2A5	14	-0.0378266644956678	14	sous-entraînement	VC à 2 blocs 8
#66C2A5	15	0.296136416036393	15	sous-entraînement	VC à 2 blocs 8
#FC8D62	16	0.179149963320559	16	validation	VC à 2 blocs 8
#FC8D62	17	0.182024297912188	17	validation	VC à 2 blocs 8
#66C2A5	18	0.278026945290612	18	sous-entraînement	VC à 2 blocs 8
#66C2A5	19	0.265765443731891	19	sous-entraînement	VC à 2 blocs 8
#66C2A5	20	0.243033456343833	20	sous-entraînement	VC à 2 blocs 8
#66C2A5	21	-0.743730875249225	21	sous-entraînement	VC à 2 blocs 8
#FC8D62	22	-0.757414982336941	22	validation	VC à 2 blocs 8
#66C2A5	23	-0.828172114073528	23	sous-entraînement	VC à 2 blocs 8
#FC8D62	24	-1.03456378199638	24	validation	VC à 2 blocs 8
#FC8D62	25	-0.773646037620576	25	validation	VC à 2 blocs 8
#66C2A5	26	-0.841241486362947	26	sous-entraînement	VC à 2 blocs 8
#FC8D62	27	-0.85120816308058	27	validation	VC à 2 blocs 8
#66C2A5	28	-0.982703850799975	28	sous-entraînement	VC à 2 blocs 8
#66C2A5	29	-0.883443617920909	29	sous-entraînement	VC à 2 blocs 8
#66C2A5	30	-0.793834456390077	30	sous-entraînement	VC à 2 blocs 8
#FC8D62	31	1.7311487572907	31	validation	VC à 2 blocs 8
#66C2A5	32	1.58500202940349	32	sous-entraînement	VC à 2 blocs 8
#66C2A5	33	1.63404796329373	33	sous-entraînement	VC à 2 blocs 8
#FC8D62	34	1.5899002980795	34	validation	VC à 2 blocs 8
#66C2A5	35	1.45757484645493	35	sous-entraînement	VC à 2 blocs 8
#FC8D62	36	1.55378134580782	36	validation	VC à 2 blocs 8
#FC8D62	37	1.55585180676676	37	validation	VC à 2 blocs 8
#66C2A5	38	1.58934946246667	38	sous-entraînement	VC à 2 blocs 8
#FC8D62	39	1.70528333933618	39	validation	VC à 2 blocs 8
#FC8D62	40	1.67159837698355	40	validation	VC à 2 blocs 8
#FC8D62	41	0.313055412190002	41	validation	VC à 2 blocs 8
#FC8D62	42	0.30417160380171	42	validation	VC à 2 blocs 8
#66C2A5	43	0.399204109355834	43	sous-entraînement	VC à 2 blocs 8
#FC8D62	44	0.385174091682726	44	validation	VC à 2 blocs 8
#66C2A5	45	0.260632202360409	45	sous-entraînement	VC à 2 blocs 8
#FC8D62	46	0.258758256119149	46	validation	VC à 2 blocs 8
#66C2A5	47	0.365965968029044	47	sous-entraînement	VC à 2 blocs 8
#66C2A5	48	0.406361064266902	48	sous-entraînement	VC à 2 blocs 8
#FC8D62	49	0.318273150600338	49	validation	VC à 2 blocs 8
#66C2A5	50	0.417618544460782	50	sous-entraînement	VC à 2 blocs 8
#66C2A5	1	-0.689099191816566	1	sous-entraînement	VC à 2 blocs 41
#FC8D62	2	-0.608089478320124	2	validation	VC à 2 blocs 41
#FC8D62	3	-0.710016671983337	3	validation	VC à 2 blocs 41
#66C2A5	4	-0.466925730528553	4	sous-entraînement	VC à 2 blocs 41
#FC8D62	5	-0.593503033560796	5	validation	VC à 2 blocs 41
#66C2A5	6	-0.708500649154134	6	sous-entraînement	VC à 2 blocs 41
#66C2A5	7	-0.577710905499484	7	sous-entraînement	VC à 2 blocs 41
#66C2A5	8	-0.552621340229411	8	sous-entraînement	VC à 2 blocs 41
#FC8D62	9	-0.568875675576983	9	validation	VC à 2 blocs 41
#FC8D62	10	-0.656992649457968	10	validation	VC à 2 blocs 41
#FC8D62	11	0.334821441067167	11	validation	VC à 2 blocs 41
#FC8D62	12	0.222627647863225	12	validation	VC à 2 blocs 41
#FC8D62	13	0.121519266167902	13	validation	VC à 2 blocs 41
#66C2A5	14	-0.0378266644956678	14	sous-entraînement	VC à 2 blocs 41
#66C2A5	15	0.296136416036393	15	sous-entraînement	VC à 2 blocs 41
#66C2A5	16	0.179149963320559	16	sous-entraînement	VC à 2 blocs 41
#FC8D62	17	0.182024297912188	17	validation	VC à 2 blocs 41
#FC8D62	18	0.278026945290612	18	validation	VC à 2 blocs 41
#FC8D62	19	0.265765443731891	19	validation	VC à 2 blocs 41
#66C2A5	20	0.243033456343833	20	sous-entraînement	VC à 2 blocs 41
#FC8D62	21	-0.743730875249225	21	validation	VC à 2 blocs 41
#66C2A5	22	-0.757414982336941	22	sous-entraînement	VC à 2 blocs 41
#FC8D62	23	-0.828172114073528	23	validation	VC à 2 blocs 41
#FC8D62	24	-1.03456378199638	24	validation	VC à 2 blocs 41
#FC8D62	25	-0.773646037620576	25	validation	VC à 2 blocs 41
#66C2A5	26	-0.841241486362947	26	sous-entraînement	VC à 2 blocs 41
#FC8D62	27	-0.85120816308058	27	validation	VC à 2 blocs 41
#66C2A5	28	-0.982703850799975	28	sous-entraînement	VC à 2 blocs 41
#FC8D62	29	-0.883443617920909	29	validation	VC à 2 blocs 41
#FC8D62	30	-0.793834456390077	30	validation	VC à 2 blocs 41
#66C2A5	31	1.7311487572907	31	sous-entraînement	VC à 2 blocs 41
#66C2A5	32	1.58500202940349	32	sous-entraînement	VC à 2 blocs 41
#66C2A5	33	1.63404796329373	33	sous-entraînement	VC à 2 blocs 41
#FC8D62	34	1.5899002980795	34	validation	VC à 2 blocs 41
#FC8D62	35	1.45757484645493	35	validation	VC à 2 blocs 41
#66C2A5	36	1.55378134580782	36	sous-entraînement	VC à 2 blocs 41
#FC8D62	37	1.55585180676676	37	validation	VC à 2 blocs 41
#66C2A5	38	1.58934946246667	38	sous-entraînement	VC à 2 blocs 41
#66C2A5	39	1.70528333933618	39	sous-entraînement	VC à 2 blocs 41
#66C2A5	40	1.67159837698355	40	sous-entraînement	VC à 2 blocs 41
#FC8D62	41	0.313055412190002	41	validation	VC à 2 blocs 41
#66C2A5	42	0.30417160380171	42	sous-entraînement	VC à 2 blocs 41
#66C2A5	43	0.399204109355834	43	sous-entraînement	VC à 2 blocs 41
#66C2A5	44	0.385174091682726	44	sous-entraînement	VC à 2 blocs 41
#66C2A5	45	0.260632202360409	45	sous-entraînement	VC à 2 blocs 41
#FC8D62	46	0.258758256119149	46	validation	VC à 2 blocs 41
#66C2A5	47	0.365965968029044	47	sous-entraînement	VC à 2 blocs 41
#FC8D62	48	0.406361064266902	48	validation	VC à 2 blocs 41
#66C2A5	49	0.318273150600338	49	sous-entraînement	VC à 2 blocs 41
#FC8D62	50	0.417618544460782	50	validation	VC à 2 blocs 41
#FC8D62	1	-0.689099191816566	1	validation	VC à 2 blocs 9
#66C2A5	2	-0.608089478320124	2	sous-entraînement	VC à 2 blocs 9
#66C2A5	3	-0.710016671983337	3	sous-entraînement	VC à 2 blocs 9
#FC8D62	4	-0.466925730528553	4	validation	VC à 2 blocs 9
#66C2A5	5	-0.593503033560796	5	sous-entraînement	VC à 2 blocs 9
#FC8D62	6	-0.708500649154134	6	validation	VC à 2 blocs 9
#FC8D62	7	-0.577710905499484	7	validation	VC à 2 blocs 9
#FC8D62	8	-0.552621340229411	8	validation	VC à 2 blocs 9
#66C2A5	9	-0.568875675576983	9	sous-entraînement	VC à 2 blocs 9
#66C2A5	10	-0.656992649457968	10	sous-entraînement	VC à 2 blocs 9
#66C2A5	11	0.334821441067167	11	sous-entraînement	VC à 2 blocs 9
#66C2A5	12	0.222627647863225	12	sous-entraînement	VC à 2 blocs 9
#66C2A5	13	0.121519266167902	13	sous-entraînement	VC à 2 blocs 9
#FC8D62	14	-0.0378266644956678	14	validation	VC à 2 blocs 9
#FC8D62	15	0.296136416036393	15	validation	VC à 2 blocs 9
#FC8D62	16	0.179149963320559	16	validation	VC à 2 blocs 9
#66C2A5	17	0.182024297912188	17	sous-entraînement	VC à 2 blocs 9
#66C2A5	18	0.278026945290612	18	sous-entraînement	VC à 2 blocs 9
#66C2A5	19	0.265765443731891	19	sous-entraînement	VC à 2 blocs 9
#FC8D62	20	0.243033456343833	20	validation	VC à 2 blocs 9
#66C2A5	21	-0.743730875249225	21	sous-entraînement	VC à 2 blocs 9
#FC8D62	22	-0.757414982336941	22	validation	VC à 2 blocs 9
#66C2A5	23	-0.828172114073528	23	sous-entraînement	VC à 2 blocs 9
#66C2A5	24	-1.03456378199638	24	sous-entraînement	VC à 2 blocs 9
#66C2A5	25	-0.773646037620576	25	sous-entraînement	VC à 2 blocs 9
#FC8D62	26	-0.841241486362947	26	validation	VC à 2 blocs 9
#66C2A5	27	-0.85120816308058	27	sous-entraînement	VC à 2 blocs 9
#FC8D62	28	-0.982703850799975	28	validation	VC à 2 blocs 9
#66C2A5	29	-0.883443617920909	29	sous-entraînement	VC à 2 blocs 9
#66C2A5	30	-0.793834456390077	30	sous-entraînement	VC à 2 blocs 9
#FC8D62	31	1.7311487572907	31	validation	VC à 2 blocs 9
#FC8D62	32	1.58500202940349	32	validation	VC à 2 blocs 9
#FC8D62	33	1.63404796329373	33	validation	VC à 2 blocs 9
#66C2A5	34	1.5899002980795	34	sous-entraînement	VC à 2 blocs 9
#66C2A5	35	1.45757484645493	35	sous-entraînement	VC à 2 blocs 9
#FC8D62	36	1.55378134580782	36	validation	VC à 2 blocs 9
#66C2A5	37	1.55585180676676	37	sous-entraînement	VC à 2 blocs 9
#FC8D62	38	1.58934946246667	38	validation	VC à 2 blocs 9
#FC8D62	39	1.70528333933618	39	validation	VC à 2 blocs 9
#FC8D62	40	1.67159837698355	40	validation	VC à 2 blocs 9
#66C2A5	41	0.313055412190002	41	sous-entraînement	VC à 2 blocs 9
#FC8D62	42	0.30417160380171	42	validation	VC à 2 blocs 9
#FC8D62	43	0.399204109355834	43	validation	VC à 2 blocs 9
#FC8D62	44	0.385174091682726	44	validation	VC à 2 blocs 9
#FC8D62	45	0.260632202360409	45	validation	VC à 2 blocs 9
#66C2A5	46	0.258758256119149	46	sous-entraînement	VC à 2 blocs 9
#FC8D62	47	0.365965968029044	47	validation	VC à 2 blocs 9
#66C2A5	48	0.406361064266902	48	sous-entraînement	VC à 2 blocs 9
#FC8D62	49	0.318273150600338	49	validation	VC à 2 blocs 9
#66C2A5	50	0.417618544460782	50	sous-entraînement	VC à 2 blocs 9
#FC8D62	1	-0.689099191816566	1	validation	VC à 2 blocs 42
#66C2A5	2	-0.608089478320124	2	sous-entraînement	VC à 2 blocs 42
#FC8D62	3	-0.710016671983337	3	validation	VC à 2 blocs 42
#FC8D62	4	-0.466925730528553	4	validation	VC à 2 blocs 42
#66C2A5	5	-0.593503033560796	5	sous-entraînement	VC à 2 blocs 42
#66C2A5	6	-0.708500649154134	6	sous-entraînement	VC à 2 blocs 42
#66C2A5	7	-0.577710905499484	7	sous-entraînement	VC à 2 blocs 42
#FC8D62	8	-0.552621340229411	8	validation	VC à 2 blocs 42
#FC8D62	9	-0.568875675576983	9	validation	VC à 2 blocs 42
#FC8D62	10	-0.656992649457968	10	validation	VC à 2 blocs 42
#66C2A5	11	0.334821441067167	11	sous-entraînement	VC à 2 blocs 42
#FC8D62	12	0.222627647863225	12	validation	VC à 2 blocs 42
#FC8D62	13	0.121519266167902	13	validation	VC à 2 blocs 42
#FC8D62	14	-0.0378266644956678	14	validation	VC à 2 blocs 42
#FC8D62	15	0.296136416036393	15	validation	VC à 2 blocs 42
#FC8D62	16	0.179149963320559	16	validation	VC à 2 blocs 42
#FC8D62	17	0.182024297912188	17	validation	VC à 2 blocs 42
#FC8D62	18	0.278026945290612	18	validation	VC à 2 blocs 42
#66C2A5	19	0.265765443731891	19	sous-entraînement	VC à 2 blocs 42
#66C2A5	20	0.243033456343833	20	sous-entraînement	VC à 2 blocs 42
#FC8D62	21	-0.743730875249225	21	validation	VC à 2 blocs 42
#66C2A5	22	-0.757414982336941	22	sous-entraînement	VC à 2 blocs 42
#66C2A5	23	-0.828172114073528	23	sous-entraînement	VC à 2 blocs 42
#66C2A5	24	-1.03456378199638	24	sous-entraînement	VC à 2 blocs 42
#66C2A5	25	-0.773646037620576	25	sous-entraînement	VC à 2 blocs 42
#FC8D62	26	-0.841241486362947	26	validation	VC à 2 blocs 42
#66C2A5	27	-0.85120816308058	27	sous-entraînement	VC à 2 blocs 42
#FC8D62	28	-0.982703850799975	28	validation	VC à 2 blocs 42
#FC8D62	29	-0.883443617920909	29	validation	VC à 2 blocs 42
#66C2A5	30	-0.793834456390077	30	sous-entraînement	VC à 2 blocs 42
#66C2A5	31	1.7311487572907	31	sous-entraînement	VC à 2 blocs 42
#FC8D62	32	1.58500202940349	32	validation	VC à 2 blocs 42
#FC8D62	33	1.63404796329373	33	validation	VC à 2 blocs 42
#FC8D62	34	1.5899002980795	34	validation	VC à 2 blocs 42
#66C2A5	35	1.45757484645493	35	sous-entraînement	VC à 2 blocs 42
#66C2A5	36	1.55378134580782	36	sous-entraînement	VC à 2 blocs 42
#66C2A5	37	1.55585180676676	37	sous-entraînement	VC à 2 blocs 42
#66C2A5	38	1.58934946246667	38	sous-entraînement	VC à 2 blocs 42
#66C2A5	39	1.70528333933618	39	sous-entraînement	VC à 2 blocs 42
#66C2A5	40	1.67159837698355	40	sous-entraînement	VC à 2 blocs 42
#66C2A5	41	0.313055412190002	41	sous-entraînement	VC à 2 blocs 42
#66C2A5	42	0.30417160380171	42	sous-entraînement	VC à 2 blocs 42
#66C2A5	43	0.399204109355834	43	sous-entraînement	VC à 2 blocs 42
#FC8D62	44	0.385174091682726	44	validation	VC à 2 blocs 42
#FC8D62	45	0.260632202360409	45	validation	VC à 2 blocs 42
#66C2A5	46	0.258758256119149	46	sous-entraînement	VC à 2 blocs 42
#66C2A5	47	0.365965968029044	47	sous-entraînement	VC à 2 blocs 42
#FC8D62	48	0.406361064266902	48	validation	VC à 2 blocs 42
#FC8D62	49	0.318273150600338	49	validation	VC à 2 blocs 42
#FC8D62	50	0.417618544460782	50	validation	VC à 2 blocs 42
#66C2A5	1	-0.689099191816566	1	sous-entraînement	VC à 2 blocs 89
#FC8D62	2	-0.608089478320124	2	validation	VC à 2 blocs 89
#66C2A5	3	-0.710016671983337	3	sous-entraînement	VC à 2 blocs 89
#66C2A5	4	-0.466925730528553	4	sous-entraînement	VC à 2 blocs 89
#FC8D62	5	-0.593503033560796	5	validation	VC à 2 blocs 89
#FC8D62	6	-0.708500649154134	6	validation	VC à 2 blocs 89
#FC8D62	7	-0.577710905499484	7	validation	VC à 2 blocs 89
#66C2A5	8	-0.552621340229411	8	sous-entraînement	VC à 2 blocs 89
#66C2A5	9	-0.568875675576983	9	sous-entraînement	VC à 2 blocs 89
#66C2A5	10	-0.656992649457968	10	sous-entraînement	VC à 2 blocs 89
#FC8D62	11	0.334821441067167	11	validation	VC à 2 blocs 89
#66C2A5	12	0.222627647863225	12	sous-entraînement	VC à 2 blocs 89
#66C2A5	13	0.121519266167902	13	sous-entraînement	VC à 2 blocs 89
#66C2A5	14	-0.0378266644956678	14	sous-entraînement	VC à 2 blocs 89
#66C2A5	15	0.296136416036393	15	sous-entraînement	VC à 2 blocs 89
#66C2A5	16	0.179149963320559	16	sous-entraînement	VC à 2 blocs 89
#66C2A5	17	0.182024297912188	17	sous-entraînement	VC à 2 blocs 89
#66C2A5	18	0.278026945290612	18	sous-entraînement	VC à 2 blocs 89
#FC8D62	19	0.265765443731891	19	validation	VC à 2 blocs 89
#FC8D62	20	0.243033456343833	20	validation	VC à 2 blocs 89
#66C2A5	21	-0.743730875249225	21	sous-entraînement	VC à 2 blocs 89
#FC8D62	22	-0.757414982336941	22	validation	VC à 2 blocs 89
#FC8D62	23	-0.828172114073528	23	validation	VC à 2 blocs 89
#FC8D62	24	-1.03456378199638	24	validation	VC à 2 blocs 89
#FC8D62	25	-0.773646037620576	25	validation	VC à 2 blocs 89
#66C2A5	26	-0.841241486362947	26	sous-entraînement	VC à 2 blocs 89
#FC8D62	27	-0.85120816308058	27	validation	VC à 2 blocs 89
#66C2A5	28	-0.982703850799975	28	sous-entraînement	VC à 2 blocs 89
#66C2A5	29	-0.883443617920909	29	sous-entraînement	VC à 2 blocs 89
#FC8D62	30	-0.793834456390077	30	validation	VC à 2 blocs 89
#FC8D62	31	1.7311487572907	31	validation	VC à 2 blocs 89
#66C2A5	32	1.58500202940349	32	sous-entraînement	VC à 2 blocs 89
#66C2A5	33	1.63404796329373	33	sous-entraînement	VC à 2 blocs 89
#66C2A5	34	1.5899002980795	34	sous-entraînement	VC à 2 blocs 89
#FC8D62	35	1.45757484645493	35	validation	VC à 2 blocs 89
#FC8D62	36	1.55378134580782	36	validation	VC à 2 blocs 89
#FC8D62	37	1.55585180676676	37	validation	VC à 2 blocs 89
#FC8D62	38	1.58934946246667	38	validation	VC à 2 blocs 89
#FC8D62	39	1.70528333933618	39	validation	VC à 2 blocs 89
#FC8D62	40	1.67159837698355	40	validation	VC à 2 blocs 89
#FC8D62	41	0.313055412190002	41	validation	VC à 2 blocs 89
#FC8D62	42	0.30417160380171	42	validation	VC à 2 blocs 89
#FC8D62	43	0.399204109355834	43	validation	VC à 2 blocs 89
#66C2A5	44	0.385174091682726	44	sous-entraînement	VC à 2 blocs 89
#66C2A5	45	0.260632202360409	45	sous-entraînement	VC à 2 blocs 89
#FC8D62	46	0.258758256119149	46	validation	VC à 2 blocs 89
#FC8D62	47	0.365965968029044	47	validation	VC à 2 blocs 89
#66C2A5	48	0.406361064266902	48	sous-entraînement	VC à 2 blocs 89
#66C2A5	49	0.318273150600338	49	sous-entraînement	VC à 2 blocs 89
#66C2A5	50	0.417618544460782	50	sous-entraînement	VC à 2 blocs 89
#FC8D62	1	-0.689099191816566	1	validation	VC à 2 blocs 29
#FC8D62	2	-0.608089478320124	2	validation	VC à 2 blocs 29
#66C2A5	3	-0.710016671983337	3	sous-entraînement	VC à 2 blocs 29
#66C2A5	4	-0.466925730528553	4	sous-entraînement	VC à 2 blocs 29
#66C2A5	5	-0.593503033560796	5	sous-entraînement	VC à 2 blocs 29
#FC8D62	6	-0.708500649154134	6	validation	VC à 2 blocs 29
#FC8D62	7	-0.577710905499484	7	validation	VC à 2 blocs 29
#66C2A5	8	-0.552621340229411	8	sous-entraînement	VC à 2 blocs 29
#66C2A5	9	-0.568875675576983	9	sous-entraînement	VC à 2 blocs 29
#66C2A5	10	-0.656992649457968	10	sous-entraînement	VC à 2 blocs 29
#FC8D62	11	0.334821441067167	11	validation	VC à 2 blocs 29
#FC8D62	12	0.222627647863225	12	validation	VC à 2 blocs 29
#66C2A5	13	0.121519266167902	13	sous-entraînement	VC à 2 blocs 29
#FC8D62	14	-0.0378266644956678	14	validation	VC à 2 blocs 29
#66C2A5	15	0.296136416036393	15	sous-entraînement	VC à 2 blocs 29
#66C2A5	16	0.179149963320559	16	sous-entraînement	VC à 2 blocs 29
#66C2A5	17	0.182024297912188	17	sous-entraînement	VC à 2 blocs 29
#66C2A5	18	0.278026945290612	18	sous-entraînement	VC à 2 blocs 29
#FC8D62	19	0.265765443731891	19	validation	VC à 2 blocs 29
#66C2A5	20	0.243033456343833	20	sous-entraînement	VC à 2 blocs 29
#FC8D62	21	-0.743730875249225	21	validation	VC à 2 blocs 29
#FC8D62	22	-0.757414982336941	22	validation	VC à 2 blocs 29
#66C2A5	23	-0.828172114073528	23	sous-entraînement	VC à 2 blocs 29
#66C2A5	24	-1.03456378199638	24	sous-entraînement	VC à 2 blocs 29
#66C2A5	25	-0.773646037620576	25	sous-entraînement	VC à 2 blocs 29
#FC8D62	26	-0.841241486362947	26	validation	VC à 2 blocs 29
#66C2A5	27	-0.85120816308058	27	sous-entraînement	VC à 2 blocs 29
#FC8D62	28	-0.982703850799975	28	validation	VC à 2 blocs 29
#FC8D62	29	-0.883443617920909	29	validation	VC à 2 blocs 29
#FC8D62	30	-0.793834456390077	30	validation	VC à 2 blocs 29
#FC8D62	31	1.7311487572907	31	validation	VC à 2 blocs 29
#FC8D62	32	1.58500202940349	32	validation	VC à 2 blocs 29
#FC8D62	33	1.63404796329373	33	validation	VC à 2 blocs 29
#66C2A5	34	1.5899002980795	34	sous-entraînement	VC à 2 blocs 29
#FC8D62	35	1.45757484645493	35	validation	VC à 2 blocs 29
#66C2A5	36	1.55378134580782	36	sous-entraînement	VC à 2 blocs 29
#FC8D62	37	1.55585180676676	37	validation	VC à 2 blocs 29
#FC8D62	38	1.58934946246667	38	validation	VC à 2 blocs 29
#66C2A5	39	1.70528333933618	39	sous-entraînement	VC à 2 blocs 29
#FC8D62	40	1.67159837698355	40	validation	VC à 2 blocs 29
#FC8D62	41	0.313055412190002	41	validation	VC à 2 blocs 29
#FC8D62	42	0.30417160380171	42	validation	VC à 2 blocs 29
#66C2A5	43	0.399204109355834	43	sous-entraînement	VC à 2 blocs 29
#66C2A5	44	0.385174091682726	44	sous-entraînement	VC à 2 blocs 29
#66C2A5	45	0.260632202360409	45	sous-entraînement	VC à 2 blocs 29
#66C2A5	46	0.258758256119149	46	sous-entraînement	VC à 2 blocs 29
#66C2A5	47	0.365965968029044	47	sous-entraînement	VC à 2 blocs 29
#FC8D62	48	0.406361064266902	48	validation	VC à 2 blocs 29
#66C2A5	49	0.318273150600338	49	sous-entraînement	VC à 2 blocs 29
#FC8D62	50	0.417618544460782	50	validation	VC à 2 blocs 29
#66C2A5	1	-0.689099191816566	1	sous-entraînement	VC à 2 blocs 43
#66C2A5	2	-0.608089478320124	2	sous-entraînement	VC à 2 blocs 43
#FC8D62	3	-0.710016671983337	3	validation	VC à 2 blocs 43
#FC8D62	4	-0.466925730528553	4	validation	VC à 2 blocs 43
#FC8D62	5	-0.593503033560796	5	validation	VC à 2 blocs 43
#66C2A5	6	-0.708500649154134	6	sous-entraînement	VC à 2 blocs 43
#66C2A5	7	-0.577710905499484	7	sous-entraînement	VC à 2 blocs 43
#FC8D62	8	-0.552621340229411	8	validation	VC à 2 blocs 43
#FC8D62	9	-0.568875675576983	9	validation	VC à 2 blocs 43
#FC8D62	10	-0.656992649457968	10	validation	VC à 2 blocs 43
#66C2A5	11	0.334821441067167	11	sous-entraînement	VC à 2 blocs 43
#66C2A5	12	0.222627647863225	12	sous-entraînement	VC à 2 blocs 43
#FC8D62	13	0.121519266167902	13	validation	VC à 2 blocs 43
#66C2A5	14	-0.0378266644956678	14	sous-entraînement	VC à 2 blocs 43
#FC8D62	15	0.296136416036393	15	validation	VC à 2 blocs 43
#FC8D62	16	0.179149963320559	16	validation	VC à 2 blocs 43
#FC8D62	17	0.182024297912188	17	validation	VC à 2 blocs 43
#FC8D62	18	0.278026945290612	18	validation	VC à 2 blocs 43
#66C2A5	19	0.265765443731891	19	sous-entraînement	VC à 2 blocs 43
#FC8D62	20	0.243033456343833	20	validation	VC à 2 blocs 43
#66C2A5	21	-0.743730875249225	21	sous-entraînement	VC à 2 blocs 43
#66C2A5	22	-0.757414982336941	22	sous-entraînement	VC à 2 blocs 43
#FC8D62	23	-0.828172114073528	23	validation	VC à 2 blocs 43
#FC8D62	24	-1.03456378199638	24	validation	VC à 2 blocs 43
#FC8D62	25	-0.773646037620576	25	validation	VC à 2 blocs 43
#66C2A5	26	-0.841241486362947	26	sous-entraînement	VC à 2 blocs 43
#FC8D62	27	-0.85120816308058	27	validation	VC à 2 blocs 43
#66C2A5	28	-0.982703850799975	28	sous-entraînement	VC à 2 blocs 43
#66C2A5	29	-0.883443617920909	29	sous-entraînement	VC à 2 blocs 43
#66C2A5	30	-0.793834456390077	30	sous-entraînement	VC à 2 blocs 43
#66C2A5	31	1.7311487572907	31	sous-entraînement	VC à 2 blocs 43
#66C2A5	32	1.58500202940349	32	sous-entraînement	VC à 2 blocs 43
#66C2A5	33	1.63404796329373	33	sous-entraînement	VC à 2 blocs 43
#FC8D62	34	1.5899002980795	34	validation	VC à 2 blocs 43
#66C2A5	35	1.45757484645493	35	sous-entraînement	VC à 2 blocs 43
#FC8D62	36	1.55378134580782	36	validation	VC à 2 blocs 43
#66C2A5	37	1.55585180676676	37	sous-entraînement	VC à 2 blocs 43
#66C2A5	38	1.58934946246667	38	sous-entraînement	VC à 2 blocs 43
#FC8D62	39	1.70528333933618	39	validation	VC à 2 blocs 43
#66C2A5	40	1.67159837698355	40	sous-entraînement	VC à 2 blocs 43
#66C2A5	41	0.313055412190002	41	sous-entraînement	VC à 2 blocs 43
#66C2A5	42	0.30417160380171	42	sous-entraînement	VC à 2 blocs 43
#FC8D62	43	0.399204109355834	43	validation	VC à 2 blocs 43
#FC8D62	44	0.385174091682726	44	validation	VC à 2 blocs 43
#FC8D62	45	0.260632202360409	45	validation	VC à 2 blocs 43
#FC8D62	46	0.258758256119149	46	validation	VC à 2 blocs 43
#FC8D62	47	0.365965968029044	47	validation	VC à 2 blocs 43
#66C2A5	48	0.406361064266902	48	sous-entraînement	VC à 2 blocs 43
#FC8D62	49	0.318273150600338	49	validation	VC à 2 blocs 43
#66C2A5	50	0.417618544460782	50	sous-entraînement	VC à 2 blocs 43
#FC8D62	1	-0.689099191816566	1	validation	VC à 2 blocs 44
#FC8D62	2	-0.608089478320124	2	validation	VC à 2 blocs 44
#FC8D62	3	-0.710016671983337	3	validation	VC à 2 blocs 44
#66C2A5	4	-0.466925730528553	4	sous-entraînement	VC à 2 blocs 44
#66C2A5	5	-0.593503033560796	5	sous-entraînement	VC à 2 blocs 44
#66C2A5	6	-0.708500649154134	6	sous-entraînement	VC à 2 blocs 44
#FC8D62	7	-0.577710905499484	7	validation	VC à 2 blocs 44
#66C2A5	8	-0.552621340229411	8	sous-entraînement	VC à 2 blocs 44
#FC8D62	9	-0.568875675576983	9	validation	VC à 2 blocs 44
#FC8D62	10	-0.656992649457968	10	validation	VC à 2 blocs 44
#66C2A5	11	0.334821441067167	11	sous-entraînement	VC à 2 blocs 44
#FC8D62	12	0.222627647863225	12	validation	VC à 2 blocs 44
#FC8D62	13	0.121519266167902	13	validation	VC à 2 blocs 44
#FC8D62	14	-0.0378266644956678	14	validation	VC à 2 blocs 44
#66C2A5	15	0.296136416036393	15	sous-entraînement	VC à 2 blocs 44
#FC8D62	16	0.179149963320559	16	validation	VC à 2 blocs 44
#66C2A5	17	0.182024297912188	17	sous-entraînement	VC à 2 blocs 44
#66C2A5	18	0.278026945290612	18	sous-entraînement	VC à 2 blocs 44
#66C2A5	19	0.265765443731891	19	sous-entraînement	VC à 2 blocs 44
#FC8D62	20	0.243033456343833	20	validation	VC à 2 blocs 44
#FC8D62	21	-0.743730875249225	21	validation	VC à 2 blocs 44
#FC8D62	22	-0.757414982336941	22	validation	VC à 2 blocs 44
#FC8D62	23	-0.828172114073528	23	validation	VC à 2 blocs 44
#66C2A5	24	-1.03456378199638	24	sous-entraînement	VC à 2 blocs 44
#66C2A5	25	-0.773646037620576	25	sous-entraînement	VC à 2 blocs 44
#FC8D62	26	-0.841241486362947	26	validation	VC à 2 blocs 44
#FC8D62	27	-0.85120816308058	27	validation	VC à 2 blocs 44
#66C2A5	28	-0.982703850799975	28	sous-entraînement	VC à 2 blocs 44
#66C2A5	29	-0.883443617920909	29	sous-entraînement	VC à 2 blocs 44
#FC8D62	30	-0.793834456390077	30	validation	VC à 2 blocs 44
#66C2A5	31	1.7311487572907	31	sous-entraînement	VC à 2 blocs 44
#FC8D62	32	1.58500202940349	32	validation	VC à 2 blocs 44
#FC8D62	33	1.63404796329373	33	validation	VC à 2 blocs 44
#FC8D62	34	1.5899002980795	34	validation	VC à 2 blocs 44
#FC8D62	35	1.45757484645493	35	validation	VC à 2 blocs 44
#FC8D62	36	1.55378134580782	36	validation	VC à 2 blocs 44
#66C2A5	37	1.55585180676676	37	sous-entraînement	VC à 2 blocs 44
#66C2A5	38	1.58934946246667	38	sous-entraînement	VC à 2 blocs 44
#66C2A5	39	1.70528333933618	39	sous-entraînement	VC à 2 blocs 44
#FC8D62	40	1.67159837698355	40	validation	VC à 2 blocs 44
#66C2A5	41	0.313055412190002	41	sous-entraînement	VC à 2 blocs 44
#66C2A5	42	0.30417160380171	42	sous-entraînement	VC à 2 blocs 44
#66C2A5	43	0.399204109355834	43	sous-entraînement	VC à 2 blocs 44
#FC8D62	44	0.385174091682726	44	validation	VC à 2 blocs 44
#66C2A5	45	0.260632202360409	45	sous-entraînement	VC à 2 blocs 44
#66C2A5	46	0.258758256119149	46	sous-entraînement	VC à 2 blocs 44
#FC8D62	47	0.365965968029044	47	validation	VC à 2 blocs 44
#66C2A5	48	0.406361064266902	48	sous-entraînement	VC à 2 blocs 44
#66C2A5	49	0.318273150600338	49	sous-entraînement	VC à 2 blocs 44
#66C2A5	50	0.417618544460782	50	sous-entraînement	VC à 2 blocs 44
#66C2A5	1	-0.689099191816566	1	sous-entraînement	VC à 2 blocs 72
#66C2A5	2	-0.608089478320124	2	sous-entraînement	VC à 2 blocs 72
#66C2A5	3	-0.710016671983337	3	sous-entraînement	VC à 2 blocs 72
#FC8D62	4	-0.466925730528553	4	validation	VC à 2 blocs 72
#FC8D62	5	-0.593503033560796	5	validation	VC à 2 blocs 72
#FC8D62	6	-0.708500649154134	6	validation	VC à 2 blocs 72
#66C2A5	7	-0.577710905499484	7	sous-entraînement	VC à 2 blocs 72
#FC8D62	8	-0.552621340229411	8	validation	VC à 2 blocs 72
#66C2A5	9	-0.568875675576983	9	sous-entraînement	VC à 2 blocs 72
#66C2A5	10	-0.656992649457968	10	sous-entraînement	VC à 2 blocs 72
#FC8D62	11	0.334821441067167	11	validation	VC à 2 blocs 72
#66C2A5	12	0.222627647863225	12	sous-entraînement	VC à 2 blocs 72
#66C2A5	13	0.121519266167902	13	sous-entraînement	VC à 2 blocs 72
#66C2A5	14	-0.0378266644956678	14	sous-entraînement	VC à 2 blocs 72
#FC8D62	15	0.296136416036393	15	validation	VC à 2 blocs 72
#66C2A5	16	0.179149963320559	16	sous-entraînement	VC à 2 blocs 72
#FC8D62	17	0.182024297912188	17	validation	VC à 2 blocs 72
#FC8D62	18	0.278026945290612	18	validation	VC à 2 blocs 72
#FC8D62	19	0.265765443731891	19	validation	VC à 2 blocs 72
#66C2A5	20	0.243033456343833	20	sous-entraînement	VC à 2 blocs 72
#66C2A5	21	-0.743730875249225	21	sous-entraînement	VC à 2 blocs 72
#66C2A5	22	-0.757414982336941	22	sous-entraînement	VC à 2 blocs 72
#66C2A5	23	-0.828172114073528	23	sous-entraînement	VC à 2 blocs 72
#FC8D62	24	-1.03456378199638	24	validation	VC à 2 blocs 72
#FC8D62	25	-0.773646037620576	25	validation	VC à 2 blocs 72
#66C2A5	26	-0.841241486362947	26	sous-entraînement	VC à 2 blocs 72
#66C2A5	27	-0.85120816308058	27	sous-entraînement	VC à 2 blocs 72
#FC8D62	28	-0.982703850799975	28	validation	VC à 2 blocs 72
#FC8D62	29	-0.883443617920909	29	validation	VC à 2 blocs 72
#66C2A5	30	-0.793834456390077	30	sous-entraînement	VC à 2 blocs 72
#FC8D62	31	1.7311487572907	31	validation	VC à 2 blocs 72
#66C2A5	32	1.58500202940349	32	sous-entraînement	VC à 2 blocs 72
#66C2A5	33	1.63404796329373	33	sous-entraînement	VC à 2 blocs 72
#66C2A5	34	1.5899002980795	34	sous-entraînement	VC à 2 blocs 72
#66C2A5	35	1.45757484645493	35	sous-entraînement	VC à 2 blocs 72
#66C2A5	36	1.55378134580782	36	sous-entraînement	VC à 2 blocs 72
#FC8D62	37	1.55585180676676	37	validation	VC à 2 blocs 72
#FC8D62	38	1.58934946246667	38	validation	VC à 2 blocs 72
#FC8D62	39	1.70528333933618	39	validation	VC à 2 blocs 72
#66C2A5	40	1.67159837698355	40	sous-entraînement	VC à 2 blocs 72
#FC8D62	41	0.313055412190002	41	validation	VC à 2 blocs 72
#FC8D62	42	0.30417160380171	42	validation	VC à 2 blocs 72
#FC8D62	43	0.399204109355834	43	validation	VC à 2 blocs 72
#66C2A5	44	0.385174091682726	44	sous-entraînement	VC à 2 blocs 72
#FC8D62	45	0.260632202360409	45	validation	VC à 2 blocs 72
#FC8D62	46	0.258758256119149	46	validation	VC à 2 blocs 72
#66C2A5	47	0.365965968029044	47	sous-entraînement	VC à 2 blocs 72
#FC8D62	48	0.406361064266902	48	validation	VC à 2 blocs 72
#FC8D62	49	0.318273150600338	49	validation	VC à 2 blocs 72
#FC8D62	50	0.417618544460782	50	validation	VC à 2 blocs 72
#66C2A5	1	-0.689099191816566	1	sous-entraînement	VC à 2 blocs 95
#66C2A5	2	-0.608089478320124	2	sous-entraînement	VC à 2 blocs 95
#FC8D62	3	-0.710016671983337	3	validation	VC à 2 blocs 95
#66C2A5	4	-0.466925730528553	4	sous-entraînement	VC à 2 blocs 95
#66C2A5	5	-0.593503033560796	5	sous-entraînement	VC à 2 blocs 95
#FC8D62	6	-0.708500649154134	6	validation	VC à 2 blocs 95
#FC8D62	7	-0.577710905499484	7	validation	VC à 2 blocs 95
#66C2A5	8	-0.552621340229411	8	sous-entraînement	VC à 2 blocs 95
#66C2A5	9	-0.568875675576983	9	sous-entraînement	VC à 2 blocs 95
#FC8D62	10	-0.656992649457968	10	validation	VC à 2 blocs 95
#FC8D62	11	0.334821441067167	11	validation	VC à 2 blocs 95
#66C2A5	12	0.222627647863225	12	sous-entraînement	VC à 2 blocs 95
#66C2A5	13	0.121519266167902	13	sous-entraînement	VC à 2 blocs 95
#FC8D62	14	-0.0378266644956678	14	validation	VC à 2 blocs 95
#66C2A5	15	0.296136416036393	15	sous-entraînement	VC à 2 blocs 95
#FC8D62	16	0.179149963320559	16	validation	VC à 2 blocs 95
#FC8D62	17	0.182024297912188	17	validation	VC à 2 blocs 95
#66C2A5	18	0.278026945290612	18	sous-entraînement	VC à 2 blocs 95
#FC8D62	19	0.265765443731891	19	validation	VC à 2 blocs 95
#FC8D62	20	0.243033456343833	20	validation	VC à 2 blocs 95
#66C2A5	21	-0.743730875249225	21	sous-entraînement	VC à 2 blocs 95
#66C2A5	22	-0.757414982336941	22	sous-entraînement	VC à 2 blocs 95
#66C2A5	23	-0.828172114073528	23	sous-entraînement	VC à 2 blocs 95
#66C2A5	24	-1.03456378199638	24	sous-entraînement	VC à 2 blocs 95
#FC8D62	25	-0.773646037620576	25	validation	VC à 2 blocs 95
#66C2A5	26	-0.841241486362947	26	sous-entraînement	VC à 2 blocs 95
#FC8D62	27	-0.85120816308058	27	validation	VC à 2 blocs 95
#FC8D62	28	-0.982703850799975	28	validation	VC à 2 blocs 95
#FC8D62	29	-0.883443617920909	29	validation	VC à 2 blocs 95
#FC8D62	30	-0.793834456390077	30	validation	VC à 2 blocs 95
#FC8D62	31	1.7311487572907	31	validation	VC à 2 blocs 95
#66C2A5	32	1.58500202940349	32	sous-entraînement	VC à 2 blocs 95
#FC8D62	33	1.63404796329373	33	validation	VC à 2 blocs 95
#FC8D62	34	1.5899002980795	34	validation	VC à 2 blocs 95
#FC8D62	35	1.45757484645493	35	validation	VC à 2 blocs 95
#FC8D62	36	1.55378134580782	36	validation	VC à 2 blocs 95
#66C2A5	37	1.55585180676676	37	sous-entraînement	VC à 2 blocs 95
#FC8D62	38	1.58934946246667	38	validation	VC à 2 blocs 95
#FC8D62	39	1.70528333933618	39	validation	VC à 2 blocs 95
#66C2A5	40	1.67159837698355	40	sous-entraînement	VC à 2 blocs 95
#FC8D62	41	0.313055412190002	41	validation	VC à 2 blocs 95
#FC8D62	42	0.30417160380171	42	validation	VC à 2 blocs 95
#66C2A5	43	0.399204109355834	43	sous-entraînement	VC à 2 blocs 95
#66C2A5	44	0.385174091682726	44	sous-entraînement	VC à 2 blocs 95
#66C2A5	45	0.260632202360409	45	sous-entraînement	VC à 2 blocs 95
#66C2A5	46	0.258758256119149	46	sous-entraînement	VC à 2 blocs 95
#FC8D62	47	0.365965968029044	47	validation	VC à 2 blocs 95
#66C2A5	48	0.406361064266902	48	sous-entraînement	VC à 2 blocs 95
#66C2A5	49	0.318273150600338	49	sous-entraînement	VC à 2 blocs 95
#66C2A5	50	0.417618544460782	50	sous-entraînement	VC à 2 blocs 95
#FC8D62	1	-0.689099191816566	1	validation	VC à 2 blocs 73
#FC8D62	2	-0.608089478320124	2	validation	VC à 2 blocs 73
#66C2A5	3	-0.710016671983337	3	sous-entraînement	VC à 2 blocs 73
#FC8D62	4	-0.466925730528553	4	validation	VC à 2 blocs 73
#FC8D62	5	-0.593503033560796	5	validation	VC à 2 blocs 73
#66C2A5	6	-0.708500649154134	6	sous-entraînement	VC à 2 blocs 73
#66C2A5	7	-0.577710905499484	7	sous-entraînement	VC à 2 blocs 73
#FC8D62	8	-0.552621340229411	8	validation	VC à 2 blocs 73
#FC8D62	9	-0.568875675576983	9	validation	VC à 2 blocs 73
#66C2A5	10	-0.656992649457968	10	sous-entraînement	VC à 2 blocs 73
#66C2A5	11	0.334821441067167	11	sous-entraînement	VC à 2 blocs 73
#FC8D62	12	0.222627647863225	12	validation	VC à 2 blocs 73
#FC8D62	13	0.121519266167902	13	validation	VC à 2 blocs 73
#66C2A5	14	-0.0378266644956678	14	sous-entraînement	VC à 2 blocs 73
#FC8D62	15	0.296136416036393	15	validation	VC à 2 blocs 73
#66C2A5	16	0.179149963320559	16	sous-entraînement	VC à 2 blocs 73
#66C2A5	17	0.182024297912188	17	sous-entraînement	VC à 2 blocs 73
#FC8D62	18	0.278026945290612	18	validation	VC à 2 blocs 73
#66C2A5	19	0.265765443731891	19	sous-entraînement	VC à 2 blocs 73
#66C2A5	20	0.243033456343833	20	sous-entraînement	VC à 2 blocs 73
#FC8D62	21	-0.743730875249225	21	validation	VC à 2 blocs 73
#FC8D62	22	-0.757414982336941	22	validation	VC à 2 blocs 73
#FC8D62	23	-0.828172114073528	23	validation	VC à 2 blocs 73
#FC8D62	24	-1.03456378199638	24	validation	VC à 2 blocs 73
#66C2A5	25	-0.773646037620576	25	sous-entraînement	VC à 2 blocs 73
#FC8D62	26	-0.841241486362947	26	validation	VC à 2 blocs 73
#66C2A5	27	-0.85120816308058	27	sous-entraînement	VC à 2 blocs 73
#66C2A5	28	-0.982703850799975	28	sous-entraînement	VC à 2 blocs 73
#66C2A5	29	-0.883443617920909	29	sous-entraînement	VC à 2 blocs 73
#66C2A5	30	-0.793834456390077	30	sous-entraînement	VC à 2 blocs 73
#66C2A5	31	1.7311487572907	31	sous-entraînement	VC à 2 blocs 73
#FC8D62	32	1.58500202940349	32	validation	VC à 2 blocs 73
#66C2A5	33	1.63404796329373	33	sous-entraînement	VC à 2 blocs 73
#66C2A5	34	1.5899002980795	34	sous-entraînement	VC à 2 blocs 73
#66C2A5	35	1.45757484645493	35	sous-entraînement	VC à 2 blocs 73
#66C2A5	36	1.55378134580782	36	sous-entraînement	VC à 2 blocs 73
#FC8D62	37	1.55585180676676	37	validation	VC à 2 blocs 73
#66C2A5	38	1.58934946246667	38	sous-entraînement	VC à 2 blocs 73
#66C2A5	39	1.70528333933618	39	sous-entraînement	VC à 2 blocs 73
#FC8D62	40	1.67159837698355	40	validation	VC à 2 blocs 73
#66C2A5	41	0.313055412190002	41	sous-entraînement	VC à 2 blocs 73
#66C2A5	42	0.30417160380171	42	sous-entraînement	VC à 2 blocs 73
#FC8D62	43	0.399204109355834	43	validation	VC à 2 blocs 73
#FC8D62	44	0.385174091682726	44	validation	VC à 2 blocs 73
#FC8D62	45	0.260632202360409	45	validation	VC à 2 blocs 73
#FC8D62	46	0.258758256119149	46	validation	VC à 2 blocs 73
#66C2A5	47	0.365965968029044	47	sous-entraînement	VC à 2 blocs 73
#FC8D62	48	0.406361064266902	48	validation	VC à 2 blocs 73
#FC8D62	49	0.318273150600338	49	validation	VC à 2 blocs 73
#FC8D62	50	0.417618544460782	50	validation	VC à 2 blocs 73
#66C2A5	1	-0.689099191816566	1	sous-entraînement	VC à 2 blocs 10
#66C2A5	2	-0.608089478320124	2	sous-entraînement	VC à 2 blocs 10
#FC8D62	3	-0.710016671983337	3	validation	VC à 2 blocs 10
#66C2A5	4	-0.466925730528553	4	sous-entraînement	VC à 2 blocs 10
#66C2A5	5	-0.593503033560796	5	sous-entraînement	VC à 2 blocs 10
#FC8D62	6	-0.708500649154134	6	validation	VC à 2 blocs 10
#FC8D62	7	-0.577710905499484	7	validation	VC à 2 blocs 10
#66C2A5	8	-0.552621340229411	8	sous-entraînement	VC à 2 blocs 10
#66C2A5	9	-0.568875675576983	9	sous-entraînement	VC à 2 blocs 10
#66C2A5	10	-0.656992649457968	10	sous-entraînement	VC à 2 blocs 10
#FC8D62	11	0.334821441067167	11	validation	VC à 2 blocs 10
#66C2A5	12	0.222627647863225	12	sous-entraînement	VC à 2 blocs 10
#FC8D62	13	0.121519266167902	13	validation	VC à 2 blocs 10
#66C2A5	14	-0.0378266644956678	14	sous-entraînement	VC à 2 blocs 10
#FC8D62	15	0.296136416036393	15	validation	VC à 2 blocs 10
#66C2A5	16	0.179149963320559	16	sous-entraînement	VC à 2 blocs 10
#66C2A5	17	0.182024297912188	17	sous-entraînement	VC à 2 blocs 10
#66C2A5	18	0.278026945290612	18	sous-entraînement	VC à 2 blocs 10
#FC8D62	19	0.265765443731891	19	validation	VC à 2 blocs 10
#FC8D62	20	0.243033456343833	20	validation	VC à 2 blocs 10
#66C2A5	21	-0.743730875249225	21	sous-entraînement	VC à 2 blocs 10
#FC8D62	22	-0.757414982336941	22	validation	VC à 2 blocs 10
#66C2A5	23	-0.828172114073528	23	sous-entraînement	VC à 2 blocs 10
#FC8D62	24	-1.03456378199638	24	validation	VC à 2 blocs 10
#FC8D62	25	-0.773646037620576	25	validation	VC à 2 blocs 10
#FC8D62	26	-0.841241486362947	26	validation	VC à 2 blocs 10
#66C2A5	27	-0.85120816308058	27	sous-entraînement	VC à 2 blocs 10
#66C2A5	28	-0.982703850799975	28	sous-entraînement	VC à 2 blocs 10
#FC8D62	29	-0.883443617920909	29	validation	VC à 2 blocs 10
#66C2A5	30	-0.793834456390077	30	sous-entraînement	VC à 2 blocs 10
#FC8D62	31	1.7311487572907	31	validation	VC à 2 blocs 10
#FC8D62	32	1.58500202940349	32	validation	VC à 2 blocs 10
#FC8D62	33	1.63404796329373	33	validation	VC à 2 blocs 10
#FC8D62	34	1.5899002980795	34	validation	VC à 2 blocs 10
#66C2A5	35	1.45757484645493	35	sous-entraînement	VC à 2 blocs 10
#FC8D62	36	1.55378134580782	36	validation	VC à 2 blocs 10
#66C2A5	37	1.55585180676676	37	sous-entraînement	VC à 2 blocs 10
#66C2A5	38	1.58934946246667	38	sous-entraînement	VC à 2 blocs 10
#FC8D62	39	1.70528333933618	39	validation	VC à 2 blocs 10
#66C2A5	40	1.67159837698355	40	sous-entraînement	VC à 2 blocs 10
#FC8D62	41	0.313055412190002	41	validation	VC à 2 blocs 10
#66C2A5	42	0.30417160380171	42	sous-entraînement	VC à 2 blocs 10
#66C2A5	43	0.399204109355834	43	sous-entraînement	VC à 2 blocs 10
#FC8D62	44	0.385174091682726	44	validation	VC à 2 blocs 10
#FC8D62	45	0.260632202360409	45	validation	VC à 2 blocs 10
#FC8D62	46	0.258758256119149	46	validation	VC à 2 blocs 10
#66C2A5	47	0.365965968029044	47	sous-entraînement	VC à 2 blocs 10
#FC8D62	48	0.406361064266902	48	validation	VC à 2 blocs 10
#FC8D62	49	0.318273150600338	49	validation	VC à 2 blocs 10
#66C2A5	50	0.417618544460782	50	sous-entraînement	VC à 2 blocs 10
#FC8D62	1	-0.689099191816566	1	validation	VC à 2 blocs 45
#FC8D62	2	-0.608089478320124	2	validation	VC à 2 blocs 45
#66C2A5	3	-0.710016671983337	3	sous-entraînement	VC à 2 blocs 45
#FC8D62	4	-0.466925730528553	4	validation	VC à 2 blocs 45
#FC8D62	5	-0.593503033560796	5	validation	VC à 2 blocs 45
#66C2A5	6	-0.708500649154134	6	sous-entraînement	VC à 2 blocs 45
#66C2A5	7	-0.577710905499484	7	sous-entraînement	VC à 2 blocs 45
#FC8D62	8	-0.552621340229411	8	validation	VC à 2 blocs 45
#FC8D62	9	-0.568875675576983	9	validation	VC à 2 blocs 45
#FC8D62	10	-0.656992649457968	10	validation	VC à 2 blocs 45
#66C2A5	11	0.334821441067167	11	sous-entraînement	VC à 2 blocs 45
#FC8D62	12	0.222627647863225	12	validation	VC à 2 blocs 45
#66C2A5	13	0.121519266167902	13	sous-entraînement	VC à 2 blocs 45
#FC8D62	14	-0.0378266644956678	14	validation	VC à 2 blocs 45
#66C2A5	15	0.296136416036393	15	sous-entraînement	VC à 2 blocs 45
#FC8D62	16	0.179149963320559	16	validation	VC à 2 blocs 45
#FC8D62	17	0.182024297912188	17	validation	VC à 2 blocs 45
#FC8D62	18	0.278026945290612	18	validation	VC à 2 blocs 45
#66C2A5	19	0.265765443731891	19	sous-entraînement	VC à 2 blocs 45
#66C2A5	20	0.243033456343833	20	sous-entraînement	VC à 2 blocs 45
#FC8D62	21	-0.743730875249225	21	validation	VC à 2 blocs 45
#66C2A5	22	-0.757414982336941	22	sous-entraînement	VC à 2 blocs 45
#FC8D62	23	-0.828172114073528	23	validation	VC à 2 blocs 45
#66C2A5	24	-1.03456378199638	24	sous-entraînement	VC à 2 blocs 45
#66C2A5	25	-0.773646037620576	25	sous-entraînement	VC à 2 blocs 45
#66C2A5	26	-0.841241486362947	26	sous-entraînement	VC à 2 blocs 45
#FC8D62	27	-0.85120816308058	27	validation	VC à 2 blocs 45
#FC8D62	28	-0.982703850799975	28	validation	VC à 2 blocs 45
#66C2A5	29	-0.883443617920909	29	sous-entraînement	VC à 2 blocs 45
#FC8D62	30	-0.793834456390077	30	validation	VC à 2 blocs 45
#66C2A5	31	1.7311487572907	31	sous-entraînement	VC à 2 blocs 45
#66C2A5	32	1.58500202940349	32	sous-entraînement	VC à 2 blocs 45
#66C2A5	33	1.63404796329373	33	sous-entraînement	VC à 2 blocs 45
#66C2A5	34	1.5899002980795	34	sous-entraînement	VC à 2 blocs 45
#FC8D62	35	1.45757484645493	35	validation	VC à 2 blocs 45
#66C2A5	36	1.55378134580782	36	sous-entraînement	VC à 2 blocs 45
#FC8D62	37	1.55585180676676	37	validation	VC à 2 blocs 45
#FC8D62	38	1.58934946246667	38	validation	VC à 2 blocs 45
#66C2A5	39	1.70528333933618	39	sous-entraînement	VC à 2 blocs 45
#FC8D62	40	1.67159837698355	40	validation	VC à 2 blocs 45
#66C2A5	41	0.313055412190002	41	sous-entraînement	VC à 2 blocs 45
#FC8D62	42	0.30417160380171	42	validation	VC à 2 blocs 45
#FC8D62	43	0.399204109355834	43	validation	VC à 2 blocs 45
#66C2A5	44	0.385174091682726	44	sous-entraînement	VC à 2 blocs 45
#66C2A5	45	0.260632202360409	45	sous-entraînement	VC à 2 blocs 45
#66C2A5	46	0.258758256119149	46	sous-entraînement	VC à 2 blocs 45
#FC8D62	47	0.365965968029044	47	validation	VC à 2 blocs 45
#66C2A5	48	0.406361064266902	48	sous-entraînement	VC à 2 blocs 45
#66C2A5	49	0.318273150600338	49	sous-entraînement	VC à 2 blocs 45
#FC8D62	50	0.417618544460782	50	validation	VC à 2 blocs 45
#66C2A5	1	-0.689099191816566	1	sous-entraînement	VC à 2 blocs 46
#FC8D62	2	-0.608089478320124	2	validation	VC à 2 blocs 46
#FC8D62	3	-0.710016671983337	3	validation	VC à 2 blocs 46
#66C2A5	4	-0.466925730528553	4	sous-entraînement	VC à 2 blocs 46
#FC8D62	5	-0.593503033560796	5	validation	VC à 2 blocs 46
#FC8D62	6	-0.708500649154134	6	validation	VC à 2 blocs 46
#FC8D62	7	-0.577710905499484	7	validation	VC à 2 blocs 46
#FC8D62	8	-0.552621340229411	8	validation	VC à 2 blocs 46
#FC8D62	9	-0.568875675576983	9	validation	VC à 2 blocs 46
#66C2A5	10	-0.656992649457968	10	sous-entraînement	VC à 2 blocs 46
#66C2A5	11	0.334821441067167	11	sous-entraînement	VC à 2 blocs 46
#66C2A5	12	0.222627647863225	12	sous-entraînement	VC à 2 blocs 46
#66C2A5	13	0.121519266167902	13	sous-entraînement	VC à 2 blocs 46
#66C2A5	14	-0.0378266644956678	14	sous-entraînement	VC à 2 blocs 46
#FC8D62	15	0.296136416036393	15	validation	VC à 2 blocs 46
#FC8D62	16	0.179149963320559	16	validation	VC à 2 blocs 46
#FC8D62	17	0.182024297912188	17	validation	VC à 2 blocs 46
#FC8D62	18	0.278026945290612	18	validation	VC à 2 blocs 46
#FC8D62	19	0.265765443731891	19	validation	VC à 2 blocs 46
#66C2A5	20	0.243033456343833	20	sous-entraînement	VC à 2 blocs 46
#66C2A5	21	-0.743730875249225	21	sous-entraînement	VC à 2 blocs 46
#FC8D62	22	-0.757414982336941	22	validation	VC à 2 blocs 46
#FC8D62	23	-0.828172114073528	23	validation	VC à 2 blocs 46
#FC8D62	24	-1.03456378199638	24	validation	VC à 2 blocs 46
#FC8D62	25	-0.773646037620576	25	validation	VC à 2 blocs 46
#FC8D62	26	-0.841241486362947	26	validation	VC à 2 blocs 46
#66C2A5	27	-0.85120816308058	27	sous-entraînement	VC à 2 blocs 46
#66C2A5	28	-0.982703850799975	28	sous-entraînement	VC à 2 blocs 46
#FC8D62	29	-0.883443617920909	29	validation	VC à 2 blocs 46
#66C2A5	30	-0.793834456390077	30	sous-entraînement	VC à 2 blocs 46
#66C2A5	31	1.7311487572907	31	sous-entraînement	VC à 2 blocs 46
#66C2A5	32	1.58500202940349	32	sous-entraînement	VC à 2 blocs 46
#66C2A5	33	1.63404796329373	33	sous-entraînement	VC à 2 blocs 46
#FC8D62	34	1.5899002980795	34	validation	VC à 2 blocs 46
#FC8D62	35	1.45757484645493	35	validation	VC à 2 blocs 46
#FC8D62	36	1.55378134580782	36	validation	VC à 2 blocs 46
#66C2A5	37	1.55585180676676	37	sous-entraînement	VC à 2 blocs 46
#66C2A5	38	1.58934946246667	38	sous-entraînement	VC à 2 blocs 46
#66C2A5	39	1.70528333933618	39	sous-entraînement	VC à 2 blocs 46
#FC8D62	40	1.67159837698355	40	validation	VC à 2 blocs 46
#66C2A5	41	0.313055412190002	41	sous-entraînement	VC à 2 blocs 46
#66C2A5	42	0.30417160380171	42	sous-entraînement	VC à 2 blocs 46
#FC8D62	43	0.399204109355834	43	validation	VC à 2 blocs 46
#66C2A5	44	0.385174091682726	44	sous-entraînement	VC à 2 blocs 46
#66C2A5	45	0.260632202360409	45	sous-entraînement	VC à 2 blocs 46
#66C2A5	46	0.258758256119149	46	sous-entraînement	VC à 2 blocs 46
#66C2A5	47	0.365965968029044	47	sous-entraînement	VC à 2 blocs 46
#66C2A5	48	0.406361064266902	48	sous-entraînement	VC à 2 blocs 46
#FC8D62	49	0.318273150600338	49	validation	VC à 2 blocs 46
#FC8D62	50	0.417618544460782	50	validation	VC à 2 blocs 46
#FC8D62	1	-0.689099191816566	1	validation	VC à 2 blocs 11
#66C2A5	2	-0.608089478320124	2	sous-entraînement	VC à 2 blocs 11
#66C2A5	3	-0.710016671983337	3	sous-entraînement	VC à 2 blocs 11
#FC8D62	4	-0.466925730528553	4	validation	VC à 2 blocs 11
#66C2A5	5	-0.593503033560796	5	sous-entraînement	VC à 2 blocs 11
#66C2A5	6	-0.708500649154134	6	sous-entraînement	VC à 2 blocs 11
#66C2A5	7	-0.577710905499484	7	sous-entraînement	VC à 2 blocs 11
#66C2A5	8	-0.552621340229411	8	sous-entraînement	VC à 2 blocs 11
#66C2A5	9	-0.568875675576983	9	sous-entraînement	VC à 2 blocs 11
#FC8D62	10	-0.656992649457968	10	validation	VC à 2 blocs 11
#FC8D62	11	0.334821441067167	11	validation	VC à 2 blocs 11
#FC8D62	12	0.222627647863225	12	validation	VC à 2 blocs 11
#FC8D62	13	0.121519266167902	13	validation	VC à 2 blocs 11
#FC8D62	14	-0.0378266644956678	14	validation	VC à 2 blocs 11
#66C2A5	15	0.296136416036393	15	sous-entraînement	VC à 2 blocs 11
#66C2A5	16	0.179149963320559	16	sous-entraînement	VC à 2 blocs 11
#66C2A5	17	0.182024297912188	17	sous-entraînement	VC à 2 blocs 11
#66C2A5	18	0.278026945290612	18	sous-entraînement	VC à 2 blocs 11
#66C2A5	19	0.265765443731891	19	sous-entraînement	VC à 2 blocs 11
#FC8D62	20	0.243033456343833	20	validation	VC à 2 blocs 11
#FC8D62	21	-0.743730875249225	21	validation	VC à 2 blocs 11
#66C2A5	22	-0.757414982336941	22	sous-entraînement	VC à 2 blocs 11
#66C2A5	23	-0.828172114073528	23	sous-entraînement	VC à 2 blocs 11
#66C2A5	24	-1.03456378199638	24	sous-entraînement	VC à 2 blocs 11
#66C2A5	25	-0.773646037620576	25	sous-entraînement	VC à 2 blocs 11
#66C2A5	26	-0.841241486362947	26	sous-entraînement	VC à 2 blocs 11
#FC8D62	27	-0.85120816308058	27	validation	VC à 2 blocs 11
#FC8D62	28	-0.982703850799975	28	validation	VC à 2 blocs 11
#66C2A5	29	-0.883443617920909	29	sous-entraînement	VC à 2 blocs 11
#FC8D62	30	-0.793834456390077	30	validation	VC à 2 blocs 11
#FC8D62	31	1.7311487572907	31	validation	VC à 2 blocs 11
#FC8D62	32	1.58500202940349	32	validation	VC à 2 blocs 11
#FC8D62	33	1.63404796329373	33	validation	VC à 2 blocs 11
#66C2A5	34	1.5899002980795	34	sous-entraînement	VC à 2 blocs 11
#66C2A5	35	1.45757484645493	35	sous-entraînement	VC à 2 blocs 11
#66C2A5	36	1.55378134580782	36	sous-entraînement	VC à 2 blocs 11
#FC8D62	37	1.55585180676676	37	validation	VC à 2 blocs 11
#FC8D62	38	1.58934946246667	38	validation	VC à 2 blocs 11
#FC8D62	39	1.70528333933618	39	validation	VC à 2 blocs 11
#66C2A5	40	1.67159837698355	40	sous-entraînement	VC à 2 blocs 11
#FC8D62	41	0.313055412190002	41	validation	VC à 2 blocs 11
#FC8D62	42	0.30417160380171	42	validation	VC à 2 blocs 11
#66C2A5	43	0.399204109355834	43	sous-entraînement	VC à 2 blocs 11
#FC8D62	44	0.385174091682726	44	validation	VC à 2 blocs 11
#FC8D62	45	0.260632202360409	45	validation	VC à 2 blocs 11
#FC8D62	46	0.258758256119149	46	validation	VC à 2 blocs 11
#FC8D62	47	0.365965968029044	47	validation	VC à 2 blocs 11
#FC8D62	48	0.406361064266902	48	validation	VC à 2 blocs 11
#66C2A5	49	0.318273150600338	49	sous-entraînement	VC à 2 blocs 11
#66C2A5	50	0.417618544460782	50	sous-entraînement	VC à 2 blocs 11
#66C2A5	1	-0.689099191816566	1	sous-entraînement	VC à 2 blocs 30
#FC8D62	2	-0.608089478320124	2	validation	VC à 2 blocs 30
#66C2A5	3	-0.710016671983337	3	sous-entraînement	VC à 2 blocs 30
#66C2A5	4	-0.466925730528553	4	sous-entraînement	VC à 2 blocs 30
#FC8D62	5	-0.593503033560796	5	validation	VC à 2 blocs 30
#66C2A5	6	-0.708500649154134	6	sous-entraînement	VC à 2 blocs 30
#FC8D62	7	-0.577710905499484	7	validation	VC à 2 blocs 30
#FC8D62	8	-0.552621340229411	8	validation	VC à 2 blocs 30
#66C2A5	9	-0.568875675576983	9	sous-entraînement	VC à 2 blocs 30
#66C2A5	10	-0.656992649457968	10	sous-entraînement	VC à 2 blocs 30
#FC8D62	11	0.334821441067167	11	validation	VC à 2 blocs 30
#FC8D62	12	0.222627647863225	12	validation	VC à 2 blocs 30
#FC8D62	13	0.121519266167902	13	validation	VC à 2 blocs 30
#66C2A5	14	-0.0378266644956678	14	sous-entraînement	VC à 2 blocs 30
#66C2A5	15	0.296136416036393	15	sous-entraînement	VC à 2 blocs 30
#66C2A5	16	0.179149963320559	16	sous-entraînement	VC à 2 blocs 30
#66C2A5	17	0.182024297912188	17	sous-entraînement	VC à 2 blocs 30
#FC8D62	18	0.278026945290612	18	validation	VC à 2 blocs 30
#66C2A5	19	0.265765443731891	19	sous-entraînement	VC à 2 blocs 30
#66C2A5	20	0.243033456343833	20	sous-entraînement	VC à 2 blocs 30
#FC8D62	21	-0.743730875249225	21	validation	VC à 2 blocs 30
#66C2A5	22	-0.757414982336941	22	sous-entraînement	VC à 2 blocs 30
#FC8D62	23	-0.828172114073528	23	validation	VC à 2 blocs 30
#66C2A5	24	-1.03456378199638	24	sous-entraînement	VC à 2 blocs 30
#FC8D62	25	-0.773646037620576	25	validation	VC à 2 blocs 30
#66C2A5	26	-0.841241486362947	26	sous-entraînement	VC à 2 blocs 30
#FC8D62	27	-0.85120816308058	27	validation	VC à 2 blocs 30
#66C2A5	28	-0.982703850799975	28	sous-entraînement	VC à 2 blocs 30
#FC8D62	29	-0.883443617920909	29	validation	VC à 2 blocs 30
#66C2A5	30	-0.793834456390077	30	sous-entraînement	VC à 2 blocs 30
#66C2A5	31	1.7311487572907	31	sous-entraînement	VC à 2 blocs 30
#FC8D62	32	1.58500202940349	32	validation	VC à 2 blocs 30
#66C2A5	33	1.63404796329373	33	sous-entraînement	VC à 2 blocs 30
#FC8D62	34	1.5899002980795	34	validation	VC à 2 blocs 30
#FC8D62	35	1.45757484645493	35	validation	VC à 2 blocs 30
#FC8D62	36	1.55378134580782	36	validation	VC à 2 blocs 30
#FC8D62	37	1.55585180676676	37	validation	VC à 2 blocs 30
#66C2A5	38	1.58934946246667	38	sous-entraînement	VC à 2 blocs 30
#FC8D62	39	1.70528333933618	39	validation	VC à 2 blocs 30
#FC8D62	40	1.67159837698355	40	validation	VC à 2 blocs 30
#66C2A5	41	0.313055412190002	41	sous-entraînement	VC à 2 blocs 30
#FC8D62	42	0.30417160380171	42	validation	VC à 2 blocs 30
#66C2A5	43	0.399204109355834	43	sous-entraînement	VC à 2 blocs 30
#FC8D62	44	0.385174091682726	44	validation	VC à 2 blocs 30
#FC8D62	45	0.260632202360409	45	validation	VC à 2 blocs 30
#FC8D62	46	0.258758256119149	46	validation	VC à 2 blocs 30
#66C2A5	47	0.365965968029044	47	sous-entraînement	VC à 2 blocs 30
#66C2A5	48	0.406361064266902	48	sous-entraînement	VC à 2 blocs 30
#66C2A5	49	0.318273150600338	49	sous-entraînement	VC à 2 blocs 30
#FC8D62	50	0.417618544460782	50	validation	VC à 2 blocs 30
#FC8D62	1	-0.689099191816566	1	validation	VC à 2 blocs 47
#66C2A5	2	-0.608089478320124	2	sous-entraînement	VC à 2 blocs 47
#FC8D62	3	-0.710016671983337	3	validation	VC à 2 blocs 47
#FC8D62	4	-0.466925730528553	4	validation	VC à 2 blocs 47
#66C2A5	5	-0.593503033560796	5	sous-entraînement	VC à 2 blocs 47
#FC8D62	6	-0.708500649154134	6	validation	VC à 2 blocs 47
#66C2A5	7	-0.577710905499484	7	sous-entraînement	VC à 2 blocs 47
#66C2A5	8	-0.552621340229411	8	sous-entraînement	VC à 2 blocs 47
#FC8D62	9	-0.568875675576983	9	validation	VC à 2 blocs 47
#FC8D62	10	-0.656992649457968	10	validation	VC à 2 blocs 47
#66C2A5	11	0.334821441067167	11	sous-entraînement	VC à 2 blocs 47
#66C2A5	12	0.222627647863225	12	sous-entraînement	VC à 2 blocs 47
#66C2A5	13	0.121519266167902	13	sous-entraînement	VC à 2 blocs 47
#FC8D62	14	-0.0378266644956678	14	validation	VC à 2 blocs 47
#FC8D62	15	0.296136416036393	15	validation	VC à 2 blocs 47
#FC8D62	16	0.179149963320559	16	validation	VC à 2 blocs 47
#FC8D62	17	0.182024297912188	17	validation	VC à 2 blocs 47
#66C2A5	18	0.278026945290612	18	sous-entraînement	VC à 2 blocs 47
#FC8D62	19	0.265765443731891	19	validation	VC à 2 blocs 47
#FC8D62	20	0.243033456343833	20	validation	VC à 2 blocs 47
#66C2A5	21	-0.743730875249225	21	sous-entraînement	VC à 2 blocs 47
#FC8D62	22	-0.757414982336941	22	validation	VC à 2 blocs 47
#66C2A5	23	-0.828172114073528	23	sous-entraînement	VC à 2 blocs 47
#FC8D62	24	-1.03456378199638	24	validation	VC à 2 blocs 47
#66C2A5	25	-0.773646037620576	25	sous-entraînement	VC à 2 blocs 47
#FC8D62	26	-0.841241486362947	26	validation	VC à 2 blocs 47
#66C2A5	27	-0.85120816308058	27	sous-entraînement	VC à 2 blocs 47
#FC8D62	28	-0.982703850799975	28	validation	VC à 2 blocs 47
#66C2A5	29	-0.883443617920909	29	sous-entraînement	VC à 2 blocs 47
#FC8D62	30	-0.793834456390077	30	validation	VC à 2 blocs 47
#FC8D62	31	1.7311487572907	31	validation	VC à 2 blocs 47
#66C2A5	32	1.58500202940349	32	sous-entraînement	VC à 2 blocs 47
#FC8D62	33	1.63404796329373	33	validation	VC à 2 blocs 47
#66C2A5	34	1.5899002980795	34	sous-entraînement	VC à 2 blocs 47
#66C2A5	35	1.45757484645493	35	sous-entraînement	VC à 2 blocs 47
#66C2A5	36	1.55378134580782	36	sous-entraînement	VC à 2 blocs 47
#66C2A5	37	1.55585180676676	37	sous-entraînement	VC à 2 blocs 47
#FC8D62	38	1.58934946246667	38	validation	VC à 2 blocs 47
#66C2A5	39	1.70528333933618	39	sous-entraînement	VC à 2 blocs 47
#66C2A5	40	1.67159837698355	40	sous-entraînement	VC à 2 blocs 47
#FC8D62	41	0.313055412190002	41	validation	VC à 2 blocs 47
#66C2A5	42	0.30417160380171	42	sous-entraînement	VC à 2 blocs 47
#FC8D62	43	0.399204109355834	43	validation	VC à 2 blocs 47
#66C2A5	44	0.385174091682726	44	sous-entraînement	VC à 2 blocs 47
#66C2A5	45	0.260632202360409	45	sous-entraînement	VC à 2 blocs 47
#66C2A5	46	0.258758256119149	46	sous-entraînement	VC à 2 blocs 47
#FC8D62	47	0.365965968029044	47	validation	VC à 2 blocs 47
#FC8D62	48	0.406361064266902	48	validation	VC à 2 blocs 47
#FC8D62	49	0.318273150600338	49	validation	VC à 2 blocs 47
#66C2A5	50	0.417618544460782	50	sous-entraînement	VC à 2 blocs 47
#FC8D62	1	-0.689099191816566	1	validation	VC à 2 blocs 48
#FC8D62	2	-0.608089478320124	2	validation	VC à 2 blocs 48
#66C2A5	3	-0.710016671983337	3	sous-entraînement	VC à 2 blocs 48
#FC8D62	4	-0.466925730528553	4	validation	VC à 2 blocs 48
#66C2A5	5	-0.593503033560796	5	sous-entraînement	VC à 2 blocs 48
#FC8D62	6	-0.708500649154134	6	validation	VC à 2 blocs 48
#FC8D62	7	-0.577710905499484	7	validation	VC à 2 blocs 48
#66C2A5	8	-0.552621340229411	8	sous-entraînement	VC à 2 blocs 48
#66C2A5	9	-0.568875675576983	9	sous-entraînement	VC à 2 blocs 48
#66C2A5	10	-0.656992649457968	10	sous-entraînement	VC à 2 blocs 48
#66C2A5	11	0.334821441067167	11	sous-entraînement	VC à 2 blocs 48
#66C2A5	12	0.222627647863225	12	sous-entraînement	VC à 2 blocs 48
#FC8D62	13	0.121519266167902	13	validation	VC à 2 blocs 48
#66C2A5	14	-0.0378266644956678	14	sous-entraînement	VC à 2 blocs 48
#FC8D62	15	0.296136416036393	15	validation	VC à 2 blocs 48
#FC8D62	16	0.179149963320559	16	validation	VC à 2 blocs 48
#66C2A5	17	0.182024297912188	17	sous-entraînement	VC à 2 blocs 48
#66C2A5	18	0.278026945290612	18	sous-entraînement	VC à 2 blocs 48
#66C2A5	19	0.265765443731891	19	sous-entraînement	VC à 2 blocs 48
#FC8D62	20	0.243033456343833	20	validation	VC à 2 blocs 48
#66C2A5	21	-0.743730875249225	21	sous-entraînement	VC à 2 blocs 48
#FC8D62	22	-0.757414982336941	22	validation	VC à 2 blocs 48
#FC8D62	23	-0.828172114073528	23	validation	VC à 2 blocs 48
#FC8D62	24	-1.03456378199638	24	validation	VC à 2 blocs 48
#66C2A5	25	-0.773646037620576	25	sous-entraînement	VC à 2 blocs 48
#FC8D62	26	-0.841241486362947	26	validation	VC à 2 blocs 48
#66C2A5	27	-0.85120816308058	27	sous-entraînement	VC à 2 blocs 48
#FC8D62	28	-0.982703850799975	28	validation	VC à 2 blocs 48
#66C2A5	29	-0.883443617920909	29	sous-entraînement	VC à 2 blocs 48
#66C2A5	30	-0.793834456390077	30	sous-entraînement	VC à 2 blocs 48
#FC8D62	31	1.7311487572907	31	validation	VC à 2 blocs 48
#FC8D62	32	1.58500202940349	32	validation	VC à 2 blocs 48
#66C2A5	33	1.63404796329373	33	sous-entraînement	VC à 2 blocs 48
#FC8D62	34	1.5899002980795	34	validation	VC à 2 blocs 48
#66C2A5	35	1.45757484645493	35	sous-entraînement	VC à 2 blocs 48
#FC8D62	36	1.55378134580782	36	validation	VC à 2 blocs 48
#66C2A5	37	1.55585180676676	37	sous-entraînement	VC à 2 blocs 48
#FC8D62	38	1.58934946246667	38	validation	VC à 2 blocs 48
#FC8D62	39	1.70528333933618	39	validation	VC à 2 blocs 48
#FC8D62	40	1.67159837698355	40	validation	VC à 2 blocs 48
#FC8D62	41	0.313055412190002	41	validation	VC à 2 blocs 48
#66C2A5	42	0.30417160380171	42	sous-entraînement	VC à 2 blocs 48
#66C2A5	43	0.399204109355834	43	sous-entraînement	VC à 2 blocs 48
#FC8D62	44	0.385174091682726	44	validation	VC à 2 blocs 48
#66C2A5	45	0.260632202360409	45	sous-entraînement	VC à 2 blocs 48
#FC8D62	46	0.258758256119149	46	validation	VC à 2 blocs 48
#66C2A5	47	0.365965968029044	47	sous-entraînement	VC à 2 blocs 48
#FC8D62	48	0.406361064266902	48	validation	VC à 2 blocs 48
#66C2A5	49	0.318273150600338	49	sous-entraînement	VC à 2 blocs 48
#66C2A5	50	0.417618544460782	50	sous-entraînement	VC à 2 blocs 48
#66C2A5	1	-0.689099191816566	1	sous-entraînement	VC à 2 blocs 49
#66C2A5	2	-0.608089478320124	2	sous-entraînement	VC à 2 blocs 49
#FC8D62	3	-0.710016671983337	3	validation	VC à 2 blocs 49
#66C2A5	4	-0.466925730528553	4	sous-entraînement	VC à 2 blocs 49
#FC8D62	5	-0.593503033560796	5	validation	VC à 2 blocs 49
#66C2A5	6	-0.708500649154134	6	sous-entraînement	VC à 2 blocs 49
#66C2A5	7	-0.577710905499484	7	sous-entraînement	VC à 2 blocs 49
#FC8D62	8	-0.552621340229411	8	validation	VC à 2 blocs 49
#FC8D62	9	-0.568875675576983	9	validation	VC à 2 blocs 49
#FC8D62	10	-0.656992649457968	10	validation	VC à 2 blocs 49
#FC8D62	11	0.334821441067167	11	validation	VC à 2 blocs 49
#FC8D62	12	0.222627647863225	12	validation	VC à 2 blocs 49
#66C2A5	13	0.121519266167902	13	sous-entraînement	VC à 2 blocs 49
#FC8D62	14	-0.0378266644956678	14	validation	VC à 2 blocs 49
#66C2A5	15	0.296136416036393	15	sous-entraînement	VC à 2 blocs 49
#66C2A5	16	0.179149963320559	16	sous-entraînement	VC à 2 blocs 49
#FC8D62	17	0.182024297912188	17	validation	VC à 2 blocs 49
#FC8D62	18	0.278026945290612	18	validation	VC à 2 blocs 49
#FC8D62	19	0.265765443731891	19	validation	VC à 2 blocs 49
#66C2A5	20	0.243033456343833	20	sous-entraînement	VC à 2 blocs 49
#FC8D62	21	-0.743730875249225	21	validation	VC à 2 blocs 49
#66C2A5	22	-0.757414982336941	22	sous-entraînement	VC à 2 blocs 49
#66C2A5	23	-0.828172114073528	23	sous-entraînement	VC à 2 blocs 49
#66C2A5	24	-1.03456378199638	24	sous-entraînement	VC à 2 blocs 49
#FC8D62	25	-0.773646037620576	25	validation	VC à 2 blocs 49
#66C2A5	26	-0.841241486362947	26	sous-entraînement	VC à 2 blocs 49
#FC8D62	27	-0.85120816308058	27	validation	VC à 2 blocs 49
#66C2A5	28	-0.982703850799975	28	sous-entraînement	VC à 2 blocs 49
#FC8D62	29	-0.883443617920909	29	validation	VC à 2 blocs 49
#FC8D62	30	-0.793834456390077	30	validation	VC à 2 blocs 49
#66C2A5	31	1.7311487572907	31	sous-entraînement	VC à 2 blocs 49
#66C2A5	32	1.58500202940349	32	sous-entraînement	VC à 2 blocs 49
#FC8D62	33	1.63404796329373	33	validation	VC à 2 blocs 49
#66C2A5	34	1.5899002980795	34	sous-entraînement	VC à 2 blocs 49
#FC8D62	35	1.45757484645493	35	validation	VC à 2 blocs 49
#66C2A5	36	1.55378134580782	36	sous-entraînement	VC à 2 blocs 49
#FC8D62	37	1.55585180676676	37	validation	VC à 2 blocs 49
#66C2A5	38	1.58934946246667	38	sous-entraînement	VC à 2 blocs 49
#66C2A5	39	1.70528333933618	39	sous-entraînement	VC à 2 blocs 49
#66C2A5	40	1.67159837698355	40	sous-entraînement	VC à 2 blocs 49
#66C2A5	41	0.313055412190002	41	sous-entraînement	VC à 2 blocs 49
#FC8D62	42	0.30417160380171	42	validation	VC à 2 blocs 49
#FC8D62	43	0.399204109355834	43	validation	VC à 2 blocs 49
#66C2A5	44	0.385174091682726	44	sous-entraînement	VC à 2 blocs 49
#FC8D62	45	0.260632202360409	45	validation	VC à 2 blocs 49
#66C2A5	46	0.258758256119149	46	sous-entraînement	VC à 2 blocs 49
#FC8D62	47	0.365965968029044	47	validation	VC à 2 blocs 49
#66C2A5	48	0.406361064266902	48	sous-entraînement	VC à 2 blocs 49
#FC8D62	49	0.318273150600338	49	validation	VC à 2 blocs 49
#FC8D62	50	0.417618544460782	50	validation	VC à 2 blocs 49
#66C2A5	1	-0.689099191816566	1	sous-entraînement	VC à 2 blocs 80
#FC8D62	2	-0.608089478320124	2	validation	VC à 2 blocs 80
#66C2A5	3	-0.710016671983337	3	sous-entraînement	VC à 2 blocs 80
#66C2A5	4	-0.466925730528553	4	sous-entraînement	VC à 2 blocs 80
#66C2A5	5	-0.593503033560796	5	sous-entraînement	VC à 2 blocs 80
#66C2A5	6	-0.708500649154134	6	sous-entraînement	VC à 2 blocs 80
#FC8D62	7	-0.577710905499484	7	validation	VC à 2 blocs 80
#FC8D62	8	-0.552621340229411	8	validation	VC à 2 blocs 80
#FC8D62	9	-0.568875675576983	9	validation	VC à 2 blocs 80
#66C2A5	10	-0.656992649457968	10	sous-entraînement	VC à 2 blocs 80
#66C2A5	11	0.334821441067167	11	sous-entraînement	VC à 2 blocs 80
#FC8D62	12	0.222627647863225	12	validation	VC à 2 blocs 80
#FC8D62	13	0.121519266167902	13	validation	VC à 2 blocs 80
#FC8D62	14	-0.0378266644956678	14	validation	VC à 2 blocs 80
#FC8D62	15	0.296136416036393	15	validation	VC à 2 blocs 80
#66C2A5	16	0.179149963320559	16	sous-entraînement	VC à 2 blocs 80
#FC8D62	17	0.182024297912188	17	validation	VC à 2 blocs 80
#66C2A5	18	0.278026945290612	18	sous-entraînement	VC à 2 blocs 80
#66C2A5	19	0.265765443731891	19	sous-entraînement	VC à 2 blocs 80
#FC8D62	20	0.243033456343833	20	validation	VC à 2 blocs 80
#66C2A5	21	-0.743730875249225	21	sous-entraînement	VC à 2 blocs 80
#66C2A5	22	-0.757414982336941	22	sous-entraînement	VC à 2 blocs 80
#66C2A5	23	-0.828172114073528	23	sous-entraînement	VC à 2 blocs 80
#FC8D62	24	-1.03456378199638	24	validation	VC à 2 blocs 80
#FC8D62	25	-0.773646037620576	25	validation	VC à 2 blocs 80
#66C2A5	26	-0.841241486362947	26	sous-entraînement	VC à 2 blocs 80
#FC8D62	27	-0.85120816308058	27	validation	VC à 2 blocs 80
#66C2A5	28	-0.982703850799975	28	sous-entraînement	VC à 2 blocs 80
#FC8D62	29	-0.883443617920909	29	validation	VC à 2 blocs 80
#66C2A5	30	-0.793834456390077	30	sous-entraînement	VC à 2 blocs 80
#66C2A5	31	1.7311487572907	31	sous-entraînement	VC à 2 blocs 80
#FC8D62	32	1.58500202940349	32	validation	VC à 2 blocs 80
#FC8D62	33	1.63404796329373	33	validation	VC à 2 blocs 80
#66C2A5	34	1.5899002980795	34	sous-entraînement	VC à 2 blocs 80
#FC8D62	35	1.45757484645493	35	validation	VC à 2 blocs 80
#FC8D62	36	1.55378134580782	36	validation	VC à 2 blocs 80
#66C2A5	37	1.55585180676676	37	sous-entraînement	VC à 2 blocs 80
#FC8D62	38	1.58934946246667	38	validation	VC à 2 blocs 80
#66C2A5	39	1.70528333933618	39	sous-entraînement	VC à 2 blocs 80
#FC8D62	40	1.67159837698355	40	validation	VC à 2 blocs 80
#66C2A5	41	0.313055412190002	41	sous-entraînement	VC à 2 blocs 80
#66C2A5	42	0.30417160380171	42	sous-entraînement	VC à 2 blocs 80
#66C2A5	43	0.399204109355834	43	sous-entraînement	VC à 2 blocs 80
#FC8D62	44	0.385174091682726	44	validation	VC à 2 blocs 80
#FC8D62	45	0.260632202360409	45	validation	VC à 2 blocs 80
#FC8D62	46	0.258758256119149	46	validation	VC à 2 blocs 80
#66C2A5	47	0.365965968029044	47	sous-entraînement	VC à 2 blocs 80
#FC8D62	48	0.406361064266902	48	validation	VC à 2 blocs 80
#66C2A5	49	0.318273150600338	49	sous-entraînement	VC à 2 blocs 80
#FC8D62	50	0.417618544460782	50	validation	VC à 2 blocs 80
#FC8D62	1	-0.689099191816566	1	validation	VC à 2 blocs 50
#66C2A5	2	-0.608089478320124	2	sous-entraînement	VC à 2 blocs 50
#FC8D62	3	-0.710016671983337	3	validation	VC à 2 blocs 50
#FC8D62	4	-0.466925730528553	4	validation	VC à 2 blocs 50
#FC8D62	5	-0.593503033560796	5	validation	VC à 2 blocs 50
#FC8D62	6	-0.708500649154134	6	validation	VC à 2 blocs 50
#66C2A5	7	-0.577710905499484	7	sous-entraînement	VC à 2 blocs 50
#66C2A5	8	-0.552621340229411	8	sous-entraînement	VC à 2 blocs 50
#66C2A5	9	-0.568875675576983	9	sous-entraînement	VC à 2 blocs 50
#FC8D62	10	-0.656992649457968	10	validation	VC à 2 blocs 50
#FC8D62	11	0.334821441067167	11	validation	VC à 2 blocs 50
#66C2A5	12	0.222627647863225	12	sous-entraînement	VC à 2 blocs 50
#66C2A5	13	0.121519266167902	13	sous-entraînement	VC à 2 blocs 50
#66C2A5	14	-0.0378266644956678	14	sous-entraînement	VC à 2 blocs 50
#66C2A5	15	0.296136416036393	15	sous-entraînement	VC à 2 blocs 50
#FC8D62	16	0.179149963320559	16	validation	VC à 2 blocs 50
#66C2A5	17	0.182024297912188	17	sous-entraînement	VC à 2 blocs 50
#FC8D62	18	0.278026945290612	18	validation	VC à 2 blocs 50
#FC8D62	19	0.265765443731891	19	validation	VC à 2 blocs 50
#66C2A5	20	0.243033456343833	20	sous-entraînement	VC à 2 blocs 50
#FC8D62	21	-0.743730875249225	21	validation	VC à 2 blocs 50
#FC8D62	22	-0.757414982336941	22	validation	VC à 2 blocs 50
#FC8D62	23	-0.828172114073528	23	validation	VC à 2 blocs 50
#66C2A5	24	-1.03456378199638	24	sous-entraînement	VC à 2 blocs 50
#66C2A5	25	-0.773646037620576	25	sous-entraînement	VC à 2 blocs 50
#FC8D62	26	-0.841241486362947	26	validation	VC à 2 blocs 50
#66C2A5	27	-0.85120816308058	27	sous-entraînement	VC à 2 blocs 50
#FC8D62	28	-0.982703850799975	28	validation	VC à 2 blocs 50
#66C2A5	29	-0.883443617920909	29	sous-entraînement	VC à 2 blocs 50
#FC8D62	30	-0.793834456390077	30	validation	VC à 2 blocs 50
#FC8D62	31	1.7311487572907	31	validation	VC à 2 blocs 50
#66C2A5	32	1.58500202940349	32	sous-entraînement	VC à 2 blocs 50
#66C2A5	33	1.63404796329373	33	sous-entraînement	VC à 2 blocs 50
#FC8D62	34	1.5899002980795	34	validation	VC à 2 blocs 50
#66C2A5	35	1.45757484645493	35	sous-entraînement	VC à 2 blocs 50
#66C2A5	36	1.55378134580782	36	sous-entraînement	VC à 2 blocs 50
#FC8D62	37	1.55585180676676	37	validation	VC à 2 blocs 50
#66C2A5	38	1.58934946246667	38	sous-entraînement	VC à 2 blocs 50
#FC8D62	39	1.70528333933618	39	validation	VC à 2 blocs 50
#66C2A5	40	1.67159837698355	40	sous-entraînement	VC à 2 blocs 50
#FC8D62	41	0.313055412190002	41	validation	VC à 2 blocs 50
#FC8D62	42	0.30417160380171	42	validation	VC à 2 blocs 50
#FC8D62	43	0.399204109355834	43	validation	VC à 2 blocs 50
#66C2A5	44	0.385174091682726	44	sous-entraînement	VC à 2 blocs 50
#66C2A5	45	0.260632202360409	45	sous-entraînement	VC à 2 blocs 50
#66C2A5	46	0.258758256119149	46	sous-entraînement	VC à 2 blocs 50
#FC8D62	47	0.365965968029044	47	validation	VC à 2 blocs 50
#66C2A5	48	0.406361064266902	48	sous-entraînement	VC à 2 blocs 50
#FC8D62	49	0.318273150600338	49	validation	VC à 2 blocs 50
#66C2A5	50	0.417618544460782	50	sous-entraînement	VC à 2 blocs 50
#FC8D62	1	-0.689099191816566	1	validation	VC à 2 blocs 51
#66C2A5	2	-0.608089478320124	2	sous-entraînement	VC à 2 blocs 51
#66C2A5	3	-0.710016671983337	3	sous-entraînement	VC à 2 blocs 51
#FC8D62	4	-0.466925730528553	4	validation	VC à 2 blocs 51
#FC8D62	5	-0.593503033560796	5	validation	VC à 2 blocs 51
#FC8D62	6	-0.708500649154134	6	validation	VC à 2 blocs 51
#66C2A5	7	-0.577710905499484	7	sous-entraînement	VC à 2 blocs 51
#FC8D62	8	-0.552621340229411	8	validation	VC à 2 blocs 51
#FC8D62	9	-0.568875675576983	9	validation	VC à 2 blocs 51
#FC8D62	10	-0.656992649457968	10	validation	VC à 2 blocs 51
#66C2A5	11	0.334821441067167	11	sous-entraînement	VC à 2 blocs 51
#66C2A5	12	0.222627647863225	12	sous-entraînement	VC à 2 blocs 51
#66C2A5	13	0.121519266167902	13	sous-entraînement	VC à 2 blocs 51
#66C2A5	14	-0.0378266644956678	14	sous-entraînement	VC à 2 blocs 51
#FC8D62	15	0.296136416036393	15	validation	VC à 2 blocs 51
#66C2A5	16	0.179149963320559	16	sous-entraînement	VC à 2 blocs 51
#FC8D62	17	0.182024297912188	17	validation	VC à 2 blocs 51
#66C2A5	18	0.278026945290612	18	sous-entraînement	VC à 2 blocs 51
#FC8D62	19	0.265765443731891	19	validation	VC à 2 blocs 51
#FC8D62	20	0.243033456343833	20	validation	VC à 2 blocs 51
#FC8D62	21	-0.743730875249225	21	validation	VC à 2 blocs 51
#66C2A5	22	-0.757414982336941	22	sous-entraînement	VC à 2 blocs 51
#FC8D62	23	-0.828172114073528	23	validation	VC à 2 blocs 51
#FC8D62	24	-1.03456378199638	24	validation	VC à 2 blocs 51
#66C2A5	25	-0.773646037620576	25	sous-entraînement	VC à 2 blocs 51
#66C2A5	26	-0.841241486362947	26	sous-entraînement	VC à 2 blocs 51
#FC8D62	27	-0.85120816308058	27	validation	VC à 2 blocs 51
#FC8D62	28	-0.982703850799975	28	validation	VC à 2 blocs 51
#66C2A5	29	-0.883443617920909	29	sous-entraînement	VC à 2 blocs 51
#FC8D62	30	-0.793834456390077	30	validation	VC à 2 blocs 51
#66C2A5	31	1.7311487572907	31	sous-entraînement	VC à 2 blocs 51
#66C2A5	32	1.58500202940349	32	sous-entraînement	VC à 2 blocs 51
#66C2A5	33	1.63404796329373	33	sous-entraînement	VC à 2 blocs 51
#66C2A5	34	1.5899002980795	34	sous-entraînement	VC à 2 blocs 51
#66C2A5	35	1.45757484645493	35	sous-entraînement	VC à 2 blocs 51
#FC8D62	36	1.55378134580782	36	validation	VC à 2 blocs 51
#FC8D62	37	1.55585180676676	37	validation	VC à 2 blocs 51
#66C2A5	38	1.58934946246667	38	sous-entraînement	VC à 2 blocs 51
#66C2A5	39	1.70528333933618	39	sous-entraînement	VC à 2 blocs 51
#FC8D62	40	1.67159837698355	40	validation	VC à 2 blocs 51
#FC8D62	41	0.313055412190002	41	validation	VC à 2 blocs 51
#FC8D62	42	0.30417160380171	42	validation	VC à 2 blocs 51
#66C2A5	43	0.399204109355834	43	sous-entraînement	VC à 2 blocs 51
#66C2A5	44	0.385174091682726	44	sous-entraînement	VC à 2 blocs 51
#66C2A5	45	0.260632202360409	45	sous-entraînement	VC à 2 blocs 51
#FC8D62	46	0.258758256119149	46	validation	VC à 2 blocs 51
#66C2A5	47	0.365965968029044	47	sous-entraînement	VC à 2 blocs 51
#66C2A5	48	0.406361064266902	48	sous-entraînement	VC à 2 blocs 51
#FC8D62	49	0.318273150600338	49	validation	VC à 2 blocs 51
#FC8D62	50	0.417618544460782	50	validation	VC à 2 blocs 51
#66C2A5	1	-0.689099191816566	1	sous-entraînement	VC à 2 blocs 12
#FC8D62	2	-0.608089478320124	2	validation	VC à 2 blocs 12
#FC8D62	3	-0.710016671983337	3	validation	VC à 2 blocs 12
#66C2A5	4	-0.466925730528553	4	sous-entraînement	VC à 2 blocs 12
#66C2A5	5	-0.593503033560796	5	sous-entraînement	VC à 2 blocs 12
#66C2A5	6	-0.708500649154134	6	sous-entraînement	VC à 2 blocs 12
#FC8D62	7	-0.577710905499484	7	validation	VC à 2 blocs 12
#66C2A5	8	-0.552621340229411	8	sous-entraînement	VC à 2 blocs 12
#66C2A5	9	-0.568875675576983	9	sous-entraînement	VC à 2 blocs 12
#66C2A5	10	-0.656992649457968	10	sous-entraînement	VC à 2 blocs 12
#FC8D62	11	0.334821441067167	11	validation	VC à 2 blocs 12
#FC8D62	12	0.222627647863225	12	validation	VC à 2 blocs 12
#FC8D62	13	0.121519266167902	13	validation	VC à 2 blocs 12
#FC8D62	14	-0.0378266644956678	14	validation	VC à 2 blocs 12
#66C2A5	15	0.296136416036393	15	sous-entraînement	VC à 2 blocs 12
#FC8D62	16	0.179149963320559	16	validation	VC à 2 blocs 12
#66C2A5	17	0.182024297912188	17	sous-entraînement	VC à 2 blocs 12
#FC8D62	18	0.278026945290612	18	validation	VC à 2 blocs 12
#66C2A5	19	0.265765443731891	19	sous-entraînement	VC à 2 blocs 12
#66C2A5	20	0.243033456343833	20	sous-entraînement	VC à 2 blocs 12
#66C2A5	21	-0.743730875249225	21	sous-entraînement	VC à 2 blocs 12
#FC8D62	22	-0.757414982336941	22	validation	VC à 2 blocs 12
#66C2A5	23	-0.828172114073528	23	sous-entraînement	VC à 2 blocs 12
#66C2A5	24	-1.03456378199638	24	sous-entraînement	VC à 2 blocs 12
#FC8D62	25	-0.773646037620576	25	validation	VC à 2 blocs 12
#FC8D62	26	-0.841241486362947	26	validation	VC à 2 blocs 12
#66C2A5	27	-0.85120816308058	27	sous-entraînement	VC à 2 blocs 12
#66C2A5	28	-0.982703850799975	28	sous-entraînement	VC à 2 blocs 12
#FC8D62	29	-0.883443617920909	29	validation	VC à 2 blocs 12
#66C2A5	30	-0.793834456390077	30	sous-entraînement	VC à 2 blocs 12
#FC8D62	31	1.7311487572907	31	validation	VC à 2 blocs 12
#FC8D62	32	1.58500202940349	32	validation	VC à 2 blocs 12
#FC8D62	33	1.63404796329373	33	validation	VC à 2 blocs 12
#FC8D62	34	1.5899002980795	34	validation	VC à 2 blocs 12
#FC8D62	35	1.45757484645493	35	validation	VC à 2 blocs 12
#66C2A5	36	1.55378134580782	36	sous-entraînement	VC à 2 blocs 12
#66C2A5	37	1.55585180676676	37	sous-entraînement	VC à 2 blocs 12
#FC8D62	38	1.58934946246667	38	validation	VC à 2 blocs 12
#FC8D62	39	1.70528333933618	39	validation	VC à 2 blocs 12
#66C2A5	40	1.67159837698355	40	sous-entraînement	VC à 2 blocs 12
#66C2A5	41	0.313055412190002	41	sous-entraînement	VC à 2 blocs 12
#66C2A5	42	0.30417160380171	42	sous-entraînement	VC à 2 blocs 12
#FC8D62	43	0.399204109355834	43	validation	VC à 2 blocs 12
#FC8D62	44	0.385174091682726	44	validation	VC à 2 blocs 12
#FC8D62	45	0.260632202360409	45	validation	VC à 2 blocs 12
#66C2A5	46	0.258758256119149	46	sous-entraînement	VC à 2 blocs 12
#FC8D62	47	0.365965968029044	47	validation	VC à 2 blocs 12
#FC8D62	48	0.406361064266902	48	validation	VC à 2 blocs 12
#66C2A5	49	0.318273150600338	49	sous-entraînement	VC à 2 blocs 12
#66C2A5	50	0.417618544460782	50	sous-entraînement	VC à 2 blocs 12
#FC8D62	1	-0.689099191816566	1	validation	VC à 2 blocs 52
#FC8D62	2	-0.608089478320124	2	validation	VC à 2 blocs 52
#66C2A5	3	-0.710016671983337	3	sous-entraînement	VC à 2 blocs 52
#FC8D62	4	-0.466925730528553	4	validation	VC à 2 blocs 52
#66C2A5	5	-0.593503033560796	5	sous-entraînement	VC à 2 blocs 52
#FC8D62	6	-0.708500649154134	6	validation	VC à 2 blocs 52
#FC8D62	7	-0.577710905499484	7	validation	VC à 2 blocs 52
#66C2A5	8	-0.552621340229411	8	sous-entraînement	VC à 2 blocs 52
#66C2A5	9	-0.568875675576983	9	sous-entraînement	VC à 2 blocs 52
#FC8D62	10	-0.656992649457968	10	validation	VC à 2 blocs 52
#FC8D62	11	0.334821441067167	11	validation	VC à 2 blocs 52
#66C2A5	12	0.222627647863225	12	sous-entraînement	VC à 2 blocs 52
#FC8D62	13	0.121519266167902	13	validation	VC à 2 blocs 52
#66C2A5	14	-0.0378266644956678	14	sous-entraînement	VC à 2 blocs 52
#FC8D62	15	0.296136416036393	15	validation	VC à 2 blocs 52
#FC8D62	16	0.179149963320559	16	validation	VC à 2 blocs 52
#66C2A5	17	0.182024297912188	17	sous-entraînement	VC à 2 blocs 52
#FC8D62	18	0.278026945290612	18	validation	VC à 2 blocs 52
#66C2A5	19	0.265765443731891	19	sous-entraînement	VC à 2 blocs 52
#FC8D62	20	0.243033456343833	20	validation	VC à 2 blocs 52
#FC8D62	21	-0.743730875249225	21	validation	VC à 2 blocs 52
#66C2A5	22	-0.757414982336941	22	sous-entraînement	VC à 2 blocs 52
#66C2A5	23	-0.828172114073528	23	sous-entraînement	VC à 2 blocs 52
#66C2A5	24	-1.03456378199638	24	sous-entraînement	VC à 2 blocs 52
#FC8D62	25	-0.773646037620576	25	validation	VC à 2 blocs 52
#FC8D62	26	-0.841241486362947	26	validation	VC à 2 blocs 52
#66C2A5	27	-0.85120816308058	27	sous-entraînement	VC à 2 blocs 52
#FC8D62	28	-0.982703850799975	28	validation	VC à 2 blocs 52
#FC8D62	29	-0.883443617920909	29	validation	VC à 2 blocs 52
#66C2A5	30	-0.793834456390077	30	sous-entraînement	VC à 2 blocs 52
#66C2A5	31	1.7311487572907	31	sous-entraînement	VC à 2 blocs 52
#66C2A5	32	1.58500202940349	32	sous-entraînement	VC à 2 blocs 52
#66C2A5	33	1.63404796329373	33	sous-entraînement	VC à 2 blocs 52
#66C2A5	34	1.5899002980795	34	sous-entraînement	VC à 2 blocs 52
#FC8D62	35	1.45757484645493	35	validation	VC à 2 blocs 52
#FC8D62	36	1.55378134580782	36	validation	VC à 2 blocs 52
#FC8D62	37	1.55585180676676	37	validation	VC à 2 blocs 52
#66C2A5	38	1.58934946246667	38	sous-entraînement	VC à 2 blocs 52
#FC8D62	39	1.70528333933618	39	validation	VC à 2 blocs 52
#66C2A5	40	1.67159837698355	40	sous-entraînement	VC à 2 blocs 52
#66C2A5	41	0.313055412190002	41	sous-entraînement	VC à 2 blocs 52
#66C2A5	42	0.30417160380171	42	sous-entraînement	VC à 2 blocs 52
#FC8D62	43	0.399204109355834	43	validation	VC à 2 blocs 52
#FC8D62	44	0.385174091682726	44	validation	VC à 2 blocs 52
#66C2A5	45	0.260632202360409	45	sous-entraînement	VC à 2 blocs 52
#FC8D62	46	0.258758256119149	46	validation	VC à 2 blocs 52
#66C2A5	47	0.365965968029044	47	sous-entraînement	VC à 2 blocs 52
#FC8D62	48	0.406361064266902	48	validation	VC à 2 blocs 52
#66C2A5	49	0.318273150600338	49	sous-entraînement	VC à 2 blocs 52
#66C2A5	50	0.417618544460782	50	sous-entraînement	VC à 2 blocs 52
#66C2A5	1	-0.689099191816566	1	sous-entraînement	VC à 2 blocs 13
#66C2A5	2	-0.608089478320124	2	sous-entraînement	VC à 2 blocs 13
#FC8D62	3	-0.710016671983337	3	validation	VC à 2 blocs 13
#66C2A5	4	-0.466925730528553	4	sous-entraînement	VC à 2 blocs 13
#FC8D62	5	-0.593503033560796	5	validation	VC à 2 blocs 13
#66C2A5	6	-0.708500649154134	6	sous-entraînement	VC à 2 blocs 13
#66C2A5	7	-0.577710905499484	7	sous-entraînement	VC à 2 blocs 13
#FC8D62	8	-0.552621340229411	8	validation	VC à 2 blocs 13
#FC8D62	9	-0.568875675576983	9	validation	VC à 2 blocs 13
#66C2A5	10	-0.656992649457968	10	sous-entraînement	VC à 2 blocs 13
#66C2A5	11	0.334821441067167	11	sous-entraînement	VC à 2 blocs 13
#FC8D62	12	0.222627647863225	12	validation	VC à 2 blocs 13
#66C2A5	13	0.121519266167902	13	sous-entraînement	VC à 2 blocs 13
#FC8D62	14	-0.0378266644956678	14	validation	VC à 2 blocs 13
#66C2A5	15	0.296136416036393	15	sous-entraînement	VC à 2 blocs 13
#66C2A5	16	0.179149963320559	16	sous-entraînement	VC à 2 blocs 13
#FC8D62	17	0.182024297912188	17	validation	VC à 2 blocs 13
#66C2A5	18	0.278026945290612	18	sous-entraînement	VC à 2 blocs 13
#FC8D62	19	0.265765443731891	19	validation	VC à 2 blocs 13
#66C2A5	20	0.243033456343833	20	sous-entraînement	VC à 2 blocs 13
#66C2A5	21	-0.743730875249225	21	sous-entraînement	VC à 2 blocs 13
#FC8D62	22	-0.757414982336941	22	validation	VC à 2 blocs 13
#FC8D62	23	-0.828172114073528	23	validation	VC à 2 blocs 13
#FC8D62	24	-1.03456378199638	24	validation	VC à 2 blocs 13
#66C2A5	25	-0.773646037620576	25	sous-entraînement	VC à 2 blocs 13
#66C2A5	26	-0.841241486362947	26	sous-entraînement	VC à 2 blocs 13
#FC8D62	27	-0.85120816308058	27	validation	VC à 2 blocs 13
#66C2A5	28	-0.982703850799975	28	sous-entraînement	VC à 2 blocs 13
#66C2A5	29	-0.883443617920909	29	sous-entraînement	VC à 2 blocs 13
#FC8D62	30	-0.793834456390077	30	validation	VC à 2 blocs 13
#FC8D62	31	1.7311487572907	31	validation	VC à 2 blocs 13
#FC8D62	32	1.58500202940349	32	validation	VC à 2 blocs 13
#FC8D62	33	1.63404796329373	33	validation	VC à 2 blocs 13
#FC8D62	34	1.5899002980795	34	validation	VC à 2 blocs 13
#66C2A5	35	1.45757484645493	35	sous-entraînement	VC à 2 blocs 13
#66C2A5	36	1.55378134580782	36	sous-entraînement	VC à 2 blocs 13
#66C2A5	37	1.55585180676676	37	sous-entraînement	VC à 2 blocs 13
#FC8D62	38	1.58934946246667	38	validation	VC à 2 blocs 13
#66C2A5	39	1.70528333933618	39	sous-entraînement	VC à 2 blocs 13
#FC8D62	40	1.67159837698355	40	validation	VC à 2 blocs 13
#FC8D62	41	0.313055412190002	41	validation	VC à 2 blocs 13
#FC8D62	42	0.30417160380171	42	validation	VC à 2 blocs 13
#66C2A5	43	0.399204109355834	43	sous-entraînement	VC à 2 blocs 13
#66C2A5	44	0.385174091682726	44	sous-entraînement	VC à 2 blocs 13
#FC8D62	45	0.260632202360409	45	validation	VC à 2 blocs 13
#66C2A5	46	0.258758256119149	46	sous-entraînement	VC à 2 blocs 13
#FC8D62	47	0.365965968029044	47	validation	VC à 2 blocs 13
#66C2A5	48	0.406361064266902	48	sous-entraînement	VC à 2 blocs 13
#FC8D62	49	0.318273150600338	49	validation	VC à 2 blocs 13
#FC8D62	50	0.417618544460782	50	validation	VC à 2 blocs 13
#FC8D62	1	-0.689099191816566	1	validation	VC à 2 blocs 14
#FC8D62	2	-0.608089478320124	2	validation	VC à 2 blocs 14
#66C2A5	3	-0.710016671983337	3	sous-entraînement	VC à 2 blocs 14
#FC8D62	4	-0.466925730528553	4	validation	VC à 2 blocs 14
#66C2A5	5	-0.593503033560796	5	sous-entraînement	VC à 2 blocs 14
#FC8D62	6	-0.708500649154134	6	validation	VC à 2 blocs 14
#66C2A5	7	-0.577710905499484	7	sous-entraînement	VC à 2 blocs 14
#66C2A5	8	-0.552621340229411	8	sous-entraînement	VC à 2 blocs 14
#66C2A5	9	-0.568875675576983	9	sous-entraînement	VC à 2 blocs 14
#FC8D62	10	-0.656992649457968	10	validation	VC à 2 blocs 14
#66C2A5	11	0.334821441067167	11	sous-entraînement	VC à 2 blocs 14
#FC8D62	12	0.222627647863225	12	validation	VC à 2 blocs 14
#66C2A5	13	0.121519266167902	13	sous-entraînement	VC à 2 blocs 14
#66C2A5	14	-0.0378266644956678	14	sous-entraînement	VC à 2 blocs 14
#FC8D62	15	0.296136416036393	15	validation	VC à 2 blocs 14
#FC8D62	16	0.179149963320559	16	validation	VC à 2 blocs 14
#FC8D62	17	0.182024297912188	17	validation	VC à 2 blocs 14
#FC8D62	18	0.278026945290612	18	validation	VC à 2 blocs 14
#FC8D62	19	0.265765443731891	19	validation	VC à 2 blocs 14
#FC8D62	20	0.243033456343833	20	validation	VC à 2 blocs 14
#66C2A5	21	-0.743730875249225	21	sous-entraînement	VC à 2 blocs 14
#FC8D62	22	-0.757414982336941	22	validation	VC à 2 blocs 14
#66C2A5	23	-0.828172114073528	23	sous-entraînement	VC à 2 blocs 14
#FC8D62	24	-1.03456378199638	24	validation	VC à 2 blocs 14
#66C2A5	25	-0.773646037620576	25	sous-entraînement	VC à 2 blocs 14
#66C2A5	26	-0.841241486362947	26	sous-entraînement	VC à 2 blocs 14
#66C2A5	27	-0.85120816308058	27	sous-entraînement	VC à 2 blocs 14
#66C2A5	28	-0.982703850799975	28	sous-entraînement	VC à 2 blocs 14
#66C2A5	29	-0.883443617920909	29	sous-entraînement	VC à 2 blocs 14
#FC8D62	30	-0.793834456390077	30	validation	VC à 2 blocs 14
#FC8D62	31	1.7311487572907	31	validation	VC à 2 blocs 14
#FC8D62	32	1.58500202940349	32	validation	VC à 2 blocs 14
#66C2A5	33	1.63404796329373	33	sous-entraînement	VC à 2 blocs 14
#FC8D62	34	1.5899002980795	34	validation	VC à 2 blocs 14
#FC8D62	35	1.45757484645493	35	validation	VC à 2 blocs 14
#66C2A5	36	1.55378134580782	36	sous-entraînement	VC à 2 blocs 14
#66C2A5	37	1.55585180676676	37	sous-entraînement	VC à 2 blocs 14
#66C2A5	38	1.58934946246667	38	sous-entraînement	VC à 2 blocs 14
#FC8D62	39	1.70528333933618	39	validation	VC à 2 blocs 14
#66C2A5	40	1.67159837698355	40	sous-entraînement	VC à 2 blocs 14
#FC8D62	41	0.313055412190002	41	validation	VC à 2 blocs 14
#66C2A5	42	0.30417160380171	42	sous-entraînement	VC à 2 blocs 14
#66C2A5	43	0.399204109355834	43	sous-entraînement	VC à 2 blocs 14
#FC8D62	44	0.385174091682726	44	validation	VC à 2 blocs 14
#66C2A5	45	0.260632202360409	45	sous-entraînement	VC à 2 blocs 14
#66C2A5	46	0.258758256119149	46	sous-entraînement	VC à 2 blocs 14
#FC8D62	47	0.365965968029044	47	validation	VC à 2 blocs 14
#FC8D62	48	0.406361064266902	48	validation	VC à 2 blocs 14
#FC8D62	49	0.318273150600338	49	validation	VC à 2 blocs 14
#66C2A5	50	0.417618544460782	50	sous-entraînement	VC à 2 blocs 14
#66C2A5	1	-0.689099191816566	1	sous-entraînement	VC à 2 blocs 31
#66C2A5	2	-0.608089478320124	2	sous-entraînement	VC à 2 blocs 31
#FC8D62	3	-0.710016671983337	3	validation	VC à 2 blocs 31
#66C2A5	4	-0.466925730528553	4	sous-entraînement	VC à 2 blocs 31
#FC8D62	5	-0.593503033560796	5	validation	VC à 2 blocs 31
#66C2A5	6	-0.708500649154134	6	sous-entraînement	VC à 2 blocs 31
#FC8D62	7	-0.577710905499484	7	validation	VC à 2 blocs 31
#FC8D62	8	-0.552621340229411	8	validation	VC à 2 blocs 31
#FC8D62	9	-0.568875675576983	9	validation	VC à 2 blocs 31
#66C2A5	10	-0.656992649457968	10	sous-entraînement	VC à 2 blocs 31
#FC8D62	11	0.334821441067167	11	validation	VC à 2 blocs 31
#66C2A5	12	0.222627647863225	12	sous-entraînement	VC à 2 blocs 31
#FC8D62	13	0.121519266167902	13	validation	VC à 2 blocs 31
#FC8D62	14	-0.0378266644956678	14	validation	VC à 2 blocs 31
#66C2A5	15	0.296136416036393	15	sous-entraînement	VC à 2 blocs 31
#66C2A5	16	0.179149963320559	16	sous-entraînement	VC à 2 blocs 31
#66C2A5	17	0.182024297912188	17	sous-entraînement	VC à 2 blocs 31
#66C2A5	18	0.278026945290612	18	sous-entraînement	VC à 2 blocs 31
#66C2A5	19	0.265765443731891	19	sous-entraînement	VC à 2 blocs 31
#66C2A5	20	0.243033456343833	20	sous-entraînement	VC à 2 blocs 31
#FC8D62	21	-0.743730875249225	21	validation	VC à 2 blocs 31
#66C2A5	22	-0.757414982336941	22	sous-entraînement	VC à 2 blocs 31
#FC8D62	23	-0.828172114073528	23	validation	VC à 2 blocs 31
#66C2A5	24	-1.03456378199638	24	sous-entraînement	VC à 2 blocs 31
#FC8D62	25	-0.773646037620576	25	validation	VC à 2 blocs 31
#FC8D62	26	-0.841241486362947	26	validation	VC à 2 blocs 31
#FC8D62	27	-0.85120816308058	27	validation	VC à 2 blocs 31
#FC8D62	28	-0.982703850799975	28	validation	VC à 2 blocs 31
#FC8D62	29	-0.883443617920909	29	validation	VC à 2 blocs 31
#66C2A5	30	-0.793834456390077	30	sous-entraînement	VC à 2 blocs 31
#66C2A5	31	1.7311487572907	31	sous-entraînement	VC à 2 blocs 31
#66C2A5	32	1.58500202940349	32	sous-entraînement	VC à 2 blocs 31
#FC8D62	33	1.63404796329373	33	validation	VC à 2 blocs 31
#66C2A5	34	1.5899002980795	34	sous-entraînement	VC à 2 blocs 31
#66C2A5	35	1.45757484645493	35	sous-entraînement	VC à 2 blocs 31
#FC8D62	36	1.55378134580782	36	validation	VC à 2 blocs 31
#FC8D62	37	1.55585180676676	37	validation	VC à 2 blocs 31
#FC8D62	38	1.58934946246667	38	validation	VC à 2 blocs 31
#66C2A5	39	1.70528333933618	39	sous-entraînement	VC à 2 blocs 31
#FC8D62	40	1.67159837698355	40	validation	VC à 2 blocs 31
#66C2A5	41	0.313055412190002	41	sous-entraînement	VC à 2 blocs 31
#FC8D62	42	0.30417160380171	42	validation	VC à 2 blocs 31
#FC8D62	43	0.399204109355834	43	validation	VC à 2 blocs 31
#66C2A5	44	0.385174091682726	44	sous-entraînement	VC à 2 blocs 31
#FC8D62	45	0.260632202360409	45	validation	VC à 2 blocs 31
#FC8D62	46	0.258758256119149	46	validation	VC à 2 blocs 31
#66C2A5	47	0.365965968029044	47	sous-entraînement	VC à 2 blocs 31
#66C2A5	48	0.406361064266902	48	sous-entraînement	VC à 2 blocs 31
#66C2A5	49	0.318273150600338	49	sous-entraînement	VC à 2 blocs 31
#FC8D62	50	0.417618544460782	50	validation	VC à 2 blocs 31
#66C2A5	1	-0.689099191816566	1	sous-entraînement	VC à 2 blocs 15
#FC8D62	2	-0.608089478320124	2	validation	VC à 2 blocs 15
#66C2A5	3	-0.710016671983337	3	sous-entraînement	VC à 2 blocs 15
#FC8D62	4	-0.466925730528553	4	validation	VC à 2 blocs 15
#FC8D62	5	-0.593503033560796	5	validation	VC à 2 blocs 15
#FC8D62	6	-0.708500649154134	6	validation	VC à 2 blocs 15
#66C2A5	7	-0.577710905499484	7	sous-entraînement	VC à 2 blocs 15
#66C2A5	8	-0.552621340229411	8	sous-entraînement	VC à 2 blocs 15
#66C2A5	9	-0.568875675576983	9	sous-entraînement	VC à 2 blocs 15
#66C2A5	10	-0.656992649457968	10	sous-entraînement	VC à 2 blocs 15
#FC8D62	11	0.334821441067167	11	validation	VC à 2 blocs 15
#66C2A5	12	0.222627647863225	12	sous-entraînement	VC à 2 blocs 15
#FC8D62	13	0.121519266167902	13	validation	VC à 2 blocs 15
#66C2A5	14	-0.0378266644956678	14	sous-entraînement	VC à 2 blocs 15
#66C2A5	15	0.296136416036393	15	sous-entraînement	VC à 2 blocs 15
#FC8D62	16	0.179149963320559	16	validation	VC à 2 blocs 15
#FC8D62	17	0.182024297912188	17	validation	VC à 2 blocs 15
#FC8D62	18	0.278026945290612	18	validation	VC à 2 blocs 15
#66C2A5	19	0.265765443731891	19	sous-entraînement	VC à 2 blocs 15
#66C2A5	20	0.243033456343833	20	sous-entraînement	VC à 2 blocs 15
#FC8D62	21	-0.743730875249225	21	validation	VC à 2 blocs 15
#FC8D62	22	-0.757414982336941	22	validation	VC à 2 blocs 15
#FC8D62	23	-0.828172114073528	23	validation	VC à 2 blocs 15
#FC8D62	24	-1.03456378199638	24	validation	VC à 2 blocs 15
#66C2A5	25	-0.773646037620576	25	sous-entraînement	VC à 2 blocs 15
#66C2A5	26	-0.841241486362947	26	sous-entraînement	VC à 2 blocs 15
#66C2A5	27	-0.85120816308058	27	sous-entraînement	VC à 2 blocs 15
#66C2A5	28	-0.982703850799975	28	sous-entraînement	VC à 2 blocs 15
#FC8D62	29	-0.883443617920909	29	validation	VC à 2 blocs 15
#66C2A5	30	-0.793834456390077	30	sous-entraînement	VC à 2 blocs 15
#FC8D62	31	1.7311487572907	31	validation	VC à 2 blocs 15
#FC8D62	32	1.58500202940349	32	validation	VC à 2 blocs 15
#66C2A5	33	1.63404796329373	33	sous-entraînement	VC à 2 blocs 15
#66C2A5	34	1.5899002980795	34	sous-entraînement	VC à 2 blocs 15
#FC8D62	35	1.45757484645493	35	validation	VC à 2 blocs 15
#66C2A5	36	1.55378134580782	36	sous-entraînement	VC à 2 blocs 15
#66C2A5	37	1.55585180676676	37	sous-entraînement	VC à 2 blocs 15
#66C2A5	38	1.58934946246667	38	sous-entraînement	VC à 2 blocs 15
#FC8D62	39	1.70528333933618	39	validation	VC à 2 blocs 15
#66C2A5	40	1.67159837698355	40	sous-entraînement	VC à 2 blocs 15
#66C2A5	41	0.313055412190002	41	sous-entraînement	VC à 2 blocs 15
#FC8D62	42	0.30417160380171	42	validation	VC à 2 blocs 15
#FC8D62	43	0.399204109355834	43	validation	VC à 2 blocs 15
#FC8D62	44	0.385174091682726	44	validation	VC à 2 blocs 15
#FC8D62	45	0.260632202360409	45	validation	VC à 2 blocs 15
#66C2A5	46	0.258758256119149	46	sous-entraînement	VC à 2 blocs 15
#FC8D62	47	0.365965968029044	47	validation	VC à 2 blocs 15
#66C2A5	48	0.406361064266902	48	sous-entraînement	VC à 2 blocs 15
#FC8D62	49	0.318273150600338	49	validation	VC à 2 blocs 15
#FC8D62	50	0.417618544460782	50	validation	VC à 2 blocs 15
#FC8D62	1	-0.689099191816566	1	validation	VC à 2 blocs 74
#66C2A5	2	-0.608089478320124	2	sous-entraînement	VC à 2 blocs 74
#FC8D62	3	-0.710016671983337	3	validation	VC à 2 blocs 74
#66C2A5	4	-0.466925730528553	4	sous-entraînement	VC à 2 blocs 74
#66C2A5	5	-0.593503033560796	5	sous-entraînement	VC à 2 blocs 74
#66C2A5	6	-0.708500649154134	6	sous-entraînement	VC à 2 blocs 74
#FC8D62	7	-0.577710905499484	7	validation	VC à 2 blocs 74
#FC8D62	8	-0.552621340229411	8	validation	VC à 2 blocs 74
#FC8D62	9	-0.568875675576983	9	validation	VC à 2 blocs 74
#FC8D62	10	-0.656992649457968	10	validation	VC à 2 blocs 74
#66C2A5	11	0.334821441067167	11	sous-entraînement	VC à 2 blocs 74
#FC8D62	12	0.222627647863225	12	validation	VC à 2 blocs 74
#66C2A5	13	0.121519266167902	13	sous-entraînement	VC à 2 blocs 74
#FC8D62	14	-0.0378266644956678	14	validation	VC à 2 blocs 74
#FC8D62	15	0.296136416036393	15	validation	VC à 2 blocs 74
#66C2A5	16	0.179149963320559	16	sous-entraînement	VC à 2 blocs 74
#66C2A5	17	0.182024297912188	17	sous-entraînement	VC à 2 blocs 74
#66C2A5	18	0.278026945290612	18	sous-entraînement	VC à 2 blocs 74
#FC8D62	19	0.265765443731891	19	validation	VC à 2 blocs 74
#FC8D62	20	0.243033456343833	20	validation	VC à 2 blocs 74
#66C2A5	21	-0.743730875249225	21	sous-entraînement	VC à 2 blocs 74
#66C2A5	22	-0.757414982336941	22	sous-entraînement	VC à 2 blocs 74
#66C2A5	23	-0.828172114073528	23	sous-entraînement	VC à 2 blocs 74
#66C2A5	24	-1.03456378199638	24	sous-entraînement	VC à 2 blocs 74
#FC8D62	25	-0.773646037620576	25	validation	VC à 2 blocs 74
#FC8D62	26	-0.841241486362947	26	validation	VC à 2 blocs 74
#FC8D62	27	-0.85120816308058	27	validation	VC à 2 blocs 74
#FC8D62	28	-0.982703850799975	28	validation	VC à 2 blocs 74
#66C2A5	29	-0.883443617920909	29	sous-entraînement	VC à 2 blocs 74
#FC8D62	30	-0.793834456390077	30	validation	VC à 2 blocs 74
#66C2A5	31	1.7311487572907	31	sous-entraînement	VC à 2 blocs 74
#66C2A5	32	1.58500202940349	32	sous-entraînement	VC à 2 blocs 74
#FC8D62	33	1.63404796329373	33	validation	VC à 2 blocs 74
#FC8D62	34	1.5899002980795	34	validation	VC à 2 blocs 74
#66C2A5	35	1.45757484645493	35	sous-entraînement	VC à 2 blocs 74
#FC8D62	36	1.55378134580782	36	validation	VC à 2 blocs 74
#FC8D62	37	1.55585180676676	37	validation	VC à 2 blocs 74
#FC8D62	38	1.58934946246667	38	validation	VC à 2 blocs 74
#66C2A5	39	1.70528333933618	39	sous-entraînement	VC à 2 blocs 74
#FC8D62	40	1.67159837698355	40	validation	VC à 2 blocs 74
#FC8D62	41	0.313055412190002	41	validation	VC à 2 blocs 74
#66C2A5	42	0.30417160380171	42	sous-entraînement	VC à 2 blocs 74
#66C2A5	43	0.399204109355834	43	sous-entraînement	VC à 2 blocs 74
#66C2A5	44	0.385174091682726	44	sous-entraînement	VC à 2 blocs 74
#66C2A5	45	0.260632202360409	45	sous-entraînement	VC à 2 blocs 74
#FC8D62	46	0.258758256119149	46	validation	VC à 2 blocs 74
#66C2A5	47	0.365965968029044	47	sous-entraînement	VC à 2 blocs 74
#FC8D62	48	0.406361064266902	48	validation	VC à 2 blocs 74
#66C2A5	49	0.318273150600338	49	sous-entraînement	VC à 2 blocs 74
#66C2A5	50	0.417618544460782	50	sous-entraînement	VC à 2 blocs 74
#FC8D62	1	-0.689099191816566	1	validation	VC à 2 blocs 81
#FC8D62	2	-0.608089478320124	2	validation	VC à 2 blocs 81
#66C2A5	3	-0.710016671983337	3	sous-entraînement	VC à 2 blocs 81
#FC8D62	4	-0.466925730528553	4	validation	VC à 2 blocs 81
#66C2A5	5	-0.593503033560796	5	sous-entraînement	VC à 2 blocs 81
#FC8D62	6	-0.708500649154134	6	validation	VC à 2 blocs 81
#FC8D62	7	-0.577710905499484	7	validation	VC à 2 blocs 81
#FC8D62	8	-0.552621340229411	8	validation	VC à 2 blocs 81
#FC8D62	9	-0.568875675576983	9	validation	VC à 2 blocs 81
#FC8D62	10	-0.656992649457968	10	validation	VC à 2 blocs 81
#FC8D62	11	0.334821441067167	11	validation	VC à 2 blocs 81
#FC8D62	12	0.222627647863225	12	validation	VC à 2 blocs 81
#66C2A5	13	0.121519266167902	13	sous-entraînement	VC à 2 blocs 81
#FC8D62	14	-0.0378266644956678	14	validation	VC à 2 blocs 81
#66C2A5	15	0.296136416036393	15	sous-entraînement	VC à 2 blocs 81
#66C2A5	16	0.179149963320559	16	sous-entraînement	VC à 2 blocs 81
#FC8D62	17	0.182024297912188	17	validation	VC à 2 blocs 81
#66C2A5	18	0.278026945290612	18	sous-entraînement	VC à 2 blocs 81
#66C2A5	19	0.265765443731891	19	sous-entraînement	VC à 2 blocs 81
#66C2A5	20	0.243033456343833	20	sous-entraînement	VC à 2 blocs 81
#FC8D62	21	-0.743730875249225	21	validation	VC à 2 blocs 81
#66C2A5	22	-0.757414982336941	22	sous-entraînement	VC à 2 blocs 81
#FC8D62	23	-0.828172114073528	23	validation	VC à 2 blocs 81
#FC8D62	24	-1.03456378199638	24	validation	VC à 2 blocs 81
#FC8D62	25	-0.773646037620576	25	validation	VC à 2 blocs 81
#FC8D62	26	-0.841241486362947	26	validation	VC à 2 blocs 81
#66C2A5	27	-0.85120816308058	27	sous-entraînement	VC à 2 blocs 81
#66C2A5	28	-0.982703850799975	28	sous-entraînement	VC à 2 blocs 81
#66C2A5	29	-0.883443617920909	29	sous-entraînement	VC à 2 blocs 81
#66C2A5	30	-0.793834456390077	30	sous-entraînement	VC à 2 blocs 81
#66C2A5	31	1.7311487572907	31	sous-entraînement	VC à 2 blocs 81
#66C2A5	32	1.58500202940349	32	sous-entraînement	VC à 2 blocs 81
#66C2A5	33	1.63404796329373	33	sous-entraînement	VC à 2 blocs 81
#FC8D62	34	1.5899002980795	34	validation	VC à 2 blocs 81
#66C2A5	35	1.45757484645493	35	sous-entraînement	VC à 2 blocs 81
#66C2A5	36	1.55378134580782	36	sous-entraînement	VC à 2 blocs 81
#FC8D62	37	1.55585180676676	37	validation	VC à 2 blocs 81
#66C2A5	38	1.58934946246667	38	sous-entraînement	VC à 2 blocs 81
#FC8D62	39	1.70528333933618	39	validation	VC à 2 blocs 81
#FC8D62	40	1.67159837698355	40	validation	VC à 2 blocs 81
#66C2A5	41	0.313055412190002	41	sous-entraînement	VC à 2 blocs 81
#FC8D62	42	0.30417160380171	42	validation	VC à 2 blocs 81
#66C2A5	43	0.399204109355834	43	sous-entraînement	VC à 2 blocs 81
#66C2A5	44	0.385174091682726	44	sous-entraînement	VC à 2 blocs 81
#FC8D62	45	0.260632202360409	45	validation	VC à 2 blocs 81
#FC8D62	46	0.258758256119149	46	validation	VC à 2 blocs 81
#66C2A5	47	0.365965968029044	47	sous-entraînement	VC à 2 blocs 81
#FC8D62	48	0.406361064266902	48	validation	VC à 2 blocs 81
#66C2A5	49	0.318273150600338	49	sous-entraînement	VC à 2 blocs 81
#66C2A5	50	0.417618544460782	50	sous-entraînement	VC à 2 blocs 81
#66C2A5	1	-0.689099191816566	1	sous-entraînement	VC à 2 blocs 53
#66C2A5	2	-0.608089478320124	2	sous-entraînement	VC à 2 blocs 53
#FC8D62	3	-0.710016671983337	3	validation	VC à 2 blocs 53
#66C2A5	4	-0.466925730528553	4	sous-entraînement	VC à 2 blocs 53
#FC8D62	5	-0.593503033560796	5	validation	VC à 2 blocs 53
#66C2A5	6	-0.708500649154134	6	sous-entraînement	VC à 2 blocs 53
#66C2A5	7	-0.577710905499484	7	sous-entraînement	VC à 2 blocs 53
#66C2A5	8	-0.552621340229411	8	sous-entraînement	VC à 2 blocs 53
#66C2A5	9	-0.568875675576983	9	sous-entraînement	VC à 2 blocs 53
#66C2A5	10	-0.656992649457968	10	sous-entraînement	VC à 2 blocs 53
#66C2A5	11	0.334821441067167	11	sous-entraînement	VC à 2 blocs 53
#66C2A5	12	0.222627647863225	12	sous-entraînement	VC à 2 blocs 53
#FC8D62	13	0.121519266167902	13	validation	VC à 2 blocs 53
#66C2A5	14	-0.0378266644956678	14	sous-entraînement	VC à 2 blocs 53
#FC8D62	15	0.296136416036393	15	validation	VC à 2 blocs 53
#FC8D62	16	0.179149963320559	16	validation	VC à 2 blocs 53
#66C2A5	17	0.182024297912188	17	sous-entraînement	VC à 2 blocs 53
#FC8D62	18	0.278026945290612	18	validation	VC à 2 blocs 53
#FC8D62	19	0.265765443731891	19	validation	VC à 2 blocs 53
#FC8D62	20	0.243033456343833	20	validation	VC à 2 blocs 53
#66C2A5	21	-0.743730875249225	21	sous-entraînement	VC à 2 blocs 53
#FC8D62	22	-0.757414982336941	22	validation	VC à 2 blocs 53
#66C2A5	23	-0.828172114073528	23	sous-entraînement	VC à 2 blocs 53
#66C2A5	24	-1.03456378199638	24	sous-entraînement	VC à 2 blocs 53
#66C2A5	25	-0.773646037620576	25	sous-entraînement	VC à 2 blocs 53
#66C2A5	26	-0.841241486362947	26	sous-entraînement	VC à 2 blocs 53
#FC8D62	27	-0.85120816308058	27	validation	VC à 2 blocs 53
#FC8D62	28	-0.982703850799975	28	validation	VC à 2 blocs 53
#FC8D62	29	-0.883443617920909	29	validation	VC à 2 blocs 53
#FC8D62	30	-0.793834456390077	30	validation	VC à 2 blocs 53
#FC8D62	31	1.7311487572907	31	validation	VC à 2 blocs 53
#FC8D62	32	1.58500202940349	32	validation	VC à 2 blocs 53
#FC8D62	33	1.63404796329373	33	validation	VC à 2 blocs 53
#66C2A5	34	1.5899002980795	34	sous-entraînement	VC à 2 blocs 53
#FC8D62	35	1.45757484645493	35	validation	VC à 2 blocs 53
#FC8D62	36	1.55378134580782	36	validation	VC à 2 blocs 53
#66C2A5	37	1.55585180676676	37	sous-entraînement	VC à 2 blocs 53
#FC8D62	38	1.58934946246667	38	validation	VC à 2 blocs 53
#66C2A5	39	1.70528333933618	39	sous-entraînement	VC à 2 blocs 53
#66C2A5	40	1.67159837698355	40	sous-entraînement	VC à 2 blocs 53
#FC8D62	41	0.313055412190002	41	validation	VC à 2 blocs 53
#66C2A5	42	0.30417160380171	42	sous-entraînement	VC à 2 blocs 53
#FC8D62	43	0.399204109355834	43	validation	VC à 2 blocs 53
#FC8D62	44	0.385174091682726	44	validation	VC à 2 blocs 53
#66C2A5	45	0.260632202360409	45	sous-entraînement	VC à 2 blocs 53
#66C2A5	46	0.258758256119149	46	sous-entraînement	VC à 2 blocs 53
#FC8D62	47	0.365965968029044	47	validation	VC à 2 blocs 53
#66C2A5	48	0.406361064266902	48	sous-entraînement	VC à 2 blocs 53
#FC8D62	49	0.318273150600338	49	validation	VC à 2 blocs 53
#FC8D62	50	0.417618544460782	50	validation	VC à 2 blocs 53
#FC8D62	1	-0.689099191816566	1	validation	VC à 2 blocs 96
#66C2A5	2	-0.608089478320124	2	sous-entraînement	VC à 2 blocs 96
#FC8D62	3	-0.710016671983337	3	validation	VC à 2 blocs 96
#66C2A5	4	-0.466925730528553	4	sous-entraînement	VC à 2 blocs 96
#66C2A5	5	-0.593503033560796	5	sous-entraînement	VC à 2 blocs 96
#FC8D62	6	-0.708500649154134	6	validation	VC à 2 blocs 96
#FC8D62	7	-0.577710905499484	7	validation	VC à 2 blocs 96
#FC8D62	8	-0.552621340229411	8	validation	VC à 2 blocs 96
#FC8D62	9	-0.568875675576983	9	validation	VC à 2 blocs 96
#FC8D62	10	-0.656992649457968	10	validation	VC à 2 blocs 96
#FC8D62	11	0.334821441067167	11	validation	VC à 2 blocs 96
#FC8D62	12	0.222627647863225	12	validation	VC à 2 blocs 96
#FC8D62	13	0.121519266167902	13	validation	VC à 2 blocs 96
#FC8D62	14	-0.0378266644956678	14	validation	VC à 2 blocs 96
#FC8D62	15	0.296136416036393	15	validation	VC à 2 blocs 96
#66C2A5	16	0.179149963320559	16	sous-entraînement	VC à 2 blocs 96
#FC8D62	17	0.182024297912188	17	validation	VC à 2 blocs 96
#FC8D62	18	0.278026945290612	18	validation	VC à 2 blocs 96
#66C2A5	19	0.265765443731891	19	sous-entraînement	VC à 2 blocs 96
#66C2A5	20	0.243033456343833	20	sous-entraînement	VC à 2 blocs 96
#66C2A5	21	-0.743730875249225	21	sous-entraînement	VC à 2 blocs 96
#FC8D62	22	-0.757414982336941	22	validation	VC à 2 blocs 96
#FC8D62	23	-0.828172114073528	23	validation	VC à 2 blocs 96
#FC8D62	24	-1.03456378199638	24	validation	VC à 2 blocs 96
#FC8D62	25	-0.773646037620576	25	validation	VC à 2 blocs 96
#66C2A5	26	-0.841241486362947	26	sous-entraînement	VC à 2 blocs 96
#66C2A5	27	-0.85120816308058	27	sous-entraînement	VC à 2 blocs 96
#66C2A5	28	-0.982703850799975	28	sous-entraînement	VC à 2 blocs 96
#66C2A5	29	-0.883443617920909	29	sous-entraînement	VC à 2 blocs 96
#66C2A5	30	-0.793834456390077	30	sous-entraînement	VC à 2 blocs 96
#66C2A5	31	1.7311487572907	31	sous-entraînement	VC à 2 blocs 96
#FC8D62	32	1.58500202940349	32	validation	VC à 2 blocs 96
#66C2A5	33	1.63404796329373	33	sous-entraînement	VC à 2 blocs 96
#FC8D62	34	1.5899002980795	34	validation	VC à 2 blocs 96
#66C2A5	35	1.45757484645493	35	sous-entraînement	VC à 2 blocs 96
#66C2A5	36	1.55378134580782	36	sous-entraînement	VC à 2 blocs 96
#FC8D62	37	1.55585180676676	37	validation	VC à 2 blocs 96
#66C2A5	38	1.58934946246667	38	sous-entraînement	VC à 2 blocs 96
#66C2A5	39	1.70528333933618	39	sous-entraînement	VC à 2 blocs 96
#FC8D62	40	1.67159837698355	40	validation	VC à 2 blocs 96
#66C2A5	41	0.313055412190002	41	sous-entraînement	VC à 2 blocs 96
#66C2A5	42	0.30417160380171	42	sous-entraînement	VC à 2 blocs 96
#66C2A5	43	0.399204109355834	43	sous-entraînement	VC à 2 blocs 96
#FC8D62	44	0.385174091682726	44	validation	VC à 2 blocs 96
#66C2A5	45	0.260632202360409	45	sous-entraînement	VC à 2 blocs 96
#FC8D62	46	0.258758256119149	46	validation	VC à 2 blocs 96
#66C2A5	47	0.365965968029044	47	sous-entraînement	VC à 2 blocs 96
#66C2A5	48	0.406361064266902	48	sous-entraînement	VC à 2 blocs 96
#66C2A5	49	0.318273150600338	49	sous-entraînement	VC à 2 blocs 96
#FC8D62	50	0.417618544460782	50	validation	VC à 2 blocs 96
#66C2A5	1	-0.689099191816566	1	sous-entraînement	VC à 2 blocs 1
#FC8D62	2	-0.608089478320124	2	validation	VC à 2 blocs 1
#66C2A5	3	-0.710016671983337	3	sous-entraînement	VC à 2 blocs 1
#FC8D62	4	-0.466925730528553	4	validation	VC à 2 blocs 1
#FC8D62	5	-0.593503033560796	5	validation	VC à 2 blocs 1
#66C2A5	6	-0.708500649154134	6	sous-entraînement	VC à 2 blocs 1
#66C2A5	7	-0.577710905499484	7	sous-entraînement	VC à 2 blocs 1
#66C2A5	8	-0.552621340229411	8	sous-entraînement	VC à 2 blocs 1
#66C2A5	9	-0.568875675576983	9	sous-entraînement	VC à 2 blocs 1
#66C2A5	10	-0.656992649457968	10	sous-entraînement	VC à 2 blocs 1
#66C2A5	11	0.334821441067167	11	sous-entraînement	VC à 2 blocs 1
#66C2A5	12	0.222627647863225	12	sous-entraînement	VC à 2 blocs 1
#66C2A5	13	0.121519266167902	13	sous-entraînement	VC à 2 blocs 1
#66C2A5	14	-0.0378266644956678	14	sous-entraînement	VC à 2 blocs 1
#66C2A5	15	0.296136416036393	15	sous-entraînement	VC à 2 blocs 1
#FC8D62	16	0.179149963320559	16	validation	VC à 2 blocs 1
#66C2A5	17	0.182024297912188	17	sous-entraînement	VC à 2 blocs 1
#66C2A5	18	0.278026945290612	18	sous-entraînement	VC à 2 blocs 1
#FC8D62	19	0.265765443731891	19	validation	VC à 2 blocs 1
#FC8D62	20	0.243033456343833	20	validation	VC à 2 blocs 1
#FC8D62	21	-0.743730875249225	21	validation	VC à 2 blocs 1
#66C2A5	22	-0.757414982336941	22	sous-entraînement	VC à 2 blocs 1
#66C2A5	23	-0.828172114073528	23	sous-entraînement	VC à 2 blocs 1
#66C2A5	24	-1.03456378199638	24	sous-entraînement	VC à 2 blocs 1
#66C2A5	25	-0.773646037620576	25	sous-entraînement	VC à 2 blocs 1
#FC8D62	26	-0.841241486362947	26	validation	VC à 2 blocs 1
#FC8D62	27	-0.85120816308058	27	validation	VC à 2 blocs 1
#FC8D62	28	-0.982703850799975	28	validation	VC à 2 blocs 1
#FC8D62	29	-0.883443617920909	29	validation	VC à 2 blocs 1
#FC8D62	30	-0.793834456390077	30	validation	VC à 2 blocs 1
#FC8D62	31	1.7311487572907	31	validation	VC à 2 blocs 1
#66C2A5	32	1.58500202940349	32	sous-entraînement	VC à 2 blocs 1
#FC8D62	33	1.63404796329373	33	validation	VC à 2 blocs 1
#66C2A5	34	1.5899002980795	34	sous-entraînement	VC à 2 blocs 1
#FC8D62	35	1.45757484645493	35	validation	VC à 2 blocs 1
#FC8D62	36	1.55378134580782	36	validation	VC à 2 blocs 1
#66C2A5	37	1.55585180676676	37	sous-entraînement	VC à 2 blocs 1
#FC8D62	38	1.58934946246667	38	validation	VC à 2 blocs 1
#FC8D62	39	1.70528333933618	39	validation	VC à 2 blocs 1
#66C2A5	40	1.67159837698355	40	sous-entraînement	VC à 2 blocs 1
#FC8D62	41	0.313055412190002	41	validation	VC à 2 blocs 1
#FC8D62	42	0.30417160380171	42	validation	VC à 2 blocs 1
#FC8D62	43	0.399204109355834	43	validation	VC à 2 blocs 1
#66C2A5	44	0.385174091682726	44	sous-entraînement	VC à 2 blocs 1
#FC8D62	45	0.260632202360409	45	validation	VC à 2 blocs 1
#66C2A5	46	0.258758256119149	46	sous-entraînement	VC à 2 blocs 1
#FC8D62	47	0.365965968029044	47	validation	VC à 2 blocs 1
#FC8D62	48	0.406361064266902	48	validation	VC à 2 blocs 1
#FC8D62	49	0.318273150600338	49	validation	VC à 2 blocs 1
#66C2A5	50	0.417618544460782	50	sous-entraînement	VC à 2 blocs 1
#FC8D62	1	-0.689099191816566	1	validation	VC à 2 blocs 16
#66C2A5	2	-0.608089478320124	2	sous-entraînement	VC à 2 blocs 16
#FC8D62	3	-0.710016671983337	3	validation	VC à 2 blocs 16
#66C2A5	4	-0.466925730528553	4	sous-entraînement	VC à 2 blocs 16
#66C2A5	5	-0.593503033560796	5	sous-entraînement	VC à 2 blocs 16
#FC8D62	6	-0.708500649154134	6	validation	VC à 2 blocs 16
#FC8D62	7	-0.577710905499484	7	validation	VC à 2 blocs 16
#FC8D62	8	-0.552621340229411	8	validation	VC à 2 blocs 16
#66C2A5	9	-0.568875675576983	9	sous-entraînement	VC à 2 blocs 16
#66C2A5	10	-0.656992649457968	10	sous-entraînement	VC à 2 blocs 16
#FC8D62	11	0.334821441067167	11	validation	VC à 2 blocs 16
#FC8D62	12	0.222627647863225	12	validation	VC à 2 blocs 16
#66C2A5	13	0.121519266167902	13	sous-entraînement	VC à 2 blocs 16
#66C2A5	14	-0.0378266644956678	14	sous-entraînement	VC à 2 blocs 16
#66C2A5	15	0.296136416036393	15	sous-entraînement	VC à 2 blocs 16
#66C2A5	16	0.179149963320559	16	sous-entraînement	VC à 2 blocs 16
#66C2A5	17	0.182024297912188	17	sous-entraînement	VC à 2 blocs 16
#FC8D62	18	0.278026945290612	18	validation	VC à 2 blocs 16
#FC8D62	19	0.265765443731891	19	validation	VC à 2 blocs 16
#66C2A5	20	0.243033456343833	20	sous-entraînement	VC à 2 blocs 16
#FC8D62	21	-0.743730875249225	21	validation	VC à 2 blocs 16
#FC8D62	22	-0.757414982336941	22	validation	VC à 2 blocs 16
#66C2A5	23	-0.828172114073528	23	sous-entraînement	VC à 2 blocs 16
#FC8D62	24	-1.03456378199638	24	validation	VC à 2 blocs 16
#66C2A5	25	-0.773646037620576	25	sous-entraînement	VC à 2 blocs 16
#FC8D62	26	-0.841241486362947	26	validation	VC à 2 blocs 16
#66C2A5	27	-0.85120816308058	27	sous-entraînement	VC à 2 blocs 16
#FC8D62	28	-0.982703850799975	28	validation	VC à 2 blocs 16
#66C2A5	29	-0.883443617920909	29	sous-entraînement	VC à 2 blocs 16
#FC8D62	30	-0.793834456390077	30	validation	VC à 2 blocs 16
#FC8D62	31	1.7311487572907	31	validation	VC à 2 blocs 16
#FC8D62	32	1.58500202940349	32	validation	VC à 2 blocs 16
#FC8D62	33	1.63404796329373	33	validation	VC à 2 blocs 16
#66C2A5	34	1.5899002980795	34	sous-entraînement	VC à 2 blocs 16
#FC8D62	35	1.45757484645493	35	validation	VC à 2 blocs 16
#66C2A5	36	1.55378134580782	36	sous-entraînement	VC à 2 blocs 16
#66C2A5	37	1.55585180676676	37	sous-entraînement	VC à 2 blocs 16
#66C2A5	38	1.58934946246667	38	sous-entraînement	VC à 2 blocs 16
#66C2A5	39	1.70528333933618	39	sous-entraînement	VC à 2 blocs 16
#FC8D62	40	1.67159837698355	40	validation	VC à 2 blocs 16
#66C2A5	41	0.313055412190002	41	sous-entraînement	VC à 2 blocs 16
#66C2A5	42	0.30417160380171	42	sous-entraînement	VC à 2 blocs 16
#FC8D62	43	0.399204109355834	43	validation	VC à 2 blocs 16
#66C2A5	44	0.385174091682726	44	sous-entraînement	VC à 2 blocs 16
#66C2A5	45	0.260632202360409	45	sous-entraînement	VC à 2 blocs 16
#66C2A5	46	0.258758256119149	46	sous-entraînement	VC à 2 blocs 16
#FC8D62	47	0.365965968029044	47	validation	VC à 2 blocs 16
#FC8D62	48	0.406361064266902	48	validation	VC à 2 blocs 16
#FC8D62	49	0.318273150600338	49	validation	VC à 2 blocs 16
#FC8D62	50	0.417618544460782	50	validation	VC à 2 blocs 16
#66C2A5	1	-0.689099191816566	1	sous-entraînement	VC à 2 blocs 54
#FC8D62	2	-0.608089478320124	2	validation	VC à 2 blocs 54
#66C2A5	3	-0.710016671983337	3	sous-entraînement	VC à 2 blocs 54
#FC8D62	4	-0.466925730528553	4	validation	VC à 2 blocs 54
#FC8D62	5	-0.593503033560796	5	validation	VC à 2 blocs 54
#66C2A5	6	-0.708500649154134	6	sous-entraînement	VC à 2 blocs 54
#66C2A5	7	-0.577710905499484	7	sous-entraînement	VC à 2 blocs 54
#66C2A5	8	-0.552621340229411	8	sous-entraînement	VC à 2 blocs 54
#FC8D62	9	-0.568875675576983	9	validation	VC à 2 blocs 54
#FC8D62	10	-0.656992649457968	10	validation	VC à 2 blocs 54
#66C2A5	11	0.334821441067167	11	sous-entraînement	VC à 2 blocs 54
#66C2A5	12	0.222627647863225	12	sous-entraînement	VC à 2 blocs 54
#FC8D62	13	0.121519266167902	13	validation	VC à 2 blocs 54
#FC8D62	14	-0.0378266644956678	14	validation	VC à 2 blocs 54
#FC8D62	15	0.296136416036393	15	validation	VC à 2 blocs 54
#FC8D62	16	0.179149963320559	16	validation	VC à 2 blocs 54
#FC8D62	17	0.182024297912188	17	validation	VC à 2 blocs 54
#66C2A5	18	0.278026945290612	18	sous-entraînement	VC à 2 blocs 54
#66C2A5	19	0.265765443731891	19	sous-entraînement	VC à 2 blocs 54
#FC8D62	20	0.243033456343833	20	validation	VC à 2 blocs 54
#66C2A5	21	-0.743730875249225	21	sous-entraînement	VC à 2 blocs 54
#66C2A5	22	-0.757414982336941	22	sous-entraînement	VC à 2 blocs 54
#FC8D62	23	-0.828172114073528	23	validation	VC à 2 blocs 54
#66C2A5	24	-1.03456378199638	24	sous-entraînement	VC à 2 blocs 54
#FC8D62	25	-0.773646037620576	25	validation	VC à 2 blocs 54
#66C2A5	26	-0.841241486362947	26	sous-entraînement	VC à 2 blocs 54
#FC8D62	27	-0.85120816308058	27	validation	VC à 2 blocs 54
#66C2A5	28	-0.982703850799975	28	sous-entraînement	VC à 2 blocs 54
#FC8D62	29	-0.883443617920909	29	validation	VC à 2 blocs 54
#66C2A5	30	-0.793834456390077	30	sous-entraînement	VC à 2 blocs 54
#66C2A5	31	1.7311487572907	31	sous-entraînement	VC à 2 blocs 54
#66C2A5	32	1.58500202940349	32	sous-entraînement	VC à 2 blocs 54
#66C2A5	33	1.63404796329373	33	sous-entraînement	VC à 2 blocs 54
#FC8D62	34	1.5899002980795	34	validation	VC à 2 blocs 54
#66C2A5	35	1.45757484645493	35	sous-entraînement	VC à 2 blocs 54
#FC8D62	36	1.55378134580782	36	validation	VC à 2 blocs 54
#FC8D62	37	1.55585180676676	37	validation	VC à 2 blocs 54
#FC8D62	38	1.58934946246667	38	validation	VC à 2 blocs 54
#FC8D62	39	1.70528333933618	39	validation	VC à 2 blocs 54
#66C2A5	40	1.67159837698355	40	sous-entraînement	VC à 2 blocs 54
#FC8D62	41	0.313055412190002	41	validation	VC à 2 blocs 54
#FC8D62	42	0.30417160380171	42	validation	VC à 2 blocs 54
#66C2A5	43	0.399204109355834	43	sous-entraînement	VC à 2 blocs 54
#FC8D62	44	0.385174091682726	44	validation	VC à 2 blocs 54
#FC8D62	45	0.260632202360409	45	validation	VC à 2 blocs 54
#FC8D62	46	0.258758256119149	46	validation	VC à 2 blocs 54
#66C2A5	47	0.365965968029044	47	sous-entraînement	VC à 2 blocs 54
#66C2A5	48	0.406361064266902	48	sous-entraînement	VC à 2 blocs 54
#66C2A5	49	0.318273150600338	49	sous-entraînement	VC à 2 blocs 54
#66C2A5	50	0.417618544460782	50	sous-entraînement	VC à 2 blocs 54
#66C2A5	1	-0.689099191816566	1	sous-entraînement	VC à 2 blocs 75
#66C2A5	2	-0.608089478320124	2	sous-entraînement	VC à 2 blocs 75
#FC8D62	3	-0.710016671983337	3	validation	VC à 2 blocs 75
#66C2A5	4	-0.466925730528553	4	sous-entraînement	VC à 2 blocs 75
#66C2A5	5	-0.593503033560796	5	sous-entraînement	VC à 2 blocs 75
#FC8D62	6	-0.708500649154134	6	validation	VC à 2 blocs 75
#FC8D62	7	-0.577710905499484	7	validation	VC à 2 blocs 75
#66C2A5	8	-0.552621340229411	8	sous-entraînement	VC à 2 blocs 75
#FC8D62	9	-0.568875675576983	9	validation	VC à 2 blocs 75
#66C2A5	10	-0.656992649457968	10	sous-entraînement	VC à 2 blocs 75
#66C2A5	11	0.334821441067167	11	sous-entraînement	VC à 2 blocs 75
#FC8D62	12	0.222627647863225	12	validation	VC à 2 blocs 75
#FC8D62	13	0.121519266167902	13	validation	VC à 2 blocs 75
#FC8D62	14	-0.0378266644956678	14	validation	VC à 2 blocs 75
#FC8D62	15	0.296136416036393	15	validation	VC à 2 blocs 75
#FC8D62	16	0.179149963320559	16	validation	VC à 2 blocs 75
#FC8D62	17	0.182024297912188	17	validation	VC à 2 blocs 75
#FC8D62	18	0.278026945290612	18	validation	VC à 2 blocs 75
#66C2A5	19	0.265765443731891	19	sous-entraînement	VC à 2 blocs 75
#66C2A5	20	0.243033456343833	20	sous-entraînement	VC à 2 blocs 75
#66C2A5	21	-0.743730875249225	21	sous-entraînement	VC à 2 blocs 75
#66C2A5	22	-0.757414982336941	22	sous-entraînement	VC à 2 blocs 75
#FC8D62	23	-0.828172114073528	23	validation	VC à 2 blocs 75
#FC8D62	24	-1.03456378199638	24	validation	VC à 2 blocs 75
#66C2A5	25	-0.773646037620576	25	sous-entraînement	VC à 2 blocs 75
#FC8D62	26	-0.841241486362947	26	validation	VC à 2 blocs 75
#66C2A5	27	-0.85120816308058	27	sous-entraînement	VC à 2 blocs 75
#FC8D62	28	-0.982703850799975	28	validation	VC à 2 blocs 75
#66C2A5	29	-0.883443617920909	29	sous-entraînement	VC à 2 blocs 75
#66C2A5	30	-0.793834456390077	30	sous-entraînement	VC à 2 blocs 75
#66C2A5	31	1.7311487572907	31	sous-entraînement	VC à 2 blocs 75
#66C2A5	32	1.58500202940349	32	sous-entraînement	VC à 2 blocs 75
#FC8D62	33	1.63404796329373	33	validation	VC à 2 blocs 75
#66C2A5	34	1.5899002980795	34	sous-entraînement	VC à 2 blocs 75
#66C2A5	35	1.45757484645493	35	sous-entraînement	VC à 2 blocs 75
#66C2A5	36	1.55378134580782	36	sous-entraînement	VC à 2 blocs 75
#FC8D62	37	1.55585180676676	37	validation	VC à 2 blocs 75
#FC8D62	38	1.58934946246667	38	validation	VC à 2 blocs 75
#66C2A5	39	1.70528333933618	39	sous-entraînement	VC à 2 blocs 75
#66C2A5	40	1.67159837698355	40	sous-entraînement	VC à 2 blocs 75
#FC8D62	41	0.313055412190002	41	validation	VC à 2 blocs 75
#66C2A5	42	0.30417160380171	42	sous-entraînement	VC à 2 blocs 75
#FC8D62	43	0.399204109355834	43	validation	VC à 2 blocs 75
#66C2A5	44	0.385174091682726	44	sous-entraînement	VC à 2 blocs 75
#FC8D62	45	0.260632202360409	45	validation	VC à 2 blocs 75
#FC8D62	46	0.258758256119149	46	validation	VC à 2 blocs 75
#FC8D62	47	0.365965968029044	47	validation	VC à 2 blocs 75
#66C2A5	48	0.406361064266902	48	sous-entraînement	VC à 2 blocs 75
#FC8D62	49	0.318273150600338	49	validation	VC à 2 blocs 75
#FC8D62	50	0.417618544460782	50	validation	VC à 2 blocs 75
#FC8D62	1	-0.689099191816566	1	validation	VC à 2 blocs 93
#FC8D62	2	-0.608089478320124	2	validation	VC à 2 blocs 93
#66C2A5	3	-0.710016671983337	3	sous-entraînement	VC à 2 blocs 93
#FC8D62	4	-0.466925730528553	4	validation	VC à 2 blocs 93
#FC8D62	5	-0.593503033560796	5	validation	VC à 2 blocs 93
#66C2A5	6	-0.708500649154134	6	sous-entraînement	VC à 2 blocs 93
#66C2A5	7	-0.577710905499484	7	sous-entraînement	VC à 2 blocs 93
#FC8D62	8	-0.552621340229411	8	validation	VC à 2 blocs 93
#66C2A5	9	-0.568875675576983	9	sous-entraînement	VC à 2 blocs 93
#FC8D62	10	-0.656992649457968	10	validation	VC à 2 blocs 93
#FC8D62	11	0.334821441067167	11	validation	VC à 2 blocs 93
#66C2A5	12	0.222627647863225	12	sous-entraînement	VC à 2 blocs 93
#66C2A5	13	0.121519266167902	13	sous-entraînement	VC à 2 blocs 93
#66C2A5	14	-0.0378266644956678	14	sous-entraînement	VC à 2 blocs 93
#66C2A5	15	0.296136416036393	15	sous-entraînement	VC à 2 blocs 93
#66C2A5	16	0.179149963320559	16	sous-entraînement	VC à 2 blocs 93
#66C2A5	17	0.182024297912188	17	sous-entraînement	VC à 2 blocs 93
#66C2A5	18	0.278026945290612	18	sous-entraînement	VC à 2 blocs 93
#FC8D62	19	0.265765443731891	19	validation	VC à 2 blocs 93
#FC8D62	20	0.243033456343833	20	validation	VC à 2 blocs 93
#FC8D62	21	-0.743730875249225	21	validation	VC à 2 blocs 93
#FC8D62	22	-0.757414982336941	22	validation	VC à 2 blocs 93
#66C2A5	23	-0.828172114073528	23	sous-entraînement	VC à 2 blocs 93
#66C2A5	24	-1.03456378199638	24	sous-entraînement	VC à 2 blocs 93
#FC8D62	25	-0.773646037620576	25	validation	VC à 2 blocs 93
#66C2A5	26	-0.841241486362947	26	sous-entraînement	VC à 2 blocs 93
#FC8D62	27	-0.85120816308058	27	validation	VC à 2 blocs 93
#66C2A5	28	-0.982703850799975	28	sous-entraînement	VC à 2 blocs 93
#FC8D62	29	-0.883443617920909	29	validation	VC à 2 blocs 93
#FC8D62	30	-0.793834456390077	30	validation	VC à 2 blocs 93
#FC8D62	31	1.7311487572907	31	validation	VC à 2 blocs 93
#FC8D62	32	1.58500202940349	32	validation	VC à 2 blocs 93
#66C2A5	33	1.63404796329373	33	sous-entraînement	VC à 2 blocs 93
#FC8D62	34	1.5899002980795	34	validation	VC à 2 blocs 93
#FC8D62	35	1.45757484645493	35	validation	VC à 2 blocs 93
#FC8D62	36	1.55378134580782	36	validation	VC à 2 blocs 93
#66C2A5	37	1.55585180676676	37	sous-entraînement	VC à 2 blocs 93
#66C2A5	38	1.58934946246667	38	sous-entraînement	VC à 2 blocs 93
#FC8D62	39	1.70528333933618	39	validation	VC à 2 blocs 93
#FC8D62	40	1.67159837698355	40	validation	VC à 2 blocs 93
#66C2A5	41	0.313055412190002	41	sous-entraînement	VC à 2 blocs 93
#FC8D62	42	0.30417160380171	42	validation	VC à 2 blocs 93
#66C2A5	43	0.399204109355834	43	sous-entraînement	VC à 2 blocs 93
#FC8D62	44	0.385174091682726	44	validation	VC à 2 blocs 93
#66C2A5	45	0.260632202360409	45	sous-entraînement	VC à 2 blocs 93
#66C2A5	46	0.258758256119149	46	sous-entraînement	VC à 2 blocs 93
#66C2A5	47	0.365965968029044	47	sous-entraînement	VC à 2 blocs 93
#FC8D62	48	0.406361064266902	48	validation	VC à 2 blocs 93
#66C2A5	49	0.318273150600338	49	sous-entraînement	VC à 2 blocs 93
#66C2A5	50	0.417618544460782	50	sous-entraînement	VC à 2 blocs 93
#FC8D62	1	-0.689099191816566	1	validation	VC à 2 blocs 55
#FC8D62	2	-0.608089478320124	2	validation	VC à 2 blocs 55
#FC8D62	3	-0.710016671983337	3	validation	VC à 2 blocs 55
#66C2A5	4	-0.466925730528553	4	sous-entraînement	VC à 2 blocs 55
#66C2A5	5	-0.593503033560796	5	sous-entraînement	VC à 2 blocs 55
#FC8D62	6	-0.708500649154134	6	validation	VC à 2 blocs 55
#FC8D62	7	-0.577710905499484	7	validation	VC à 2 blocs 55
#FC8D62	8	-0.552621340229411	8	validation	VC à 2 blocs 55
#66C2A5	9	-0.568875675576983	9	sous-entraînement	VC à 2 blocs 55
#FC8D62	10	-0.656992649457968	10	validation	VC à 2 blocs 55
#FC8D62	11	0.334821441067167	11	validation	VC à 2 blocs 55
#66C2A5	12	0.222627647863225	12	sous-entraînement	VC à 2 blocs 55
#66C2A5	13	0.121519266167902	13	sous-entraînement	VC à 2 blocs 55
#FC8D62	14	-0.0378266644956678	14	validation	VC à 2 blocs 55
#66C2A5	15	0.296136416036393	15	sous-entraînement	VC à 2 blocs 55
#FC8D62	16	0.179149963320559	16	validation	VC à 2 blocs 55
#FC8D62	17	0.182024297912188	17	validation	VC à 2 blocs 55
#66C2A5	18	0.278026945290612	18	sous-entraînement	VC à 2 blocs 55
#66C2A5	19	0.265765443731891	19	sous-entraînement	VC à 2 blocs 55
#66C2A5	20	0.243033456343833	20	sous-entraînement	VC à 2 blocs 55
#66C2A5	21	-0.743730875249225	21	sous-entraînement	VC à 2 blocs 55
#66C2A5	22	-0.757414982336941	22	sous-entraînement	VC à 2 blocs 55
#FC8D62	23	-0.828172114073528	23	validation	VC à 2 blocs 55
#66C2A5	24	-1.03456378199638	24	sous-entraînement	VC à 2 blocs 55
#FC8D62	25	-0.773646037620576	25	validation	VC à 2 blocs 55
#66C2A5	26	-0.841241486362947	26	sous-entraînement	VC à 2 blocs 55
#FC8D62	27	-0.85120816308058	27	validation	VC à 2 blocs 55
#66C2A5	28	-0.982703850799975	28	sous-entraînement	VC à 2 blocs 55
#66C2A5	29	-0.883443617920909	29	sous-entraînement	VC à 2 blocs 55
#FC8D62	30	-0.793834456390077	30	validation	VC à 2 blocs 55
#66C2A5	31	1.7311487572907	31	sous-entraînement	VC à 2 blocs 55
#FC8D62	32	1.58500202940349	32	validation	VC à 2 blocs 55
#66C2A5	33	1.63404796329373	33	sous-entraînement	VC à 2 blocs 55
#66C2A5	34	1.5899002980795	34	sous-entraînement	VC à 2 blocs 55
#66C2A5	35	1.45757484645493	35	sous-entraînement	VC à 2 blocs 55
#66C2A5	36	1.55378134580782	36	sous-entraînement	VC à 2 blocs 55
#FC8D62	37	1.55585180676676	37	validation	VC à 2 blocs 55
#66C2A5	38	1.58934946246667	38	sous-entraînement	VC à 2 blocs 55
#66C2A5	39	1.70528333933618	39	sous-entraînement	VC à 2 blocs 55
#FC8D62	40	1.67159837698355	40	validation	VC à 2 blocs 55
#66C2A5	41	0.313055412190002	41	sous-entraînement	VC à 2 blocs 55
#FC8D62	42	0.30417160380171	42	validation	VC à 2 blocs 55
#FC8D62	43	0.399204109355834	43	validation	VC à 2 blocs 55
#FC8D62	44	0.385174091682726	44	validation	VC à 2 blocs 55
#FC8D62	45	0.260632202360409	45	validation	VC à 2 blocs 55
#66C2A5	46	0.258758256119149	46	sous-entraînement	VC à 2 blocs 55
#FC8D62	47	0.365965968029044	47	validation	VC à 2 blocs 55
#FC8D62	48	0.406361064266902	48	validation	VC à 2 blocs 55
#66C2A5	49	0.318273150600338	49	sous-entraînement	VC à 2 blocs 55
#FC8D62	50	0.417618544460782	50	validation	VC à 2 blocs 55
#66C2A5	1	-0.689099191816566	1	sous-entraînement	VC à 2 blocs 56
#66C2A5	2	-0.608089478320124	2	sous-entraînement	VC à 2 blocs 56
#66C2A5	3	-0.710016671983337	3	sous-entraînement	VC à 2 blocs 56
#FC8D62	4	-0.466925730528553	4	validation	VC à 2 blocs 56
#FC8D62	5	-0.593503033560796	5	validation	VC à 2 blocs 56
#66C2A5	6	-0.708500649154134	6	sous-entraînement	VC à 2 blocs 56
#66C2A5	7	-0.577710905499484	7	sous-entraînement	VC à 2 blocs 56
#66C2A5	8	-0.552621340229411	8	sous-entraînement	VC à 2 blocs 56
#FC8D62	9	-0.568875675576983	9	validation	VC à 2 blocs 56
#66C2A5	10	-0.656992649457968	10	sous-entraînement	VC à 2 blocs 56
#66C2A5	11	0.334821441067167	11	sous-entraînement	VC à 2 blocs 56
#FC8D62	12	0.222627647863225	12	validation	VC à 2 blocs 56
#FC8D62	13	0.121519266167902	13	validation	VC à 2 blocs 56
#66C2A5	14	-0.0378266644956678	14	sous-entraînement	VC à 2 blocs 56
#FC8D62	15	0.296136416036393	15	validation	VC à 2 blocs 56
#66C2A5	16	0.179149963320559	16	sous-entraînement	VC à 2 blocs 56
#66C2A5	17	0.182024297912188	17	sous-entraînement	VC à 2 blocs 56
#FC8D62	18	0.278026945290612	18	validation	VC à 2 blocs 56
#FC8D62	19	0.265765443731891	19	validation	VC à 2 blocs 56
#FC8D62	20	0.243033456343833	20	validation	VC à 2 blocs 56
#FC8D62	21	-0.743730875249225	21	validation	VC à 2 blocs 56
#FC8D62	22	-0.757414982336941	22	validation	VC à 2 blocs 56
#66C2A5	23	-0.828172114073528	23	sous-entraînement	VC à 2 blocs 56
#FC8D62	24	-1.03456378199638	24	validation	VC à 2 blocs 56
#66C2A5	25	-0.773646037620576	25	sous-entraînement	VC à 2 blocs 56
#FC8D62	26	-0.841241486362947	26	validation	VC à 2 blocs 56
#66C2A5	27	-0.85120816308058	27	sous-entraînement	VC à 2 blocs 56
#FC8D62	28	-0.982703850799975	28	validation	VC à 2 blocs 56
#FC8D62	29	-0.883443617920909	29	validation	VC à 2 blocs 56
#66C2A5	30	-0.793834456390077	30	sous-entraînement	VC à 2 blocs 56
#FC8D62	31	1.7311487572907	31	validation	VC à 2 blocs 56
#66C2A5	32	1.58500202940349	32	sous-entraînement	VC à 2 blocs 56
#FC8D62	33	1.63404796329373	33	validation	VC à 2 blocs 56
#FC8D62	34	1.5899002980795	34	validation	VC à 2 blocs 56
#FC8D62	35	1.45757484645493	35	validation	VC à 2 blocs 56
#FC8D62	36	1.55378134580782	36	validation	VC à 2 blocs 56
#66C2A5	37	1.55585180676676	37	sous-entraînement	VC à 2 blocs 56
#FC8D62	38	1.58934946246667	38	validation	VC à 2 blocs 56
#FC8D62	39	1.70528333933618	39	validation	VC à 2 blocs 56
#66C2A5	40	1.67159837698355	40	sous-entraînement	VC à 2 blocs 56
#FC8D62	41	0.313055412190002	41	validation	VC à 2 blocs 56
#66C2A5	42	0.30417160380171	42	sous-entraînement	VC à 2 blocs 56
#66C2A5	43	0.399204109355834	43	sous-entraînement	VC à 2 blocs 56
#66C2A5	44	0.385174091682726	44	sous-entraînement	VC à 2 blocs 56
#66C2A5	45	0.260632202360409	45	sous-entraînement	VC à 2 blocs 56
#FC8D62	46	0.258758256119149	46	validation	VC à 2 blocs 56
#66C2A5	47	0.365965968029044	47	sous-entraînement	VC à 2 blocs 56
#66C2A5	48	0.406361064266902	48	sous-entraînement	VC à 2 blocs 56
#FC8D62	49	0.318273150600338	49	validation	VC à 2 blocs 56
#66C2A5	50	0.417618544460782	50	sous-entraînement	VC à 2 blocs 56
#66C2A5	1	-0.689099191816566	1	sous-entraînement	VC à 2 blocs 57
#FC8D62	2	-0.608089478320124	2	validation	VC à 2 blocs 57
#66C2A5	3	-0.710016671983337	3	sous-entraînement	VC à 2 blocs 57
#FC8D62	4	-0.466925730528553	4	validation	VC à 2 blocs 57
#FC8D62	5	-0.593503033560796	5	validation	VC à 2 blocs 57
#66C2A5	6	-0.708500649154134	6	sous-entraînement	VC à 2 blocs 57
#FC8D62	7	-0.577710905499484	7	validation	VC à 2 blocs 57
#FC8D62	8	-0.552621340229411	8	validation	VC à 2 blocs 57
#FC8D62	9	-0.568875675576983	9	validation	VC à 2 blocs 57
#66C2A5	10	-0.656992649457968	10	sous-entraînement	VC à 2 blocs 57
#66C2A5	11	0.334821441067167	11	sous-entraînement	VC à 2 blocs 57
#FC8D62	12	0.222627647863225	12	validation	VC à 2 blocs 57
#FC8D62	13	0.121519266167902	13	validation	VC à 2 blocs 57
#66C2A5	14	-0.0378266644956678	14	sous-entraînement	VC à 2 blocs 57
#FC8D62	15	0.296136416036393	15	validation	VC à 2 blocs 57
#FC8D62	16	0.179149963320559	16	validation	VC à 2 blocs 57
#FC8D62	17	0.182024297912188	17	validation	VC à 2 blocs 57
#FC8D62	18	0.278026945290612	18	validation	VC à 2 blocs 57
#66C2A5	19	0.265765443731891	19	sous-entraînement	VC à 2 blocs 57
#FC8D62	20	0.243033456343833	20	validation	VC à 2 blocs 57
#FC8D62	21	-0.743730875249225	21	validation	VC à 2 blocs 57
#66C2A5	22	-0.757414982336941	22	sous-entraînement	VC à 2 blocs 57
#FC8D62	23	-0.828172114073528	23	validation	VC à 2 blocs 57
#66C2A5	24	-1.03456378199638	24	sous-entraînement	VC à 2 blocs 57
#66C2A5	25	-0.773646037620576	25	sous-entraînement	VC à 2 blocs 57
#66C2A5	26	-0.841241486362947	26	sous-entraînement	VC à 2 blocs 57
#66C2A5	27	-0.85120816308058	27	sous-entraînement	VC à 2 blocs 57
#FC8D62	28	-0.982703850799975	28	validation	VC à 2 blocs 57
#FC8D62	29	-0.883443617920909	29	validation	VC à 2 blocs 57
#66C2A5	30	-0.793834456390077	30	sous-entraînement	VC à 2 blocs 57
#66C2A5	31	1.7311487572907	31	sous-entraînement	VC à 2 blocs 57
#66C2A5	32	1.58500202940349	32	sous-entraînement	VC à 2 blocs 57
#66C2A5	33	1.63404796329373	33	sous-entraînement	VC à 2 blocs 57
#FC8D62	34	1.5899002980795	34	validation	VC à 2 blocs 57
#66C2A5	35	1.45757484645493	35	sous-entraînement	VC à 2 blocs 57
#FC8D62	36	1.55378134580782	36	validation	VC à 2 blocs 57
#66C2A5	37	1.55585180676676	37	sous-entraînement	VC à 2 blocs 57
#66C2A5	38	1.58934946246667	38	sous-entraînement	VC à 2 blocs 57
#66C2A5	39	1.70528333933618	39	sous-entraînement	VC à 2 blocs 57
#FC8D62	40	1.67159837698355	40	validation	VC à 2 blocs 57
#66C2A5	41	0.313055412190002	41	sous-entraînement	VC à 2 blocs 57
#FC8D62	42	0.30417160380171	42	validation	VC à 2 blocs 57
#FC8D62	43	0.399204109355834	43	validation	VC à 2 blocs 57
#66C2A5	44	0.385174091682726	44	sous-entraînement	VC à 2 blocs 57
#FC8D62	45	0.260632202360409	45	validation	VC à 2 blocs 57
#66C2A5	46	0.258758256119149	46	sous-entraînement	VC à 2 blocs 57
#66C2A5	47	0.365965968029044	47	sous-entraînement	VC à 2 blocs 57
#FC8D62	48	0.406361064266902	48	validation	VC à 2 blocs 57
#66C2A5	49	0.318273150600338	49	sous-entraînement	VC à 2 blocs 57
#FC8D62	50	0.417618544460782	50	validation	VC à 2 blocs 57
#FC8D62	1	-0.689099191816566	1	validation	VC à 2 blocs 58
#66C2A5	2	-0.608089478320124	2	sous-entraînement	VC à 2 blocs 58
#FC8D62	3	-0.710016671983337	3	validation	VC à 2 blocs 58
#66C2A5	4	-0.466925730528553	4	sous-entraînement	VC à 2 blocs 58
#66C2A5	5	-0.593503033560796	5	sous-entraînement	VC à 2 blocs 58
#FC8D62	6	-0.708500649154134	6	validation	VC à 2 blocs 58
#66C2A5	7	-0.577710905499484	7	sous-entraînement	VC à 2 blocs 58
#66C2A5	8	-0.552621340229411	8	sous-entraînement	VC à 2 blocs 58
#66C2A5	9	-0.568875675576983	9	sous-entraînement	VC à 2 blocs 58
#FC8D62	10	-0.656992649457968	10	validation	VC à 2 blocs 58
#FC8D62	11	0.334821441067167	11	validation	VC à 2 blocs 58
#66C2A5	12	0.222627647863225	12	sous-entraînement	VC à 2 blocs 58
#66C2A5	13	0.121519266167902	13	sous-entraînement	VC à 2 blocs 58
#FC8D62	14	-0.0378266644956678	14	validation	VC à 2 blocs 58
#66C2A5	15	0.296136416036393	15	sous-entraînement	VC à 2 blocs 58
#66C2A5	16	0.179149963320559	16	sous-entraînement	VC à 2 blocs 58
#66C2A5	17	0.182024297912188	17	sous-entraînement	VC à 2 blocs 58
#66C2A5	18	0.278026945290612	18	sous-entraînement	VC à 2 blocs 58
#FC8D62	19	0.265765443731891	19	validation	VC à 2 blocs 58
#66C2A5	20	0.243033456343833	20	sous-entraînement	VC à 2 blocs 58
#66C2A5	21	-0.743730875249225	21	sous-entraînement	VC à 2 blocs 58
#FC8D62	22	-0.757414982336941	22	validation	VC à 2 blocs 58
#66C2A5	23	-0.828172114073528	23	sous-entraînement	VC à 2 blocs 58
#FC8D62	24	-1.03456378199638	24	validation	VC à 2 blocs 58
#FC8D62	25	-0.773646037620576	25	validation	VC à 2 blocs 58
#FC8D62	26	-0.841241486362947	26	validation	VC à 2 blocs 58
#FC8D62	27	-0.85120816308058	27	validation	VC à 2 blocs 58
#66C2A5	28	-0.982703850799975	28	sous-entraînement	VC à 2 blocs 58
#66C2A5	29	-0.883443617920909	29	sous-entraînement	VC à 2 blocs 58
#FC8D62	30	-0.793834456390077	30	validation	VC à 2 blocs 58
#FC8D62	31	1.7311487572907	31	validation	VC à 2 blocs 58
#FC8D62	32	1.58500202940349	32	validation	VC à 2 blocs 58
#FC8D62	33	1.63404796329373	33	validation	VC à 2 blocs 58
#66C2A5	34	1.5899002980795	34	sous-entraînement	VC à 2 blocs 58
#FC8D62	35	1.45757484645493	35	validation	VC à 2 blocs 58
#66C2A5	36	1.55378134580782	36	sous-entraînement	VC à 2 blocs 58
#FC8D62	37	1.55585180676676	37	validation	VC à 2 blocs 58
#FC8D62	38	1.58934946246667	38	validation	VC à 2 blocs 58
#FC8D62	39	1.70528333933618	39	validation	VC à 2 blocs 58
#66C2A5	40	1.67159837698355	40	sous-entraînement	VC à 2 blocs 58
#FC8D62	41	0.313055412190002	41	validation	VC à 2 blocs 58
#66C2A5	42	0.30417160380171	42	sous-entraînement	VC à 2 blocs 58
#66C2A5	43	0.399204109355834	43	sous-entraînement	VC à 2 blocs 58
#FC8D62	44	0.385174091682726	44	validation	VC à 2 blocs 58
#66C2A5	45	0.260632202360409	45	sous-entraînement	VC à 2 blocs 58
#FC8D62	46	0.258758256119149	46	validation	VC à 2 blocs 58
#FC8D62	47	0.365965968029044	47	validation	VC à 2 blocs 58
#66C2A5	48	0.406361064266902	48	sous-entraînement	VC à 2 blocs 58
#FC8D62	49	0.318273150600338	49	validation	VC à 2 blocs 58
#66C2A5	50	0.417618544460782	50	sous-entraînement	VC à 2 blocs 58
#66C2A5	1	-0.689099191816566	1	sous-entraînement	VC à 2 blocs 17
#66C2A5	2	-0.608089478320124	2	sous-entraînement	VC à 2 blocs 17
#66C2A5	3	-0.710016671983337	3	sous-entraînement	VC à 2 blocs 17
#FC8D62	4	-0.466925730528553	4	validation	VC à 2 blocs 17
#66C2A5	5	-0.593503033560796	5	sous-entraînement	VC à 2 blocs 17
#66C2A5	6	-0.708500649154134	6	sous-entraînement	VC à 2 blocs 17
#FC8D62	7	-0.577710905499484	7	validation	VC à 2 blocs 17
#FC8D62	8	-0.552621340229411	8	validation	VC à 2 blocs 17
#FC8D62	9	-0.568875675576983	9	validation	VC à 2 blocs 17
#66C2A5	10	-0.656992649457968	10	sous-entraînement	VC à 2 blocs 17
#66C2A5	11	0.334821441067167	11	sous-entraînement	VC à 2 blocs 17
#FC8D62	12	0.222627647863225	12	validation	VC à 2 blocs 17
#66C2A5	13	0.121519266167902	13	sous-entraînement	VC à 2 blocs 17
#66C2A5	14	-0.0378266644956678	14	sous-entraînement	VC à 2 blocs 17
#FC8D62	15	0.296136416036393	15	validation	VC à 2 blocs 17
#66C2A5	16	0.179149963320559	16	sous-entraînement	VC à 2 blocs 17
#FC8D62	17	0.182024297912188	17	validation	VC à 2 blocs 17
#FC8D62	18	0.278026945290612	18	validation	VC à 2 blocs 17
#66C2A5	19	0.265765443731891	19	sous-entraînement	VC à 2 blocs 17
#FC8D62	20	0.243033456343833	20	validation	VC à 2 blocs 17
#FC8D62	21	-0.743730875249225	21	validation	VC à 2 blocs 17
#FC8D62	22	-0.757414982336941	22	validation	VC à 2 blocs 17
#FC8D62	23	-0.828172114073528	23	validation	VC à 2 blocs 17
#FC8D62	24	-1.03456378199638	24	validation	VC à 2 blocs 17
#FC8D62	25	-0.773646037620576	25	validation	VC à 2 blocs 17
#FC8D62	26	-0.841241486362947	26	validation	VC à 2 blocs 17
#66C2A5	27	-0.85120816308058	27	sous-entraînement	VC à 2 blocs 17
#66C2A5	28	-0.982703850799975	28	sous-entraînement	VC à 2 blocs 17
#FC8D62	29	-0.883443617920909	29	validation	VC à 2 blocs 17
#66C2A5	30	-0.793834456390077	30	sous-entraînement	VC à 2 blocs 17
#FC8D62	31	1.7311487572907	31	validation	VC à 2 blocs 17
#FC8D62	32	1.58500202940349	32	validation	VC à 2 blocs 17
#FC8D62	33	1.63404796329373	33	validation	VC à 2 blocs 17
#66C2A5	34	1.5899002980795	34	sous-entraînement	VC à 2 blocs 17
#66C2A5	35	1.45757484645493	35	sous-entraînement	VC à 2 blocs 17
#66C2A5	36	1.55378134580782	36	sous-entraînement	VC à 2 blocs 17
#FC8D62	37	1.55585180676676	37	validation	VC à 2 blocs 17
#66C2A5	38	1.58934946246667	38	sous-entraînement	VC à 2 blocs 17
#66C2A5	39	1.70528333933618	39	sous-entraînement	VC à 2 blocs 17
#66C2A5	40	1.67159837698355	40	sous-entraînement	VC à 2 blocs 17
#FC8D62	41	0.313055412190002	41	validation	VC à 2 blocs 17
#FC8D62	42	0.30417160380171	42	validation	VC à 2 blocs 17
#66C2A5	43	0.399204109355834	43	sous-entraînement	VC à 2 blocs 17
#FC8D62	44	0.385174091682726	44	validation	VC à 2 blocs 17
#66C2A5	45	0.260632202360409	45	sous-entraînement	VC à 2 blocs 17
#66C2A5	46	0.258758256119149	46	sous-entraînement	VC à 2 blocs 17
#66C2A5	47	0.365965968029044	47	sous-entraînement	VC à 2 blocs 17
#FC8D62	48	0.406361064266902	48	validation	VC à 2 blocs 17
#FC8D62	49	0.318273150600338	49	validation	VC à 2 blocs 17
#66C2A5	50	0.417618544460782	50	sous-entraînement	VC à 2 blocs 17
#FC8D62	1	-0.689099191816566	1	validation	VC à 2 blocs 82
#FC8D62	2	-0.608089478320124	2	validation	VC à 2 blocs 82
#FC8D62	3	-0.710016671983337	3	validation	VC à 2 blocs 82
#66C2A5	4	-0.466925730528553	4	sous-entraînement	VC à 2 blocs 82
#FC8D62	5	-0.593503033560796	5	validation	VC à 2 blocs 82
#FC8D62	6	-0.708500649154134	6	validation	VC à 2 blocs 82
#66C2A5	7	-0.577710905499484	7	sous-entraînement	VC à 2 blocs 82
#66C2A5	8	-0.552621340229411	8	sous-entraînement	VC à 2 blocs 82
#66C2A5	9	-0.568875675576983	9	sous-entraînement	VC à 2 blocs 82
#FC8D62	10	-0.656992649457968	10	validation	VC à 2 blocs 82
#FC8D62	11	0.334821441067167	11	validation	VC à 2 blocs 82
#66C2A5	12	0.222627647863225	12	sous-entraînement	VC à 2 blocs 82
#FC8D62	13	0.121519266167902	13	validation	VC à 2 blocs 82
#FC8D62	14	-0.0378266644956678	14	validation	VC à 2 blocs 82
#66C2A5	15	0.296136416036393	15	sous-entraînement	VC à 2 blocs 82
#FC8D62	16	0.179149963320559	16	validation	VC à 2 blocs 82
#66C2A5	17	0.182024297912188	17	sous-entraînement	VC à 2 blocs 82
#66C2A5	18	0.278026945290612	18	sous-entraînement	VC à 2 blocs 82
#FC8D62	19	0.265765443731891	19	validation	VC à 2 blocs 82
#66C2A5	20	0.243033456343833	20	sous-entraînement	VC à 2 blocs 82
#66C2A5	21	-0.743730875249225	21	sous-entraînement	VC à 2 blocs 82
#66C2A5	22	-0.757414982336941	22	sous-entraînement	VC à 2 blocs 82
#66C2A5	23	-0.828172114073528	23	sous-entraînement	VC à 2 blocs 82
#66C2A5	24	-1.03456378199638	24	sous-entraînement	VC à 2 blocs 82
#66C2A5	25	-0.773646037620576	25	sous-entraînement	VC à 2 blocs 82
#66C2A5	26	-0.841241486362947	26	sous-entraînement	VC à 2 blocs 82
#FC8D62	27	-0.85120816308058	27	validation	VC à 2 blocs 82
#FC8D62	28	-0.982703850799975	28	validation	VC à 2 blocs 82
#66C2A5	29	-0.883443617920909	29	sous-entraînement	VC à 2 blocs 82
#FC8D62	30	-0.793834456390077	30	validation	VC à 2 blocs 82
#66C2A5	31	1.7311487572907	31	sous-entraînement	VC à 2 blocs 82
#66C2A5	32	1.58500202940349	32	sous-entraînement	VC à 2 blocs 82
#66C2A5	33	1.63404796329373	33	sous-entraînement	VC à 2 blocs 82
#FC8D62	34	1.5899002980795	34	validation	VC à 2 blocs 82
#FC8D62	35	1.45757484645493	35	validation	VC à 2 blocs 82
#FC8D62	36	1.55378134580782	36	validation	VC à 2 blocs 82
#66C2A5	37	1.55585180676676	37	sous-entraînement	VC à 2 blocs 82
#FC8D62	38	1.58934946246667	38	validation	VC à 2 blocs 82
#FC8D62	39	1.70528333933618	39	validation	VC à 2 blocs 82
#FC8D62	40	1.67159837698355	40	validation	VC à 2 blocs 82
#66C2A5	41	0.313055412190002	41	sous-entraînement	VC à 2 blocs 82
#66C2A5	42	0.30417160380171	42	sous-entraînement	VC à 2 blocs 82
#FC8D62	43	0.399204109355834	43	validation	VC à 2 blocs 82
#66C2A5	44	0.385174091682726	44	sous-entraînement	VC à 2 blocs 82
#FC8D62	45	0.260632202360409	45	validation	VC à 2 blocs 82
#FC8D62	46	0.258758256119149	46	validation	VC à 2 blocs 82
#FC8D62	47	0.365965968029044	47	validation	VC à 2 blocs 82
#66C2A5	48	0.406361064266902	48	sous-entraînement	VC à 2 blocs 82
#66C2A5	49	0.318273150600338	49	sous-entraînement	VC à 2 blocs 82
#FC8D62	50	0.417618544460782	50	validation	VC à 2 blocs 82
#FC8D62	1	-0.689099191816566	1	validation	VC à 2 blocs 59
#FC8D62	2	-0.608089478320124	2	validation	VC à 2 blocs 59
#FC8D62	3	-0.710016671983337	3	validation	VC à 2 blocs 59
#66C2A5	4	-0.466925730528553	4	sous-entraînement	VC à 2 blocs 59
#66C2A5	5	-0.593503033560796	5	sous-entraînement	VC à 2 blocs 59
#66C2A5	6	-0.708500649154134	6	sous-entraînement	VC à 2 blocs 59
#66C2A5	7	-0.577710905499484	7	sous-entraînement	VC à 2 blocs 59
#66C2A5	8	-0.552621340229411	8	sous-entraînement	VC à 2 blocs 59
#FC8D62	9	-0.568875675576983	9	validation	VC à 2 blocs 59
#66C2A5	10	-0.656992649457968	10	sous-entraînement	VC à 2 blocs 59
#FC8D62	11	0.334821441067167	11	validation	VC à 2 blocs 59
#FC8D62	12	0.222627647863225	12	validation	VC à 2 blocs 59
#66C2A5	13	0.121519266167902	13	sous-entraînement	VC à 2 blocs 59
#FC8D62	14	-0.0378266644956678	14	validation	VC à 2 blocs 59
#FC8D62	15	0.296136416036393	15	validation	VC à 2 blocs 59
#66C2A5	16	0.179149963320559	16	sous-entraînement	VC à 2 blocs 59
#FC8D62	17	0.182024297912188	17	validation	VC à 2 blocs 59
#66C2A5	18	0.278026945290612	18	sous-entraînement	VC à 2 blocs 59
#66C2A5	19	0.265765443731891	19	sous-entraînement	VC à 2 blocs 59
#66C2A5	20	0.243033456343833	20	sous-entraînement	VC à 2 blocs 59
#66C2A5	21	-0.743730875249225	21	sous-entraînement	VC à 2 blocs 59
#FC8D62	22	-0.757414982336941	22	validation	VC à 2 blocs 59
#66C2A5	23	-0.828172114073528	23	sous-entraînement	VC à 2 blocs 59
#FC8D62	24	-1.03456378199638	24	validation	VC à 2 blocs 59
#FC8D62	25	-0.773646037620576	25	validation	VC à 2 blocs 59
#66C2A5	26	-0.841241486362947	26	sous-entraînement	VC à 2 blocs 59
#FC8D62	27	-0.85120816308058	27	validation	VC à 2 blocs 59
#FC8D62	28	-0.982703850799975	28	validation	VC à 2 blocs 59
#FC8D62	29	-0.883443617920909	29	validation	VC à 2 blocs 59
#66C2A5	30	-0.793834456390077	30	sous-entraînement	VC à 2 blocs 59
#FC8D62	31	1.7311487572907	31	validation	VC à 2 blocs 59
#66C2A5	32	1.58500202940349	32	sous-entraînement	VC à 2 blocs 59
#66C2A5	33	1.63404796329373	33	sous-entraînement	VC à 2 blocs 59
#FC8D62	34	1.5899002980795	34	validation	VC à 2 blocs 59
#FC8D62	35	1.45757484645493	35	validation	VC à 2 blocs 59
#66C2A5	36	1.55378134580782	36	sous-entraînement	VC à 2 blocs 59
#FC8D62	37	1.55585180676676	37	validation	VC à 2 blocs 59
#66C2A5	38	1.58934946246667	38	sous-entraînement	VC à 2 blocs 59
#FC8D62	39	1.70528333933618	39	validation	VC à 2 blocs 59
#66C2A5	40	1.67159837698355	40	sous-entraînement	VC à 2 blocs 59
#FC8D62	41	0.313055412190002	41	validation	VC à 2 blocs 59
#FC8D62	42	0.30417160380171	42	validation	VC à 2 blocs 59
#66C2A5	43	0.399204109355834	43	sous-entraînement	VC à 2 blocs 59
#66C2A5	44	0.385174091682726	44	sous-entraînement	VC à 2 blocs 59
#FC8D62	45	0.260632202360409	45	validation	VC à 2 blocs 59
#66C2A5	46	0.258758256119149	46	sous-entraînement	VC à 2 blocs 59
#FC8D62	47	0.365965968029044	47	validation	VC à 2 blocs 59
#66C2A5	48	0.406361064266902	48	sous-entraînement	VC à 2 blocs 59
#FC8D62	49	0.318273150600338	49	validation	VC à 2 blocs 59
#66C2A5	50	0.417618544460782	50	sous-entraînement	VC à 2 blocs 59
#66C2A5	1	-0.689099191816566	1	sous-entraînement	VC à 2 blocs 90
#66C2A5	2	-0.608089478320124	2	sous-entraînement	VC à 2 blocs 90
#66C2A5	3	-0.710016671983337	3	sous-entraînement	VC à 2 blocs 90
#FC8D62	4	-0.466925730528553	4	validation	VC à 2 blocs 90
#FC8D62	5	-0.593503033560796	5	validation	VC à 2 blocs 90
#FC8D62	6	-0.708500649154134	6	validation	VC à 2 blocs 90
#FC8D62	7	-0.577710905499484	7	validation	VC à 2 blocs 90
#FC8D62	8	-0.552621340229411	8	validation	VC à 2 blocs 90
#66C2A5	9	-0.568875675576983	9	sous-entraînement	VC à 2 blocs 90
#FC8D62	10	-0.656992649457968	10	validation	VC à 2 blocs 90
#66C2A5	11	0.334821441067167	11	sous-entraînement	VC à 2 blocs 90
#66C2A5	12	0.222627647863225	12	sous-entraînement	VC à 2 blocs 90
#FC8D62	13	0.121519266167902	13	validation	VC à 2 blocs 90
#66C2A5	14	-0.0378266644956678	14	sous-entraînement	VC à 2 blocs 90
#66C2A5	15	0.296136416036393	15	sous-entraînement	VC à 2 blocs 90
#FC8D62	16	0.179149963320559	16	validation	VC à 2 blocs 90
#66C2A5	17	0.182024297912188	17	sous-entraînement	VC à 2 blocs 90
#FC8D62	18	0.278026945290612	18	validation	VC à 2 blocs 90
#FC8D62	19	0.265765443731891	19	validation	VC à 2 blocs 90
#FC8D62	20	0.243033456343833	20	validation	VC à 2 blocs 90
#FC8D62	21	-0.743730875249225	21	validation	VC à 2 blocs 90
#66C2A5	22	-0.757414982336941	22	sous-entraînement	VC à 2 blocs 90
#FC8D62	23	-0.828172114073528	23	validation	VC à 2 blocs 90
#66C2A5	24	-1.03456378199638	24	sous-entraînement	VC à 2 blocs 90
#66C2A5	25	-0.773646037620576	25	sous-entraînement	VC à 2 blocs 90
#FC8D62	26	-0.841241486362947	26	validation	VC à 2 blocs 90
#66C2A5	27	-0.85120816308058	27	sous-entraînement	VC à 2 blocs 90
#66C2A5	28	-0.982703850799975	28	sous-entraînement	VC à 2 blocs 90
#66C2A5	29	-0.883443617920909	29	sous-entraînement	VC à 2 blocs 90
#FC8D62	30	-0.793834456390077	30	validation	VC à 2 blocs 90
#66C2A5	31	1.7311487572907	31	sous-entraînement	VC à 2 blocs 90
#FC8D62	32	1.58500202940349	32	validation	VC à 2 blocs 90
#FC8D62	33	1.63404796329373	33	validation	VC à 2 blocs 90
#66C2A5	34	1.5899002980795	34	sous-entraînement	VC à 2 blocs 90
#66C2A5	35	1.45757484645493	35	sous-entraînement	VC à 2 blocs 90
#FC8D62	36	1.55378134580782	36	validation	VC à 2 blocs 90
#66C2A5	37	1.55585180676676	37	sous-entraînement	VC à 2 blocs 90
#FC8D62	38	1.58934946246667	38	validation	VC à 2 blocs 90
#66C2A5	39	1.70528333933618	39	sous-entraînement	VC à 2 blocs 90
#FC8D62	40	1.67159837698355	40	validation	VC à 2 blocs 90
#66C2A5	41	0.313055412190002	41	sous-entraînement	VC à 2 blocs 90
#66C2A5	42	0.30417160380171	42	sous-entraînement	VC à 2 blocs 90
#FC8D62	43	0.399204109355834	43	validation	VC à 2 blocs 90
#FC8D62	44	0.385174091682726	44	validation	VC à 2 blocs 90
#66C2A5	45	0.260632202360409	45	sous-entraînement	VC à 2 blocs 90
#FC8D62	46	0.258758256119149	46	validation	VC à 2 blocs 90
#66C2A5	47	0.365965968029044	47	sous-entraînement	VC à 2 blocs 90
#FC8D62	48	0.406361064266902	48	validation	VC à 2 blocs 90
#66C2A5	49	0.318273150600338	49	sous-entraînement	VC à 2 blocs 90
#FC8D62	50	0.417618544460782	50	validation	VC à 2 blocs 90
#66C2A5	1	-0.689099191816566	1	sous-entraînement	VC à 2 blocs 18
#66C2A5	2	-0.608089478320124	2	sous-entraînement	VC à 2 blocs 18
#66C2A5	3	-0.710016671983337	3	sous-entraînement	VC à 2 blocs 18
#FC8D62	4	-0.466925730528553	4	validation	VC à 2 blocs 18
#FC8D62	5	-0.593503033560796	5	validation	VC à 2 blocs 18
#FC8D62	6	-0.708500649154134	6	validation	VC à 2 blocs 18
#FC8D62	7	-0.577710905499484	7	validation	VC à 2 blocs 18
#66C2A5	8	-0.552621340229411	8	sous-entraînement	VC à 2 blocs 18
#FC8D62	9	-0.568875675576983	9	validation	VC à 2 blocs 18
#66C2A5	10	-0.656992649457968	10	sous-entraînement	VC à 2 blocs 18
#66C2A5	11	0.334821441067167	11	sous-entraînement	VC à 2 blocs 18
#66C2A5	12	0.222627647863225	12	sous-entraînement	VC à 2 blocs 18
#FC8D62	13	0.121519266167902	13	validation	VC à 2 blocs 18
#FC8D62	14	-0.0378266644956678	14	validation	VC à 2 blocs 18
#FC8D62	15	0.296136416036393	15	validation	VC à 2 blocs 18
#FC8D62	16	0.179149963320559	16	validation	VC à 2 blocs 18
#FC8D62	17	0.182024297912188	17	validation	VC à 2 blocs 18
#FC8D62	18	0.278026945290612	18	validation	VC à 2 blocs 18
#FC8D62	19	0.265765443731891	19	validation	VC à 2 blocs 18
#FC8D62	20	0.243033456343833	20	validation	VC à 2 blocs 18
#66C2A5	21	-0.743730875249225	21	sous-entraînement	VC à 2 blocs 18
#FC8D62	22	-0.757414982336941	22	validation	VC à 2 blocs 18
#FC8D62	23	-0.828172114073528	23	validation	VC à 2 blocs 18
#FC8D62	24	-1.03456378199638	24	validation	VC à 2 blocs 18
#FC8D62	25	-0.773646037620576	25	validation	VC à 2 blocs 18
#66C2A5	26	-0.841241486362947	26	sous-entraînement	VC à 2 blocs 18
#FC8D62	27	-0.85120816308058	27	validation	VC à 2 blocs 18
#66C2A5	28	-0.982703850799975	28	sous-entraînement	VC à 2 blocs 18
#66C2A5	29	-0.883443617920909	29	sous-entraînement	VC à 2 blocs 18
#66C2A5	30	-0.793834456390077	30	sous-entraînement	VC à 2 blocs 18
#FC8D62	31	1.7311487572907	31	validation	VC à 2 blocs 18
#66C2A5	32	1.58500202940349	32	sous-entraînement	VC à 2 blocs 18
#FC8D62	33	1.63404796329373	33	validation	VC à 2 blocs 18
#66C2A5	34	1.5899002980795	34	sous-entraînement	VC à 2 blocs 18
#FC8D62	35	1.45757484645493	35	validation	VC à 2 blocs 18
#66C2A5	36	1.55378134580782	36	sous-entraînement	VC à 2 blocs 18
#66C2A5	37	1.55585180676676	37	sous-entraînement	VC à 2 blocs 18
#66C2A5	38	1.58934946246667	38	sous-entraînement	VC à 2 blocs 18
#66C2A5	39	1.70528333933618	39	sous-entraînement	VC à 2 blocs 18
#66C2A5	40	1.67159837698355	40	sous-entraînement	VC à 2 blocs 18
#FC8D62	41	0.313055412190002	41	validation	VC à 2 blocs 18
#FC8D62	42	0.30417160380171	42	validation	VC à 2 blocs 18
#66C2A5	43	0.399204109355834	43	sous-entraînement	VC à 2 blocs 18
#66C2A5	44	0.385174091682726	44	sous-entraînement	VC à 2 blocs 18
#66C2A5	45	0.260632202360409	45	sous-entraînement	VC à 2 blocs 18
#66C2A5	46	0.258758256119149	46	sous-entraînement	VC à 2 blocs 18
#66C2A5	47	0.365965968029044	47	sous-entraînement	VC à 2 blocs 18
#FC8D62	48	0.406361064266902	48	validation	VC à 2 blocs 18
#66C2A5	49	0.318273150600338	49	sous-entraînement	VC à 2 blocs 18
#FC8D62	50	0.417618544460782	50	validation	VC à 2 blocs 18
#FC8D62	1	-0.689099191816566	1	validation	VC à 2 blocs 2
#FC8D62	2	-0.608089478320124	2	validation	VC à 2 blocs 2
#FC8D62	3	-0.710016671983337	3	validation	VC à 2 blocs 2
#66C2A5	4	-0.466925730528553	4	sous-entraînement	VC à 2 blocs 2
#66C2A5	5	-0.593503033560796	5	sous-entraînement	VC à 2 blocs 2
#66C2A5	6	-0.708500649154134	6	sous-entraînement	VC à 2 blocs 2
#66C2A5	7	-0.577710905499484	7	sous-entraînement	VC à 2 blocs 2
#FC8D62	8	-0.552621340229411	8	validation	VC à 2 blocs 2
#66C2A5	9	-0.568875675576983	9	sous-entraînement	VC à 2 blocs 2
#FC8D62	10	-0.656992649457968	10	validation	VC à 2 blocs 2
#FC8D62	11	0.334821441067167	11	validation	VC à 2 blocs 2
#FC8D62	12	0.222627647863225	12	validation	VC à 2 blocs 2
#66C2A5	13	0.121519266167902	13	sous-entraînement	VC à 2 blocs 2
#66C2A5	14	-0.0378266644956678	14	sous-entraînement	VC à 2 blocs 2
#66C2A5	15	0.296136416036393	15	sous-entraînement	VC à 2 blocs 2
#66C2A5	16	0.179149963320559	16	sous-entraînement	VC à 2 blocs 2
#66C2A5	17	0.182024297912188	17	sous-entraînement	VC à 2 blocs 2
#66C2A5	18	0.278026945290612	18	sous-entraînement	VC à 2 blocs 2
#66C2A5	19	0.265765443731891	19	sous-entraînement	VC à 2 blocs 2
#66C2A5	20	0.243033456343833	20	sous-entraînement	VC à 2 blocs 2
#FC8D62	21	-0.743730875249225	21	validation	VC à 2 blocs 2
#66C2A5	22	-0.757414982336941	22	sous-entraînement	VC à 2 blocs 2
#66C2A5	23	-0.828172114073528	23	sous-entraînement	VC à 2 blocs 2
#66C2A5	24	-1.03456378199638	24	sous-entraînement	VC à 2 blocs 2
#66C2A5	25	-0.773646037620576	25	sous-entraînement	VC à 2 blocs 2
#FC8D62	26	-0.841241486362947	26	validation	VC à 2 blocs 2
#66C2A5	27	-0.85120816308058	27	sous-entraînement	VC à 2 blocs 2
#FC8D62	28	-0.982703850799975	28	validation	VC à 2 blocs 2
#FC8D62	29	-0.883443617920909	29	validation	VC à 2 blocs 2
#FC8D62	30	-0.793834456390077	30	validation	VC à 2 blocs 2
#66C2A5	31	1.7311487572907	31	sous-entraînement	VC à 2 blocs 2
#FC8D62	32	1.58500202940349	32	validation	VC à 2 blocs 2
#66C2A5	33	1.63404796329373	33	sous-entraînement	VC à 2 blocs 2
#FC8D62	34	1.5899002980795	34	validation	VC à 2 blocs 2
#66C2A5	35	1.45757484645493	35	sous-entraînement	VC à 2 blocs 2
#FC8D62	36	1.55378134580782	36	validation	VC à 2 blocs 2
#FC8D62	37	1.55585180676676	37	validation	VC à 2 blocs 2
#FC8D62	38	1.58934946246667	38	validation	VC à 2 blocs 2
#FC8D62	39	1.70528333933618	39	validation	VC à 2 blocs 2
#FC8D62	40	1.67159837698355	40	validation	VC à 2 blocs 2
#66C2A5	41	0.313055412190002	41	sous-entraînement	VC à 2 blocs 2
#66C2A5	42	0.30417160380171	42	sous-entraînement	VC à 2 blocs 2
#FC8D62	43	0.399204109355834	43	validation	VC à 2 blocs 2
#FC8D62	44	0.385174091682726	44	validation	VC à 2 blocs 2
#FC8D62	45	0.260632202360409	45	validation	VC à 2 blocs 2
#FC8D62	46	0.258758256119149	46	validation	VC à 2 blocs 2
#FC8D62	47	0.365965968029044	47	validation	VC à 2 blocs 2
#66C2A5	48	0.406361064266902	48	sous-entraînement	VC à 2 blocs 2
#FC8D62	49	0.318273150600338	49	validation	VC à 2 blocs 2
#66C2A5	50	0.417618544460782	50	sous-entraînement	VC à 2 blocs 2
#FC8D62	1	-0.689099191816566	1	validation	VC à 2 blocs 99
#66C2A5	2	-0.608089478320124	2	sous-entraînement	VC à 2 blocs 99
#FC8D62	3	-0.710016671983337	3	validation	VC à 2 blocs 99
#66C2A5	4	-0.466925730528553	4	sous-entraînement	VC à 2 blocs 99
#FC8D62	5	-0.593503033560796	5	validation	VC à 2 blocs 99
#FC8D62	6	-0.708500649154134	6	validation	VC à 2 blocs 99
#66C2A5	7	-0.577710905499484	7	sous-entraînement	VC à 2 blocs 99
#66C2A5	8	-0.552621340229411	8	sous-entraînement	VC à 2 blocs 99
#66C2A5	9	-0.568875675576983	9	sous-entraînement	VC à 2 blocs 99
#FC8D62	10	-0.656992649457968	10	validation	VC à 2 blocs 99
#FC8D62	11	0.334821441067167	11	validation	VC à 2 blocs 99
#66C2A5	12	0.222627647863225	12	sous-entraînement	VC à 2 blocs 99
#FC8D62	13	0.121519266167902	13	validation	VC à 2 blocs 99
#FC8D62	14	-0.0378266644956678	14	validation	VC à 2 blocs 99
#FC8D62	15	0.296136416036393	15	validation	VC à 2 blocs 99
#FC8D62	16	0.179149963320559	16	validation	VC à 2 blocs 99
#FC8D62	17	0.182024297912188	17	validation	VC à 2 blocs 99
#66C2A5	18	0.278026945290612	18	sous-entraînement	VC à 2 blocs 99
#FC8D62	19	0.265765443731891	19	validation	VC à 2 blocs 99
#66C2A5	20	0.243033456343833	20	sous-entraînement	VC à 2 blocs 99
#FC8D62	21	-0.743730875249225	21	validation	VC à 2 blocs 99
#66C2A5	22	-0.757414982336941	22	sous-entraînement	VC à 2 blocs 99
#FC8D62	23	-0.828172114073528	23	validation	VC à 2 blocs 99
#66C2A5	24	-1.03456378199638	24	sous-entraînement	VC à 2 blocs 99
#66C2A5	25	-0.773646037620576	25	sous-entraînement	VC à 2 blocs 99
#FC8D62	26	-0.841241486362947	26	validation	VC à 2 blocs 99
#FC8D62	27	-0.85120816308058	27	validation	VC à 2 blocs 99
#66C2A5	28	-0.982703850799975	28	sous-entraînement	VC à 2 blocs 99
#66C2A5	29	-0.883443617920909	29	sous-entraînement	VC à 2 blocs 99
#66C2A5	30	-0.793834456390077	30	sous-entraînement	VC à 2 blocs 99
#FC8D62	31	1.7311487572907	31	validation	VC à 2 blocs 99
#FC8D62	32	1.58500202940349	32	validation	VC à 2 blocs 99
#66C2A5	33	1.63404796329373	33	sous-entraînement	VC à 2 blocs 99
#66C2A5	34	1.5899002980795	34	sous-entraînement	VC à 2 blocs 99
#66C2A5	35	1.45757484645493	35	sous-entraînement	VC à 2 blocs 99
#FC8D62	36	1.55378134580782	36	validation	VC à 2 blocs 99
#66C2A5	37	1.55585180676676	37	sous-entraînement	VC à 2 blocs 99
#66C2A5	38	1.58934946246667	38	sous-entraînement	VC à 2 blocs 99
#66C2A5	39	1.70528333933618	39	sous-entraînement	VC à 2 blocs 99
#66C2A5	40	1.67159837698355	40	sous-entraînement	VC à 2 blocs 99
#66C2A5	41	0.313055412190002	41	sous-entraînement	VC à 2 blocs 99
#66C2A5	42	0.30417160380171	42	sous-entraînement	VC à 2 blocs 99
#FC8D62	43	0.399204109355834	43	validation	VC à 2 blocs 99
#66C2A5	44	0.385174091682726	44	sous-entraînement	VC à 2 blocs 99
#FC8D62	45	0.260632202360409	45	validation	VC à 2 blocs 99
#FC8D62	46	0.258758256119149	46	validation	VC à 2 blocs 99
#FC8D62	47	0.365965968029044	47	validation	VC à 2 blocs 99
#66C2A5	48	0.406361064266902	48	sous-entraînement	VC à 2 blocs 99
#FC8D62	49	0.318273150600338	49	validation	VC à 2 blocs 99
#FC8D62	50	0.417618544460782	50	validation	VC à 2 blocs 99
#66C2A5	1	-0.689099191816566	1	sous-entraînement	VC à 2 blocs 60
#FC8D62	2	-0.608089478320124	2	validation	VC à 2 blocs 60
#66C2A5	3	-0.710016671983337	3	sous-entraînement	VC à 2 blocs 60
#FC8D62	4	-0.466925730528553	4	validation	VC à 2 blocs 60
#66C2A5	5	-0.593503033560796	5	sous-entraînement	VC à 2 blocs 60
#66C2A5	6	-0.708500649154134	6	sous-entraînement	VC à 2 blocs 60
#FC8D62	7	-0.577710905499484	7	validation	VC à 2 blocs 60
#FC8D62	8	-0.552621340229411	8	validation	VC à 2 blocs 60
#FC8D62	9	-0.568875675576983	9	validation	VC à 2 blocs 60
#66C2A5	10	-0.656992649457968	10	sous-entraînement	VC à 2 blocs 60
#66C2A5	11	0.334821441067167	11	sous-entraînement	VC à 2 blocs 60
#FC8D62	12	0.222627647863225	12	validation	VC à 2 blocs 60
#66C2A5	13	0.121519266167902	13	sous-entraînement	VC à 2 blocs 60
#66C2A5	14	-0.0378266644956678	14	sous-entraînement	VC à 2 blocs 60
#66C2A5	15	0.296136416036393	15	sous-entraînement	VC à 2 blocs 60
#66C2A5	16	0.179149963320559	16	sous-entraînement	VC à 2 blocs 60
#66C2A5	17	0.182024297912188	17	sous-entraînement	VC à 2 blocs 60
#FC8D62	18	0.278026945290612	18	validation	VC à 2 blocs 60
#66C2A5	19	0.265765443731891	19	sous-entraînement	VC à 2 blocs 60
#FC8D62	20	0.243033456343833	20	validation	VC à 2 blocs 60
#66C2A5	21	-0.743730875249225	21	sous-entraînement	VC à 2 blocs 60
#FC8D62	22	-0.757414982336941	22	validation	VC à 2 blocs 60
#66C2A5	23	-0.828172114073528	23	sous-entraînement	VC à 2 blocs 60
#FC8D62	24	-1.03456378199638	24	validation	VC à 2 blocs 60
#FC8D62	25	-0.773646037620576	25	validation	VC à 2 blocs 60
#66C2A5	26	-0.841241486362947	26	sous-entraînement	VC à 2 blocs 60
#66C2A5	27	-0.85120816308058	27	sous-entraînement	VC à 2 blocs 60
#FC8D62	28	-0.982703850799975	28	validation	VC à 2 blocs 60
#FC8D62	29	-0.883443617920909	29	validation	VC à 2 blocs 60
#FC8D62	30	-0.793834456390077	30	validation	VC à 2 blocs 60
#66C2A5	31	1.7311487572907	31	sous-entraînement	VC à 2 blocs 60
#66C2A5	32	1.58500202940349	32	sous-entraînement	VC à 2 blocs 60
#FC8D62	33	1.63404796329373	33	validation	VC à 2 blocs 60
#FC8D62	34	1.5899002980795	34	validation	VC à 2 blocs 60
#FC8D62	35	1.45757484645493	35	validation	VC à 2 blocs 60
#66C2A5	36	1.55378134580782	36	sous-entraînement	VC à 2 blocs 60
#FC8D62	37	1.55585180676676	37	validation	VC à 2 blocs 60
#FC8D62	38	1.58934946246667	38	validation	VC à 2 blocs 60
#FC8D62	39	1.70528333933618	39	validation	VC à 2 blocs 60
#FC8D62	40	1.67159837698355	40	validation	VC à 2 blocs 60
#FC8D62	41	0.313055412190002	41	validation	VC à 2 blocs 60
#FC8D62	42	0.30417160380171	42	validation	VC à 2 blocs 60
#66C2A5	43	0.399204109355834	43	sous-entraînement	VC à 2 blocs 60
#FC8D62	44	0.385174091682726	44	validation	VC à 2 blocs 60
#66C2A5	45	0.260632202360409	45	sous-entraînement	VC à 2 blocs 60
#66C2A5	46	0.258758256119149	46	sous-entraînement	VC à 2 blocs 60
#66C2A5	47	0.365965968029044	47	sous-entraînement	VC à 2 blocs 60
#FC8D62	48	0.406361064266902	48	validation	VC à 2 blocs 60
#66C2A5	49	0.318273150600338	49	sous-entraînement	VC à 2 blocs 60
#66C2A5	50	0.417618544460782	50	sous-entraînement	VC à 2 blocs 60
#FC8D62	1	-0.689099191816566	1	validation	VC à 2 blocs 61
#66C2A5	2	-0.608089478320124	2	sous-entraînement	VC à 2 blocs 61
#FC8D62	3	-0.710016671983337	3	validation	VC à 2 blocs 61
#66C2A5	4	-0.466925730528553	4	sous-entraînement	VC à 2 blocs 61
#FC8D62	5	-0.593503033560796	5	validation	VC à 2 blocs 61
#66C2A5	6	-0.708500649154134	6	sous-entraînement	VC à 2 blocs 61
#FC8D62	7	-0.577710905499484	7	validation	VC à 2 blocs 61
#66C2A5	8	-0.552621340229411	8	sous-entraînement	VC à 2 blocs 61
#FC8D62	9	-0.568875675576983	9	validation	VC à 2 blocs 61
#66C2A5	10	-0.656992649457968	10	sous-entraînement	VC à 2 blocs 61
#FC8D62	11	0.334821441067167	11	validation	VC à 2 blocs 61
#66C2A5	12	0.222627647863225	12	sous-entraînement	VC à 2 blocs 61
#FC8D62	13	0.121519266167902	13	validation	VC à 2 blocs 61
#FC8D62	14	-0.0378266644956678	14	validation	VC à 2 blocs 61
#FC8D62	15	0.296136416036393	15	validation	VC à 2 blocs 61
#FC8D62	16	0.179149963320559	16	validation	VC à 2 blocs 61
#66C2A5	17	0.182024297912188	17	sous-entraînement	VC à 2 blocs 61
#66C2A5	18	0.278026945290612	18	sous-entraînement	VC à 2 blocs 61
#66C2A5	19	0.265765443731891	19	sous-entraînement	VC à 2 blocs 61
#FC8D62	20	0.243033456343833	20	validation	VC à 2 blocs 61
#66C2A5	21	-0.743730875249225	21	sous-entraînement	VC à 2 blocs 61
#66C2A5	22	-0.757414982336941	22	sous-entraînement	VC à 2 blocs 61
#66C2A5	23	-0.828172114073528	23	sous-entraînement	VC à 2 blocs 61
#FC8D62	24	-1.03456378199638	24	validation	VC à 2 blocs 61
#66C2A5	25	-0.773646037620576	25	sous-entraînement	VC à 2 blocs 61
#FC8D62	26	-0.841241486362947	26	validation	VC à 2 blocs 61
#66C2A5	27	-0.85120816308058	27	sous-entraînement	VC à 2 blocs 61
#FC8D62	28	-0.982703850799975	28	validation	VC à 2 blocs 61
#FC8D62	29	-0.883443617920909	29	validation	VC à 2 blocs 61
#FC8D62	30	-0.793834456390077	30	validation	VC à 2 blocs 61
#66C2A5	31	1.7311487572907	31	sous-entraînement	VC à 2 blocs 61
#FC8D62	32	1.58500202940349	32	validation	VC à 2 blocs 61
#66C2A5	33	1.63404796329373	33	sous-entraînement	VC à 2 blocs 61
#66C2A5	34	1.5899002980795	34	sous-entraînement	VC à 2 blocs 61
#66C2A5	35	1.45757484645493	35	sous-entraînement	VC à 2 blocs 61
#FC8D62	36	1.55378134580782	36	validation	VC à 2 blocs 61
#66C2A5	37	1.55585180676676	37	sous-entraînement	VC à 2 blocs 61
#FC8D62	38	1.58934946246667	38	validation	VC à 2 blocs 61
#FC8D62	39	1.70528333933618	39	validation	VC à 2 blocs 61
#FC8D62	40	1.67159837698355	40	validation	VC à 2 blocs 61
#FC8D62	41	0.313055412190002	41	validation	VC à 2 blocs 61
#66C2A5	42	0.30417160380171	42	sous-entraînement	VC à 2 blocs 61
#66C2A5	43	0.399204109355834	43	sous-entraînement	VC à 2 blocs 61
#FC8D62	44	0.385174091682726	44	validation	VC à 2 blocs 61
#FC8D62	45	0.260632202360409	45	validation	VC à 2 blocs 61
#66C2A5	46	0.258758256119149	46	sous-entraînement	VC à 2 blocs 61
#66C2A5	47	0.365965968029044	47	sous-entraînement	VC à 2 blocs 61
#FC8D62	48	0.406361064266902	48	validation	VC à 2 blocs 61
#66C2A5	49	0.318273150600338	49	sous-entraînement	VC à 2 blocs 61
#66C2A5	50	0.417618544460782	50	sous-entraînement	VC à 2 blocs 61
#66C2A5	1	-0.689099191816566	1	sous-entraînement	VC à 2 blocs 19
#FC8D62	2	-0.608089478320124	2	validation	VC à 2 blocs 19
#66C2A5	3	-0.710016671983337	3	sous-entraînement	VC à 2 blocs 19
#FC8D62	4	-0.466925730528553	4	validation	VC à 2 blocs 19
#66C2A5	5	-0.593503033560796	5	sous-entraînement	VC à 2 blocs 19
#FC8D62	6	-0.708500649154134	6	validation	VC à 2 blocs 19
#66C2A5	7	-0.577710905499484	7	sous-entraînement	VC à 2 blocs 19
#FC8D62	8	-0.552621340229411	8	validation	VC à 2 blocs 19
#66C2A5	9	-0.568875675576983	9	sous-entraînement	VC à 2 blocs 19
#FC8D62	10	-0.656992649457968	10	validation	VC à 2 blocs 19
#66C2A5	11	0.334821441067167	11	sous-entraînement	VC à 2 blocs 19
#FC8D62	12	0.222627647863225	12	validation	VC à 2 blocs 19
#66C2A5	13	0.121519266167902	13	sous-entraînement	VC à 2 blocs 19
#66C2A5	14	-0.0378266644956678	14	sous-entraînement	VC à 2 blocs 19
#66C2A5	15	0.296136416036393	15	sous-entraînement	VC à 2 blocs 19
#66C2A5	16	0.179149963320559	16	sous-entraînement	VC à 2 blocs 19
#FC8D62	17	0.182024297912188	17	validation	VC à 2 blocs 19
#FC8D62	18	0.278026945290612	18	validation	VC à 2 blocs 19
#FC8D62	19	0.265765443731891	19	validation	VC à 2 blocs 19
#66C2A5	20	0.243033456343833	20	sous-entraînement	VC à 2 blocs 19
#FC8D62	21	-0.743730875249225	21	validation	VC à 2 blocs 19
#FC8D62	22	-0.757414982336941	22	validation	VC à 2 blocs 19
#FC8D62	23	-0.828172114073528	23	validation	VC à 2 blocs 19
#66C2A5	24	-1.03456378199638	24	sous-entraînement	VC à 2 blocs 19
#FC8D62	25	-0.773646037620576	25	validation	VC à 2 blocs 19
#66C2A5	26	-0.841241486362947	26	sous-entraînement	VC à 2 blocs 19
#FC8D62	27	-0.85120816308058	27	validation	VC à 2 blocs 19
#66C2A5	28	-0.982703850799975	28	sous-entraînement	VC à 2 blocs 19
#66C2A5	29	-0.883443617920909	29	sous-entraînement	VC à 2 blocs 19
#66C2A5	30	-0.793834456390077	30	sous-entraînement	VC à 2 blocs 19
#FC8D62	31	1.7311487572907	31	validation	VC à 2 blocs 19
#66C2A5	32	1.58500202940349	32	sous-entraînement	VC à 2 blocs 19
#FC8D62	33	1.63404796329373	33	validation	VC à 2 blocs 19
#FC8D62	34	1.5899002980795	34	validation	VC à 2 blocs 19
#FC8D62	35	1.45757484645493	35	validation	VC à 2 blocs 19
#66C2A5	36	1.55378134580782	36	sous-entraînement	VC à 2 blocs 19
#FC8D62	37	1.55585180676676	37	validation	VC à 2 blocs 19
#66C2A5	38	1.58934946246667	38	sous-entraînement	VC à 2 blocs 19
#66C2A5	39	1.70528333933618	39	sous-entraînement	VC à 2 blocs 19
#66C2A5	40	1.67159837698355	40	sous-entraînement	VC à 2 blocs 19
#66C2A5	41	0.313055412190002	41	sous-entraînement	VC à 2 blocs 19
#FC8D62	42	0.30417160380171	42	validation	VC à 2 blocs 19
#FC8D62	43	0.399204109355834	43	validation	VC à 2 blocs 19
#66C2A5	44	0.385174091682726	44	sous-entraînement	VC à 2 blocs 19
#66C2A5	45	0.260632202360409	45	sous-entraînement	VC à 2 blocs 19
#FC8D62	46	0.258758256119149	46	validation	VC à 2 blocs 19
#FC8D62	47	0.365965968029044	47	validation	VC à 2 blocs 19
#66C2A5	48	0.406361064266902	48	sous-entraînement	VC à 2 blocs 19
#FC8D62	49	0.318273150600338	49	validation	VC à 2 blocs 19
#FC8D62	50	0.417618544460782	50	validation	VC à 2 blocs 19
#FC8D62	1	-0.689099191816566	1	validation	VC à 2 blocs 62
#FC8D62	2	-0.608089478320124	2	validation	VC à 2 blocs 62
#FC8D62	3	-0.710016671983337	3	validation	VC à 2 blocs 62
#FC8D62	4	-0.466925730528553	4	validation	VC à 2 blocs 62
#66C2A5	5	-0.593503033560796	5	sous-entraînement	VC à 2 blocs 62
#66C2A5	6	-0.708500649154134	6	sous-entraînement	VC à 2 blocs 62
#FC8D62	7	-0.577710905499484	7	validation	VC à 2 blocs 62
#FC8D62	8	-0.552621340229411	8	validation	VC à 2 blocs 62
#66C2A5	9	-0.568875675576983	9	sous-entraînement	VC à 2 blocs 62
#FC8D62	10	-0.656992649457968	10	validation	VC à 2 blocs 62
#66C2A5	11	0.334821441067167	11	sous-entraînement	VC à 2 blocs 62
#66C2A5	12	0.222627647863225	12	sous-entraînement	VC à 2 blocs 62
#66C2A5	13	0.121519266167902	13	sous-entraînement	VC à 2 blocs 62
#FC8D62	14	-0.0378266644956678	14	validation	VC à 2 blocs 62
#66C2A5	15	0.296136416036393	15	sous-entraînement	VC à 2 blocs 62
#FC8D62	16	0.179149963320559	16	validation	VC à 2 blocs 62
#66C2A5	17	0.182024297912188	17	sous-entraînement	VC à 2 blocs 62
#66C2A5	18	0.278026945290612	18	sous-entraînement	VC à 2 blocs 62
#66C2A5	19	0.265765443731891	19	sous-entraînement	VC à 2 blocs 62
#FC8D62	20	0.243033456343833	20	validation	VC à 2 blocs 62
#66C2A5	21	-0.743730875249225	21	sous-entraînement	VC à 2 blocs 62
#FC8D62	22	-0.757414982336941	22	validation	VC à 2 blocs 62
#66C2A5	23	-0.828172114073528	23	sous-entraînement	VC à 2 blocs 62
#FC8D62	24	-1.03456378199638	24	validation	VC à 2 blocs 62
#FC8D62	25	-0.773646037620576	25	validation	VC à 2 blocs 62
#66C2A5	26	-0.841241486362947	26	sous-entraînement	VC à 2 blocs 62
#66C2A5	27	-0.85120816308058	27	sous-entraînement	VC à 2 blocs 62
#66C2A5	28	-0.982703850799975	28	sous-entraînement	VC à 2 blocs 62
#FC8D62	29	-0.883443617920909	29	validation	VC à 2 blocs 62
#66C2A5	30	-0.793834456390077	30	sous-entraînement	VC à 2 blocs 62
#66C2A5	31	1.7311487572907	31	sous-entraînement	VC à 2 blocs 62
#FC8D62	32	1.58500202940349	32	validation	VC à 2 blocs 62
#FC8D62	33	1.63404796329373	33	validation	VC à 2 blocs 62
#FC8D62	34	1.5899002980795	34	validation	VC à 2 blocs 62
#66C2A5	35	1.45757484645493	35	sous-entraînement	VC à 2 blocs 62
#FC8D62	36	1.55378134580782	36	validation	VC à 2 blocs 62
#FC8D62	37	1.55585180676676	37	validation	VC à 2 blocs 62
#FC8D62	38	1.58934946246667	38	validation	VC à 2 blocs 62
#FC8D62	39	1.70528333933618	39	validation	VC à 2 blocs 62
#FC8D62	40	1.67159837698355	40	validation	VC à 2 blocs 62
#66C2A5	41	0.313055412190002	41	sous-entraînement	VC à 2 blocs 62
#66C2A5	42	0.30417160380171	42	sous-entraînement	VC à 2 blocs 62
#66C2A5	43	0.399204109355834	43	sous-entraînement	VC à 2 blocs 62
#66C2A5	44	0.385174091682726	44	sous-entraînement	VC à 2 blocs 62
#66C2A5	45	0.260632202360409	45	sous-entraînement	VC à 2 blocs 62
#FC8D62	46	0.258758256119149	46	validation	VC à 2 blocs 62
#66C2A5	47	0.365965968029044	47	sous-entraînement	VC à 2 blocs 62
#FC8D62	48	0.406361064266902	48	validation	VC à 2 blocs 62
#FC8D62	49	0.318273150600338	49	validation	VC à 2 blocs 62
#66C2A5	50	0.417618544460782	50	sous-entraînement	VC à 2 blocs 62
#66C2A5	1	-0.689099191816566	1	sous-entraînement	VC à 2 blocs 63
#66C2A5	2	-0.608089478320124	2	sous-entraînement	VC à 2 blocs 63
#66C2A5	3	-0.710016671983337	3	sous-entraînement	VC à 2 blocs 63
#66C2A5	4	-0.466925730528553	4	sous-entraînement	VC à 2 blocs 63
#FC8D62	5	-0.593503033560796	5	validation	VC à 2 blocs 63
#FC8D62	6	-0.708500649154134	6	validation	VC à 2 blocs 63
#66C2A5	7	-0.577710905499484	7	sous-entraînement	VC à 2 blocs 63
#66C2A5	8	-0.552621340229411	8	sous-entraînement	VC à 2 blocs 63
#FC8D62	9	-0.568875675576983	9	validation	VC à 2 blocs 63
#66C2A5	10	-0.656992649457968	10	sous-entraînement	VC à 2 blocs 63
#FC8D62	11	0.334821441067167	11	validation	VC à 2 blocs 63
#FC8D62	12	0.222627647863225	12	validation	VC à 2 blocs 63
#FC8D62	13	0.121519266167902	13	validation	VC à 2 blocs 63
#66C2A5	14	-0.0378266644956678	14	sous-entraînement	VC à 2 blocs 63
#FC8D62	15	0.296136416036393	15	validation	VC à 2 blocs 63
#66C2A5	16	0.179149963320559	16	sous-entraînement	VC à 2 blocs 63
#FC8D62	17	0.182024297912188	17	validation	VC à 2 blocs 63
#FC8D62	18	0.278026945290612	18	validation	VC à 2 blocs 63
#FC8D62	19	0.265765443731891	19	validation	VC à 2 blocs 63
#66C2A5	20	0.243033456343833	20	sous-entraînement	VC à 2 blocs 63
#FC8D62	21	-0.743730875249225	21	validation	VC à 2 blocs 63
#66C2A5	22	-0.757414982336941	22	sous-entraînement	VC à 2 blocs 63
#FC8D62	23	-0.828172114073528	23	validation	VC à 2 blocs 63
#66C2A5	24	-1.03456378199638	24	sous-entraînement	VC à 2 blocs 63
#66C2A5	25	-0.773646037620576	25	sous-entraînement	VC à 2 blocs 63
#FC8D62	26	-0.841241486362947	26	validation	VC à 2 blocs 63
#FC8D62	27	-0.85120816308058	27	validation	VC à 2 blocs 63
#FC8D62	28	-0.982703850799975	28	validation	VC à 2 blocs 63
#66C2A5	29	-0.883443617920909	29	sous-entraînement	VC à 2 blocs 63
#FC8D62	30	-0.793834456390077	30	validation	VC à 2 blocs 63
#FC8D62	31	1.7311487572907	31	validation	VC à 2 blocs 63
#66C2A5	32	1.58500202940349	32	sous-entraînement	VC à 2 blocs 63
#66C2A5	33	1.63404796329373	33	sous-entraînement	VC à 2 blocs 63
#66C2A5	34	1.5899002980795	34	sous-entraînement	VC à 2 blocs 63
#FC8D62	35	1.45757484645493	35	validation	VC à 2 blocs 63
#66C2A5	36	1.55378134580782	36	sous-entraînement	VC à 2 blocs 63
#66C2A5	37	1.55585180676676	37	sous-entraînement	VC à 2 blocs 63
#66C2A5	38	1.58934946246667	38	sous-entraînement	VC à 2 blocs 63
#66C2A5	39	1.70528333933618	39	sous-entraînement	VC à 2 blocs 63
#66C2A5	40	1.67159837698355	40	sous-entraînement	VC à 2 blocs 63
#FC8D62	41	0.313055412190002	41	validation	VC à 2 blocs 63
#FC8D62	42	0.30417160380171	42	validation	VC à 2 blocs 63
#FC8D62	43	0.399204109355834	43	validation	VC à 2 blocs 63
#FC8D62	44	0.385174091682726	44	validation	VC à 2 blocs 63
#FC8D62	45	0.260632202360409	45	validation	VC à 2 blocs 63
#66C2A5	46	0.258758256119149	46	sous-entraînement	VC à 2 blocs 63
#FC8D62	47	0.365965968029044	47	validation	VC à 2 blocs 63
#66C2A5	48	0.406361064266902	48	sous-entraînement	VC à 2 blocs 63
#66C2A5	49	0.318273150600338	49	sous-entraînement	VC à 2 blocs 63
#FC8D62	50	0.417618544460782	50	validation	VC à 2 blocs 63
#FC8D62	1	-0.689099191816566	1	validation	VC à 2 blocs 94
#FC8D62	2	-0.608089478320124	2	validation	VC à 2 blocs 94
#66C2A5	3	-0.710016671983337	3	sous-entraînement	VC à 2 blocs 94
#66C2A5	4	-0.466925730528553	4	sous-entraînement	VC à 2 blocs 94
#66C2A5	5	-0.593503033560796	5	sous-entraînement	VC à 2 blocs 94
#66C2A5	6	-0.708500649154134	6	sous-entraînement	VC à 2 blocs 94
#66C2A5	7	-0.577710905499484	7	sous-entraînement	VC à 2 blocs 94
#66C2A5	8	-0.552621340229411	8	sous-entraînement	VC à 2 blocs 94
#FC8D62	9	-0.568875675576983	9	validation	VC à 2 blocs 94
#66C2A5	10	-0.656992649457968	10	sous-entraînement	VC à 2 blocs 94
#66C2A5	11	0.334821441067167	11	sous-entraînement	VC à 2 blocs 94
#66C2A5	12	0.222627647863225	12	sous-entraînement	VC à 2 blocs 94
#FC8D62	13	0.121519266167902	13	validation	VC à 2 blocs 94
#66C2A5	14	-0.0378266644956678	14	sous-entraînement	VC à 2 blocs 94
#66C2A5	15	0.296136416036393	15	sous-entraînement	VC à 2 blocs 94
#FC8D62	16	0.179149963320559	16	validation	VC à 2 blocs 94
#FC8D62	17	0.182024297912188	17	validation	VC à 2 blocs 94
#66C2A5	18	0.278026945290612	18	sous-entraînement	VC à 2 blocs 94
#66C2A5	19	0.265765443731891	19	sous-entraînement	VC à 2 blocs 94
#FC8D62	20	0.243033456343833	20	validation	VC à 2 blocs 94
#FC8D62	21	-0.743730875249225	21	validation	VC à 2 blocs 94
#FC8D62	22	-0.757414982336941	22	validation	VC à 2 blocs 94
#FC8D62	23	-0.828172114073528	23	validation	VC à 2 blocs 94
#66C2A5	24	-1.03456378199638	24	sous-entraînement	VC à 2 blocs 94
#FC8D62	25	-0.773646037620576	25	validation	VC à 2 blocs 94
#66C2A5	26	-0.841241486362947	26	sous-entraînement	VC à 2 blocs 94
#66C2A5	27	-0.85120816308058	27	sous-entraînement	VC à 2 blocs 94
#66C2A5	28	-0.982703850799975	28	sous-entraînement	VC à 2 blocs 94
#66C2A5	29	-0.883443617920909	29	sous-entraînement	VC à 2 blocs 94
#FC8D62	30	-0.793834456390077	30	validation	VC à 2 blocs 94
#FC8D62	31	1.7311487572907	31	validation	VC à 2 blocs 94
#FC8D62	32	1.58500202940349	32	validation	VC à 2 blocs 94
#FC8D62	33	1.63404796329373	33	validation	VC à 2 blocs 94
#FC8D62	34	1.5899002980795	34	validation	VC à 2 blocs 94
#66C2A5	35	1.45757484645493	35	sous-entraînement	VC à 2 blocs 94
#FC8D62	36	1.55378134580782	36	validation	VC à 2 blocs 94
#FC8D62	37	1.55585180676676	37	validation	VC à 2 blocs 94
#FC8D62	38	1.58934946246667	38	validation	VC à 2 blocs 94
#FC8D62	39	1.70528333933618	39	validation	VC à 2 blocs 94
#FC8D62	40	1.67159837698355	40	validation	VC à 2 blocs 94
#66C2A5	41	0.313055412190002	41	sous-entraînement	VC à 2 blocs 94
#FC8D62	42	0.30417160380171	42	validation	VC à 2 blocs 94
#66C2A5	43	0.399204109355834	43	sous-entraînement	VC à 2 blocs 94
#FC8D62	44	0.385174091682726	44	validation	VC à 2 blocs 94
#FC8D62	45	0.260632202360409	45	validation	VC à 2 blocs 94
#66C2A5	46	0.258758256119149	46	sous-entraînement	VC à 2 blocs 94
#66C2A5	47	0.365965968029044	47	sous-entraînement	VC à 2 blocs 94
#66C2A5	48	0.406361064266902	48	sous-entraînement	VC à 2 blocs 94
#66C2A5	49	0.318273150600338	49	sous-entraînement	VC à 2 blocs 94
#FC8D62	50	0.417618544460782	50	validation	VC à 2 blocs 94
#66C2A5	1	-0.689099191816566	1	sous-entraînement	VC à 2 blocs 76
#66C2A5	2	-0.608089478320124	2	sous-entraînement	VC à 2 blocs 76
#FC8D62	3	-0.710016671983337	3	validation	VC à 2 blocs 76
#FC8D62	4	-0.466925730528553	4	validation	VC à 2 blocs 76
#FC8D62	5	-0.593503033560796	5	validation	VC à 2 blocs 76
#FC8D62	6	-0.708500649154134	6	validation	VC à 2 blocs 76
#FC8D62	7	-0.577710905499484	7	validation	VC à 2 blocs 76
#FC8D62	8	-0.552621340229411	8	validation	VC à 2 blocs 76
#66C2A5	9	-0.568875675576983	9	sous-entraînement	VC à 2 blocs 76
#FC8D62	10	-0.656992649457968	10	validation	VC à 2 blocs 76
#FC8D62	11	0.334821441067167	11	validation	VC à 2 blocs 76
#FC8D62	12	0.222627647863225	12	validation	VC à 2 blocs 76
#66C2A5	13	0.121519266167902	13	sous-entraînement	VC à 2 blocs 76
#FC8D62	14	-0.0378266644956678	14	validation	VC à 2 blocs 76
#FC8D62	15	0.296136416036393	15	validation	VC à 2 blocs 76
#66C2A5	16	0.179149963320559	16	sous-entraînement	VC à 2 blocs 76
#66C2A5	17	0.182024297912188	17	sous-entraînement	VC à 2 blocs 76
#FC8D62	18	0.278026945290612	18	validation	VC à 2 blocs 76
#FC8D62	19	0.265765443731891	19	validation	VC à 2 blocs 76
#66C2A5	20	0.243033456343833	20	sous-entraînement	VC à 2 blocs 76
#66C2A5	21	-0.743730875249225	21	sous-entraînement	VC à 2 blocs 76
#66C2A5	22	-0.757414982336941	22	sous-entraînement	VC à 2 blocs 76
#66C2A5	23	-0.828172114073528	23	sous-entraînement	VC à 2 blocs 76
#FC8D62	24	-1.03456378199638	24	validation	VC à 2 blocs 76
#66C2A5	25	-0.773646037620576	25	sous-entraînement	VC à 2 blocs 76
#FC8D62	26	-0.841241486362947	26	validation	VC à 2 blocs 76
#FC8D62	27	-0.85120816308058	27	validation	VC à 2 blocs 76
#FC8D62	28	-0.982703850799975	28	validation	VC à 2 blocs 76
#FC8D62	29	-0.883443617920909	29	validation	VC à 2 blocs 76
#66C2A5	30	-0.793834456390077	30	sous-entraînement	VC à 2 blocs 76
#66C2A5	31	1.7311487572907	31	sous-entraînement	VC à 2 blocs 76
#66C2A5	32	1.58500202940349	32	sous-entraînement	VC à 2 blocs 76
#66C2A5	33	1.63404796329373	33	sous-entraînement	VC à 2 blocs 76
#66C2A5	34	1.5899002980795	34	sous-entraînement	VC à 2 blocs 76
#FC8D62	35	1.45757484645493	35	validation	VC à 2 blocs 76
#66C2A5	36	1.55378134580782	36	sous-entraînement	VC à 2 blocs 76
#66C2A5	37	1.55585180676676	37	sous-entraînement	VC à 2 blocs 76
#66C2A5	38	1.58934946246667	38	sous-entraînement	VC à 2 blocs 76
#66C2A5	39	1.70528333933618	39	sous-entraînement	VC à 2 blocs 76
#66C2A5	40	1.67159837698355	40	sous-entraînement	VC à 2 blocs 76
#FC8D62	41	0.313055412190002	41	validation	VC à 2 blocs 76
#66C2A5	42	0.30417160380171	42	sous-entraînement	VC à 2 blocs 76
#FC8D62	43	0.399204109355834	43	validation	VC à 2 blocs 76
#66C2A5	44	0.385174091682726	44	sous-entraînement	VC à 2 blocs 76
#66C2A5	45	0.260632202360409	45	sous-entraînement	VC à 2 blocs 76
#FC8D62	46	0.258758256119149	46	validation	VC à 2 blocs 76
#FC8D62	47	0.365965968029044	47	validation	VC à 2 blocs 76
#FC8D62	48	0.406361064266902	48	validation	VC à 2 blocs 76
#FC8D62	49	0.318273150600338	49	validation	VC à 2 blocs 76
#66C2A5	50	0.417618544460782	50	sous-entraînement	VC à 2 blocs 76
#66C2A5	1	-0.689099191816566	1	sous-entraînement	VC à 2 blocs 3
#66C2A5	2	-0.608089478320124	2	sous-entraînement	VC à 2 blocs 3
#FC8D62	3	-0.710016671983337	3	validation	VC à 2 blocs 3
#66C2A5	4	-0.466925730528553	4	sous-entraînement	VC à 2 blocs 3
#FC8D62	5	-0.593503033560796	5	validation	VC à 2 blocs 3
#66C2A5	6	-0.708500649154134	6	sous-entraînement	VC à 2 blocs 3
#66C2A5	7	-0.577710905499484	7	sous-entraînement	VC à 2 blocs 3
#FC8D62	8	-0.552621340229411	8	validation	VC à 2 blocs 3
#FC8D62	9	-0.568875675576983	9	validation	VC à 2 blocs 3
#66C2A5	10	-0.656992649457968	10	sous-entraînement	VC à 2 blocs 3
#66C2A5	11	0.334821441067167	11	sous-entraînement	VC à 2 blocs 3
#FC8D62	12	0.222627647863225	12	validation	VC à 2 blocs 3
#FC8D62	13	0.121519266167902	13	validation	VC à 2 blocs 3
#FC8D62	14	-0.0378266644956678	14	validation	VC à 2 blocs 3
#66C2A5	15	0.296136416036393	15	sous-entraînement	VC à 2 blocs 3
#66C2A5	16	0.179149963320559	16	sous-entraînement	VC à 2 blocs 3
#FC8D62	17	0.182024297912188	17	validation	VC à 2 blocs 3
#FC8D62	18	0.278026945290612	18	validation	VC à 2 blocs 3
#FC8D62	19	0.265765443731891	19	validation	VC à 2 blocs 3
#FC8D62	20	0.243033456343833	20	validation	VC à 2 blocs 3
#66C2A5	21	-0.743730875249225	21	sous-entraînement	VC à 2 blocs 3
#66C2A5	22	-0.757414982336941	22	sous-entraînement	VC à 2 blocs 3
#FC8D62	23	-0.828172114073528	23	validation	VC à 2 blocs 3
#66C2A5	24	-1.03456378199638	24	sous-entraînement	VC à 2 blocs 3
#66C2A5	25	-0.773646037620576	25	sous-entraînement	VC à 2 blocs 3
#FC8D62	26	-0.841241486362947	26	validation	VC à 2 blocs 3
#FC8D62	27	-0.85120816308058	27	validation	VC à 2 blocs 3
#FC8D62	28	-0.982703850799975	28	validation	VC à 2 blocs 3
#FC8D62	29	-0.883443617920909	29	validation	VC à 2 blocs 3
#FC8D62	30	-0.793834456390077	30	validation	VC à 2 blocs 3
#66C2A5	31	1.7311487572907	31	sous-entraînement	VC à 2 blocs 3
#66C2A5	32	1.58500202940349	32	sous-entraînement	VC à 2 blocs 3
#FC8D62	33	1.63404796329373	33	validation	VC à 2 blocs 3
#FC8D62	34	1.5899002980795	34	validation	VC à 2 blocs 3
#FC8D62	35	1.45757484645493	35	validation	VC à 2 blocs 3
#66C2A5	36	1.55378134580782	36	sous-entraînement	VC à 2 blocs 3
#66C2A5	37	1.55585180676676	37	sous-entraînement	VC à 2 blocs 3
#FC8D62	38	1.58934946246667	38	validation	VC à 2 blocs 3
#FC8D62	39	1.70528333933618	39	validation	VC à 2 blocs 3
#66C2A5	40	1.67159837698355	40	sous-entraînement	VC à 2 blocs 3
#66C2A5	41	0.313055412190002	41	sous-entraînement	VC à 2 blocs 3
#66C2A5	42	0.30417160380171	42	sous-entraînement	VC à 2 blocs 3
#66C2A5	43	0.399204109355834	43	sous-entraînement	VC à 2 blocs 3
#FC8D62	44	0.385174091682726	44	validation	VC à 2 blocs 3
#66C2A5	45	0.260632202360409	45	sous-entraînement	VC à 2 blocs 3
#66C2A5	46	0.258758256119149	46	sous-entraînement	VC à 2 blocs 3
#FC8D62	47	0.365965968029044	47	validation	VC à 2 blocs 3
#66C2A5	48	0.406361064266902	48	sous-entraînement	VC à 2 blocs 3
#FC8D62	49	0.318273150600338	49	validation	VC à 2 blocs 3
#66C2A5	50	0.417618544460782	50	sous-entraînement	VC à 2 blocs 3
#FC8D62	1	-0.689099191816566	1	validation	VC à 2 blocs 20
#FC8D62	2	-0.608089478320124	2	validation	VC à 2 blocs 20
#66C2A5	3	-0.710016671983337	3	sous-entraînement	VC à 2 blocs 20
#FC8D62	4	-0.466925730528553	4	validation	VC à 2 blocs 20
#66C2A5	5	-0.593503033560796	5	sous-entraînement	VC à 2 blocs 20
#FC8D62	6	-0.708500649154134	6	validation	VC à 2 blocs 20
#FC8D62	7	-0.577710905499484	7	validation	VC à 2 blocs 20
#66C2A5	8	-0.552621340229411	8	sous-entraînement	VC à 2 blocs 20
#66C2A5	9	-0.568875675576983	9	sous-entraînement	VC à 2 blocs 20
#FC8D62	10	-0.656992649457968	10	validation	VC à 2 blocs 20
#FC8D62	11	0.334821441067167	11	validation	VC à 2 blocs 20
#66C2A5	12	0.222627647863225	12	sous-entraînement	VC à 2 blocs 20
#66C2A5	13	0.121519266167902	13	sous-entraînement	VC à 2 blocs 20
#66C2A5	14	-0.0378266644956678	14	sous-entraînement	VC à 2 blocs 20
#FC8D62	15	0.296136416036393	15	validation	VC à 2 blocs 20
#FC8D62	16	0.179149963320559	16	validation	VC à 2 blocs 20
#66C2A5	17	0.182024297912188	17	sous-entraînement	VC à 2 blocs 20
#66C2A5	18	0.278026945290612	18	sous-entraînement	VC à 2 blocs 20
#66C2A5	19	0.265765443731891	19	sous-entraînement	VC à 2 blocs 20
#66C2A5	20	0.243033456343833	20	sous-entraînement	VC à 2 blocs 20
#FC8D62	21	-0.743730875249225	21	validation	VC à 2 blocs 20
#FC8D62	22	-0.757414982336941	22	validation	VC à 2 blocs 20
#66C2A5	23	-0.828172114073528	23	sous-entraînement	VC à 2 blocs 20
#FC8D62	24	-1.03456378199638	24	validation	VC à 2 blocs 20
#FC8D62	25	-0.773646037620576	25	validation	VC à 2 blocs 20
#66C2A5	26	-0.841241486362947	26	sous-entraînement	VC à 2 blocs 20
#66C2A5	27	-0.85120816308058	27	sous-entraînement	VC à 2 blocs 20
#66C2A5	28	-0.982703850799975	28	sous-entraînement	VC à 2 blocs 20
#66C2A5	29	-0.883443617920909	29	sous-entraînement	VC à 2 blocs 20
#66C2A5	30	-0.793834456390077	30	sous-entraînement	VC à 2 blocs 20
#FC8D62	31	1.7311487572907	31	validation	VC à 2 blocs 20
#FC8D62	32	1.58500202940349	32	validation	VC à 2 blocs 20
#66C2A5	33	1.63404796329373	33	sous-entraînement	VC à 2 blocs 20
#66C2A5	34	1.5899002980795	34	sous-entraînement	VC à 2 blocs 20
#66C2A5	35	1.45757484645493	35	sous-entraînement	VC à 2 blocs 20
#FC8D62	36	1.55378134580782	36	validation	VC à 2 blocs 20
#FC8D62	37	1.55585180676676	37	validation	VC à 2 blocs 20
#66C2A5	38	1.58934946246667	38	sous-entraînement	VC à 2 blocs 20
#66C2A5	39	1.70528333933618	39	sous-entraînement	VC à 2 blocs 20
#FC8D62	40	1.67159837698355	40	validation	VC à 2 blocs 20
#FC8D62	41	0.313055412190002	41	validation	VC à 2 blocs 20
#FC8D62	42	0.30417160380171	42	validation	VC à 2 blocs 20
#FC8D62	43	0.399204109355834	43	validation	VC à 2 blocs 20
#66C2A5	44	0.385174091682726	44	sous-entraînement	VC à 2 blocs 20
#FC8D62	45	0.260632202360409	45	validation	VC à 2 blocs 20
#FC8D62	46	0.258758256119149	46	validation	VC à 2 blocs 20
#66C2A5	47	0.365965968029044	47	sous-entraînement	VC à 2 blocs 20
#FC8D62	48	0.406361064266902	48	validation	VC à 2 blocs 20
#66C2A5	49	0.318273150600338	49	sous-entraînement	VC à 2 blocs 20
#FC8D62	50	0.417618544460782	50	validation	VC à 2 blocs 20
#66C2A5	1	-0.689099191816566	1	sous-entraînement	VC à 2 blocs 64
#FC8D62	2	-0.608089478320124	2	validation	VC à 2 blocs 64
#FC8D62	3	-0.710016671983337	3	validation	VC à 2 blocs 64
#66C2A5	4	-0.466925730528553	4	sous-entraînement	VC à 2 blocs 64
#66C2A5	5	-0.593503033560796	5	sous-entraînement	VC à 2 blocs 64
#FC8D62	6	-0.708500649154134	6	validation	VC à 2 blocs 64
#66C2A5	7	-0.577710905499484	7	sous-entraînement	VC à 2 blocs 64
#66C2A5	8	-0.552621340229411	8	sous-entraînement	VC à 2 blocs 64
#66C2A5	9	-0.568875675576983	9	sous-entraînement	VC à 2 blocs 64
#FC8D62	10	-0.656992649457968	10	validation	VC à 2 blocs 64
#66C2A5	11	0.334821441067167	11	sous-entraînement	VC à 2 blocs 64
#FC8D62	12	0.222627647863225	12	validation	VC à 2 blocs 64
#FC8D62	13	0.121519266167902	13	validation	VC à 2 blocs 64
#66C2A5	14	-0.0378266644956678	14	sous-entraînement	VC à 2 blocs 64
#FC8D62	15	0.296136416036393	15	validation	VC à 2 blocs 64
#66C2A5	16	0.179149963320559	16	sous-entraînement	VC à 2 blocs 64
#FC8D62	17	0.182024297912188	17	validation	VC à 2 blocs 64
#66C2A5	18	0.278026945290612	18	sous-entraînement	VC à 2 blocs 64
#FC8D62	19	0.265765443731891	19	validation	VC à 2 blocs 64
#66C2A5	20	0.243033456343833	20	sous-entraînement	VC à 2 blocs 64
#66C2A5	21	-0.743730875249225	21	sous-entraînement	VC à 2 blocs 64
#66C2A5	22	-0.757414982336941	22	sous-entraînement	VC à 2 blocs 64
#66C2A5	23	-0.828172114073528	23	sous-entraînement	VC à 2 blocs 64
#66C2A5	24	-1.03456378199638	24	sous-entraînement	VC à 2 blocs 64
#FC8D62	25	-0.773646037620576	25	validation	VC à 2 blocs 64
#66C2A5	26	-0.841241486362947	26	sous-entraînement	VC à 2 blocs 64
#FC8D62	27	-0.85120816308058	27	validation	VC à 2 blocs 64
#FC8D62	28	-0.982703850799975	28	validation	VC à 2 blocs 64
#66C2A5	29	-0.883443617920909	29	sous-entraînement	VC à 2 blocs 64
#FC8D62	30	-0.793834456390077	30	validation	VC à 2 blocs 64
#66C2A5	31	1.7311487572907	31	sous-entraînement	VC à 2 blocs 64
#FC8D62	32	1.58500202940349	32	validation	VC à 2 blocs 64
#FC8D62	33	1.63404796329373	33	validation	VC à 2 blocs 64
#66C2A5	34	1.5899002980795	34	sous-entraînement	VC à 2 blocs 64
#66C2A5	35	1.45757484645493	35	sous-entraînement	VC à 2 blocs 64
#FC8D62	36	1.55378134580782	36	validation	VC à 2 blocs 64
#FC8D62	37	1.55585180676676	37	validation	VC à 2 blocs 64
#FC8D62	38	1.58934946246667	38	validation	VC à 2 blocs 64
#FC8D62	39	1.70528333933618	39	validation	VC à 2 blocs 64
#66C2A5	40	1.67159837698355	40	sous-entraînement	VC à 2 blocs 64
#FC8D62	41	0.313055412190002	41	validation	VC à 2 blocs 64
#66C2A5	42	0.30417160380171	42	sous-entraînement	VC à 2 blocs 64
#FC8D62	43	0.399204109355834	43	validation	VC à 2 blocs 64
#FC8D62	44	0.385174091682726	44	validation	VC à 2 blocs 64
#66C2A5	45	0.260632202360409	45	sous-entraînement	VC à 2 blocs 64
#FC8D62	46	0.258758256119149	46	validation	VC à 2 blocs 64
#FC8D62	47	0.365965968029044	47	validation	VC à 2 blocs 64
#66C2A5	48	0.406361064266902	48	sous-entraînement	VC à 2 blocs 64
#FC8D62	49	0.318273150600338	49	validation	VC à 2 blocs 64
#66C2A5	50	0.417618544460782	50	sous-entraînement	VC à 2 blocs 64
#FC8D62	1	-0.689099191816566	1	validation	VC à 2 blocs 21
#66C2A5	2	-0.608089478320124	2	sous-entraînement	VC à 2 blocs 21
#66C2A5	3	-0.710016671983337	3	sous-entraînement	VC à 2 blocs 21
#FC8D62	4	-0.466925730528553	4	validation	VC à 2 blocs 21
#FC8D62	5	-0.593503033560796	5	validation	VC à 2 blocs 21
#66C2A5	6	-0.708500649154134	6	sous-entraînement	VC à 2 blocs 21
#FC8D62	7	-0.577710905499484	7	validation	VC à 2 blocs 21
#FC8D62	8	-0.552621340229411	8	validation	VC à 2 blocs 21
#FC8D62	9	-0.568875675576983	9	validation	VC à 2 blocs 21
#66C2A5	10	-0.656992649457968	10	sous-entraînement	VC à 2 blocs 21
#FC8D62	11	0.334821441067167	11	validation	VC à 2 blocs 21
#66C2A5	12	0.222627647863225	12	sous-entraînement	VC à 2 blocs 21
#66C2A5	13	0.121519266167902	13	sous-entraînement	VC à 2 blocs 21
#FC8D62	14	-0.0378266644956678	14	validation	VC à 2 blocs 21
#66C2A5	15	0.296136416036393	15	sous-entraînement	VC à 2 blocs 21
#FC8D62	16	0.179149963320559	16	validation	VC à 2 blocs 21
#66C2A5	17	0.182024297912188	17	sous-entraînement	VC à 2 blocs 21
#FC8D62	18	0.278026945290612	18	validation	VC à 2 blocs 21
#66C2A5	19	0.265765443731891	19	sous-entraînement	VC à 2 blocs 21
#FC8D62	20	0.243033456343833	20	validation	VC à 2 blocs 21
#FC8D62	21	-0.743730875249225	21	validation	VC à 2 blocs 21
#FC8D62	22	-0.757414982336941	22	validation	VC à 2 blocs 21
#FC8D62	23	-0.828172114073528	23	validation	VC à 2 blocs 21
#FC8D62	24	-1.03456378199638	24	validation	VC à 2 blocs 21
#66C2A5	25	-0.773646037620576	25	sous-entraînement	VC à 2 blocs 21
#FC8D62	26	-0.841241486362947	26	validation	VC à 2 blocs 21
#66C2A5	27	-0.85120816308058	27	sous-entraînement	VC à 2 blocs 21
#66C2A5	28	-0.982703850799975	28	sous-entraînement	VC à 2 blocs 21
#FC8D62	29	-0.883443617920909	29	validation	VC à 2 blocs 21
#66C2A5	30	-0.793834456390077	30	sous-entraînement	VC à 2 blocs 21
#FC8D62	31	1.7311487572907	31	validation	VC à 2 blocs 21
#66C2A5	32	1.58500202940349	32	sous-entraînement	VC à 2 blocs 21
#66C2A5	33	1.63404796329373	33	sous-entraînement	VC à 2 blocs 21
#FC8D62	34	1.5899002980795	34	validation	VC à 2 blocs 21
#FC8D62	35	1.45757484645493	35	validation	VC à 2 blocs 21
#66C2A5	36	1.55378134580782	36	sous-entraînement	VC à 2 blocs 21
#66C2A5	37	1.55585180676676	37	sous-entraînement	VC à 2 blocs 21
#66C2A5	38	1.58934946246667	38	sous-entraînement	VC à 2 blocs 21
#66C2A5	39	1.70528333933618	39	sous-entraînement	VC à 2 blocs 21
#FC8D62	40	1.67159837698355	40	validation	VC à 2 blocs 21
#66C2A5	41	0.313055412190002	41	sous-entraînement	VC à 2 blocs 21
#FC8D62	42	0.30417160380171	42	validation	VC à 2 blocs 21
#66C2A5	43	0.399204109355834	43	sous-entraînement	VC à 2 blocs 21
#66C2A5	44	0.385174091682726	44	sous-entraînement	VC à 2 blocs 21
#FC8D62	45	0.260632202360409	45	validation	VC à 2 blocs 21
#66C2A5	46	0.258758256119149	46	sous-entraînement	VC à 2 blocs 21
#66C2A5	47	0.365965968029044	47	sous-entraînement	VC à 2 blocs 21
#FC8D62	48	0.406361064266902	48	validation	VC à 2 blocs 21
#66C2A5	49	0.318273150600338	49	sous-entraînement	VC à 2 blocs 21
#FC8D62	50	0.417618544460782	50	validation	VC à 2 blocs 21
#FC8D62	1	-0.689099191816566	1	validation	VC à 2 blocs 86
#FC8D62	2	-0.608089478320124	2	validation	VC à 2 blocs 86
#FC8D62	3	-0.710016671983337	3	validation	VC à 2 blocs 86
#FC8D62	4	-0.466925730528553	4	validation	VC à 2 blocs 86
#66C2A5	5	-0.593503033560796	5	sous-entraînement	VC à 2 blocs 86
#66C2A5	6	-0.708500649154134	6	sous-entraînement	VC à 2 blocs 86
#66C2A5	7	-0.577710905499484	7	sous-entraînement	VC à 2 blocs 86
#66C2A5	8	-0.552621340229411	8	sous-entraînement	VC à 2 blocs 86
#FC8D62	9	-0.568875675576983	9	validation	VC à 2 blocs 86
#FC8D62	10	-0.656992649457968	10	validation	VC à 2 blocs 86
#FC8D62	11	0.334821441067167	11	validation	VC à 2 blocs 86
#66C2A5	12	0.222627647863225	12	sous-entraînement	VC à 2 blocs 86
#66C2A5	13	0.121519266167902	13	sous-entraînement	VC à 2 blocs 86
#66C2A5	14	-0.0378266644956678	14	sous-entraînement	VC à 2 blocs 86
#FC8D62	15	0.296136416036393	15	validation	VC à 2 blocs 86
#66C2A5	16	0.179149963320559	16	sous-entraînement	VC à 2 blocs 86
#FC8D62	17	0.182024297912188	17	validation	VC à 2 blocs 86
#FC8D62	18	0.278026945290612	18	validation	VC à 2 blocs 86
#FC8D62	19	0.265765443731891	19	validation	VC à 2 blocs 86
#FC8D62	20	0.243033456343833	20	validation	VC à 2 blocs 86
#66C2A5	21	-0.743730875249225	21	sous-entraînement	VC à 2 blocs 86
#66C2A5	22	-0.757414982336941	22	sous-entraînement	VC à 2 blocs 86
#66C2A5	23	-0.828172114073528	23	sous-entraînement	VC à 2 blocs 86
#66C2A5	24	-1.03456378199638	24	sous-entraînement	VC à 2 blocs 86
#FC8D62	25	-0.773646037620576	25	validation	VC à 2 blocs 86
#66C2A5	26	-0.841241486362947	26	sous-entraînement	VC à 2 blocs 86
#66C2A5	27	-0.85120816308058	27	sous-entraînement	VC à 2 blocs 86
#FC8D62	28	-0.982703850799975	28	validation	VC à 2 blocs 86
#FC8D62	29	-0.883443617920909	29	validation	VC à 2 blocs 86
#66C2A5	30	-0.793834456390077	30	sous-entraînement	VC à 2 blocs 86
#66C2A5	31	1.7311487572907	31	sous-entraînement	VC à 2 blocs 86
#66C2A5	32	1.58500202940349	32	sous-entraînement	VC à 2 blocs 86
#66C2A5	33	1.63404796329373	33	sous-entraînement	VC à 2 blocs 86
#66C2A5	34	1.5899002980795	34	sous-entraînement	VC à 2 blocs 86
#66C2A5	35	1.45757484645493	35	sous-entraînement	VC à 2 blocs 86
#FC8D62	36	1.55378134580782	36	validation	VC à 2 blocs 86
#FC8D62	37	1.55585180676676	37	validation	VC à 2 blocs 86
#FC8D62	38	1.58934946246667	38	validation	VC à 2 blocs 86
#FC8D62	39	1.70528333933618	39	validation	VC à 2 blocs 86
#FC8D62	40	1.67159837698355	40	validation	VC à 2 blocs 86
#FC8D62	41	0.313055412190002	41	validation	VC à 2 blocs 86
#66C2A5	42	0.30417160380171	42	sous-entraînement	VC à 2 blocs 86
#66C2A5	43	0.399204109355834	43	sous-entraînement	VC à 2 blocs 86
#FC8D62	44	0.385174091682726	44	validation	VC à 2 blocs 86
#66C2A5	45	0.260632202360409	45	sous-entraînement	VC à 2 blocs 86
#FC8D62	46	0.258758256119149	46	validation	VC à 2 blocs 86
#66C2A5	47	0.365965968029044	47	sous-entraînement	VC à 2 blocs 86
#66C2A5	48	0.406361064266902	48	sous-entraînement	VC à 2 blocs 86
#FC8D62	49	0.318273150600338	49	validation	VC à 2 blocs 86
#FC8D62	50	0.417618544460782	50	validation	VC à 2 blocs 86
#66C2A5	1	-0.689099191816566	1	sous-entraînement	VC à 2 blocs 22
#66C2A5	2	-0.608089478320124	2	sous-entraînement	VC à 2 blocs 22
#66C2A5	3	-0.710016671983337	3	sous-entraînement	VC à 2 blocs 22
#66C2A5	4	-0.466925730528553	4	sous-entraînement	VC à 2 blocs 22
#FC8D62	5	-0.593503033560796	5	validation	VC à 2 blocs 22
#FC8D62	6	-0.708500649154134	6	validation	VC à 2 blocs 22
#FC8D62	7	-0.577710905499484	7	validation	VC à 2 blocs 22
#FC8D62	8	-0.552621340229411	8	validation	VC à 2 blocs 22
#66C2A5	9	-0.568875675576983	9	sous-entraînement	VC à 2 blocs 22
#66C2A5	10	-0.656992649457968	10	sous-entraînement	VC à 2 blocs 22
#66C2A5	11	0.334821441067167	11	sous-entraînement	VC à 2 blocs 22
#FC8D62	12	0.222627647863225	12	validation	VC à 2 blocs 22
#FC8D62	13	0.121519266167902	13	validation	VC à 2 blocs 22
#FC8D62	14	-0.0378266644956678	14	validation	VC à 2 blocs 22
#66C2A5	15	0.296136416036393	15	sous-entraînement	VC à 2 blocs 22
#FC8D62	16	0.179149963320559	16	validation	VC à 2 blocs 22
#66C2A5	17	0.182024297912188	17	sous-entraînement	VC à 2 blocs 22
#66C2A5	18	0.278026945290612	18	sous-entraînement	VC à 2 blocs 22
#66C2A5	19	0.265765443731891	19	sous-entraînement	VC à 2 blocs 22
#66C2A5	20	0.243033456343833	20	sous-entraînement	VC à 2 blocs 22
#FC8D62	21	-0.743730875249225	21	validation	VC à 2 blocs 22
#FC8D62	22	-0.757414982336941	22	validation	VC à 2 blocs 22
#FC8D62	23	-0.828172114073528	23	validation	VC à 2 blocs 22
#FC8D62	24	-1.03456378199638	24	validation	VC à 2 blocs 22
#66C2A5	25	-0.773646037620576	25	sous-entraînement	VC à 2 blocs 22
#FC8D62	26	-0.841241486362947	26	validation	VC à 2 blocs 22
#FC8D62	27	-0.85120816308058	27	validation	VC à 2 blocs 22
#66C2A5	28	-0.982703850799975	28	sous-entraînement	VC à 2 blocs 22
#66C2A5	29	-0.883443617920909	29	sous-entraînement	VC à 2 blocs 22
#FC8D62	30	-0.793834456390077	30	validation	VC à 2 blocs 22
#FC8D62	31	1.7311487572907	31	validation	VC à 2 blocs 22
#FC8D62	32	1.58500202940349	32	validation	VC à 2 blocs 22
#FC8D62	33	1.63404796329373	33	validation	VC à 2 blocs 22
#FC8D62	34	1.5899002980795	34	validation	VC à 2 blocs 22
#FC8D62	35	1.45757484645493	35	validation	VC à 2 blocs 22
#66C2A5	36	1.55378134580782	36	sous-entraînement	VC à 2 blocs 22
#66C2A5	37	1.55585180676676	37	sous-entraînement	VC à 2 blocs 22
#66C2A5	38	1.58934946246667	38	sous-entraînement	VC à 2 blocs 22
#66C2A5	39	1.70528333933618	39	sous-entraînement	VC à 2 blocs 22
#66C2A5	40	1.67159837698355	40	sous-entraînement	VC à 2 blocs 22
#66C2A5	41	0.313055412190002	41	sous-entraînement	VC à 2 blocs 22
#FC8D62	42	0.30417160380171	42	validation	VC à 2 blocs 22
#FC8D62	43	0.399204109355834	43	validation	VC à 2 blocs 22
#66C2A5	44	0.385174091682726	44	sous-entraînement	VC à 2 blocs 22
#FC8D62	45	0.260632202360409	45	validation	VC à 2 blocs 22
#66C2A5	46	0.258758256119149	46	sous-entraînement	VC à 2 blocs 22
#FC8D62	47	0.365965968029044	47	validation	VC à 2 blocs 22
#FC8D62	48	0.406361064266902	48	validation	VC à 2 blocs 22
#66C2A5	49	0.318273150600338	49	sous-entraînement	VC à 2 blocs 22
#66C2A5	50	0.417618544460782	50	sous-entraînement	VC à 2 blocs 22
#66C2A5	1	-0.689099191816566	1	sous-entraînement	VC à 2 blocs 65
#66C2A5	2	-0.608089478320124	2	sous-entraînement	VC à 2 blocs 65
#66C2A5	3	-0.710016671983337	3	sous-entraînement	VC à 2 blocs 65
#FC8D62	4	-0.466925730528553	4	validation	VC à 2 blocs 65
#66C2A5	5	-0.593503033560796	5	sous-entraînement	VC à 2 blocs 65
#FC8D62	6	-0.708500649154134	6	validation	VC à 2 blocs 65
#66C2A5	7	-0.577710905499484	7	sous-entraînement	VC à 2 blocs 65
#66C2A5	8	-0.552621340229411	8	sous-entraînement	VC à 2 blocs 65
#FC8D62	9	-0.568875675576983	9	validation	VC à 2 blocs 65
#FC8D62	10	-0.656992649457968	10	validation	VC à 2 blocs 65
#FC8D62	11	0.334821441067167	11	validation	VC à 2 blocs 65
#66C2A5	12	0.222627647863225	12	sous-entraînement	VC à 2 blocs 65
#FC8D62	13	0.121519266167902	13	validation	VC à 2 blocs 65
#66C2A5	14	-0.0378266644956678	14	sous-entraînement	VC à 2 blocs 65
#FC8D62	15	0.296136416036393	15	validation	VC à 2 blocs 65
#66C2A5	16	0.179149963320559	16	sous-entraînement	VC à 2 blocs 65
#FC8D62	17	0.182024297912188	17	validation	VC à 2 blocs 65
#FC8D62	18	0.278026945290612	18	validation	VC à 2 blocs 65
#66C2A5	19	0.265765443731891	19	sous-entraînement	VC à 2 blocs 65
#FC8D62	20	0.243033456343833	20	validation	VC à 2 blocs 65
#66C2A5	21	-0.743730875249225	21	sous-entraînement	VC à 2 blocs 65
#FC8D62	22	-0.757414982336941	22	validation	VC à 2 blocs 65
#66C2A5	23	-0.828172114073528	23	sous-entraînement	VC à 2 blocs 65
#FC8D62	24	-1.03456378199638	24	validation	VC à 2 blocs 65
#66C2A5	25	-0.773646037620576	25	sous-entraînement	VC à 2 blocs 65
#FC8D62	26	-0.841241486362947	26	validation	VC à 2 blocs 65
#FC8D62	27	-0.85120816308058	27	validation	VC à 2 blocs 65
#FC8D62	28	-0.982703850799975	28	validation	VC à 2 blocs 65
#FC8D62	29	-0.883443617920909	29	validation	VC à 2 blocs 65
#FC8D62	30	-0.793834456390077	30	validation	VC à 2 blocs 65
#66C2A5	31	1.7311487572907	31	sous-entraînement	VC à 2 blocs 65
#66C2A5	32	1.58500202940349	32	sous-entraînement	VC à 2 blocs 65
#66C2A5	33	1.63404796329373	33	sous-entraînement	VC à 2 blocs 65
#66C2A5	34	1.5899002980795	34	sous-entraînement	VC à 2 blocs 65
#FC8D62	35	1.45757484645493	35	validation	VC à 2 blocs 65
#FC8D62	36	1.55378134580782	36	validation	VC à 2 blocs 65
#FC8D62	37	1.55585180676676	37	validation	VC à 2 blocs 65
#FC8D62	38	1.58934946246667	38	validation	VC à 2 blocs 65
#66C2A5	39	1.70528333933618	39	sous-entraînement	VC à 2 blocs 65
#FC8D62	40	1.67159837698355	40	validation	VC à 2 blocs 65
#FC8D62	41	0.313055412190002	41	validation	VC à 2 blocs 65
#66C2A5	42	0.30417160380171	42	sous-entraînement	VC à 2 blocs 65
#66C2A5	43	0.399204109355834	43	sous-entraînement	VC à 2 blocs 65
#66C2A5	44	0.385174091682726	44	sous-entraînement	VC à 2 blocs 65
#66C2A5	45	0.260632202360409	45	sous-entraînement	VC à 2 blocs 65
#66C2A5	46	0.258758256119149	46	sous-entraînement	VC à 2 blocs 65
#FC8D62	47	0.365965968029044	47	validation	VC à 2 blocs 65
#66C2A5	48	0.406361064266902	48	sous-entraînement	VC à 2 blocs 65
#FC8D62	49	0.318273150600338	49	validation	VC à 2 blocs 65
#66C2A5	50	0.417618544460782	50	sous-entraînement	VC à 2 blocs 65
#FC8D62	1	-0.689099191816566	1	validation	VC à 2 blocs 23
#FC8D62	2	-0.608089478320124	2	validation	VC à 2 blocs 23
#FC8D62	3	-0.710016671983337	3	validation	VC à 2 blocs 23
#66C2A5	4	-0.466925730528553	4	sous-entraînement	VC à 2 blocs 23
#FC8D62	5	-0.593503033560796	5	validation	VC à 2 blocs 23
#66C2A5	6	-0.708500649154134	6	sous-entraînement	VC à 2 blocs 23
#FC8D62	7	-0.577710905499484	7	validation	VC à 2 blocs 23
#FC8D62	8	-0.552621340229411	8	validation	VC à 2 blocs 23
#66C2A5	9	-0.568875675576983	9	sous-entraînement	VC à 2 blocs 23
#66C2A5	10	-0.656992649457968	10	sous-entraînement	VC à 2 blocs 23
#66C2A5	11	0.334821441067167	11	sous-entraînement	VC à 2 blocs 23
#FC8D62	12	0.222627647863225	12	validation	VC à 2 blocs 23
#66C2A5	13	0.121519266167902	13	sous-entraînement	VC à 2 blocs 23
#FC8D62	14	-0.0378266644956678	14	validation	VC à 2 blocs 23
#66C2A5	15	0.296136416036393	15	sous-entraînement	VC à 2 blocs 23
#FC8D62	16	0.179149963320559	16	validation	VC à 2 blocs 23
#66C2A5	17	0.182024297912188	17	sous-entraînement	VC à 2 blocs 23
#66C2A5	18	0.278026945290612	18	sous-entraînement	VC à 2 blocs 23
#FC8D62	19	0.265765443731891	19	validation	VC à 2 blocs 23
#66C2A5	20	0.243033456343833	20	sous-entraînement	VC à 2 blocs 23
#FC8D62	21	-0.743730875249225	21	validation	VC à 2 blocs 23
#66C2A5	22	-0.757414982336941	22	sous-entraînement	VC à 2 blocs 23
#FC8D62	23	-0.828172114073528	23	validation	VC à 2 blocs 23
#66C2A5	24	-1.03456378199638	24	sous-entraînement	VC à 2 blocs 23
#FC8D62	25	-0.773646037620576	25	validation	VC à 2 blocs 23
#66C2A5	26	-0.841241486362947	26	sous-entraînement	VC à 2 blocs 23
#66C2A5	27	-0.85120816308058	27	sous-entraînement	VC à 2 blocs 23
#66C2A5	28	-0.982703850799975	28	sous-entraînement	VC à 2 blocs 23
#66C2A5	29	-0.883443617920909	29	sous-entraînement	VC à 2 blocs 23
#66C2A5	30	-0.793834456390077	30	sous-entraînement	VC à 2 blocs 23
#FC8D62	31	1.7311487572907	31	validation	VC à 2 blocs 23
#FC8D62	32	1.58500202940349	32	validation	VC à 2 blocs 23
#FC8D62	33	1.63404796329373	33	validation	VC à 2 blocs 23
#FC8D62	34	1.5899002980795	34	validation	VC à 2 blocs 23
#66C2A5	35	1.45757484645493	35	sous-entraînement	VC à 2 blocs 23
#66C2A5	36	1.55378134580782	36	sous-entraînement	VC à 2 blocs 23
#66C2A5	37	1.55585180676676	37	sous-entraînement	VC à 2 blocs 23
#66C2A5	38	1.58934946246667	38	sous-entraînement	VC à 2 blocs 23
#FC8D62	39	1.70528333933618	39	validation	VC à 2 blocs 23
#66C2A5	40	1.67159837698355	40	sous-entraînement	VC à 2 blocs 23
#66C2A5	41	0.313055412190002	41	sous-entraînement	VC à 2 blocs 23
#FC8D62	42	0.30417160380171	42	validation	VC à 2 blocs 23
#FC8D62	43	0.399204109355834	43	validation	VC à 2 blocs 23
#FC8D62	44	0.385174091682726	44	validation	VC à 2 blocs 23
#FC8D62	45	0.260632202360409	45	validation	VC à 2 blocs 23
#FC8D62	46	0.258758256119149	46	validation	VC à 2 blocs 23
#66C2A5	47	0.365965968029044	47	sous-entraînement	VC à 2 blocs 23
#FC8D62	48	0.406361064266902	48	validation	VC à 2 blocs 23
#66C2A5	49	0.318273150600338	49	sous-entraînement	VC à 2 blocs 23
#FC8D62	50	0.417618544460782	50	validation	VC à 2 blocs 23
#FC8D62	1	-0.689099191816566	1	validation	VC à 2 blocs 87
#FC8D62	2	-0.608089478320124	2	validation	VC à 2 blocs 87
#FC8D62	3	-0.710016671983337	3	validation	VC à 2 blocs 87
#66C2A5	4	-0.466925730528553	4	sous-entraînement	VC à 2 blocs 87
#FC8D62	5	-0.593503033560796	5	validation	VC à 2 blocs 87
#FC8D62	6	-0.708500649154134	6	validation	VC à 2 blocs 87
#FC8D62	7	-0.577710905499484	7	validation	VC à 2 blocs 87
#66C2A5	8	-0.552621340229411	8	sous-entraînement	VC à 2 blocs 87
#66C2A5	9	-0.568875675576983	9	sous-entraînement	VC à 2 blocs 87
#66C2A5	10	-0.656992649457968	10	sous-entraînement	VC à 2 blocs 87
#66C2A5	11	0.334821441067167	11	sous-entraînement	VC à 2 blocs 87
#FC8D62	12	0.222627647863225	12	validation	VC à 2 blocs 87
#FC8D62	13	0.121519266167902	13	validation	VC à 2 blocs 87
#FC8D62	14	-0.0378266644956678	14	validation	VC à 2 blocs 87
#FC8D62	15	0.296136416036393	15	validation	VC à 2 blocs 87
#66C2A5	16	0.179149963320559	16	sous-entraînement	VC à 2 blocs 87
#66C2A5	17	0.182024297912188	17	sous-entraînement	VC à 2 blocs 87
#FC8D62	18	0.278026945290612	18	validation	VC à 2 blocs 87
#FC8D62	19	0.265765443731891	19	validation	VC à 2 blocs 87
#FC8D62	20	0.243033456343833	20	validation	VC à 2 blocs 87
#66C2A5	21	-0.743730875249225	21	sous-entraînement	VC à 2 blocs 87
#FC8D62	22	-0.757414982336941	22	validation	VC à 2 blocs 87
#66C2A5	23	-0.828172114073528	23	sous-entraînement	VC à 2 blocs 87
#FC8D62	24	-1.03456378199638	24	validation	VC à 2 blocs 87
#66C2A5	25	-0.773646037620576	25	sous-entraînement	VC à 2 blocs 87
#66C2A5	26	-0.841241486362947	26	sous-entraînement	VC à 2 blocs 87
#FC8D62	27	-0.85120816308058	27	validation	VC à 2 blocs 87
#66C2A5	28	-0.982703850799975	28	sous-entraînement	VC à 2 blocs 87
#66C2A5	29	-0.883443617920909	29	sous-entraînement	VC à 2 blocs 87
#FC8D62	30	-0.793834456390077	30	validation	VC à 2 blocs 87
#66C2A5	31	1.7311487572907	31	sous-entraînement	VC à 2 blocs 87
#66C2A5	32	1.58500202940349	32	sous-entraînement	VC à 2 blocs 87
#66C2A5	33	1.63404796329373	33	sous-entraînement	VC à 2 blocs 87
#66C2A5	34	1.5899002980795	34	sous-entraînement	VC à 2 blocs 87
#FC8D62	35	1.45757484645493	35	validation	VC à 2 blocs 87
#66C2A5	36	1.55378134580782	36	sous-entraînement	VC à 2 blocs 87
#66C2A5	37	1.55585180676676	37	sous-entraînement	VC à 2 blocs 87
#66C2A5	38	1.58934946246667	38	sous-entraînement	VC à 2 blocs 87
#FC8D62	39	1.70528333933618	39	validation	VC à 2 blocs 87
#66C2A5	40	1.67159837698355	40	sous-entraînement	VC à 2 blocs 87
#FC8D62	41	0.313055412190002	41	validation	VC à 2 blocs 87
#FC8D62	42	0.30417160380171	42	validation	VC à 2 blocs 87
#FC8D62	43	0.399204109355834	43	validation	VC à 2 blocs 87
#FC8D62	44	0.385174091682726	44	validation	VC à 2 blocs 87
#66C2A5	45	0.260632202360409	45	sous-entraînement	VC à 2 blocs 87
#66C2A5	46	0.258758256119149	46	sous-entraînement	VC à 2 blocs 87
#66C2A5	47	0.365965968029044	47	sous-entraînement	VC à 2 blocs 87
#FC8D62	48	0.406361064266902	48	validation	VC à 2 blocs 87
#66C2A5	49	0.318273150600338	49	sous-entraînement	VC à 2 blocs 87
#FC8D62	50	0.417618544460782	50	validation	VC à 2 blocs 87
#66C2A5	1	-0.689099191816566	1	sous-entraînement	VC à 2 blocs 24
#66C2A5	2	-0.608089478320124	2	sous-entraînement	VC à 2 blocs 24
#66C2A5	3	-0.710016671983337	3	sous-entraînement	VC à 2 blocs 24
#FC8D62	4	-0.466925730528553	4	validation	VC à 2 blocs 24
#66C2A5	5	-0.593503033560796	5	sous-entraînement	VC à 2 blocs 24
#66C2A5	6	-0.708500649154134	6	sous-entraînement	VC à 2 blocs 24
#66C2A5	7	-0.577710905499484	7	sous-entraînement	VC à 2 blocs 24
#FC8D62	8	-0.552621340229411	8	validation	VC à 2 blocs 24
#FC8D62	9	-0.568875675576983	9	validation	VC à 2 blocs 24
#FC8D62	10	-0.656992649457968	10	validation	VC à 2 blocs 24
#FC8D62	11	0.334821441067167	11	validation	VC à 2 blocs 24
#66C2A5	12	0.222627647863225	12	sous-entraînement	VC à 2 blocs 24
#66C2A5	13	0.121519266167902	13	sous-entraînement	VC à 2 blocs 24
#66C2A5	14	-0.0378266644956678	14	sous-entraînement	VC à 2 blocs 24
#66C2A5	15	0.296136416036393	15	sous-entraînement	VC à 2 blocs 24
#FC8D62	16	0.179149963320559	16	validation	VC à 2 blocs 24
#FC8D62	17	0.182024297912188	17	validation	VC à 2 blocs 24
#66C2A5	18	0.278026945290612	18	sous-entraînement	VC à 2 blocs 24
#66C2A5	19	0.265765443731891	19	sous-entraînement	VC à 2 blocs 24
#66C2A5	20	0.243033456343833	20	sous-entraînement	VC à 2 blocs 24
#FC8D62	21	-0.743730875249225	21	validation	VC à 2 blocs 24
#66C2A5	22	-0.757414982336941	22	sous-entraînement	VC à 2 blocs 24
#FC8D62	23	-0.828172114073528	23	validation	VC à 2 blocs 24
#66C2A5	24	-1.03456378199638	24	sous-entraînement	VC à 2 blocs 24
#FC8D62	25	-0.773646037620576	25	validation	VC à 2 blocs 24
#FC8D62	26	-0.841241486362947	26	validation	VC à 2 blocs 24
#66C2A5	27	-0.85120816308058	27	sous-entraînement	VC à 2 blocs 24
#FC8D62	28	-0.982703850799975	28	validation	VC à 2 blocs 24
#FC8D62	29	-0.883443617920909	29	validation	VC à 2 blocs 24
#66C2A5	30	-0.793834456390077	30	sous-entraînement	VC à 2 blocs 24
#FC8D62	31	1.7311487572907	31	validation	VC à 2 blocs 24
#FC8D62	32	1.58500202940349	32	validation	VC à 2 blocs 24
#FC8D62	33	1.63404796329373	33	validation	VC à 2 blocs 24
#FC8D62	34	1.5899002980795	34	validation	VC à 2 blocs 24
#66C2A5	35	1.45757484645493	35	sous-entraînement	VC à 2 blocs 24
#FC8D62	36	1.55378134580782	36	validation	VC à 2 blocs 24
#FC8D62	37	1.55585180676676	37	validation	VC à 2 blocs 24
#FC8D62	38	1.58934946246667	38	validation	VC à 2 blocs 24
#66C2A5	39	1.70528333933618	39	sous-entraînement	VC à 2 blocs 24
#FC8D62	40	1.67159837698355	40	validation	VC à 2 blocs 24
#66C2A5	41	0.313055412190002	41	sous-entraînement	VC à 2 blocs 24
#66C2A5	42	0.30417160380171	42	sous-entraînement	VC à 2 blocs 24
#66C2A5	43	0.399204109355834	43	sous-entraînement	VC à 2 blocs 24
#66C2A5	44	0.385174091682726	44	sous-entraînement	VC à 2 blocs 24
#FC8D62	45	0.260632202360409	45	validation	VC à 2 blocs 24
#FC8D62	46	0.258758256119149	46	validation	VC à 2 blocs 24
#FC8D62	47	0.365965968029044	47	validation	VC à 2 blocs 24
#66C2A5	48	0.406361064266902	48	sous-entraînement	VC à 2 blocs 24
#FC8D62	49	0.318273150600338	49	validation	VC à 2 blocs 24
#66C2A5	50	0.417618544460782	50	sous-entraînement	VC à 2 blocs 24
#FC8D62	1	-0.689099191816566	1	validation	VC à 2 blocs 83
#FC8D62	2	-0.608089478320124	2	validation	VC à 2 blocs 83
#66C2A5	3	-0.710016671983337	3	sous-entraînement	VC à 2 blocs 83
#66C2A5	4	-0.466925730528553	4	sous-entraînement	VC à 2 blocs 83
#FC8D62	5	-0.593503033560796	5	validation	VC à 2 blocs 83
#FC8D62	6	-0.708500649154134	6	validation	VC à 2 blocs 83
#FC8D62	7	-0.577710905499484	7	validation	VC à 2 blocs 83
#FC8D62	8	-0.552621340229411	8	validation	VC à 2 blocs 83
#66C2A5	9	-0.568875675576983	9	sous-entraînement	VC à 2 blocs 83
#FC8D62	10	-0.656992649457968	10	validation	VC à 2 blocs 83
#66C2A5	11	0.334821441067167	11	sous-entraînement	VC à 2 blocs 83
#66C2A5	12	0.222627647863225	12	sous-entraînement	VC à 2 blocs 83
#66C2A5	13	0.121519266167902	13	sous-entraînement	VC à 2 blocs 83
#FC8D62	14	-0.0378266644956678	14	validation	VC à 2 blocs 83
#66C2A5	15	0.296136416036393	15	sous-entraînement	VC à 2 blocs 83
#FC8D62	16	0.179149963320559	16	validation	VC à 2 blocs 83
#66C2A5	17	0.182024297912188	17	sous-entraînement	VC à 2 blocs 83
#66C2A5	18	0.278026945290612	18	sous-entraînement	VC à 2 blocs 83
#66C2A5	19	0.265765443731891	19	sous-entraînement	VC à 2 blocs 83
#FC8D62	20	0.243033456343833	20	validation	VC à 2 blocs 83
#FC8D62	21	-0.743730875249225	21	validation	VC à 2 blocs 83
#FC8D62	22	-0.757414982336941	22	validation	VC à 2 blocs 83
#66C2A5	23	-0.828172114073528	23	sous-entraînement	VC à 2 blocs 83
#FC8D62	24	-1.03456378199638	24	validation	VC à 2 blocs 83
#66C2A5	25	-0.773646037620576	25	sous-entraînement	VC à 2 blocs 83
#66C2A5	26	-0.841241486362947	26	sous-entraînement	VC à 2 blocs 83
#FC8D62	27	-0.85120816308058	27	validation	VC à 2 blocs 83
#66C2A5	28	-0.982703850799975	28	sous-entraînement	VC à 2 blocs 83
#66C2A5	29	-0.883443617920909	29	sous-entraînement	VC à 2 blocs 83
#FC8D62	30	-0.793834456390077	30	validation	VC à 2 blocs 83
#66C2A5	31	1.7311487572907	31	sous-entraînement	VC à 2 blocs 83
#FC8D62	32	1.58500202940349	32	validation	VC à 2 blocs 83
#66C2A5	33	1.63404796329373	33	sous-entraînement	VC à 2 blocs 83
#FC8D62	34	1.5899002980795	34	validation	VC à 2 blocs 83
#66C2A5	35	1.45757484645493	35	sous-entraînement	VC à 2 blocs 83
#66C2A5	36	1.55378134580782	36	sous-entraînement	VC à 2 blocs 83
#66C2A5	37	1.55585180676676	37	sous-entraînement	VC à 2 blocs 83
#66C2A5	38	1.58934946246667	38	sous-entraînement	VC à 2 blocs 83
#FC8D62	39	1.70528333933618	39	validation	VC à 2 blocs 83
#66C2A5	40	1.67159837698355	40	sous-entraînement	VC à 2 blocs 83
#FC8D62	41	0.313055412190002	41	validation	VC à 2 blocs 83
#FC8D62	42	0.30417160380171	42	validation	VC à 2 blocs 83
#FC8D62	43	0.399204109355834	43	validation	VC à 2 blocs 83
#66C2A5	44	0.385174091682726	44	sous-entraînement	VC à 2 blocs 83
#FC8D62	45	0.260632202360409	45	validation	VC à 2 blocs 83
#FC8D62	46	0.258758256119149	46	validation	VC à 2 blocs 83
#66C2A5	47	0.365965968029044	47	sous-entraînement	VC à 2 blocs 83
#FC8D62	48	0.406361064266902	48	validation	VC à 2 blocs 83
#66C2A5	49	0.318273150600338	49	sous-entraînement	VC à 2 blocs 83
#FC8D62	50	0.417618544460782	50	validation	VC à 2 blocs 83
#66C2A5	1	-0.689099191816566	1	sous-entraînement	VC à 2 blocs 66
#66C2A5	2	-0.608089478320124	2	sous-entraînement	VC à 2 blocs 66
#FC8D62	3	-0.710016671983337	3	validation	VC à 2 blocs 66
#FC8D62	4	-0.466925730528553	4	validation	VC à 2 blocs 66
#66C2A5	5	-0.593503033560796	5	sous-entraînement	VC à 2 blocs 66
#66C2A5	6	-0.708500649154134	6	sous-entraînement	VC à 2 blocs 66
#66C2A5	7	-0.577710905499484	7	sous-entraînement	VC à 2 blocs 66
#66C2A5	8	-0.552621340229411	8	sous-entraînement	VC à 2 blocs 66
#FC8D62	9	-0.568875675576983	9	validation	VC à 2 blocs 66
#66C2A5	10	-0.656992649457968	10	sous-entraînement	VC à 2 blocs 66
#FC8D62	11	0.334821441067167	11	validation	VC à 2 blocs 66
#FC8D62	12	0.222627647863225	12	validation	VC à 2 blocs 66
#FC8D62	13	0.121519266167902	13	validation	VC à 2 blocs 66
#66C2A5	14	-0.0378266644956678	14	sous-entraînement	VC à 2 blocs 66
#FC8D62	15	0.296136416036393	15	validation	VC à 2 blocs 66
#66C2A5	16	0.179149963320559	16	sous-entraînement	VC à 2 blocs 66
#FC8D62	17	0.182024297912188	17	validation	VC à 2 blocs 66
#FC8D62	18	0.278026945290612	18	validation	VC à 2 blocs 66
#FC8D62	19	0.265765443731891	19	validation	VC à 2 blocs 66
#66C2A5	20	0.243033456343833	20	sous-entraînement	VC à 2 blocs 66
#66C2A5	21	-0.743730875249225	21	sous-entraînement	VC à 2 blocs 66
#66C2A5	22	-0.757414982336941	22	sous-entraînement	VC à 2 blocs 66
#FC8D62	23	-0.828172114073528	23	validation	VC à 2 blocs 66
#66C2A5	24	-1.03456378199638	24	sous-entraînement	VC à 2 blocs 66
#FC8D62	25	-0.773646037620576	25	validation	VC à 2 blocs 66
#FC8D62	26	-0.841241486362947	26	validation	VC à 2 blocs 66
#66C2A5	27	-0.85120816308058	27	sous-entraînement	VC à 2 blocs 66
#FC8D62	28	-0.982703850799975	28	validation	VC à 2 blocs 66
#FC8D62	29	-0.883443617920909	29	validation	VC à 2 blocs 66
#66C2A5	30	-0.793834456390077	30	sous-entraînement	VC à 2 blocs 66
#FC8D62	31	1.7311487572907	31	validation	VC à 2 blocs 66
#66C2A5	32	1.58500202940349	32	sous-entraînement	VC à 2 blocs 66
#FC8D62	33	1.63404796329373	33	validation	VC à 2 blocs 66
#66C2A5	34	1.5899002980795	34	sous-entraînement	VC à 2 blocs 66
#FC8D62	35	1.45757484645493	35	validation	VC à 2 blocs 66
#FC8D62	36	1.55378134580782	36	validation	VC à 2 blocs 66
#FC8D62	37	1.55585180676676	37	validation	VC à 2 blocs 66
#FC8D62	38	1.58934946246667	38	validation	VC à 2 blocs 66
#66C2A5	39	1.70528333933618	39	sous-entraînement	VC à 2 blocs 66
#FC8D62	40	1.67159837698355	40	validation	VC à 2 blocs 66
#66C2A5	41	0.313055412190002	41	sous-entraînement	VC à 2 blocs 66
#66C2A5	42	0.30417160380171	42	sous-entraînement	VC à 2 blocs 66
#66C2A5	43	0.399204109355834	43	sous-entraînement	VC à 2 blocs 66
#FC8D62	44	0.385174091682726	44	validation	VC à 2 blocs 66
#66C2A5	45	0.260632202360409	45	sous-entraînement	VC à 2 blocs 66
#66C2A5	46	0.258758256119149	46	sous-entraînement	VC à 2 blocs 66
#FC8D62	47	0.365965968029044	47	validation	VC à 2 blocs 66
#66C2A5	48	0.406361064266902	48	sous-entraînement	VC à 2 blocs 66
#FC8D62	49	0.318273150600338	49	validation	VC à 2 blocs 66
#66C2A5	50	0.417618544460782	50	sous-entraînement	VC à 2 blocs 66
#66C2A5	1	-0.689099191816566	1	sous-entraînement	VC à 2 blocs 67
#66C2A5	2	-0.608089478320124	2	sous-entraînement	VC à 2 blocs 67
#FC8D62	3	-0.710016671983337	3	validation	VC à 2 blocs 67
#FC8D62	4	-0.466925730528553	4	validation	VC à 2 blocs 67
#66C2A5	5	-0.593503033560796	5	sous-entraînement	VC à 2 blocs 67
#FC8D62	6	-0.708500649154134	6	validation	VC à 2 blocs 67
#66C2A5	7	-0.577710905499484	7	sous-entraînement	VC à 2 blocs 67
#FC8D62	8	-0.552621340229411	8	validation	VC à 2 blocs 67
#FC8D62	9	-0.568875675576983	9	validation	VC à 2 blocs 67
#FC8D62	10	-0.656992649457968	10	validation	VC à 2 blocs 67
#FC8D62	11	0.334821441067167	11	validation	VC à 2 blocs 67
#66C2A5	12	0.222627647863225	12	sous-entraînement	VC à 2 blocs 67
#66C2A5	13	0.121519266167902	13	sous-entraînement	VC à 2 blocs 67
#66C2A5	14	-0.0378266644956678	14	sous-entraînement	VC à 2 blocs 67
#FC8D62	15	0.296136416036393	15	validation	VC à 2 blocs 67
#66C2A5	16	0.179149963320559	16	sous-entraînement	VC à 2 blocs 67
#FC8D62	17	0.182024297912188	17	validation	VC à 2 blocs 67
#66C2A5	18	0.278026945290612	18	sous-entraînement	VC à 2 blocs 67
#66C2A5	19	0.265765443731891	19	sous-entraînement	VC à 2 blocs 67
#66C2A5	20	0.243033456343833	20	sous-entraînement	VC à 2 blocs 67
#FC8D62	21	-0.743730875249225	21	validation	VC à 2 blocs 67
#FC8D62	22	-0.757414982336941	22	validation	VC à 2 blocs 67
#FC8D62	23	-0.828172114073528	23	validation	VC à 2 blocs 67
#FC8D62	24	-1.03456378199638	24	validation	VC à 2 blocs 67
#66C2A5	25	-0.773646037620576	25	sous-entraînement	VC à 2 blocs 67
#FC8D62	26	-0.841241486362947	26	validation	VC à 2 blocs 67
#FC8D62	27	-0.85120816308058	27	validation	VC à 2 blocs 67
#66C2A5	28	-0.982703850799975	28	sous-entraînement	VC à 2 blocs 67
#66C2A5	29	-0.883443617920909	29	sous-entraînement	VC à 2 blocs 67
#FC8D62	30	-0.793834456390077	30	validation	VC à 2 blocs 67
#66C2A5	31	1.7311487572907	31	sous-entraînement	VC à 2 blocs 67
#FC8D62	32	1.58500202940349	32	validation	VC à 2 blocs 67
#FC8D62	33	1.63404796329373	33	validation	VC à 2 blocs 67
#FC8D62	34	1.5899002980795	34	validation	VC à 2 blocs 67
#FC8D62	35	1.45757484645493	35	validation	VC à 2 blocs 67
#66C2A5	36	1.55378134580782	36	sous-entraînement	VC à 2 blocs 67
#66C2A5	37	1.55585180676676	37	sous-entraînement	VC à 2 blocs 67
#FC8D62	38	1.58934946246667	38	validation	VC à 2 blocs 67
#66C2A5	39	1.70528333933618	39	sous-entraînement	VC à 2 blocs 67
#66C2A5	40	1.67159837698355	40	sous-entraînement	VC à 2 blocs 67
#66C2A5	41	0.313055412190002	41	sous-entraînement	VC à 2 blocs 67
#66C2A5	42	0.30417160380171	42	sous-entraînement	VC à 2 blocs 67
#66C2A5	43	0.399204109355834	43	sous-entraînement	VC à 2 blocs 67
#FC8D62	44	0.385174091682726	44	validation	VC à 2 blocs 67
#66C2A5	45	0.260632202360409	45	sous-entraînement	VC à 2 blocs 67
#FC8D62	46	0.258758256119149	46	validation	VC à 2 blocs 67
#66C2A5	47	0.365965968029044	47	sous-entraînement	VC à 2 blocs 67
#66C2A5	48	0.406361064266902	48	sous-entraînement	VC à 2 blocs 67
#FC8D62	49	0.318273150600338	49	validation	VC à 2 blocs 67
#FC8D62	50	0.417618544460782	50	validation	VC à 2 blocs 67
#FC8D62	1	-0.689099191816566	1	validation	VC à 2 blocs 84
#FC8D62	2	-0.608089478320124	2	validation	VC à 2 blocs 84
#66C2A5	3	-0.710016671983337	3	sous-entraînement	VC à 2 blocs 84
#66C2A5	4	-0.466925730528553	4	sous-entraînement	VC à 2 blocs 84
#FC8D62	5	-0.593503033560796	5	validation	VC à 2 blocs 84
#66C2A5	6	-0.708500649154134	6	sous-entraînement	VC à 2 blocs 84
#FC8D62	7	-0.577710905499484	7	validation	VC à 2 blocs 84
#66C2A5	8	-0.552621340229411	8	sous-entraînement	VC à 2 blocs 84
#66C2A5	9	-0.568875675576983	9	sous-entraînement	VC à 2 blocs 84
#66C2A5	10	-0.656992649457968	10	sous-entraînement	VC à 2 blocs 84
#66C2A5	11	0.334821441067167	11	sous-entraînement	VC à 2 blocs 84
#FC8D62	12	0.222627647863225	12	validation	VC à 2 blocs 84
#FC8D62	13	0.121519266167902	13	validation	VC à 2 blocs 84
#FC8D62	14	-0.0378266644956678	14	validation	VC à 2 blocs 84
#66C2A5	15	0.296136416036393	15	sous-entraînement	VC à 2 blocs 84
#FC8D62	16	0.179149963320559	16	validation	VC à 2 blocs 84
#66C2A5	17	0.182024297912188	17	sous-entraînement	VC à 2 blocs 84
#FC8D62	18	0.278026945290612	18	validation	VC à 2 blocs 84
#FC8D62	19	0.265765443731891	19	validation	VC à 2 blocs 84
#FC8D62	20	0.243033456343833	20	validation	VC à 2 blocs 84
#66C2A5	21	-0.743730875249225	21	sous-entraînement	VC à 2 blocs 84
#66C2A5	22	-0.757414982336941	22	sous-entraînement	VC à 2 blocs 84
#66C2A5	23	-0.828172114073528	23	sous-entraînement	VC à 2 blocs 84
#66C2A5	24	-1.03456378199638	24	sous-entraînement	VC à 2 blocs 84
#FC8D62	25	-0.773646037620576	25	validation	VC à 2 blocs 84
#66C2A5	26	-0.841241486362947	26	sous-entraînement	VC à 2 blocs 84
#66C2A5	27	-0.85120816308058	27	sous-entraînement	VC à 2 blocs 84
#FC8D62	28	-0.982703850799975	28	validation	VC à 2 blocs 84
#FC8D62	29	-0.883443617920909	29	validation	VC à 2 blocs 84
#66C2A5	30	-0.793834456390077	30	sous-entraînement	VC à 2 blocs 84
#FC8D62	31	1.7311487572907	31	validation	VC à 2 blocs 84
#66C2A5	32	1.58500202940349	32	sous-entraînement	VC à 2 blocs 84
#66C2A5	33	1.63404796329373	33	sous-entraînement	VC à 2 blocs 84
#66C2A5	34	1.5899002980795	34	sous-entraînement	VC à 2 blocs 84
#66C2A5	35	1.45757484645493	35	sous-entraînement	VC à 2 blocs 84
#FC8D62	36	1.55378134580782	36	validation	VC à 2 blocs 84
#FC8D62	37	1.55585180676676	37	validation	VC à 2 blocs 84
#66C2A5	38	1.58934946246667	38	sous-entraînement	VC à 2 blocs 84
#FC8D62	39	1.70528333933618	39	validation	VC à 2 blocs 84
#FC8D62	40	1.67159837698355	40	validation	VC à 2 blocs 84
#FC8D62	41	0.313055412190002	41	validation	VC à 2 blocs 84
#FC8D62	42	0.30417160380171	42	validation	VC à 2 blocs 84
#FC8D62	43	0.399204109355834	43	validation	VC à 2 blocs 84
#66C2A5	44	0.385174091682726	44	sous-entraînement	VC à 2 blocs 84
#FC8D62	45	0.260632202360409	45	validation	VC à 2 blocs 84
#66C2A5	46	0.258758256119149	46	sous-entraînement	VC à 2 blocs 84
#FC8D62	47	0.365965968029044	47	validation	VC à 2 blocs 84
#FC8D62	48	0.406361064266902	48	validation	VC à 2 blocs 84
#66C2A5	49	0.318273150600338	49	sous-entraînement	VC à 2 blocs 84
#66C2A5	50	0.417618544460782	50	sous-entraînement	VC à 2 blocs 84
#FC8D62	1	-0.689099191816566	1	validation	VC à 2 blocs 25
#FC8D62	2	-0.608089478320124	2	validation	VC à 2 blocs 25
#66C2A5	3	-0.710016671983337	3	sous-entraînement	VC à 2 blocs 25
#FC8D62	4	-0.466925730528553	4	validation	VC à 2 blocs 25
#66C2A5	5	-0.593503033560796	5	sous-entraînement	VC à 2 blocs 25
#FC8D62	6	-0.708500649154134	6	validation	VC à 2 blocs 25
#FC8D62	7	-0.577710905499484	7	validation	VC à 2 blocs 25
#66C2A5	8	-0.552621340229411	8	sous-entraînement	VC à 2 blocs 25
#FC8D62	9	-0.568875675576983	9	validation	VC à 2 blocs 25
#FC8D62	10	-0.656992649457968	10	validation	VC à 2 blocs 25
#66C2A5	11	0.334821441067167	11	sous-entraînement	VC à 2 blocs 25
#66C2A5	12	0.222627647863225	12	sous-entraînement	VC à 2 blocs 25
#FC8D62	13	0.121519266167902	13	validation	VC à 2 blocs 25
#66C2A5	14	-0.0378266644956678	14	sous-entraînement	VC à 2 blocs 25
#66C2A5	15	0.296136416036393	15	sous-entraînement	VC à 2 blocs 25
#FC8D62	16	0.179149963320559	16	validation	VC à 2 blocs 25
#66C2A5	17	0.182024297912188	17	sous-entraînement	VC à 2 blocs 25
#66C2A5	18	0.278026945290612	18	sous-entraînement	VC à 2 blocs 25
#66C2A5	19	0.265765443731891	19	sous-entraînement	VC à 2 blocs 25
#66C2A5	20	0.243033456343833	20	sous-entraînement	VC à 2 blocs 25
#FC8D62	21	-0.743730875249225	21	validation	VC à 2 blocs 25
#66C2A5	22	-0.757414982336941	22	sous-entraînement	VC à 2 blocs 25
#FC8D62	23	-0.828172114073528	23	validation	VC à 2 blocs 25
#66C2A5	24	-1.03456378199638	24	sous-entraînement	VC à 2 blocs 25
#FC8D62	25	-0.773646037620576	25	validation	VC à 2 blocs 25
#FC8D62	26	-0.841241486362947	26	validation	VC à 2 blocs 25
#FC8D62	27	-0.85120816308058	27	validation	VC à 2 blocs 25
#66C2A5	28	-0.982703850799975	28	sous-entraînement	VC à 2 blocs 25
#66C2A5	29	-0.883443617920909	29	sous-entraînement	VC à 2 blocs 25
#66C2A5	30	-0.793834456390077	30	sous-entraînement	VC à 2 blocs 25
#FC8D62	31	1.7311487572907	31	validation	VC à 2 blocs 25
#FC8D62	32	1.58500202940349	32	validation	VC à 2 blocs 25
#66C2A5	33	1.63404796329373	33	sous-entraînement	VC à 2 blocs 25
#66C2A5	34	1.5899002980795	34	sous-entraînement	VC à 2 blocs 25
#FC8D62	35	1.45757484645493	35	validation	VC à 2 blocs 25
#FC8D62	36	1.55378134580782	36	validation	VC à 2 blocs 25
#FC8D62	37	1.55585180676676	37	validation	VC à 2 blocs 25
#66C2A5	38	1.58934946246667	38	sous-entraînement	VC à 2 blocs 25
#FC8D62	39	1.70528333933618	39	validation	VC à 2 blocs 25
#FC8D62	40	1.67159837698355	40	validation	VC à 2 blocs 25
#66C2A5	41	0.313055412190002	41	sous-entraînement	VC à 2 blocs 25
#FC8D62	42	0.30417160380171	42	validation	VC à 2 blocs 25
#FC8D62	43	0.399204109355834	43	validation	VC à 2 blocs 25
#FC8D62	44	0.385174091682726	44	validation	VC à 2 blocs 25
#66C2A5	45	0.260632202360409	45	sous-entraînement	VC à 2 blocs 25
#66C2A5	46	0.258758256119149	46	sous-entraînement	VC à 2 blocs 25
#66C2A5	47	0.365965968029044	47	sous-entraînement	VC à 2 blocs 25
#66C2A5	48	0.406361064266902	48	sous-entraînement	VC à 2 blocs 25
#FC8D62	49	0.318273150600338	49	validation	VC à 2 blocs 25
#66C2A5	50	0.417618544460782	50	sous-entraînement	VC à 2 blocs 25
#66C2A5	1	-0.689099191816566	1	sous-entraînement	VC à 2 blocs 68
#66C2A5	2	-0.608089478320124	2	sous-entraînement	VC à 2 blocs 68
#FC8D62	3	-0.710016671983337	3	validation	VC à 2 blocs 68
#66C2A5	4	-0.466925730528553	4	sous-entraînement	VC à 2 blocs 68
#FC8D62	5	-0.593503033560796	5	validation	VC à 2 blocs 68
#66C2A5	6	-0.708500649154134	6	sous-entraînement	VC à 2 blocs 68
#66C2A5	7	-0.577710905499484	7	sous-entraînement	VC à 2 blocs 68
#FC8D62	8	-0.552621340229411	8	validation	VC à 2 blocs 68
#66C2A5	9	-0.568875675576983	9	sous-entraînement	VC à 2 blocs 68
#66C2A5	10	-0.656992649457968	10	sous-entraînement	VC à 2 blocs 68
#FC8D62	11	0.334821441067167	11	validation	VC à 2 blocs 68
#FC8D62	12	0.222627647863225	12	validation	VC à 2 blocs 68
#66C2A5	13	0.121519266167902	13	sous-entraînement	VC à 2 blocs 68
#FC8D62	14	-0.0378266644956678	14	validation	VC à 2 blocs 68
#FC8D62	15	0.296136416036393	15	validation	VC à 2 blocs 68
#66C2A5	16	0.179149963320559	16	sous-entraînement	VC à 2 blocs 68
#FC8D62	17	0.182024297912188	17	validation	VC à 2 blocs 68
#FC8D62	18	0.278026945290612	18	validation	VC à 2 blocs 68
#FC8D62	19	0.265765443731891	19	validation	VC à 2 blocs 68
#FC8D62	20	0.243033456343833	20	validation	VC à 2 blocs 68
#66C2A5	21	-0.743730875249225	21	sous-entraînement	VC à 2 blocs 68
#FC8D62	22	-0.757414982336941	22	validation	VC à 2 blocs 68
#66C2A5	23	-0.828172114073528	23	sous-entraînement	VC à 2 blocs 68
#FC8D62	24	-1.03456378199638	24	validation	VC à 2 blocs 68
#66C2A5	25	-0.773646037620576	25	sous-entraînement	VC à 2 blocs 68
#66C2A5	26	-0.841241486362947	26	sous-entraînement	VC à 2 blocs 68
#66C2A5	27	-0.85120816308058	27	sous-entraînement	VC à 2 blocs 68
#FC8D62	28	-0.982703850799975	28	validation	VC à 2 blocs 68
#FC8D62	29	-0.883443617920909	29	validation	VC à 2 blocs 68
#FC8D62	30	-0.793834456390077	30	validation	VC à 2 blocs 68
#66C2A5	31	1.7311487572907	31	sous-entraînement	VC à 2 blocs 68
#66C2A5	32	1.58500202940349	32	sous-entraînement	VC à 2 blocs 68
#FC8D62	33	1.63404796329373	33	validation	VC à 2 blocs 68
#FC8D62	34	1.5899002980795	34	validation	VC à 2 blocs 68
#66C2A5	35	1.45757484645493	35	sous-entraînement	VC à 2 blocs 68
#66C2A5	36	1.55378134580782	36	sous-entraînement	VC à 2 blocs 68
#66C2A5	37	1.55585180676676	37	sous-entraînement	VC à 2 blocs 68
#FC8D62	38	1.58934946246667	38	validation	VC à 2 blocs 68
#66C2A5	39	1.70528333933618	39	sous-entraînement	VC à 2 blocs 68
#66C2A5	40	1.67159837698355	40	sous-entraînement	VC à 2 blocs 68
#FC8D62	41	0.313055412190002	41	validation	VC à 2 blocs 68
#66C2A5	42	0.30417160380171	42	sous-entraînement	VC à 2 blocs 68
#66C2A5	43	0.399204109355834	43	sous-entraînement	VC à 2 blocs 68
#66C2A5	44	0.385174091682726	44	sous-entraînement	VC à 2 blocs 68
#FC8D62	45	0.260632202360409	45	validation	VC à 2 blocs 68
#FC8D62	46	0.258758256119149	46	validation	VC à 2 blocs 68
#FC8D62	47	0.365965968029044	47	validation	VC à 2 blocs 68
#FC8D62	48	0.406361064266902	48	validation	VC à 2 blocs 68
#66C2A5	49	0.318273150600338	49	sous-entraînement	VC à 2 blocs 68
#FC8D62	50	0.417618544460782	50	validation	VC à 2 blocs 68
#FC8D62	1	-0.689099191816566	1	validation	VC à 2 blocs 69
#66C2A5	2	-0.608089478320124	2	sous-entraînement	VC à 2 blocs 69
#FC8D62	3	-0.710016671983337	3	validation	VC à 2 blocs 69
#FC8D62	4	-0.466925730528553	4	validation	VC à 2 blocs 69
#FC8D62	5	-0.593503033560796	5	validation	VC à 2 blocs 69
#FC8D62	6	-0.708500649154134	6	validation	VC à 2 blocs 69
#66C2A5	7	-0.577710905499484	7	sous-entraînement	VC à 2 blocs 69
#66C2A5	8	-0.552621340229411	8	sous-entraînement	VC à 2 blocs 69
#FC8D62	9	-0.568875675576983	9	validation	VC à 2 blocs 69
#FC8D62	10	-0.656992649457968	10	validation	VC à 2 blocs 69
#FC8D62	11	0.334821441067167	11	validation	VC à 2 blocs 69
#FC8D62	12	0.222627647863225	12	validation	VC à 2 blocs 69
#66C2A5	13	0.121519266167902	13	sous-entraînement	VC à 2 blocs 69
#FC8D62	14	-0.0378266644956678	14	validation	VC à 2 blocs 69
#FC8D62	15	0.296136416036393	15	validation	VC à 2 blocs 69
#66C2A5	16	0.179149963320559	16	sous-entraînement	VC à 2 blocs 69
#66C2A5	17	0.182024297912188	17	sous-entraînement	VC à 2 blocs 69
#66C2A5	18	0.278026945290612	18	sous-entraînement	VC à 2 blocs 69
#66C2A5	19	0.265765443731891	19	sous-entraînement	VC à 2 blocs 69
#66C2A5	20	0.243033456343833	20	sous-entraînement	VC à 2 blocs 69
#FC8D62	21	-0.743730875249225	21	validation	VC à 2 blocs 69
#FC8D62	22	-0.757414982336941	22	validation	VC à 2 blocs 69
#66C2A5	23	-0.828172114073528	23	sous-entraînement	VC à 2 blocs 69
#FC8D62	24	-1.03456378199638	24	validation	VC à 2 blocs 69
#FC8D62	25	-0.773646037620576	25	validation	VC à 2 blocs 69
#66C2A5	26	-0.841241486362947	26	sous-entraînement	VC à 2 blocs 69
#FC8D62	27	-0.85120816308058	27	validation	VC à 2 blocs 69
#FC8D62	28	-0.982703850799975	28	validation	VC à 2 blocs 69
#66C2A5	29	-0.883443617920909	29	sous-entraînement	VC à 2 blocs 69
#66C2A5	30	-0.793834456390077	30	sous-entraînement	VC à 2 blocs 69
#66C2A5	31	1.7311487572907	31	sous-entraînement	VC à 2 blocs 69
#66C2A5	32	1.58500202940349	32	sous-entraînement	VC à 2 blocs 69
#66C2A5	33	1.63404796329373	33	sous-entraînement	VC à 2 blocs 69
#FC8D62	34	1.5899002980795	34	validation	VC à 2 blocs 69
#FC8D62	35	1.45757484645493	35	validation	VC à 2 blocs 69
#66C2A5	36	1.55378134580782	36	sous-entraînement	VC à 2 blocs 69
#FC8D62	37	1.55585180676676	37	validation	VC à 2 blocs 69
#66C2A5	38	1.58934946246667	38	sous-entraînement	VC à 2 blocs 69
#66C2A5	39	1.70528333933618	39	sous-entraînement	VC à 2 blocs 69
#66C2A5	40	1.67159837698355	40	sous-entraînement	VC à 2 blocs 69
#66C2A5	41	0.313055412190002	41	sous-entraînement	VC à 2 blocs 69
#FC8D62	42	0.30417160380171	42	validation	VC à 2 blocs 69
#FC8D62	43	0.399204109355834	43	validation	VC à 2 blocs 69
#66C2A5	44	0.385174091682726	44	sous-entraînement	VC à 2 blocs 69
#FC8D62	45	0.260632202360409	45	validation	VC à 2 blocs 69
#66C2A5	46	0.258758256119149	46	sous-entraînement	VC à 2 blocs 69
#FC8D62	47	0.365965968029044	47	validation	VC à 2 blocs 69
#66C2A5	48	0.406361064266902	48	sous-entraînement	VC à 2 blocs 69
#66C2A5	49	0.318273150600338	49	sous-entraînement	VC à 2 blocs 69
#FC8D62	50	0.417618544460782	50	validation	VC à 2 blocs 69
#66C2A5	1	-0.689099191816566	1	sous-entraînement	VC à 2 blocs 26
#FC8D62	2	-0.608089478320124	2	validation	VC à 2 blocs 26
#66C2A5	3	-0.710016671983337	3	sous-entraînement	VC à 2 blocs 26
#66C2A5	4	-0.466925730528553	4	sous-entraînement	VC à 2 blocs 26
#66C2A5	5	-0.593503033560796	5	sous-entraînement	VC à 2 blocs 26
#66C2A5	6	-0.708500649154134	6	sous-entraînement	VC à 2 blocs 26
#FC8D62	7	-0.577710905499484	7	validation	VC à 2 blocs 26
#FC8D62	8	-0.552621340229411	8	validation	VC à 2 blocs 26
#66C2A5	9	-0.568875675576983	9	sous-entraînement	VC à 2 blocs 26
#66C2A5	10	-0.656992649457968	10	sous-entraînement	VC à 2 blocs 26
#66C2A5	11	0.334821441067167	11	sous-entraînement	VC à 2 blocs 26
#66C2A5	12	0.222627647863225	12	sous-entraînement	VC à 2 blocs 26
#FC8D62	13	0.121519266167902	13	validation	VC à 2 blocs 26
#66C2A5	14	-0.0378266644956678	14	sous-entraînement	VC à 2 blocs 26
#66C2A5	15	0.296136416036393	15	sous-entraînement	VC à 2 blocs 26
#FC8D62	16	0.179149963320559	16	validation	VC à 2 blocs 26
#FC8D62	17	0.182024297912188	17	validation	VC à 2 blocs 26
#FC8D62	18	0.278026945290612	18	validation	VC à 2 blocs 26
#FC8D62	19	0.265765443731891	19	validation	VC à 2 blocs 26
#FC8D62	20	0.243033456343833	20	validation	VC à 2 blocs 26
#66C2A5	21	-0.743730875249225	21	sous-entraînement	VC à 2 blocs 26
#66C2A5	22	-0.757414982336941	22	sous-entraînement	VC à 2 blocs 26
#FC8D62	23	-0.828172114073528	23	validation	VC à 2 blocs 26
#66C2A5	24	-1.03456378199638	24	sous-entraînement	VC à 2 blocs 26
#66C2A5	25	-0.773646037620576	25	sous-entraînement	VC à 2 blocs 26
#FC8D62	26	-0.841241486362947	26	validation	VC à 2 blocs 26
#66C2A5	27	-0.85120816308058	27	sous-entraînement	VC à 2 blocs 26
#66C2A5	28	-0.982703850799975	28	sous-entraînement	VC à 2 blocs 26
#FC8D62	29	-0.883443617920909	29	validation	VC à 2 blocs 26
#FC8D62	30	-0.793834456390077	30	validation	VC à 2 blocs 26
#FC8D62	31	1.7311487572907	31	validation	VC à 2 blocs 26
#FC8D62	32	1.58500202940349	32	validation	VC à 2 blocs 26
#FC8D62	33	1.63404796329373	33	validation	VC à 2 blocs 26
#66C2A5	34	1.5899002980795	34	sous-entraînement	VC à 2 blocs 26
#66C2A5	35	1.45757484645493	35	sous-entraînement	VC à 2 blocs 26
#FC8D62	36	1.55378134580782	36	validation	VC à 2 blocs 26
#66C2A5	37	1.55585180676676	37	sous-entraînement	VC à 2 blocs 26
#FC8D62	38	1.58934946246667	38	validation	VC à 2 blocs 26
#FC8D62	39	1.70528333933618	39	validation	VC à 2 blocs 26
#FC8D62	40	1.67159837698355	40	validation	VC à 2 blocs 26
#FC8D62	41	0.313055412190002	41	validation	VC à 2 blocs 26
#66C2A5	42	0.30417160380171	42	sous-entraînement	VC à 2 blocs 26
#66C2A5	43	0.399204109355834	43	sous-entraînement	VC à 2 blocs 26
#FC8D62	44	0.385174091682726	44	validation	VC à 2 blocs 26
#66C2A5	45	0.260632202360409	45	sous-entraînement	VC à 2 blocs 26
#FC8D62	46	0.258758256119149	46	validation	VC à 2 blocs 26
#66C2A5	47	0.365965968029044	47	sous-entraînement	VC à 2 blocs 26
#FC8D62	48	0.406361064266902	48	validation	VC à 2 blocs 26
#FC8D62	49	0.318273150600338	49	validation	VC à 2 blocs 26
#66C2A5	50	0.417618544460782	50	sous-entraînement	VC à 2 blocs 26
#FC8D62	1	-0.689099191816566	1	validation	VC à 2 blocs 100
#FC8D62	2	-0.608089478320124	2	validation	VC à 2 blocs 100
#FC8D62	3	-0.710016671983337	3	validation	VC à 2 blocs 100
#FC8D62	4	-0.466925730528553	4	validation	VC à 2 blocs 100
#66C2A5	5	-0.593503033560796	5	sous-entraînement	VC à 2 blocs 100
#66C2A5	6	-0.708500649154134	6	sous-entraînement	VC à 2 blocs 100
#FC8D62	7	-0.577710905499484	7	validation	VC à 2 blocs 100
#66C2A5	8	-0.552621340229411	8	sous-entraînement	VC à 2 blocs 100
#FC8D62	9	-0.568875675576983	9	validation	VC à 2 blocs 100
#FC8D62	10	-0.656992649457968	10	validation	VC à 2 blocs 100
#FC8D62	11	0.334821441067167	11	validation	VC à 2 blocs 100
#66C2A5	12	0.222627647863225	12	sous-entraînement	VC à 2 blocs 100
#66C2A5	13	0.121519266167902	13	sous-entraînement	VC à 2 blocs 100
#66C2A5	14	-0.0378266644956678	14	sous-entraînement	VC à 2 blocs 100
#66C2A5	15	0.296136416036393	15	sous-entraînement	VC à 2 blocs 100
#FC8D62	16	0.179149963320559	16	validation	VC à 2 blocs 100
#FC8D62	17	0.182024297912188	17	validation	VC à 2 blocs 100
#66C2A5	18	0.278026945290612	18	sous-entraînement	VC à 2 blocs 100
#FC8D62	19	0.265765443731891	19	validation	VC à 2 blocs 100
#66C2A5	20	0.243033456343833	20	sous-entraînement	VC à 2 blocs 100
#FC8D62	21	-0.743730875249225	21	validation	VC à 2 blocs 100
#66C2A5	22	-0.757414982336941	22	sous-entraînement	VC à 2 blocs 100
#FC8D62	23	-0.828172114073528	23	validation	VC à 2 blocs 100
#FC8D62	24	-1.03456378199638	24	validation	VC à 2 blocs 100
#66C2A5	25	-0.773646037620576	25	sous-entraînement	VC à 2 blocs 100
#FC8D62	26	-0.841241486362947	26	validation	VC à 2 blocs 100
#66C2A5	27	-0.85120816308058	27	sous-entraînement	VC à 2 blocs 100
#66C2A5	28	-0.982703850799975	28	sous-entraînement	VC à 2 blocs 100
#FC8D62	29	-0.883443617920909	29	validation	VC à 2 blocs 100
#66C2A5	30	-0.793834456390077	30	sous-entraînement	VC à 2 blocs 100
#FC8D62	31	1.7311487572907	31	validation	VC à 2 blocs 100
#FC8D62	32	1.58500202940349	32	validation	VC à 2 blocs 100
#66C2A5	33	1.63404796329373	33	sous-entraînement	VC à 2 blocs 100
#FC8D62	34	1.5899002980795	34	validation	VC à 2 blocs 100
#FC8D62	35	1.45757484645493	35	validation	VC à 2 blocs 100
#FC8D62	36	1.55378134580782	36	validation	VC à 2 blocs 100
#66C2A5	37	1.55585180676676	37	sous-entraînement	VC à 2 blocs 100
#FC8D62	38	1.58934946246667	38	validation	VC à 2 blocs 100
#FC8D62	39	1.70528333933618	39	validation	VC à 2 blocs 100
#66C2A5	40	1.67159837698355	40	sous-entraînement	VC à 2 blocs 100
#66C2A5	41	0.313055412190002	41	sous-entraînement	VC à 2 blocs 100
#66C2A5	42	0.30417160380171	42	sous-entraînement	VC à 2 blocs 100
#66C2A5	43	0.399204109355834	43	sous-entraînement	VC à 2 blocs 100
#FC8D62	44	0.385174091682726	44	validation	VC à 2 blocs 100
#FC8D62	45	0.260632202360409	45	validation	VC à 2 blocs 100
#66C2A5	46	0.258758256119149	46	sous-entraînement	VC à 2 blocs 100
#66C2A5	47	0.365965968029044	47	sous-entraînement	VC à 2 blocs 100
#66C2A5	48	0.406361064266902	48	sous-entraînement	VC à 2 blocs 100
#66C2A5	49	0.318273150600338	49	sous-entraînement	VC à 2 blocs 100
#66C2A5	50	0.417618544460782	50	sous-entraînement	VC à 2 blocs 100
#66C2A5	1	-0.689099191816566	1	sous-entraînement	VC à 2 blocs 88
#66C2A5	2	-0.608089478320124	2	sous-entraînement	VC à 2 blocs 88
#66C2A5	3	-0.710016671983337	3	sous-entraînement	VC à 2 blocs 88
#66C2A5	4	-0.466925730528553	4	sous-entraînement	VC à 2 blocs 88
#FC8D62	5	-0.593503033560796	5	validation	VC à 2 blocs 88
#FC8D62	6	-0.708500649154134	6	validation	VC à 2 blocs 88
#66C2A5	7	-0.577710905499484	7	sous-entraînement	VC à 2 blocs 88
#FC8D62	8	-0.552621340229411	8	validation	VC à 2 blocs 88
#66C2A5	9	-0.568875675576983	9	sous-entraînement	VC à 2 blocs 88
#66C2A5	10	-0.656992649457968	10	sous-entraînement	VC à 2 blocs 88
#66C2A5	11	0.334821441067167	11	sous-entraînement	VC à 2 blocs 88
#FC8D62	12	0.222627647863225	12	validation	VC à 2 blocs 88
#FC8D62	13	0.121519266167902	13	validation	VC à 2 blocs 88
#FC8D62	14	-0.0378266644956678	14	validation	VC à 2 blocs 88
#FC8D62	15	0.296136416036393	15	validation	VC à 2 blocs 88
#66C2A5	16	0.179149963320559	16	sous-entraînement	VC à 2 blocs 88
#66C2A5	17	0.182024297912188	17	sous-entraînement	VC à 2 blocs 88
#FC8D62	18	0.278026945290612	18	validation	VC à 2 blocs 88
#66C2A5	19	0.265765443731891	19	sous-entraînement	VC à 2 blocs 88
#FC8D62	20	0.243033456343833	20	validation	VC à 2 blocs 88
#66C2A5	21	-0.743730875249225	21	sous-entraînement	VC à 2 blocs 88
#FC8D62	22	-0.757414982336941	22	validation	VC à 2 blocs 88
#66C2A5	23	-0.828172114073528	23	sous-entraînement	VC à 2 blocs 88
#66C2A5	24	-1.03456378199638	24	sous-entraînement	VC à 2 blocs 88
#FC8D62	25	-0.773646037620576	25	validation	VC à 2 blocs 88
#66C2A5	26	-0.841241486362947	26	sous-entraînement	VC à 2 blocs 88
#FC8D62	27	-0.85120816308058	27	validation	VC à 2 blocs 88
#FC8D62	28	-0.982703850799975	28	validation	VC à 2 blocs 88
#66C2A5	29	-0.883443617920909	29	sous-entraînement	VC à 2 blocs 88
#FC8D62	30	-0.793834456390077	30	validation	VC à 2 blocs 88
#66C2A5	31	1.7311487572907	31	sous-entraînement	VC à 2 blocs 88
#66C2A5	32	1.58500202940349	32	sous-entraînement	VC à 2 blocs 88
#FC8D62	33	1.63404796329373	33	validation	VC à 2 blocs 88
#66C2A5	34	1.5899002980795	34	sous-entraînement	VC à 2 blocs 88
#66C2A5	35	1.45757484645493	35	sous-entraînement	VC à 2 blocs 88
#66C2A5	36	1.55378134580782	36	sous-entraînement	VC à 2 blocs 88
#FC8D62	37	1.55585180676676	37	validation	VC à 2 blocs 88
#66C2A5	38	1.58934946246667	38	sous-entraînement	VC à 2 blocs 88
#66C2A5	39	1.70528333933618	39	sous-entraînement	VC à 2 blocs 88
#FC8D62	40	1.67159837698355	40	validation	VC à 2 blocs 88
#FC8D62	41	0.313055412190002	41	validation	VC à 2 blocs 88
#FC8D62	42	0.30417160380171	42	validation	VC à 2 blocs 88
#FC8D62	43	0.399204109355834	43	validation	VC à 2 blocs 88
#66C2A5	44	0.385174091682726	44	sous-entraînement	VC à 2 blocs 88
#66C2A5	45	0.260632202360409	45	sous-entraînement	VC à 2 blocs 88
#FC8D62	46	0.258758256119149	46	validation	VC à 2 blocs 88
#FC8D62	47	0.365965968029044	47	validation	VC à 2 blocs 88
#FC8D62	48	0.406361064266902	48	validation	VC à 2 blocs 88
#FC8D62	49	0.318273150600338	49	validation	VC à 2 blocs 88
#FC8D62	50	0.417618544460782	50	validation	VC à 2 blocs 88
#66C2A5	1	-0.689099191816566	1	sous-entraînement	VC à 2 blocs 70
#FC8D62	2	-0.608089478320124	2	validation	VC à 2 blocs 70
#FC8D62	3	-0.710016671983337	3	validation	VC à 2 blocs 70
#66C2A5	4	-0.466925730528553	4	sous-entraînement	VC à 2 blocs 70
#66C2A5	5	-0.593503033560796	5	sous-entraînement	VC à 2 blocs 70
#FC8D62	6	-0.708500649154134	6	validation	VC à 2 blocs 70
#66C2A5	7	-0.577710905499484	7	sous-entraînement	VC à 2 blocs 70
#66C2A5	8	-0.552621340229411	8	sous-entraînement	VC à 2 blocs 70
#66C2A5	9	-0.568875675576983	9	sous-entraînement	VC à 2 blocs 70
#FC8D62	10	-0.656992649457968	10	validation	VC à 2 blocs 70
#FC8D62	11	0.334821441067167	11	validation	VC à 2 blocs 70
#FC8D62	12	0.222627647863225	12	validation	VC à 2 blocs 70
#66C2A5	13	0.121519266167902	13	sous-entraînement	VC à 2 blocs 70
#FC8D62	14	-0.0378266644956678	14	validation	VC à 2 blocs 70
#66C2A5	15	0.296136416036393	15	sous-entraînement	VC à 2 blocs 70
#FC8D62	16	0.179149963320559	16	validation	VC à 2 blocs 70
#66C2A5	17	0.182024297912188	17	sous-entraînement	VC à 2 blocs 70
#FC8D62	18	0.278026945290612	18	validation	VC à 2 blocs 70
#66C2A5	19	0.265765443731891	19	sous-entraînement	VC à 2 blocs 70
#66C2A5	20	0.243033456343833	20	sous-entraînement	VC à 2 blocs 70
#FC8D62	21	-0.743730875249225	21	validation	VC à 2 blocs 70
#FC8D62	22	-0.757414982336941	22	validation	VC à 2 blocs 70
#66C2A5	23	-0.828172114073528	23	sous-entraînement	VC à 2 blocs 70
#66C2A5	24	-1.03456378199638	24	sous-entraînement	VC à 2 blocs 70
#66C2A5	25	-0.773646037620576	25	sous-entraînement	VC à 2 blocs 70
#FC8D62	26	-0.841241486362947	26	validation	VC à 2 blocs 70
#FC8D62	27	-0.85120816308058	27	validation	VC à 2 blocs 70
#FC8D62	28	-0.982703850799975	28	validation	VC à 2 blocs 70
#FC8D62	29	-0.883443617920909	29	validation	VC à 2 blocs 70
#66C2A5	30	-0.793834456390077	30	sous-entraînement	VC à 2 blocs 70
#66C2A5	31	1.7311487572907	31	sous-entraînement	VC à 2 blocs 70
#66C2A5	32	1.58500202940349	32	sous-entraînement	VC à 2 blocs 70
#66C2A5	33	1.63404796329373	33	sous-entraînement	VC à 2 blocs 70
#66C2A5	34	1.5899002980795	34	sous-entraînement	VC à 2 blocs 70
#66C2A5	35	1.45757484645493	35	sous-entraînement	VC à 2 blocs 70
#66C2A5	36	1.55378134580782	36	sous-entraînement	VC à 2 blocs 70
#FC8D62	37	1.55585180676676	37	validation	VC à 2 blocs 70
#FC8D62	38	1.58934946246667	38	validation	VC à 2 blocs 70
#FC8D62	39	1.70528333933618	39	validation	VC à 2 blocs 70
#FC8D62	40	1.67159837698355	40	validation	VC à 2 blocs 70
#FC8D62	41	0.313055412190002	41	validation	VC à 2 blocs 70
#FC8D62	42	0.30417160380171	42	validation	VC à 2 blocs 70
#66C2A5	43	0.399204109355834	43	sous-entraînement	VC à 2 blocs 70
#66C2A5	44	0.385174091682726	44	sous-entraînement	VC à 2 blocs 70
#66C2A5	45	0.260632202360409	45	sous-entraînement	VC à 2 blocs 70
#FC8D62	46	0.258758256119149	46	validation	VC à 2 blocs 70
#FC8D62	47	0.365965968029044	47	validation	VC à 2 blocs 70
#66C2A5	48	0.406361064266902	48	sous-entraînement	VC à 2 blocs 70
#FC8D62	49	0.318273150600338	49	validation	VC à 2 blocs 70
#FC8D62	50	0.417618544460782	50	validation	VC à 2 blocs 70
#FC8D62	1	-0.689099191816566	1	validation	VC à 2 blocs 27
#66C2A5	2	-0.608089478320124	2	sous-entraînement	VC à 2 blocs 27
#66C2A5	3	-0.710016671983337	3	sous-entraînement	VC à 2 blocs 27
#FC8D62	4	-0.466925730528553	4	validation	VC à 2 blocs 27
#FC8D62	5	-0.593503033560796	5	validation	VC à 2 blocs 27
#66C2A5	6	-0.708500649154134	6	sous-entraînement	VC à 2 blocs 27
#FC8D62	7	-0.577710905499484	7	validation	VC à 2 blocs 27
#FC8D62	8	-0.552621340229411	8	validation	VC à 2 blocs 27
#FC8D62	9	-0.568875675576983	9	validation	VC à 2 blocs 27
#66C2A5	10	-0.656992649457968	10	sous-entraînement	VC à 2 blocs 27
#66C2A5	11	0.334821441067167	11	sous-entraînement	VC à 2 blocs 27
#66C2A5	12	0.222627647863225	12	sous-entraînement	VC à 2 blocs 27
#FC8D62	13	0.121519266167902	13	validation	VC à 2 blocs 27
#66C2A5	14	-0.0378266644956678	14	sous-entraînement	VC à 2 blocs 27
#FC8D62	15	0.296136416036393	15	validation	VC à 2 blocs 27
#66C2A5	16	0.179149963320559	16	sous-entraînement	VC à 2 blocs 27
#FC8D62	17	0.182024297912188	17	validation	VC à 2 blocs 27
#66C2A5	18	0.278026945290612	18	sous-entraînement	VC à 2 blocs 27
#FC8D62	19	0.265765443731891	19	validation	VC à 2 blocs 27
#FC8D62	20	0.243033456343833	20	validation	VC à 2 blocs 27
#66C2A5	21	-0.743730875249225	21	sous-entraînement	VC à 2 blocs 27
#66C2A5	22	-0.757414982336941	22	sous-entraînement	VC à 2 blocs 27
#FC8D62	23	-0.828172114073528	23	validation	VC à 2 blocs 27
#FC8D62	24	-1.03456378199638	24	validation	VC à 2 blocs 27
#FC8D62	25	-0.773646037620576	25	validation	VC à 2 blocs 27
#66C2A5	26	-0.841241486362947	26	sous-entraînement	VC à 2 blocs 27
#66C2A5	27	-0.85120816308058	27	sous-entraînement	VC à 2 blocs 27
#66C2A5	28	-0.982703850799975	28	sous-entraînement	VC à 2 blocs 27
#66C2A5	29	-0.883443617920909	29	sous-entraînement	VC à 2 blocs 27
#FC8D62	30	-0.793834456390077	30	validation	VC à 2 blocs 27
#FC8D62	31	1.7311487572907	31	validation	VC à 2 blocs 27
#FC8D62	32	1.58500202940349	32	validation	VC à 2 blocs 27
#FC8D62	33	1.63404796329373	33	validation	VC à 2 blocs 27
#FC8D62	34	1.5899002980795	34	validation	VC à 2 blocs 27
#FC8D62	35	1.45757484645493	35	validation	VC à 2 blocs 27
#FC8D62	36	1.55378134580782	36	validation	VC à 2 blocs 27
#66C2A5	37	1.55585180676676	37	sous-entraînement	VC à 2 blocs 27
#66C2A5	38	1.58934946246667	38	sous-entraînement	VC à 2 blocs 27
#66C2A5	39	1.70528333933618	39	sous-entraînement	VC à 2 blocs 27
#66C2A5	40	1.67159837698355	40	sous-entraînement	VC à 2 blocs 27
#66C2A5	41	0.313055412190002	41	sous-entraînement	VC à 2 blocs 27
#66C2A5	42	0.30417160380171	42	sous-entraînement	VC à 2 blocs 27
#FC8D62	43	0.399204109355834	43	validation	VC à 2 blocs 27
#FC8D62	44	0.385174091682726	44	validation	VC à 2 blocs 27
#FC8D62	45	0.260632202360409	45	validation	VC à 2 blocs 27
#66C2A5	46	0.258758256119149	46	sous-entraînement	VC à 2 blocs 27
#66C2A5	47	0.365965968029044	47	sous-entraînement	VC à 2 blocs 27
#FC8D62	48	0.406361064266902	48	validation	VC à 2 blocs 27
#66C2A5	49	0.318273150600338	49	sous-entraînement	VC à 2 blocs 27
#66C2A5	50	0.417618544460782	50	sous-entraînement	VC à 2 blocs 27
#66C2A5	1	-0.689099191816566	1	sous-entraînement	50% validation 87
#FC8D62	2	-0.608089478320124	2	validation	50% validation 87
#66C2A5	3	-0.710016671983337	3	sous-entraînement	50% validation 87
#FC8D62	4	-0.466925730528553	4	validation	50% validation 87
#66C2A5	5	-0.593503033560796	5	sous-entraînement	50% validation 87
#FC8D62	6	-0.708500649154134	6	validation	50% validation 87
#66C2A5	7	-0.577710905499484	7	sous-entraînement	50% validation 87
#66C2A5	8	-0.552621340229411	8	sous-entraînement	50% validation 87
#FC8D62	9	-0.568875675576983	9	validation	50% validation 87
#66C2A5	10	-0.656992649457968	10	sous-entraînement	50% validation 87
#FC8D62	11	0.334821441067167	11	validation	50% validation 87
#66C2A5	12	0.222627647863225	12	sous-entraînement	50% validation 87
#66C2A5	13	0.121519266167902	13	sous-entraînement	50% validation 87
#66C2A5	14	-0.0378266644956678	14	sous-entraînement	50% validation 87
#66C2A5	15	0.296136416036393	15	sous-entraînement	50% validation 87
#FC8D62	16	0.179149963320559	16	validation	50% validation 87
#66C2A5	17	0.182024297912188	17	sous-entraînement	50% validation 87
#FC8D62	18	0.278026945290612	18	validation	50% validation 87
#66C2A5	19	0.265765443731891	19	sous-entraînement	50% validation 87
#FC8D62	20	0.243033456343833	20	validation	50% validation 87
#FC8D62	21	-0.743730875249225	21	validation	50% validation 87
#66C2A5	22	-0.757414982336941	22	sous-entraînement	50% validation 87
#66C2A5	23	-0.828172114073528	23	sous-entraînement	50% validation 87
#66C2A5	24	-1.03456378199638	24	sous-entraînement	50% validation 87
#FC8D62	25	-0.773646037620576	25	validation	50% validation 87
#FC8D62	26	-0.841241486362947	26	validation	50% validation 87
#FC8D62	27	-0.85120816308058	27	validation	50% validation 87
#FC8D62	28	-0.982703850799975	28	validation	50% validation 87
#FC8D62	29	-0.883443617920909	29	validation	50% validation 87
#66C2A5	30	-0.793834456390077	30	sous-entraînement	50% validation 87
#FC8D62	31	1.7311487572907	31	validation	50% validation 87
#66C2A5	32	1.58500202940349	32	sous-entraînement	50% validation 87
#66C2A5	33	1.63404796329373	33	sous-entraînement	50% validation 87
#FC8D62	34	1.5899002980795	34	validation	50% validation 87
#FC8D62	35	1.45757484645493	35	validation	50% validation 87
#FC8D62	36	1.55378134580782	36	validation	50% validation 87
#FC8D62	37	1.55585180676676	37	validation	50% validation 87
#66C2A5	38	1.58934946246667	38	sous-entraînement	50% validation 87
#FC8D62	39	1.70528333933618	39	validation	50% validation 87
#FC8D62	40	1.67159837698355	40	validation	50% validation 87
#FC8D62	41	0.313055412190002	41	validation	50% validation 87
#66C2A5	42	0.30417160380171	42	sous-entraînement	50% validation 87
#FC8D62	43	0.399204109355834	43	validation	50% validation 87
#66C2A5	44	0.385174091682726	44	sous-entraînement	50% validation 87
#66C2A5	45	0.260632202360409	45	sous-entraînement	50% validation 87
#66C2A5	46	0.258758256119149	46	sous-entraînement	50% validation 87
#66C2A5	47	0.365965968029044	47	sous-entraînement	50% validation 87
#FC8D62	48	0.406361064266902	48	validation	50% validation 87
#66C2A5	49	0.318273150600338	49	sous-entraînement	50% validation 87
#FC8D62	50	0.417618544460782	50	validation	50% validation 87
#66C2A5	1	-0.689099191816566	1	sous-entraînement	50% validation 6
#66C2A5	2	-0.608089478320124	2	sous-entraînement	50% validation 6
#66C2A5	3	-0.710016671983337	3	sous-entraînement	50% validation 6
#FC8D62	4	-0.466925730528553	4	validation	50% validation 6
#FC8D62	5	-0.593503033560796	5	validation	50% validation 6
#66C2A5	6	-0.708500649154134	6	sous-entraînement	50% validation 6
#66C2A5	7	-0.577710905499484	7	sous-entraînement	50% validation 6
#FC8D62	8	-0.552621340229411	8	validation	50% validation 6
#FC8D62	9	-0.568875675576983	9	validation	50% validation 6
#66C2A5	10	-0.656992649457968	10	sous-entraînement	50% validation 6
#66C2A5	11	0.334821441067167	11	sous-entraînement	50% validation 6
#66C2A5	12	0.222627647863225	12	sous-entraînement	50% validation 6
#66C2A5	13	0.121519266167902	13	sous-entraînement	50% validation 6
#66C2A5	14	-0.0378266644956678	14	sous-entraînement	50% validation 6
#FC8D62	15	0.296136416036393	15	validation	50% validation 6
#FC8D62	16	0.179149963320559	16	validation	50% validation 6
#FC8D62	17	0.182024297912188	17	validation	50% validation 6
#FC8D62	18	0.278026945290612	18	validation	50% validation 6
#66C2A5	19	0.265765443731891	19	sous-entraînement	50% validation 6
#66C2A5	20	0.243033456343833	20	sous-entraînement	50% validation 6
#FC8D62	21	-0.743730875249225	21	validation	50% validation 6
#FC8D62	22	-0.757414982336941	22	validation	50% validation 6
#66C2A5	23	-0.828172114073528	23	sous-entraînement	50% validation 6
#66C2A5	24	-1.03456378199638	24	sous-entraînement	50% validation 6
#66C2A5	25	-0.773646037620576	25	sous-entraînement	50% validation 6
#FC8D62	26	-0.841241486362947	26	validation	50% validation 6
#FC8D62	27	-0.85120816308058	27	validation	50% validation 6
#FC8D62	28	-0.982703850799975	28	validation	50% validation 6
#66C2A5	29	-0.883443617920909	29	sous-entraînement	50% validation 6
#66C2A5	30	-0.793834456390077	30	sous-entraînement	50% validation 6
#FC8D62	31	1.7311487572907	31	validation	50% validation 6
#66C2A5	32	1.58500202940349	32	sous-entraînement	50% validation 6
#FC8D62	33	1.63404796329373	33	validation	50% validation 6
#FC8D62	34	1.5899002980795	34	validation	50% validation 6
#FC8D62	35	1.45757484645493	35	validation	50% validation 6
#66C2A5	36	1.55378134580782	36	sous-entraînement	50% validation 6
#FC8D62	37	1.55585180676676	37	validation	50% validation 6
#66C2A5	38	1.58934946246667	38	sous-entraînement	50% validation 6
#66C2A5	39	1.70528333933618	39	sous-entraînement	50% validation 6
#66C2A5	40	1.67159837698355	40	sous-entraînement	50% validation 6
#66C2A5	41	0.313055412190002	41	sous-entraînement	50% validation 6
#FC8D62	42	0.30417160380171	42	validation	50% validation 6
#66C2A5	43	0.399204109355834	43	sous-entraînement	50% validation 6
#FC8D62	44	0.385174091682726	44	validation	50% validation 6
#FC8D62	45	0.260632202360409	45	validation	50% validation 6
#FC8D62	46	0.258758256119149	46	validation	50% validation 6
#66C2A5	47	0.365965968029044	47	sous-entraînement	50% validation 6
#FC8D62	48	0.406361064266902	48	validation	50% validation 6
#FC8D62	49	0.318273150600338	49	validation	50% validation 6
#FC8D62	50	0.417618544460782	50	validation	50% validation 6
#66C2A5	1	-0.689099191816566	1	sous-entraînement	50% validation 28
#66C2A5	2	-0.608089478320124	2	sous-entraînement	50% validation 28
#FC8D62	3	-0.710016671983337	3	validation	50% validation 28
#FC8D62	4	-0.466925730528553	4	validation	50% validation 28
#FC8D62	5	-0.593503033560796	5	validation	50% validation 28
#FC8D62	6	-0.708500649154134	6	validation	50% validation 28
#FC8D62	7	-0.577710905499484	7	validation	50% validation 28
#66C2A5	8	-0.552621340229411	8	sous-entraînement	50% validation 28
#66C2A5	9	-0.568875675576983	9	sous-entraînement	50% validation 28
#66C2A5	10	-0.656992649457968	10	sous-entraînement	50% validation 28
#FC8D62	11	0.334821441067167	11	validation	50% validation 28
#FC8D62	12	0.222627647863225	12	validation	50% validation 28
#FC8D62	13	0.121519266167902	13	validation	50% validation 28
#66C2A5	14	-0.0378266644956678	14	sous-entraînement	50% validation 28
#FC8D62	15	0.296136416036393	15	validation	50% validation 28
#FC8D62	16	0.179149963320559	16	validation	50% validation 28
#66C2A5	17	0.182024297912188	17	sous-entraînement	50% validation 28
#FC8D62	18	0.278026945290612	18	validation	50% validation 28
#FC8D62	19	0.265765443731891	19	validation	50% validation 28
#66C2A5	20	0.243033456343833	20	sous-entraînement	50% validation 28
#66C2A5	21	-0.743730875249225	21	sous-entraînement	50% validation 28
#66C2A5	22	-0.757414982336941	22	sous-entraînement	50% validation 28
#66C2A5	23	-0.828172114073528	23	sous-entraînement	50% validation 28
#66C2A5	24	-1.03456378199638	24	sous-entraînement	50% validation 28
#FC8D62	25	-0.773646037620576	25	validation	50% validation 28
#FC8D62	26	-0.841241486362947	26	validation	50% validation 28
#FC8D62	27	-0.85120816308058	27	validation	50% validation 28
#66C2A5	28	-0.982703850799975	28	sous-entraînement	50% validation 28
#66C2A5	29	-0.883443617920909	29	sous-entraînement	50% validation 28
#FC8D62	30	-0.793834456390077	30	validation	50% validation 28
#66C2A5	31	1.7311487572907	31	sous-entraînement	50% validation 28
#FC8D62	32	1.58500202940349	32	validation	50% validation 28
#66C2A5	33	1.63404796329373	33	sous-entraînement	50% validation 28
#66C2A5	34	1.5899002980795	34	sous-entraînement	50% validation 28
#66C2A5	35	1.45757484645493	35	sous-entraînement	50% validation 28
#FC8D62	36	1.55378134580782	36	validation	50% validation 28
#FC8D62	37	1.55585180676676	37	validation	50% validation 28
#66C2A5	38	1.58934946246667	38	sous-entraînement	50% validation 28
#FC8D62	39	1.70528333933618	39	validation	50% validation 28
#66C2A5	40	1.67159837698355	40	sous-entraînement	50% validation 28
#66C2A5	41	0.313055412190002	41	sous-entraînement	50% validation 28
#66C2A5	42	0.30417160380171	42	sous-entraînement	50% validation 28
#66C2A5	43	0.399204109355834	43	sous-entraînement	50% validation 28
#66C2A5	44	0.385174091682726	44	sous-entraînement	50% validation 28
#FC8D62	45	0.260632202360409	45	validation	50% validation 28
#FC8D62	46	0.258758256119149	46	validation	50% validation 28
#FC8D62	47	0.365965968029044	47	validation	50% validation 28
#FC8D62	48	0.406361064266902	48	validation	50% validation 28
#FC8D62	49	0.318273150600338	49	validation	50% validation 28
#66C2A5	50	0.417618544460782	50	sous-entraînement	50% validation 28
#66C2A5	1	-0.689099191816566	1	sous-entraînement	50% validation 22
#66C2A5	2	-0.608089478320124	2	sous-entraînement	50% validation 22
#66C2A5	3	-0.710016671983337	3	sous-entraînement	50% validation 22
#FC8D62	4	-0.466925730528553	4	validation	50% validation 22
#FC8D62	5	-0.593503033560796	5	validation	50% validation 22
#FC8D62	6	-0.708500649154134	6	validation	50% validation 22
#66C2A5	7	-0.577710905499484	7	sous-entraînement	50% validation 22
#66C2A5	8	-0.552621340229411	8	sous-entraînement	50% validation 22
#66C2A5	9	-0.568875675576983	9	sous-entraînement	50% validation 22
#66C2A5	10	-0.656992649457968	10	sous-entraînement	50% validation 22
#FC8D62	11	0.334821441067167	11	validation	50% validation 22
#FC8D62	12	0.222627647863225	12	validation	50% validation 22
#FC8D62	13	0.121519266167902	13	validation	50% validation 22
#FC8D62	14	-0.0378266644956678	14	validation	50% validation 22
#FC8D62	15	0.296136416036393	15	validation	50% validation 22
#66C2A5	16	0.179149963320559	16	sous-entraînement	50% validation 22
#66C2A5	17	0.182024297912188	17	sous-entraînement	50% validation 22
#66C2A5	18	0.278026945290612	18	sous-entraînement	50% validation 22
#FC8D62	19	0.265765443731891	19	validation	50% validation 22
#66C2A5	20	0.243033456343833	20	sous-entraînement	50% validation 22
#66C2A5	21	-0.743730875249225	21	sous-entraînement	50% validation 22
#FC8D62	22	-0.757414982336941	22	validation	50% validation 22
#FC8D62	23	-0.828172114073528	23	validation	50% validation 22
#FC8D62	24	-1.03456378199638	24	validation	50% validation 22
#66C2A5	25	-0.773646037620576	25	sous-entraînement	50% validation 22
#66C2A5	26	-0.841241486362947	26	sous-entraînement	50% validation 22
#FC8D62	27	-0.85120816308058	27	validation	50% validation 22
#FC8D62	28	-0.982703850799975	28	validation	50% validation 22
#FC8D62	29	-0.883443617920909	29	validation	50% validation 22
#66C2A5	30	-0.793834456390077	30	sous-entraînement	50% validation 22
#FC8D62	31	1.7311487572907	31	validation	50% validation 22
#66C2A5	32	1.58500202940349	32	sous-entraînement	50% validation 22
#FC8D62	33	1.63404796329373	33	validation	50% validation 22
#66C2A5	34	1.5899002980795	34	sous-entraînement	50% validation 22
#FC8D62	35	1.45757484645493	35	validation	50% validation 22
#66C2A5	36	1.55378134580782	36	sous-entraînement	50% validation 22
#66C2A5	37	1.55585180676676	37	sous-entraînement	50% validation 22
#66C2A5	38	1.58934946246667	38	sous-entraînement	50% validation 22
#FC8D62	39	1.70528333933618	39	validation	50% validation 22
#FC8D62	40	1.67159837698355	40	validation	50% validation 22
#66C2A5	41	0.313055412190002	41	sous-entraînement	50% validation 22
#66C2A5	42	0.30417160380171	42	sous-entraînement	50% validation 22
#FC8D62	43	0.399204109355834	43	validation	50% validation 22
#66C2A5	44	0.385174091682726	44	sous-entraînement	50% validation 22
#FC8D62	45	0.260632202360409	45	validation	50% validation 22
#66C2A5	46	0.258758256119149	46	sous-entraînement	50% validation 22
#66C2A5	47	0.365965968029044	47	sous-entraînement	50% validation 22
#FC8D62	48	0.406361064266902	48	validation	50% validation 22
#FC8D62	49	0.318273150600338	49	validation	50% validation 22
#FC8D62	50	0.417618544460782	50	validation	50% validation 22
#66C2A5	1	-0.689099191816566	1	sous-entraînement	50% validation 23
#FC8D62	2	-0.608089478320124	2	validation	50% validation 23
#66C2A5	3	-0.710016671983337	3	sous-entraînement	50% validation 23
#66C2A5	4	-0.466925730528553	4	sous-entraînement	50% validation 23
#FC8D62	5	-0.593503033560796	5	validation	50% validation 23
#66C2A5	6	-0.708500649154134	6	sous-entraînement	50% validation 23
#FC8D62	7	-0.577710905499484	7	validation	50% validation 23
#66C2A5	8	-0.552621340229411	8	sous-entraînement	50% validation 23
#66C2A5	9	-0.568875675576983	9	sous-entraînement	50% validation 23
#66C2A5	10	-0.656992649457968	10	sous-entraînement	50% validation 23
#FC8D62	11	0.334821441067167	11	validation	50% validation 23
#66C2A5	12	0.222627647863225	12	sous-entraînement	50% validation 23
#66C2A5	13	0.121519266167902	13	sous-entraînement	50% validation 23
#FC8D62	14	-0.0378266644956678	14	validation	50% validation 23
#FC8D62	15	0.296136416036393	15	validation	50% validation 23
#66C2A5	16	0.179149963320559	16	sous-entraînement	50% validation 23
#66C2A5	17	0.182024297912188	17	sous-entraînement	50% validation 23
#FC8D62	18	0.278026945290612	18	validation	50% validation 23
#FC8D62	19	0.265765443731891	19	validation	50% validation 23
#66C2A5	20	0.243033456343833	20	sous-entraînement	50% validation 23
#FC8D62	21	-0.743730875249225	21	validation	50% validation 23
#FC8D62	22	-0.757414982336941	22	validation	50% validation 23
#FC8D62	23	-0.828172114073528	23	validation	50% validation 23
#FC8D62	24	-1.03456378199638	24	validation	50% validation 23
#66C2A5	25	-0.773646037620576	25	sous-entraînement	50% validation 23
#FC8D62	26	-0.841241486362947	26	validation	50% validation 23
#66C2A5	27	-0.85120816308058	27	sous-entraînement	50% validation 23
#66C2A5	28	-0.982703850799975	28	sous-entraînement	50% validation 23
#FC8D62	29	-0.883443617920909	29	validation	50% validation 23
#FC8D62	30	-0.793834456390077	30	validation	50% validation 23
#66C2A5	31	1.7311487572907	31	sous-entraînement	50% validation 23
#66C2A5	32	1.58500202940349	32	sous-entraînement	50% validation 23
#FC8D62	33	1.63404796329373	33	validation	50% validation 23
#FC8D62	34	1.5899002980795	34	validation	50% validation 23
#FC8D62	35	1.45757484645493	35	validation	50% validation 23
#66C2A5	36	1.55378134580782	36	sous-entraînement	50% validation 23
#66C2A5	37	1.55585180676676	37	sous-entraînement	50% validation 23
#66C2A5	38	1.58934946246667	38	sous-entraînement	50% validation 23
#66C2A5	39	1.70528333933618	39	sous-entraînement	50% validation 23
#FC8D62	40	1.67159837698355	40	validation	50% validation 23
#66C2A5	41	0.313055412190002	41	sous-entraînement	50% validation 23
#66C2A5	42	0.30417160380171	42	sous-entraînement	50% validation 23
#66C2A5	43	0.399204109355834	43	sous-entraînement	50% validation 23
#FC8D62	44	0.385174091682726	44	validation	50% validation 23
#FC8D62	45	0.260632202360409	45	validation	50% validation 23
#FC8D62	46	0.258758256119149	46	validation	50% validation 23
#FC8D62	47	0.365965968029044	47	validation	50% validation 23
#66C2A5	48	0.406361064266902	48	sous-entraînement	50% validation 23
#FC8D62	49	0.318273150600338	49	validation	50% validation 23
#FC8D62	50	0.417618544460782	50	validation	50% validation 23
#66C2A5	1	-0.689099191816566	1	sous-entraînement	50% validation 69
#FC8D62	2	-0.608089478320124	2	validation	50% validation 69
#66C2A5	3	-0.710016671983337	3	sous-entraînement	50% validation 69
#FC8D62	4	-0.466925730528553	4	validation	50% validation 69
#66C2A5	5	-0.593503033560796	5	sous-entraînement	50% validation 69
#66C2A5	6	-0.708500649154134	6	sous-entraînement	50% validation 69
#FC8D62	7	-0.577710905499484	7	validation	50% validation 69
#FC8D62	8	-0.552621340229411	8	validation	50% validation 69
#FC8D62	9	-0.568875675576983	9	validation	50% validation 69
#FC8D62	10	-0.656992649457968	10	validation	50% validation 69
#FC8D62	11	0.334821441067167	11	validation	50% validation 69
#66C2A5	12	0.222627647863225	12	sous-entraînement	50% validation 69
#66C2A5	13	0.121519266167902	13	sous-entraînement	50% validation 69
#66C2A5	14	-0.0378266644956678	14	sous-entraînement	50% validation 69
#FC8D62	15	0.296136416036393	15	validation	50% validation 69
#FC8D62	16	0.179149963320559	16	validation	50% validation 69
#66C2A5	17	0.182024297912188	17	sous-entraînement	50% validation 69
#FC8D62	18	0.278026945290612	18	validation	50% validation 69
#66C2A5	19	0.265765443731891	19	sous-entraînement	50% validation 69
#66C2A5	20	0.243033456343833	20	sous-entraînement	50% validation 69
#66C2A5	21	-0.743730875249225	21	sous-entraînement	50% validation 69
#66C2A5	22	-0.757414982336941	22	sous-entraînement	50% validation 69
#66C2A5	23	-0.828172114073528	23	sous-entraînement	50% validation 69
#66C2A5	24	-1.03456378199638	24	sous-entraînement	50% validation 69
#FC8D62	25	-0.773646037620576	25	validation	50% validation 69
#FC8D62	26	-0.841241486362947	26	validation	50% validation 69
#66C2A5	27	-0.85120816308058	27	sous-entraînement	50% validation 69
#FC8D62	28	-0.982703850799975	28	validation	50% validation 69
#FC8D62	29	-0.883443617920909	29	validation	50% validation 69
#FC8D62	30	-0.793834456390077	30	validation	50% validation 69
#FC8D62	31	1.7311487572907	31	validation	50% validation 69
#FC8D62	32	1.58500202940349	32	validation	50% validation 69
#66C2A5	33	1.63404796329373	33	sous-entraînement	50% validation 69
#66C2A5	34	1.5899002980795	34	sous-entraînement	50% validation 69
#FC8D62	35	1.45757484645493	35	validation	50% validation 69
#FC8D62	36	1.55378134580782	36	validation	50% validation 69
#FC8D62	37	1.55585180676676	37	validation	50% validation 69
#66C2A5	38	1.58934946246667	38	sous-entraînement	50% validation 69
#66C2A5	39	1.70528333933618	39	sous-entraînement	50% validation 69
#FC8D62	40	1.67159837698355	40	validation	50% validation 69
#FC8D62	41	0.313055412190002	41	validation	50% validation 69
#66C2A5	42	0.30417160380171	42	sous-entraînement	50% validation 69
#66C2A5	43	0.399204109355834	43	sous-entraînement	50% validation 69
#66C2A5	44	0.385174091682726	44	sous-entraînement	50% validation 69
#66C2A5	45	0.260632202360409	45	sous-entraînement	50% validation 69
#66C2A5	46	0.258758256119149	46	sous-entraînement	50% validation 69
#FC8D62	47	0.365965968029044	47	validation	50% validation 69
#FC8D62	48	0.406361064266902	48	validation	50% validation 69
#66C2A5	49	0.318273150600338	49	sous-entraînement	50% validation 69
#FC8D62	50	0.417618544460782	50	validation	50% validation 69
#FC8D62	1	-0.689099191816566	1	validation	50% validation 7
#66C2A5	2	-0.608089478320124	2	sous-entraînement	50% validation 7
#FC8D62	3	-0.710016671983337	3	validation	50% validation 7
#FC8D62	4	-0.466925730528553	4	validation	50% validation 7
#FC8D62	5	-0.593503033560796	5	validation	50% validation 7
#66C2A5	6	-0.708500649154134	6	sous-entraînement	50% validation 7
#66C2A5	7	-0.577710905499484	7	sous-entraînement	50% validation 7
#FC8D62	8	-0.552621340229411	8	validation	50% validation 7
#66C2A5	9	-0.568875675576983	9	sous-entraînement	50% validation 7
#66C2A5	10	-0.656992649457968	10	sous-entraînement	50% validation 7
#66C2A5	11	0.334821441067167	11	sous-entraînement	50% validation 7
#66C2A5	12	0.222627647863225	12	sous-entraînement	50% validation 7
#FC8D62	13	0.121519266167902	13	validation	50% validation 7
#FC8D62	14	-0.0378266644956678	14	validation	50% validation 7
#66C2A5	15	0.296136416036393	15	sous-entraînement	50% validation 7
#66C2A5	16	0.179149963320559	16	sous-entraînement	50% validation 7
#FC8D62	17	0.182024297912188	17	validation	50% validation 7
#FC8D62	18	0.278026945290612	18	validation	50% validation 7
#66C2A5	19	0.265765443731891	19	sous-entraînement	50% validation 7
#66C2A5	20	0.243033456343833	20	sous-entraînement	50% validation 7
#FC8D62	21	-0.743730875249225	21	validation	50% validation 7
#FC8D62	22	-0.757414982336941	22	validation	50% validation 7
#66C2A5	23	-0.828172114073528	23	sous-entraînement	50% validation 7
#66C2A5	24	-1.03456378199638	24	sous-entraînement	50% validation 7
#66C2A5	25	-0.773646037620576	25	sous-entraînement	50% validation 7
#FC8D62	26	-0.841241486362947	26	validation	50% validation 7
#66C2A5	27	-0.85120816308058	27	sous-entraînement	50% validation 7
#FC8D62	28	-0.982703850799975	28	validation	50% validation 7
#FC8D62	29	-0.883443617920909	29	validation	50% validation 7
#66C2A5	30	-0.793834456390077	30	sous-entraînement	50% validation 7
#FC8D62	31	1.7311487572907	31	validation	50% validation 7
#FC8D62	32	1.58500202940349	32	validation	50% validation 7
#66C2A5	33	1.63404796329373	33	sous-entraînement	50% validation 7
#66C2A5	34	1.5899002980795	34	sous-entraînement	50% validation 7
#FC8D62	35	1.45757484645493	35	validation	50% validation 7
#66C2A5	36	1.55378134580782	36	sous-entraînement	50% validation 7
#FC8D62	37	1.55585180676676	37	validation	50% validation 7
#66C2A5	38	1.58934946246667	38	sous-entraînement	50% validation 7
#66C2A5	39	1.70528333933618	39	sous-entraînement	50% validation 7
#FC8D62	40	1.67159837698355	40	validation	50% validation 7
#FC8D62	41	0.313055412190002	41	validation	50% validation 7
#FC8D62	42	0.30417160380171	42	validation	50% validation 7
#FC8D62	43	0.399204109355834	43	validation	50% validation 7
#66C2A5	44	0.385174091682726	44	sous-entraînement	50% validation 7
#66C2A5	45	0.260632202360409	45	sous-entraînement	50% validation 7
#FC8D62	46	0.258758256119149	46	validation	50% validation 7
#FC8D62	47	0.365965968029044	47	validation	50% validation 7
#FC8D62	48	0.406361064266902	48	validation	50% validation 7
#66C2A5	49	0.318273150600338	49	sous-entraînement	50% validation 7
#66C2A5	50	0.417618544460782	50	sous-entraînement	50% validation 7
#FC8D62	1	-0.689099191816566	1	validation	50% validation 91
#FC8D62	2	-0.608089478320124	2	validation	50% validation 91
#66C2A5	3	-0.710016671983337	3	sous-entraînement	50% validation 91
#66C2A5	4	-0.466925730528553	4	sous-entraînement	50% validation 91
#FC8D62	5	-0.593503033560796	5	validation	50% validation 91
#FC8D62	6	-0.708500649154134	6	validation	50% validation 91
#66C2A5	7	-0.577710905499484	7	sous-entraînement	50% validation 91
#FC8D62	8	-0.552621340229411	8	validation	50% validation 91
#66C2A5	9	-0.568875675576983	9	sous-entraînement	50% validation 91
#FC8D62	10	-0.656992649457968	10	validation	50% validation 91
#66C2A5	11	0.334821441067167	11	sous-entraînement	50% validation 91
#66C2A5	12	0.222627647863225	12	sous-entraînement	50% validation 91
#66C2A5	13	0.121519266167902	13	sous-entraînement	50% validation 91
#66C2A5	14	-0.0378266644956678	14	sous-entraînement	50% validation 91
#66C2A5	15	0.296136416036393	15	sous-entraînement	50% validation 91
#FC8D62	16	0.179149963320559	16	validation	50% validation 91
#66C2A5	17	0.182024297912188	17	sous-entraînement	50% validation 91
#66C2A5	18	0.278026945290612	18	sous-entraînement	50% validation 91
#FC8D62	19	0.265765443731891	19	validation	50% validation 91
#FC8D62	20	0.243033456343833	20	validation	50% validation 91
#FC8D62	21	-0.743730875249225	21	validation	50% validation 91
#66C2A5	22	-0.757414982336941	22	sous-entraînement	50% validation 91
#66C2A5	23	-0.828172114073528	23	sous-entraînement	50% validation 91
#FC8D62	24	-1.03456378199638	24	validation	50% validation 91
#FC8D62	25	-0.773646037620576	25	validation	50% validation 91
#66C2A5	26	-0.841241486362947	26	sous-entraînement	50% validation 91
#FC8D62	27	-0.85120816308058	27	validation	50% validation 91
#66C2A5	28	-0.982703850799975	28	sous-entraînement	50% validation 91
#66C2A5	29	-0.883443617920909	29	sous-entraînement	50% validation 91
#FC8D62	30	-0.793834456390077	30	validation	50% validation 91
#66C2A5	31	1.7311487572907	31	sous-entraînement	50% validation 91
#66C2A5	32	1.58500202940349	32	sous-entraînement	50% validation 91
#66C2A5	33	1.63404796329373	33	sous-entraînement	50% validation 91
#66C2A5	34	1.5899002980795	34	sous-entraînement	50% validation 91
#66C2A5	35	1.45757484645493	35	sous-entraînement	50% validation 91
#FC8D62	36	1.55378134580782	36	validation	50% validation 91
#FC8D62	37	1.55585180676676	37	validation	50% validation 91
#FC8D62	38	1.58934946246667	38	validation	50% validation 91
#FC8D62	39	1.70528333933618	39	validation	50% validation 91
#FC8D62	40	1.67159837698355	40	validation	50% validation 91
#FC8D62	41	0.313055412190002	41	validation	50% validation 91
#66C2A5	42	0.30417160380171	42	sous-entraînement	50% validation 91
#66C2A5	43	0.399204109355834	43	sous-entraînement	50% validation 91
#FC8D62	44	0.385174091682726	44	validation	50% validation 91
#66C2A5	45	0.260632202360409	45	sous-entraînement	50% validation 91
#66C2A5	46	0.258758256119149	46	sous-entraînement	50% validation 91
#FC8D62	47	0.365965968029044	47	validation	50% validation 91
#FC8D62	48	0.406361064266902	48	validation	50% validation 91
#FC8D62	49	0.318273150600338	49	validation	50% validation 91
#FC8D62	50	0.417618544460782	50	validation	50% validation 91
#66C2A5	1	-0.689099191816566	1	sous-entraînement	50% validation 24
#66C2A5	2	-0.608089478320124	2	sous-entraînement	50% validation 24
#66C2A5	3	-0.710016671983337	3	sous-entraînement	50% validation 24
#66C2A5	4	-0.466925730528553	4	sous-entraînement	50% validation 24
#66C2A5	5	-0.593503033560796	5	sous-entraînement	50% validation 24
#FC8D62	6	-0.708500649154134	6	validation	50% validation 24
#FC8D62	7	-0.577710905499484	7	validation	50% validation 24
#FC8D62	8	-0.552621340229411	8	validation	50% validation 24
#66C2A5	9	-0.568875675576983	9	sous-entraînement	50% validation 24
#FC8D62	10	-0.656992649457968	10	validation	50% validation 24
#FC8D62	11	0.334821441067167	11	validation	50% validation 24
#FC8D62	12	0.222627647863225	12	validation	50% validation 24
#66C2A5	13	0.121519266167902	13	sous-entraînement	50% validation 24
#66C2A5	14	-0.0378266644956678	14	sous-entraînement	50% validation 24
#66C2A5	15	0.296136416036393	15	sous-entraînement	50% validation 24
#66C2A5	16	0.179149963320559	16	sous-entraînement	50% validation 24
#FC8D62	17	0.182024297912188	17	validation	50% validation 24
#FC8D62	18	0.278026945290612	18	validation	50% validation 24
#66C2A5	19	0.265765443731891	19	sous-entraînement	50% validation 24
#FC8D62	20	0.243033456343833	20	validation	50% validation 24
#FC8D62	21	-0.743730875249225	21	validation	50% validation 24
#FC8D62	22	-0.757414982336941	22	validation	50% validation 24
#FC8D62	23	-0.828172114073528	23	validation	50% validation 24
#FC8D62	24	-1.03456378199638	24	validation	50% validation 24
#66C2A5	25	-0.773646037620576	25	sous-entraînement	50% validation 24
#66C2A5	26	-0.841241486362947	26	sous-entraînement	50% validation 24
#66C2A5	27	-0.85120816308058	27	sous-entraînement	50% validation 24
#FC8D62	28	-0.982703850799975	28	validation	50% validation 24
#66C2A5	29	-0.883443617920909	29	sous-entraînement	50% validation 24
#FC8D62	30	-0.793834456390077	30	validation	50% validation 24
#FC8D62	31	1.7311487572907	31	validation	50% validation 24
#66C2A5	32	1.58500202940349	32	sous-entraînement	50% validation 24
#66C2A5	33	1.63404796329373	33	sous-entraînement	50% validation 24
#FC8D62	34	1.5899002980795	34	validation	50% validation 24
#FC8D62	35	1.45757484645493	35	validation	50% validation 24
#66C2A5	36	1.55378134580782	36	sous-entraînement	50% validation 24
#66C2A5	37	1.55585180676676	37	sous-entraînement	50% validation 24
#FC8D62	38	1.58934946246667	38	validation	50% validation 24
#FC8D62	39	1.70528333933618	39	validation	50% validation 24
#FC8D62	40	1.67159837698355	40	validation	50% validation 24
#66C2A5	41	0.313055412190002	41	sous-entraînement	50% validation 24
#66C2A5	42	0.30417160380171	42	sous-entraînement	50% validation 24
#66C2A5	43	0.399204109355834	43	sous-entraînement	50% validation 24
#FC8D62	44	0.385174091682726	44	validation	50% validation 24
#FC8D62	45	0.260632202360409	45	validation	50% validation 24
#66C2A5	46	0.258758256119149	46	sous-entraînement	50% validation 24
#FC8D62	47	0.365965968029044	47	validation	50% validation 24
#66C2A5	48	0.406361064266902	48	sous-entraînement	50% validation 24
#66C2A5	49	0.318273150600338	49	sous-entraînement	50% validation 24
#FC8D62	50	0.417618544460782	50	validation	50% validation 24
#FC8D62	1	-0.689099191816566	1	validation	50% validation 70
#66C2A5	2	-0.608089478320124	2	sous-entraînement	50% validation 70
#66C2A5	3	-0.710016671983337	3	sous-entraînement	50% validation 70
#66C2A5	4	-0.466925730528553	4	sous-entraînement	50% validation 70
#66C2A5	5	-0.593503033560796	5	sous-entraînement	50% validation 70
#FC8D62	6	-0.708500649154134	6	validation	50% validation 70
#66C2A5	7	-0.577710905499484	7	sous-entraînement	50% validation 70
#66C2A5	8	-0.552621340229411	8	sous-entraînement	50% validation 70
#66C2A5	9	-0.568875675576983	9	sous-entraînement	50% validation 70
#FC8D62	10	-0.656992649457968	10	validation	50% validation 70
#66C2A5	11	0.334821441067167	11	sous-entraînement	50% validation 70
#FC8D62	12	0.222627647863225	12	validation	50% validation 70
#FC8D62	13	0.121519266167902	13	validation	50% validation 70
#FC8D62	14	-0.0378266644956678	14	validation	50% validation 70
#66C2A5	15	0.296136416036393	15	sous-entraînement	50% validation 70
#FC8D62	16	0.179149963320559	16	validation	50% validation 70
#FC8D62	17	0.182024297912188	17	validation	50% validation 70
#FC8D62	18	0.278026945290612	18	validation	50% validation 70
#66C2A5	19	0.265765443731891	19	sous-entraînement	50% validation 70
#FC8D62	20	0.243033456343833	20	validation	50% validation 70
#FC8D62	21	-0.743730875249225	21	validation	50% validation 70
#66C2A5	22	-0.757414982336941	22	sous-entraînement	50% validation 70
#66C2A5	23	-0.828172114073528	23	sous-entraînement	50% validation 70
#66C2A5	24	-1.03456378199638	24	sous-entraînement	50% validation 70
#66C2A5	25	-0.773646037620576	25	sous-entraînement	50% validation 70
#FC8D62	26	-0.841241486362947	26	validation	50% validation 70
#FC8D62	27	-0.85120816308058	27	validation	50% validation 70
#66C2A5	28	-0.982703850799975	28	sous-entraînement	50% validation 70
#66C2A5	29	-0.883443617920909	29	sous-entraînement	50% validation 70
#FC8D62	30	-0.793834456390077	30	validation	50% validation 70
#FC8D62	31	1.7311487572907	31	validation	50% validation 70
#66C2A5	32	1.58500202940349	32	sous-entraînement	50% validation 70
#66C2A5	33	1.63404796329373	33	sous-entraînement	50% validation 70
#66C2A5	34	1.5899002980795	34	sous-entraînement	50% validation 70
#FC8D62	35	1.45757484645493	35	validation	50% validation 70
#FC8D62	36	1.55378134580782	36	validation	50% validation 70
#FC8D62	37	1.55585180676676	37	validation	50% validation 70
#FC8D62	38	1.58934946246667	38	validation	50% validation 70
#66C2A5	39	1.70528333933618	39	sous-entraînement	50% validation 70
#66C2A5	40	1.67159837698355	40	sous-entraînement	50% validation 70
#66C2A5	41	0.313055412190002	41	sous-entraînement	50% validation 70
#FC8D62	42	0.30417160380171	42	validation	50% validation 70
#FC8D62	43	0.399204109355834	43	validation	50% validation 70
#66C2A5	44	0.385174091682726	44	sous-entraînement	50% validation 70
#66C2A5	45	0.260632202360409	45	sous-entraînement	50% validation 70
#FC8D62	46	0.258758256119149	46	validation	50% validation 70
#FC8D62	47	0.365965968029044	47	validation	50% validation 70
#66C2A5	48	0.406361064266902	48	sous-entraînement	50% validation 70
#FC8D62	49	0.318273150600338	49	validation	50% validation 70
#FC8D62	50	0.417618544460782	50	validation	50% validation 70
#FC8D62	1	-0.689099191816566	1	validation	50% validation 93
#66C2A5	2	-0.608089478320124	2	sous-entraînement	50% validation 93
#66C2A5	3	-0.710016671983337	3	sous-entraînement	50% validation 93
#FC8D62	4	-0.466925730528553	4	validation	50% validation 93
#66C2A5	5	-0.593503033560796	5	sous-entraînement	50% validation 93
#66C2A5	6	-0.708500649154134	6	sous-entraînement	50% validation 93
#66C2A5	7	-0.577710905499484	7	sous-entraînement	50% validation 93
#FC8D62	8	-0.552621340229411	8	validation	50% validation 93
#FC8D62	9	-0.568875675576983	9	validation	50% validation 93
#FC8D62	10	-0.656992649457968	10	validation	50% validation 93
#FC8D62	11	0.334821441067167	11	validation	50% validation 93
#FC8D62	12	0.222627647863225	12	validation	50% validation 93
#FC8D62	13	0.121519266167902	13	validation	50% validation 93
#FC8D62	14	-0.0378266644956678	14	validation	50% validation 93
#FC8D62	15	0.296136416036393	15	validation	50% validation 93
#66C2A5	16	0.179149963320559	16	sous-entraînement	50% validation 93
#66C2A5	17	0.182024297912188	17	sous-entraînement	50% validation 93
#66C2A5	18	0.278026945290612	18	sous-entraînement	50% validation 93
#FC8D62	19	0.265765443731891	19	validation	50% validation 93
#FC8D62	20	0.243033456343833	20	validation	50% validation 93
#66C2A5	21	-0.743730875249225	21	sous-entraînement	50% validation 93
#FC8D62	22	-0.757414982336941	22	validation	50% validation 93
#66C2A5	23	-0.828172114073528	23	sous-entraînement	50% validation 93
#FC8D62	24	-1.03456378199638	24	validation	50% validation 93
#FC8D62	25	-0.773646037620576	25	validation	50% validation 93
#66C2A5	26	-0.841241486362947	26	sous-entraînement	50% validation 93
#FC8D62	27	-0.85120816308058	27	validation	50% validation 93
#66C2A5	28	-0.982703850799975	28	sous-entraînement	50% validation 93
#66C2A5	29	-0.883443617920909	29	sous-entraînement	50% validation 93
#66C2A5	30	-0.793834456390077	30	sous-entraînement	50% validation 93
#FC8D62	31	1.7311487572907	31	validation	50% validation 93
#FC8D62	32	1.58500202940349	32	validation	50% validation 93
#66C2A5	33	1.63404796329373	33	sous-entraînement	50% validation 93
#66C2A5	34	1.5899002980795	34	sous-entraînement	50% validation 93
#66C2A5	35	1.45757484645493	35	sous-entraînement	50% validation 93
#FC8D62	36	1.55378134580782	36	validation	50% validation 93
#66C2A5	37	1.55585180676676	37	sous-entraînement	50% validation 93
#FC8D62	38	1.58934946246667	38	validation	50% validation 93
#66C2A5	39	1.70528333933618	39	sous-entraînement	50% validation 93
#FC8D62	40	1.67159837698355	40	validation	50% validation 93
#66C2A5	41	0.313055412190002	41	sous-entraînement	50% validation 93
#FC8D62	42	0.30417160380171	42	validation	50% validation 93
#66C2A5	43	0.399204109355834	43	sous-entraînement	50% validation 93
#66C2A5	44	0.385174091682726	44	sous-entraînement	50% validation 93
#FC8D62	45	0.260632202360409	45	validation	50% validation 93
#66C2A5	46	0.258758256119149	46	sous-entraînement	50% validation 93
#FC8D62	47	0.365965968029044	47	validation	50% validation 93
#FC8D62	48	0.406361064266902	48	validation	50% validation 93
#66C2A5	49	0.318273150600338	49	sous-entraînement	50% validation 93
#66C2A5	50	0.417618544460782	50	sous-entraînement	50% validation 93
#66C2A5	1	-0.689099191816566	1	sous-entraînement	50% validation 71
#FC8D62	2	-0.608089478320124	2	validation	50% validation 71
#66C2A5	3	-0.710016671983337	3	sous-entraînement	50% validation 71
#FC8D62	4	-0.466925730528553	4	validation	50% validation 71
#FC8D62	5	-0.593503033560796	5	validation	50% validation 71
#66C2A5	6	-0.708500649154134	6	sous-entraînement	50% validation 71
#FC8D62	7	-0.577710905499484	7	validation	50% validation 71
#FC8D62	8	-0.552621340229411	8	validation	50% validation 71
#FC8D62	9	-0.568875675576983	9	validation	50% validation 71
#66C2A5	10	-0.656992649457968	10	sous-entraînement	50% validation 71
#FC8D62	11	0.334821441067167	11	validation	50% validation 71
#66C2A5	12	0.222627647863225	12	sous-entraînement	50% validation 71
#FC8D62	13	0.121519266167902	13	validation	50% validation 71
#FC8D62	14	-0.0378266644956678	14	validation	50% validation 71
#66C2A5	15	0.296136416036393	15	sous-entraînement	50% validation 71
#66C2A5	16	0.179149963320559	16	sous-entraînement	50% validation 71
#66C2A5	17	0.182024297912188	17	sous-entraînement	50% validation 71
#FC8D62	18	0.278026945290612	18	validation	50% validation 71
#FC8D62	19	0.265765443731891	19	validation	50% validation 71
#FC8D62	20	0.243033456343833	20	validation	50% validation 71
#66C2A5	21	-0.743730875249225	21	sous-entraînement	50% validation 71
#66C2A5	22	-0.757414982336941	22	sous-entraînement	50% validation 71
#66C2A5	23	-0.828172114073528	23	sous-entraînement	50% validation 71
#66C2A5	24	-1.03456378199638	24	sous-entraînement	50% validation 71
#FC8D62	25	-0.773646037620576	25	validation	50% validation 71
#66C2A5	26	-0.841241486362947	26	sous-entraînement	50% validation 71
#FC8D62	27	-0.85120816308058	27	validation	50% validation 71
#FC8D62	28	-0.982703850799975	28	validation	50% validation 71
#FC8D62	29	-0.883443617920909	29	validation	50% validation 71
#66C2A5	30	-0.793834456390077	30	sous-entraînement	50% validation 71
#66C2A5	31	1.7311487572907	31	sous-entraînement	50% validation 71
#66C2A5	32	1.58500202940349	32	sous-entraînement	50% validation 71
#FC8D62	33	1.63404796329373	33	validation	50% validation 71
#FC8D62	34	1.5899002980795	34	validation	50% validation 71
#66C2A5	35	1.45757484645493	35	sous-entraînement	50% validation 71
#FC8D62	36	1.55378134580782	36	validation	50% validation 71
#FC8D62	37	1.55585180676676	37	validation	50% validation 71
#66C2A5	38	1.58934946246667	38	sous-entraînement	50% validation 71
#FC8D62	39	1.70528333933618	39	validation	50% validation 71
#66C2A5	40	1.67159837698355	40	sous-entraînement	50% validation 71
#FC8D62	41	0.313055412190002	41	validation	50% validation 71
#FC8D62	42	0.30417160380171	42	validation	50% validation 71
#66C2A5	43	0.399204109355834	43	sous-entraînement	50% validation 71
#66C2A5	44	0.385174091682726	44	sous-entraînement	50% validation 71
#FC8D62	45	0.260632202360409	45	validation	50% validation 71
#FC8D62	46	0.258758256119149	46	validation	50% validation 71
#66C2A5	47	0.365965968029044	47	sous-entraînement	50% validation 71
#66C2A5	48	0.406361064266902	48	sous-entraînement	50% validation 71
#66C2A5	49	0.318273150600338	49	sous-entraînement	50% validation 71
#66C2A5	50	0.417618544460782	50	sous-entraînement	50% validation 71
#66C2A5	1	-0.689099191816566	1	sous-entraînement	50% validation 8
#66C2A5	2	-0.608089478320124	2	sous-entraînement	50% validation 8
#FC8D62	3	-0.710016671983337	3	validation	50% validation 8
#66C2A5	4	-0.466925730528553	4	sous-entraînement	50% validation 8
#66C2A5	5	-0.593503033560796	5	sous-entraînement	50% validation 8
#66C2A5	6	-0.708500649154134	6	sous-entraînement	50% validation 8
#66C2A5	7	-0.577710905499484	7	sous-entraînement	50% validation 8
#66C2A5	8	-0.552621340229411	8	sous-entraînement	50% validation 8
#FC8D62	9	-0.568875675576983	9	validation	50% validation 8
#66C2A5	10	-0.656992649457968	10	sous-entraînement	50% validation 8
#66C2A5	11	0.334821441067167	11	sous-entraînement	50% validation 8
#66C2A5	12	0.222627647863225	12	sous-entraînement	50% validation 8
#66C2A5	13	0.121519266167902	13	sous-entraînement	50% validation 8
#66C2A5	14	-0.0378266644956678	14	sous-entraînement	50% validation 8
#FC8D62	15	0.296136416036393	15	validation	50% validation 8
#FC8D62	16	0.179149963320559	16	validation	50% validation 8
#FC8D62	17	0.182024297912188	17	validation	50% validation 8
#66C2A5	18	0.278026945290612	18	sous-entraînement	50% validation 8
#FC8D62	19	0.265765443731891	19	validation	50% validation 8
#FC8D62	20	0.243033456343833	20	validation	50% validation 8
#FC8D62	21	-0.743730875249225	21	validation	50% validation 8
#66C2A5	22	-0.757414982336941	22	sous-entraînement	50% validation 8
#66C2A5	23	-0.828172114073528	23	sous-entraînement	50% validation 8
#FC8D62	24	-1.03456378199638	24	validation	50% validation 8
#FC8D62	25	-0.773646037620576	25	validation	50% validation 8
#FC8D62	26	-0.841241486362947	26	validation	50% validation 8
#FC8D62	27	-0.85120816308058	27	validation	50% validation 8
#66C2A5	28	-0.982703850799975	28	sous-entraînement	50% validation 8
#66C2A5	29	-0.883443617920909	29	sous-entraînement	50% validation 8
#66C2A5	30	-0.793834456390077	30	sous-entraînement	50% validation 8
#FC8D62	31	1.7311487572907	31	validation	50% validation 8
#FC8D62	32	1.58500202940349	32	validation	50% validation 8
#FC8D62	33	1.63404796329373	33	validation	50% validation 8
#FC8D62	34	1.5899002980795	34	validation	50% validation 8
#FC8D62	35	1.45757484645493	35	validation	50% validation 8
#FC8D62	36	1.55378134580782	36	validation	50% validation 8
#66C2A5	37	1.55585180676676	37	sous-entraînement	50% validation 8
#FC8D62	38	1.58934946246667	38	validation	50% validation 8
#FC8D62	39	1.70528333933618	39	validation	50% validation 8
#FC8D62	40	1.67159837698355	40	validation	50% validation 8
#66C2A5	41	0.313055412190002	41	sous-entraînement	50% validation 8
#66C2A5	42	0.30417160380171	42	sous-entraînement	50% validation 8
#66C2A5	43	0.399204109355834	43	sous-entraînement	50% validation 8
#FC8D62	44	0.385174091682726	44	validation	50% validation 8
#66C2A5	45	0.260632202360409	45	sous-entraînement	50% validation 8
#66C2A5	46	0.258758256119149	46	sous-entraînement	50% validation 8
#FC8D62	47	0.365965968029044	47	validation	50% validation 8
#FC8D62	48	0.406361064266902	48	validation	50% validation 8
#66C2A5	49	0.318273150600338	49	sous-entraînement	50% validation 8
#FC8D62	50	0.417618544460782	50	validation	50% validation 8
#66C2A5	1	-0.689099191816566	1	sous-entraînement	50% validation 25
#FC8D62	2	-0.608089478320124	2	validation	50% validation 25
#66C2A5	3	-0.710016671983337	3	sous-entraînement	50% validation 25
#FC8D62	4	-0.466925730528553	4	validation	50% validation 25
#66C2A5	5	-0.593503033560796	5	sous-entraînement	50% validation 25
#66C2A5	6	-0.708500649154134	6	sous-entraînement	50% validation 25
#FC8D62	7	-0.577710905499484	7	validation	50% validation 25
#FC8D62	8	-0.552621340229411	8	validation	50% validation 25
#FC8D62	9	-0.568875675576983	9	validation	50% validation 25
#66C2A5	10	-0.656992649457968	10	sous-entraînement	50% validation 25
#FC8D62	11	0.334821441067167	11	validation	50% validation 25
#FC8D62	12	0.222627647863225	12	validation	50% validation 25
#FC8D62	13	0.121519266167902	13	validation	50% validation 25
#66C2A5	14	-0.0378266644956678	14	sous-entraînement	50% validation 25
#66C2A5	15	0.296136416036393	15	sous-entraînement	50% validation 25
#FC8D62	16	0.179149963320559	16	validation	50% validation 25
#66C2A5	17	0.182024297912188	17	sous-entraînement	50% validation 25
#66C2A5	18	0.278026945290612	18	sous-entraînement	50% validation 25
#66C2A5	19	0.265765443731891	19	sous-entraînement	50% validation 25
#66C2A5	20	0.243033456343833	20	sous-entraînement	50% validation 25
#FC8D62	21	-0.743730875249225	21	validation	50% validation 25
#FC8D62	22	-0.757414982336941	22	validation	50% validation 25
#FC8D62	23	-0.828172114073528	23	validation	50% validation 25
#66C2A5	24	-1.03456378199638	24	sous-entraînement	50% validation 25
#66C2A5	25	-0.773646037620576	25	sous-entraînement	50% validation 25
#FC8D62	26	-0.841241486362947	26	validation	50% validation 25
#FC8D62	27	-0.85120816308058	27	validation	50% validation 25
#FC8D62	28	-0.982703850799975	28	validation	50% validation 25
#FC8D62	29	-0.883443617920909	29	validation	50% validation 25
#66C2A5	30	-0.793834456390077	30	sous-entraînement	50% validation 25
#66C2A5	31	1.7311487572907	31	sous-entraînement	50% validation 25
#66C2A5	32	1.58500202940349	32	sous-entraînement	50% validation 25
#66C2A5	33	1.63404796329373	33	sous-entraînement	50% validation 25
#FC8D62	34	1.5899002980795	34	validation	50% validation 25
#66C2A5	35	1.45757484645493	35	sous-entraînement	50% validation 25
#FC8D62	36	1.55378134580782	36	validation	50% validation 25
#FC8D62	37	1.55585180676676	37	validation	50% validation 25
#66C2A5	38	1.58934946246667	38	sous-entraînement	50% validation 25
#66C2A5	39	1.70528333933618	39	sous-entraînement	50% validation 25
#66C2A5	40	1.67159837698355	40	sous-entraînement	50% validation 25
#FC8D62	41	0.313055412190002	41	validation	50% validation 25
#FC8D62	42	0.30417160380171	42	validation	50% validation 25
#FC8D62	43	0.399204109355834	43	validation	50% validation 25
#66C2A5	44	0.385174091682726	44	sous-entraînement	50% validation 25
#66C2A5	45	0.260632202360409	45	sous-entraînement	50% validation 25
#FC8D62	46	0.258758256119149	46	validation	50% validation 25
#FC8D62	47	0.365965968029044	47	validation	50% validation 25
#66C2A5	48	0.406361064266902	48	sous-entraînement	50% validation 25
#FC8D62	49	0.318273150600338	49	validation	50% validation 25
#66C2A5	50	0.417618544460782	50	sous-entraînement	50% validation 25
#FC8D62	1	-0.689099191816566	1	validation	50% validation 29
#FC8D62	2	-0.608089478320124	2	validation	50% validation 29
#FC8D62	3	-0.710016671983337	3	validation	50% validation 29
#FC8D62	4	-0.466925730528553	4	validation	50% validation 29
#FC8D62	5	-0.593503033560796	5	validation	50% validation 29
#66C2A5	6	-0.708500649154134	6	sous-entraînement	50% validation 29
#66C2A5	7	-0.577710905499484	7	sous-entraînement	50% validation 29
#66C2A5	8	-0.552621340229411	8	sous-entraînement	50% validation 29
#66C2A5	9	-0.568875675576983	9	sous-entraînement	50% validation 29
#FC8D62	10	-0.656992649457968	10	validation	50% validation 29
#66C2A5	11	0.334821441067167	11	sous-entraînement	50% validation 29
#FC8D62	12	0.222627647863225	12	validation	50% validation 29
#FC8D62	13	0.121519266167902	13	validation	50% validation 29
#66C2A5	14	-0.0378266644956678	14	sous-entraînement	50% validation 29
#66C2A5	15	0.296136416036393	15	sous-entraînement	50% validation 29
#FC8D62	16	0.179149963320559	16	validation	50% validation 29
#66C2A5	17	0.182024297912188	17	sous-entraînement	50% validation 29
#FC8D62	18	0.278026945290612	18	validation	50% validation 29
#66C2A5	19	0.265765443731891	19	sous-entraînement	50% validation 29
#FC8D62	20	0.243033456343833	20	validation	50% validation 29
#66C2A5	21	-0.743730875249225	21	sous-entraînement	50% validation 29
#FC8D62	22	-0.757414982336941	22	validation	50% validation 29
#FC8D62	23	-0.828172114073528	23	validation	50% validation 29
#FC8D62	24	-1.03456378199638	24	validation	50% validation 29
#FC8D62	25	-0.773646037620576	25	validation	50% validation 29
#66C2A5	26	-0.841241486362947	26	sous-entraînement	50% validation 29
#66C2A5	27	-0.85120816308058	27	sous-entraînement	50% validation 29
#66C2A5	28	-0.982703850799975	28	sous-entraînement	50% validation 29
#FC8D62	29	-0.883443617920909	29	validation	50% validation 29
#FC8D62	30	-0.793834456390077	30	validation	50% validation 29
#66C2A5	31	1.7311487572907	31	sous-entraînement	50% validation 29
#FC8D62	32	1.58500202940349	32	validation	50% validation 29
#FC8D62	33	1.63404796329373	33	validation	50% validation 29
#66C2A5	34	1.5899002980795	34	sous-entraînement	50% validation 29
#FC8D62	35	1.45757484645493	35	validation	50% validation 29
#66C2A5	36	1.55378134580782	36	sous-entraînement	50% validation 29
#66C2A5	37	1.55585180676676	37	sous-entraînement	50% validation 29
#66C2A5	38	1.58934946246667	38	sous-entraînement	50% validation 29
#FC8D62	39	1.70528333933618	39	validation	50% validation 29
#FC8D62	40	1.67159837698355	40	validation	50% validation 29
#66C2A5	41	0.313055412190002	41	sous-entraînement	50% validation 29
#FC8D62	42	0.30417160380171	42	validation	50% validation 29
#66C2A5	43	0.399204109355834	43	sous-entraînement	50% validation 29
#66C2A5	44	0.385174091682726	44	sous-entraînement	50% validation 29
#66C2A5	45	0.260632202360409	45	sous-entraînement	50% validation 29
#FC8D62	46	0.258758256119149	46	validation	50% validation 29
#66C2A5	47	0.365965968029044	47	sous-entraînement	50% validation 29
#66C2A5	48	0.406361064266902	48	sous-entraînement	50% validation 29
#66C2A5	49	0.318273150600338	49	sous-entraînement	50% validation 29
#FC8D62	50	0.417618544460782	50	validation	50% validation 29
#FC8D62	1	-0.689099191816566	1	validation	50% validation 30
#66C2A5	2	-0.608089478320124	2	sous-entraînement	50% validation 30
#FC8D62	3	-0.710016671983337	3	validation	50% validation 30
#66C2A5	4	-0.466925730528553	4	sous-entraînement	50% validation 30
#66C2A5	5	-0.593503033560796	5	sous-entraînement	50% validation 30
#FC8D62	6	-0.708500649154134	6	validation	50% validation 30
#FC8D62	7	-0.577710905499484	7	validation	50% validation 30
#FC8D62	8	-0.552621340229411	8	validation	50% validation 30
#66C2A5	9	-0.568875675576983	9	sous-entraînement	50% validation 30
#66C2A5	10	-0.656992649457968	10	sous-entraînement	50% validation 30
#FC8D62	11	0.334821441067167	11	validation	50% validation 30
#66C2A5	12	0.222627647863225	12	sous-entraînement	50% validation 30
#66C2A5	13	0.121519266167902	13	sous-entraînement	50% validation 30
#66C2A5	14	-0.0378266644956678	14	sous-entraînement	50% validation 30
#66C2A5	15	0.296136416036393	15	sous-entraînement	50% validation 30
#FC8D62	16	0.179149963320559	16	validation	50% validation 30
#66C2A5	17	0.182024297912188	17	sous-entraînement	50% validation 30
#FC8D62	18	0.278026945290612	18	validation	50% validation 30
#FC8D62	19	0.265765443731891	19	validation	50% validation 30
#66C2A5	20	0.243033456343833	20	sous-entraînement	50% validation 30
#FC8D62	21	-0.743730875249225	21	validation	50% validation 30
#66C2A5	22	-0.757414982336941	22	sous-entraînement	50% validation 30
#FC8D62	23	-0.828172114073528	23	validation	50% validation 30
#FC8D62	24	-1.03456378199638	24	validation	50% validation 30
#FC8D62	25	-0.773646037620576	25	validation	50% validation 30
#FC8D62	26	-0.841241486362947	26	validation	50% validation 30
#FC8D62	27	-0.85120816308058	27	validation	50% validation 30
#66C2A5	28	-0.982703850799975	28	sous-entraînement	50% validation 30
#66C2A5	29	-0.883443617920909	29	sous-entraînement	50% validation 30
#FC8D62	30	-0.793834456390077	30	validation	50% validation 30
#66C2A5	31	1.7311487572907	31	sous-entraînement	50% validation 30
#FC8D62	32	1.58500202940349	32	validation	50% validation 30
#FC8D62	33	1.63404796329373	33	validation	50% validation 30
#66C2A5	34	1.5899002980795	34	sous-entraînement	50% validation 30
#66C2A5	35	1.45757484645493	35	sous-entraînement	50% validation 30
#66C2A5	36	1.55378134580782	36	sous-entraînement	50% validation 30
#FC8D62	37	1.55585180676676	37	validation	50% validation 30
#66C2A5	38	1.58934946246667	38	sous-entraînement	50% validation 30
#66C2A5	39	1.70528333933618	39	sous-entraînement	50% validation 30
#66C2A5	40	1.67159837698355	40	sous-entraînement	50% validation 30
#FC8D62	41	0.313055412190002	41	validation	50% validation 30
#66C2A5	42	0.30417160380171	42	sous-entraînement	50% validation 30
#FC8D62	43	0.399204109355834	43	validation	50% validation 30
#66C2A5	44	0.385174091682726	44	sous-entraînement	50% validation 30
#66C2A5	45	0.260632202360409	45	sous-entraînement	50% validation 30
#FC8D62	46	0.258758256119149	46	validation	50% validation 30
#FC8D62	47	0.365965968029044	47	validation	50% validation 30
#FC8D62	48	0.406361064266902	48	validation	50% validation 30
#66C2A5	49	0.318273150600338	49	sous-entraînement	50% validation 30
#FC8D62	50	0.417618544460782	50	validation	50% validation 30
#FC8D62	1	-0.689099191816566	1	validation	50% validation 9
#FC8D62	2	-0.608089478320124	2	validation	50% validation 9
#FC8D62	3	-0.710016671983337	3	validation	50% validation 9
#FC8D62	4	-0.466925730528553	4	validation	50% validation 9
#FC8D62	5	-0.593503033560796	5	validation	50% validation 9
#FC8D62	6	-0.708500649154134	6	validation	50% validation 9
#FC8D62	7	-0.577710905499484	7	validation	50% validation 9
#FC8D62	8	-0.552621340229411	8	validation	50% validation 9
#66C2A5	9	-0.568875675576983	9	sous-entraînement	50% validation 9
#66C2A5	10	-0.656992649457968	10	sous-entraînement	50% validation 9
#66C2A5	11	0.334821441067167	11	sous-entraînement	50% validation 9
#66C2A5	12	0.222627647863225	12	sous-entraînement	50% validation 9
#66C2A5	13	0.121519266167902	13	sous-entraînement	50% validation 9
#FC8D62	14	-0.0378266644956678	14	validation	50% validation 9
#66C2A5	15	0.296136416036393	15	sous-entraînement	50% validation 9
#66C2A5	16	0.179149963320559	16	sous-entraînement	50% validation 9
#FC8D62	17	0.182024297912188	17	validation	50% validation 9
#66C2A5	18	0.278026945290612	18	sous-entraînement	50% validation 9
#66C2A5	19	0.265765443731891	19	sous-entraînement	50% validation 9
#66C2A5	20	0.243033456343833	20	sous-entraînement	50% validation 9
#66C2A5	21	-0.743730875249225	21	sous-entraînement	50% validation 9
#FC8D62	22	-0.757414982336941	22	validation	50% validation 9
#66C2A5	23	-0.828172114073528	23	sous-entraînement	50% validation 9
#FC8D62	24	-1.03456378199638	24	validation	50% validation 9
#66C2A5	25	-0.773646037620576	25	sous-entraînement	50% validation 9
#66C2A5	26	-0.841241486362947	26	sous-entraînement	50% validation 9
#FC8D62	27	-0.85120816308058	27	validation	50% validation 9
#66C2A5	28	-0.982703850799975	28	sous-entraînement	50% validation 9
#FC8D62	29	-0.883443617920909	29	validation	50% validation 9
#66C2A5	30	-0.793834456390077	30	sous-entraînement	50% validation 9
#FC8D62	31	1.7311487572907	31	validation	50% validation 9
#FC8D62	32	1.58500202940349	32	validation	50% validation 9
#FC8D62	33	1.63404796329373	33	validation	50% validation 9
#FC8D62	34	1.5899002980795	34	validation	50% validation 9
#66C2A5	35	1.45757484645493	35	sous-entraînement	50% validation 9
#66C2A5	36	1.55378134580782	36	sous-entraînement	50% validation 9
#FC8D62	37	1.55585180676676	37	validation	50% validation 9
#66C2A5	38	1.58934946246667	38	sous-entraînement	50% validation 9
#FC8D62	39	1.70528333933618	39	validation	50% validation 9
#66C2A5	40	1.67159837698355	40	sous-entraînement	50% validation 9
#66C2A5	41	0.313055412190002	41	sous-entraînement	50% validation 9
#FC8D62	42	0.30417160380171	42	validation	50% validation 9
#FC8D62	43	0.399204109355834	43	validation	50% validation 9
#FC8D62	44	0.385174091682726	44	validation	50% validation 9
#FC8D62	45	0.260632202360409	45	validation	50% validation 9
#66C2A5	46	0.258758256119149	46	sous-entraînement	50% validation 9
#66C2A5	47	0.365965968029044	47	sous-entraînement	50% validation 9
#66C2A5	48	0.406361064266902	48	sous-entraînement	50% validation 9
#FC8D62	49	0.318273150600338	49	validation	50% validation 9
#66C2A5	50	0.417618544460782	50	sous-entraînement	50% validation 9
#FC8D62	1	-0.689099191816566	1	validation	50% validation 10
#66C2A5	2	-0.608089478320124	2	sous-entraînement	50% validation 10
#66C2A5	3	-0.710016671983337	3	sous-entraînement	50% validation 10
#FC8D62	4	-0.466925730528553	4	validation	50% validation 10
#66C2A5	5	-0.593503033560796	5	sous-entraînement	50% validation 10
#FC8D62	6	-0.708500649154134	6	validation	50% validation 10
#66C2A5	7	-0.577710905499484	7	sous-entraînement	50% validation 10
#66C2A5	8	-0.552621340229411	8	sous-entraînement	50% validation 10
#FC8D62	9	-0.568875675576983	9	validation	50% validation 10
#66C2A5	10	-0.656992649457968	10	sous-entraînement	50% validation 10
#66C2A5	11	0.334821441067167	11	sous-entraînement	50% validation 10
#FC8D62	12	0.222627647863225	12	validation	50% validation 10
#FC8D62	13	0.121519266167902	13	validation	50% validation 10
#FC8D62	14	-0.0378266644956678	14	validation	50% validation 10
#66C2A5	15	0.296136416036393	15	sous-entraînement	50% validation 10
#FC8D62	16	0.179149963320559	16	validation	50% validation 10
#FC8D62	17	0.182024297912188	17	validation	50% validation 10
#66C2A5	18	0.278026945290612	18	sous-entraînement	50% validation 10
#FC8D62	19	0.265765443731891	19	validation	50% validation 10
#66C2A5	20	0.243033456343833	20	sous-entraînement	50% validation 10
#FC8D62	21	-0.743730875249225	21	validation	50% validation 10
#FC8D62	22	-0.757414982336941	22	validation	50% validation 10
#66C2A5	23	-0.828172114073528	23	sous-entraînement	50% validation 10
#66C2A5	24	-1.03456378199638	24	sous-entraînement	50% validation 10
#66C2A5	25	-0.773646037620576	25	sous-entraînement	50% validation 10
#66C2A5	26	-0.841241486362947	26	sous-entraînement	50% validation 10
#FC8D62	27	-0.85120816308058	27	validation	50% validation 10
#66C2A5	28	-0.982703850799975	28	sous-entraînement	50% validation 10
#66C2A5	29	-0.883443617920909	29	sous-entraînement	50% validation 10
#66C2A5	30	-0.793834456390077	30	sous-entraînement	50% validation 10
#FC8D62	31	1.7311487572907	31	validation	50% validation 10
#FC8D62	32	1.58500202940349	32	validation	50% validation 10
#FC8D62	33	1.63404796329373	33	validation	50% validation 10
#66C2A5	34	1.5899002980795	34	sous-entraînement	50% validation 10
#66C2A5	35	1.45757484645493	35	sous-entraînement	50% validation 10
#FC8D62	36	1.55378134580782	36	validation	50% validation 10
#66C2A5	37	1.55585180676676	37	sous-entraînement	50% validation 10
#FC8D62	38	1.58934946246667	38	validation	50% validation 10
#FC8D62	39	1.70528333933618	39	validation	50% validation 10
#66C2A5	40	1.67159837698355	40	sous-entraînement	50% validation 10
#FC8D62	41	0.313055412190002	41	validation	50% validation 10
#66C2A5	42	0.30417160380171	42	sous-entraînement	50% validation 10
#FC8D62	43	0.399204109355834	43	validation	50% validation 10
#66C2A5	44	0.385174091682726	44	sous-entraînement	50% validation 10
#66C2A5	45	0.260632202360409	45	sous-entraînement	50% validation 10
#FC8D62	46	0.258758256119149	46	validation	50% validation 10
#FC8D62	47	0.365965968029044	47	validation	50% validation 10
#FC8D62	48	0.406361064266902	48	validation	50% validation 10
#66C2A5	49	0.318273150600338	49	sous-entraînement	50% validation 10
#FC8D62	50	0.417618544460782	50	validation	50% validation 10
#FC8D62	1	-0.689099191816566	1	validation	50% validation 31
#66C2A5	2	-0.608089478320124	2	sous-entraînement	50% validation 31
#66C2A5	3	-0.710016671983337	3	sous-entraînement	50% validation 31
#66C2A5	4	-0.466925730528553	4	sous-entraînement	50% validation 31
#FC8D62	5	-0.593503033560796	5	validation	50% validation 31
#FC8D62	6	-0.708500649154134	6	validation	50% validation 31
#FC8D62	7	-0.577710905499484	7	validation	50% validation 31
#66C2A5	8	-0.552621340229411	8	sous-entraînement	50% validation 31
#FC8D62	9	-0.568875675576983	9	validation	50% validation 31
#66C2A5	10	-0.656992649457968	10	sous-entraînement	50% validation 31
#66C2A5	11	0.334821441067167	11	sous-entraînement	50% validation 31
#66C2A5	12	0.222627647863225	12	sous-entraînement	50% validation 31
#66C2A5	13	0.121519266167902	13	sous-entraînement	50% validation 31
#FC8D62	14	-0.0378266644956678	14	validation	50% validation 31
#66C2A5	15	0.296136416036393	15	sous-entraînement	50% validation 31
#66C2A5	16	0.179149963320559	16	sous-entraînement	50% validation 31
#FC8D62	17	0.182024297912188	17	validation	50% validation 31
#66C2A5	18	0.278026945290612	18	sous-entraînement	50% validation 31
#FC8D62	19	0.265765443731891	19	validation	50% validation 31
#66C2A5	20	0.243033456343833	20	sous-entraînement	50% validation 31
#FC8D62	21	-0.743730875249225	21	validation	50% validation 31
#66C2A5	22	-0.757414982336941	22	sous-entraînement	50% validation 31
#66C2A5	23	-0.828172114073528	23	sous-entraînement	50% validation 31
#FC8D62	24	-1.03456378199638	24	validation	50% validation 31
#66C2A5	25	-0.773646037620576	25	sous-entraînement	50% validation 31
#66C2A5	26	-0.841241486362947	26	sous-entraînement	50% validation 31
#66C2A5	27	-0.85120816308058	27	sous-entraînement	50% validation 31
#66C2A5	28	-0.982703850799975	28	sous-entraînement	50% validation 31
#FC8D62	29	-0.883443617920909	29	validation	50% validation 31
#66C2A5	30	-0.793834456390077	30	sous-entraînement	50% validation 31
#FC8D62	31	1.7311487572907	31	validation	50% validation 31
#66C2A5	32	1.58500202940349	32	sous-entraînement	50% validation 31
#FC8D62	33	1.63404796329373	33	validation	50% validation 31
#66C2A5	34	1.5899002980795	34	sous-entraînement	50% validation 31
#66C2A5	35	1.45757484645493	35	sous-entraînement	50% validation 31
#FC8D62	36	1.55378134580782	36	validation	50% validation 31
#FC8D62	37	1.55585180676676	37	validation	50% validation 31
#FC8D62	38	1.58934946246667	38	validation	50% validation 31
#FC8D62	39	1.70528333933618	39	validation	50% validation 31
#66C2A5	40	1.67159837698355	40	sous-entraînement	50% validation 31
#FC8D62	41	0.313055412190002	41	validation	50% validation 31
#66C2A5	42	0.30417160380171	42	sous-entraînement	50% validation 31
#FC8D62	43	0.399204109355834	43	validation	50% validation 31
#FC8D62	44	0.385174091682726	44	validation	50% validation 31
#66C2A5	45	0.260632202360409	45	sous-entraînement	50% validation 31
#FC8D62	46	0.258758256119149	46	validation	50% validation 31
#FC8D62	47	0.365965968029044	47	validation	50% validation 31
#FC8D62	48	0.406361064266902	48	validation	50% validation 31
#FC8D62	49	0.318273150600338	49	validation	50% validation 31
#FC8D62	50	0.417618544460782	50	validation	50% validation 31
#FC8D62	1	-0.689099191816566	1	validation	50% validation 32
#FC8D62	2	-0.608089478320124	2	validation	50% validation 32
#66C2A5	3	-0.710016671983337	3	sous-entraînement	50% validation 32
#FC8D62	4	-0.466925730528553	4	validation	50% validation 32
#FC8D62	5	-0.593503033560796	5	validation	50% validation 32
#FC8D62	6	-0.708500649154134	6	validation	50% validation 32
#FC8D62	7	-0.577710905499484	7	validation	50% validation 32
#66C2A5	8	-0.552621340229411	8	sous-entraînement	50% validation 32
#66C2A5	9	-0.568875675576983	9	sous-entraînement	50% validation 32
#66C2A5	10	-0.656992649457968	10	sous-entraînement	50% validation 32
#66C2A5	11	0.334821441067167	11	sous-entraînement	50% validation 32
#66C2A5	12	0.222627647863225	12	sous-entraînement	50% validation 32
#66C2A5	13	0.121519266167902	13	sous-entraînement	50% validation 32
#66C2A5	14	-0.0378266644956678	14	sous-entraînement	50% validation 32
#66C2A5	15	0.296136416036393	15	sous-entraînement	50% validation 32
#FC8D62	16	0.179149963320559	16	validation	50% validation 32
#FC8D62	17	0.182024297912188	17	validation	50% validation 32
#66C2A5	18	0.278026945290612	18	sous-entraînement	50% validation 32
#FC8D62	19	0.265765443731891	19	validation	50% validation 32
#66C2A5	20	0.243033456343833	20	sous-entraînement	50% validation 32
#66C2A5	21	-0.743730875249225	21	sous-entraînement	50% validation 32
#FC8D62	22	-0.757414982336941	22	validation	50% validation 32
#66C2A5	23	-0.828172114073528	23	sous-entraînement	50% validation 32
#FC8D62	24	-1.03456378199638	24	validation	50% validation 32
#66C2A5	25	-0.773646037620576	25	sous-entraînement	50% validation 32
#FC8D62	26	-0.841241486362947	26	validation	50% validation 32
#FC8D62	27	-0.85120816308058	27	validation	50% validation 32
#66C2A5	28	-0.982703850799975	28	sous-entraînement	50% validation 32
#FC8D62	29	-0.883443617920909	29	validation	50% validation 32
#FC8D62	30	-0.793834456390077	30	validation	50% validation 32
#FC8D62	31	1.7311487572907	31	validation	50% validation 32
#FC8D62	32	1.58500202940349	32	validation	50% validation 32
#66C2A5	33	1.63404796329373	33	sous-entraînement	50% validation 32
#66C2A5	34	1.5899002980795	34	sous-entraînement	50% validation 32
#FC8D62	35	1.45757484645493	35	validation	50% validation 32
#FC8D62	36	1.55378134580782	36	validation	50% validation 32
#66C2A5	37	1.55585180676676	37	sous-entraînement	50% validation 32
#FC8D62	38	1.58934946246667	38	validation	50% validation 32
#FC8D62	39	1.70528333933618	39	validation	50% validation 32
#FC8D62	40	1.67159837698355	40	validation	50% validation 32
#66C2A5	41	0.313055412190002	41	sous-entraînement	50% validation 32
#66C2A5	42	0.30417160380171	42	sous-entraînement	50% validation 32
#66C2A5	43	0.399204109355834	43	sous-entraînement	50% validation 32
#66C2A5	44	0.385174091682726	44	sous-entraînement	50% validation 32
#FC8D62	45	0.260632202360409	45	validation	50% validation 32
#66C2A5	46	0.258758256119149	46	sous-entraînement	50% validation 32
#FC8D62	47	0.365965968029044	47	validation	50% validation 32
#66C2A5	48	0.406361064266902	48	sous-entraînement	50% validation 32
#66C2A5	49	0.318273150600338	49	sous-entraînement	50% validation 32
#FC8D62	50	0.417618544460782	50	validation	50% validation 32
#FC8D62	1	-0.689099191816566	1	validation	50% validation 1
#66C2A5	2	-0.608089478320124	2	sous-entraînement	50% validation 1
#FC8D62	3	-0.710016671983337	3	validation	50% validation 1
#FC8D62	4	-0.466925730528553	4	validation	50% validation 1
#66C2A5	5	-0.593503033560796	5	sous-entraînement	50% validation 1
#66C2A5	6	-0.708500649154134	6	sous-entraînement	50% validation 1
#FC8D62	7	-0.577710905499484	7	validation	50% validation 1
#FC8D62	8	-0.552621340229411	8	validation	50% validation 1
#FC8D62	9	-0.568875675576983	9	validation	50% validation 1
#FC8D62	10	-0.656992649457968	10	validation	50% validation 1
#FC8D62	11	0.334821441067167	11	validation	50% validation 1
#66C2A5	12	0.222627647863225	12	sous-entraînement	50% validation 1
#FC8D62	13	0.121519266167902	13	validation	50% validation 1
#66C2A5	14	-0.0378266644956678	14	sous-entraînement	50% validation 1
#FC8D62	15	0.296136416036393	15	validation	50% validation 1
#FC8D62	16	0.179149963320559	16	validation	50% validation 1
#66C2A5	17	0.182024297912188	17	sous-entraînement	50% validation 1
#66C2A5	18	0.278026945290612	18	sous-entraînement	50% validation 1
#FC8D62	19	0.265765443731891	19	validation	50% validation 1
#66C2A5	20	0.243033456343833	20	sous-entraînement	50% validation 1
#FC8D62	21	-0.743730875249225	21	validation	50% validation 1
#FC8D62	22	-0.757414982336941	22	validation	50% validation 1
#66C2A5	23	-0.828172114073528	23	sous-entraînement	50% validation 1
#66C2A5	24	-1.03456378199638	24	sous-entraînement	50% validation 1
#FC8D62	25	-0.773646037620576	25	validation	50% validation 1
#FC8D62	26	-0.841241486362947	26	validation	50% validation 1
#FC8D62	27	-0.85120816308058	27	validation	50% validation 1
#FC8D62	28	-0.982703850799975	28	validation	50% validation 1
#FC8D62	29	-0.883443617920909	29	validation	50% validation 1
#FC8D62	30	-0.793834456390077	30	validation	50% validation 1
#FC8D62	31	1.7311487572907	31	validation	50% validation 1
#66C2A5	32	1.58500202940349	32	sous-entraînement	50% validation 1
#66C2A5	33	1.63404796329373	33	sous-entraînement	50% validation 1
#66C2A5	34	1.5899002980795	34	sous-entraînement	50% validation 1
#FC8D62	35	1.45757484645493	35	validation	50% validation 1
#66C2A5	36	1.55378134580782	36	sous-entraînement	50% validation 1
#66C2A5	37	1.55585180676676	37	sous-entraînement	50% validation 1
#66C2A5	38	1.58934946246667	38	sous-entraînement	50% validation 1
#66C2A5	39	1.70528333933618	39	sous-entraînement	50% validation 1
#66C2A5	40	1.67159837698355	40	sous-entraînement	50% validation 1
#66C2A5	41	0.313055412190002	41	sous-entraînement	50% validation 1
#66C2A5	42	0.30417160380171	42	sous-entraînement	50% validation 1
#FC8D62	43	0.399204109355834	43	validation	50% validation 1
#66C2A5	44	0.385174091682726	44	sous-entraînement	50% validation 1
#66C2A5	45	0.260632202360409	45	sous-entraînement	50% validation 1
#FC8D62	46	0.258758256119149	46	validation	50% validation 1
#66C2A5	47	0.365965968029044	47	sous-entraînement	50% validation 1
#FC8D62	48	0.406361064266902	48	validation	50% validation 1
#66C2A5	49	0.318273150600338	49	sous-entraînement	50% validation 1
#66C2A5	50	0.417618544460782	50	sous-entraînement	50% validation 1
#FC8D62	1	-0.689099191816566	1	validation	50% validation 74
#66C2A5	2	-0.608089478320124	2	sous-entraînement	50% validation 74
#66C2A5	3	-0.710016671983337	3	sous-entraînement	50% validation 74
#66C2A5	4	-0.466925730528553	4	sous-entraînement	50% validation 74
#FC8D62	5	-0.593503033560796	5	validation	50% validation 74
#FC8D62	6	-0.708500649154134	6	validation	50% validation 74
#66C2A5	7	-0.577710905499484	7	sous-entraînement	50% validation 74
#FC8D62	8	-0.552621340229411	8	validation	50% validation 74
#66C2A5	9	-0.568875675576983	9	sous-entraînement	50% validation 74
#66C2A5	10	-0.656992649457968	10	sous-entraînement	50% validation 74
#66C2A5	11	0.334821441067167	11	sous-entraînement	50% validation 74
#FC8D62	12	0.222627647863225	12	validation	50% validation 74
#66C2A5	13	0.121519266167902	13	sous-entraînement	50% validation 74
#FC8D62	14	-0.0378266644956678	14	validation	50% validation 74
#66C2A5	15	0.296136416036393	15	sous-entraînement	50% validation 74
#66C2A5	16	0.179149963320559	16	sous-entraînement	50% validation 74
#FC8D62	17	0.182024297912188	17	validation	50% validation 74
#FC8D62	18	0.278026945290612	18	validation	50% validation 74
#FC8D62	19	0.265765443731891	19	validation	50% validation 74
#66C2A5	20	0.243033456343833	20	sous-entraînement	50% validation 74
#FC8D62	21	-0.743730875249225	21	validation	50% validation 74
#66C2A5	22	-0.757414982336941	22	sous-entraînement	50% validation 74
#FC8D62	23	-0.828172114073528	23	validation	50% validation 74
#FC8D62	24	-1.03456378199638	24	validation	50% validation 74
#66C2A5	25	-0.773646037620576	25	sous-entraînement	50% validation 74
#FC8D62	26	-0.841241486362947	26	validation	50% validation 74
#66C2A5	27	-0.85120816308058	27	sous-entraînement	50% validation 74
#66C2A5	28	-0.982703850799975	28	sous-entraînement	50% validation 74
#FC8D62	29	-0.883443617920909	29	validation	50% validation 74
#FC8D62	30	-0.793834456390077	30	validation	50% validation 74
#66C2A5	31	1.7311487572907	31	sous-entraînement	50% validation 74
#66C2A5	32	1.58500202940349	32	sous-entraînement	50% validation 74
#66C2A5	33	1.63404796329373	33	sous-entraînement	50% validation 74
#FC8D62	34	1.5899002980795	34	validation	50% validation 74
#FC8D62	35	1.45757484645493	35	validation	50% validation 74
#66C2A5	36	1.55378134580782	36	sous-entraînement	50% validation 74
#66C2A5	37	1.55585180676676	37	sous-entraînement	50% validation 74
#FC8D62	38	1.58934946246667	38	validation	50% validation 74
#66C2A5	39	1.70528333933618	39	sous-entraînement	50% validation 74
#66C2A5	40	1.67159837698355	40	sous-entraînement	50% validation 74
#FC8D62	41	0.313055412190002	41	validation	50% validation 74
#FC8D62	42	0.30417160380171	42	validation	50% validation 74
#66C2A5	43	0.399204109355834	43	sous-entraînement	50% validation 74
#66C2A5	44	0.385174091682726	44	sous-entraînement	50% validation 74
#FC8D62	45	0.260632202360409	45	validation	50% validation 74
#FC8D62	46	0.258758256119149	46	validation	50% validation 74
#FC8D62	47	0.365965968029044	47	validation	50% validation 74
#FC8D62	48	0.406361064266902	48	validation	50% validation 74
#66C2A5	49	0.318273150600338	49	sous-entraînement	50% validation 74
#FC8D62	50	0.417618544460782	50	validation	50% validation 74
#FC8D62	1	-0.689099191816566	1	validation	50% validation 33
#FC8D62	2	-0.608089478320124	2	validation	50% validation 33
#66C2A5	3	-0.710016671983337	3	sous-entraînement	50% validation 33
#FC8D62	4	-0.466925730528553	4	validation	50% validation 33
#FC8D62	5	-0.593503033560796	5	validation	50% validation 33
#FC8D62	6	-0.708500649154134	6	validation	50% validation 33
#FC8D62	7	-0.577710905499484	7	validation	50% validation 33
#66C2A5	8	-0.552621340229411	8	sous-entraînement	50% validation 33
#66C2A5	9	-0.568875675576983	9	sous-entraînement	50% validation 33
#FC8D62	10	-0.656992649457968	10	validation	50% validation 33
#FC8D62	11	0.334821441067167	11	validation	50% validation 33
#FC8D62	12	0.222627647863225	12	validation	50% validation 33
#66C2A5	13	0.121519266167902	13	sous-entraînement	50% validation 33
#FC8D62	14	-0.0378266644956678	14	validation	50% validation 33
#FC8D62	15	0.296136416036393	15	validation	50% validation 33
#66C2A5	16	0.179149963320559	16	sous-entraînement	50% validation 33
#66C2A5	17	0.182024297912188	17	sous-entraînement	50% validation 33
#66C2A5	18	0.278026945290612	18	sous-entraînement	50% validation 33
#66C2A5	19	0.265765443731891	19	sous-entraînement	50% validation 33
#FC8D62	20	0.243033456343833	20	validation	50% validation 33
#66C2A5	21	-0.743730875249225	21	sous-entraînement	50% validation 33
#66C2A5	22	-0.757414982336941	22	sous-entraînement	50% validation 33
#FC8D62	23	-0.828172114073528	23	validation	50% validation 33
#66C2A5	24	-1.03456378199638	24	sous-entraînement	50% validation 33
#66C2A5	25	-0.773646037620576	25	sous-entraînement	50% validation 33
#FC8D62	26	-0.841241486362947	26	validation	50% validation 33
#66C2A5	27	-0.85120816308058	27	sous-entraînement	50% validation 33
#66C2A5	28	-0.982703850799975	28	sous-entraînement	50% validation 33
#66C2A5	29	-0.883443617920909	29	sous-entraînement	50% validation 33
#66C2A5	30	-0.793834456390077	30	sous-entraînement	50% validation 33
#66C2A5	31	1.7311487572907	31	sous-entraînement	50% validation 33
#FC8D62	32	1.58500202940349	32	validation	50% validation 33
#FC8D62	33	1.63404796329373	33	validation	50% validation 33
#FC8D62	34	1.5899002980795	34	validation	50% validation 33
#66C2A5	35	1.45757484645493	35	sous-entraînement	50% validation 33
#66C2A5	36	1.55378134580782	36	sous-entraînement	50% validation 33
#66C2A5	37	1.55585180676676	37	sous-entraînement	50% validation 33
#FC8D62	38	1.58934946246667	38	validation	50% validation 33
#66C2A5	39	1.70528333933618	39	sous-entraînement	50% validation 33
#66C2A5	40	1.67159837698355	40	sous-entraînement	50% validation 33
#FC8D62	41	0.313055412190002	41	validation	50% validation 33
#FC8D62	42	0.30417160380171	42	validation	50% validation 33
#FC8D62	43	0.399204109355834	43	validation	50% validation 33
#FC8D62	44	0.385174091682726	44	validation	50% validation 33
#FC8D62	45	0.260632202360409	45	validation	50% validation 33
#FC8D62	46	0.258758256119149	46	validation	50% validation 33
#66C2A5	47	0.365965968029044	47	sous-entraînement	50% validation 33
#66C2A5	48	0.406361064266902	48	sous-entraînement	50% validation 33
#66C2A5	49	0.318273150600338	49	sous-entraînement	50% validation 33
#FC8D62	50	0.417618544460782	50	validation	50% validation 33
#FC8D62	1	-0.689099191816566	1	validation	50% validation 11
#66C2A5	2	-0.608089478320124	2	sous-entraînement	50% validation 11
#66C2A5	3	-0.710016671983337	3	sous-entraînement	50% validation 11
#66C2A5	4	-0.466925730528553	4	sous-entraînement	50% validation 11
#FC8D62	5	-0.593503033560796	5	validation	50% validation 11
#FC8D62	6	-0.708500649154134	6	validation	50% validation 11
#FC8D62	7	-0.577710905499484	7	validation	50% validation 11
#66C2A5	8	-0.552621340229411	8	sous-entraînement	50% validation 11
#FC8D62	9	-0.568875675576983	9	validation	50% validation 11
#FC8D62	10	-0.656992649457968	10	validation	50% validation 11
#66C2A5	11	0.334821441067167	11	sous-entraînement	50% validation 11
#FC8D62	12	0.222627647863225	12	validation	50% validation 11
#66C2A5	13	0.121519266167902	13	sous-entraînement	50% validation 11
#FC8D62	14	-0.0378266644956678	14	validation	50% validation 11
#66C2A5	15	0.296136416036393	15	sous-entraînement	50% validation 11
#FC8D62	16	0.179149963320559	16	validation	50% validation 11
#66C2A5	17	0.182024297912188	17	sous-entraînement	50% validation 11
#66C2A5	18	0.278026945290612	18	sous-entraînement	50% validation 11
#66C2A5	19	0.265765443731891	19	sous-entraînement	50% validation 11
#FC8D62	20	0.243033456343833	20	validation	50% validation 11
#FC8D62	21	-0.743730875249225	21	validation	50% validation 11
#66C2A5	22	-0.757414982336941	22	sous-entraînement	50% validation 11
#FC8D62	23	-0.828172114073528	23	validation	50% validation 11
#FC8D62	24	-1.03456378199638	24	validation	50% validation 11
#66C2A5	25	-0.773646037620576	25	sous-entraînement	50% validation 11
#66C2A5	26	-0.841241486362947	26	sous-entraînement	50% validation 11
#FC8D62	27	-0.85120816308058	27	validation	50% validation 11
#66C2A5	28	-0.982703850799975	28	sous-entraînement	50% validation 11
#66C2A5	29	-0.883443617920909	29	sous-entraînement	50% validation 11
#66C2A5	30	-0.793834456390077	30	sous-entraînement	50% validation 11
#FC8D62	31	1.7311487572907	31	validation	50% validation 11
#66C2A5	32	1.58500202940349	32	sous-entraînement	50% validation 11
#66C2A5	33	1.63404796329373	33	sous-entraînement	50% validation 11
#66C2A5	34	1.5899002980795	34	sous-entraînement	50% validation 11
#FC8D62	35	1.45757484645493	35	validation	50% validation 11
#FC8D62	36	1.55378134580782	36	validation	50% validation 11
#66C2A5	37	1.55585180676676	37	sous-entraînement	50% validation 11
#FC8D62	38	1.58934946246667	38	validation	50% validation 11
#FC8D62	39	1.70528333933618	39	validation	50% validation 11
#FC8D62	40	1.67159837698355	40	validation	50% validation 11
#FC8D62	41	0.313055412190002	41	validation	50% validation 11
#FC8D62	42	0.30417160380171	42	validation	50% validation 11
#66C2A5	43	0.399204109355834	43	sous-entraînement	50% validation 11
#FC8D62	44	0.385174091682726	44	validation	50% validation 11
#FC8D62	45	0.260632202360409	45	validation	50% validation 11
#66C2A5	46	0.258758256119149	46	sous-entraînement	50% validation 11
#66C2A5	47	0.365965968029044	47	sous-entraînement	50% validation 11
#FC8D62	48	0.406361064266902	48	validation	50% validation 11
#66C2A5	49	0.318273150600338	49	sous-entraînement	50% validation 11
#66C2A5	50	0.417618544460782	50	sous-entraînement	50% validation 11
#66C2A5	1	-0.689099191816566	1	sous-entraînement	50% validation 72
#FC8D62	2	-0.608089478320124	2	validation	50% validation 72
#66C2A5	3	-0.710016671983337	3	sous-entraînement	50% validation 72
#66C2A5	4	-0.466925730528553	4	sous-entraînement	50% validation 72
#66C2A5	5	-0.593503033560796	5	sous-entraînement	50% validation 72
#FC8D62	6	-0.708500649154134	6	validation	50% validation 72
#FC8D62	7	-0.577710905499484	7	validation	50% validation 72
#66C2A5	8	-0.552621340229411	8	sous-entraînement	50% validation 72
#FC8D62	9	-0.568875675576983	9	validation	50% validation 72
#66C2A5	10	-0.656992649457968	10	sous-entraînement	50% validation 72
#FC8D62	11	0.334821441067167	11	validation	50% validation 72
#66C2A5	12	0.222627647863225	12	sous-entraînement	50% validation 72
#FC8D62	13	0.121519266167902	13	validation	50% validation 72
#FC8D62	14	-0.0378266644956678	14	validation	50% validation 72
#FC8D62	15	0.296136416036393	15	validation	50% validation 72
#66C2A5	16	0.179149963320559	16	sous-entraînement	50% validation 72
#FC8D62	17	0.182024297912188	17	validation	50% validation 72
#66C2A5	18	0.278026945290612	18	sous-entraînement	50% validation 72
#FC8D62	19	0.265765443731891	19	validation	50% validation 72
#FC8D62	20	0.243033456343833	20	validation	50% validation 72
#FC8D62	21	-0.743730875249225	21	validation	50% validation 72
#FC8D62	22	-0.757414982336941	22	validation	50% validation 72
#66C2A5	23	-0.828172114073528	23	sous-entraînement	50% validation 72
#66C2A5	24	-1.03456378199638	24	sous-entraînement	50% validation 72
#FC8D62	25	-0.773646037620576	25	validation	50% validation 72
#FC8D62	26	-0.841241486362947	26	validation	50% validation 72
#FC8D62	27	-0.85120816308058	27	validation	50% validation 72
#66C2A5	28	-0.982703850799975	28	sous-entraînement	50% validation 72
#66C2A5	29	-0.883443617920909	29	sous-entraînement	50% validation 72
#66C2A5	30	-0.793834456390077	30	sous-entraînement	50% validation 72
#66C2A5	31	1.7311487572907	31	sous-entraînement	50% validation 72
#66C2A5	32	1.58500202940349	32	sous-entraînement	50% validation 72
#66C2A5	33	1.63404796329373	33	sous-entraînement	50% validation 72
#FC8D62	34	1.5899002980795	34	validation	50% validation 72
#66C2A5	35	1.45757484645493	35	sous-entraînement	50% validation 72
#66C2A5	36	1.55378134580782	36	sous-entraînement	50% validation 72
#66C2A5	37	1.55585180676676	37	sous-entraînement	50% validation 72
#FC8D62	38	1.58934946246667	38	validation	50% validation 72
#66C2A5	39	1.70528333933618	39	sous-entraînement	50% validation 72
#66C2A5	40	1.67159837698355	40	sous-entraînement	50% validation 72
#66C2A5	41	0.313055412190002	41	sous-entraînement	50% validation 72
#FC8D62	42	0.30417160380171	42	validation	50% validation 72
#FC8D62	43	0.399204109355834	43	validation	50% validation 72
#FC8D62	44	0.385174091682726	44	validation	50% validation 72
#66C2A5	45	0.260632202360409	45	sous-entraînement	50% validation 72
#FC8D62	46	0.258758256119149	46	validation	50% validation 72
#FC8D62	47	0.365965968029044	47	validation	50% validation 72
#FC8D62	48	0.406361064266902	48	validation	50% validation 72
#FC8D62	49	0.318273150600338	49	validation	50% validation 72
#66C2A5	50	0.417618544460782	50	sous-entraînement	50% validation 72
#FC8D62	1	-0.689099191816566	1	validation	50% validation 12
#FC8D62	2	-0.608089478320124	2	validation	50% validation 12
#66C2A5	3	-0.710016671983337	3	sous-entraînement	50% validation 12
#FC8D62	4	-0.466925730528553	4	validation	50% validation 12
#FC8D62	5	-0.593503033560796	5	validation	50% validation 12
#66C2A5	6	-0.708500649154134	6	sous-entraînement	50% validation 12
#66C2A5	7	-0.577710905499484	7	sous-entraînement	50% validation 12
#FC8D62	8	-0.552621340229411	8	validation	50% validation 12
#66C2A5	9	-0.568875675576983	9	sous-entraînement	50% validation 12
#66C2A5	10	-0.656992649457968	10	sous-entraînement	50% validation 12
#66C2A5	11	0.334821441067167	11	sous-entraînement	50% validation 12
#FC8D62	12	0.222627647863225	12	validation	50% validation 12
#66C2A5	13	0.121519266167902	13	sous-entraînement	50% validation 12
#66C2A5	14	-0.0378266644956678	14	sous-entraînement	50% validation 12
#FC8D62	15	0.296136416036393	15	validation	50% validation 12
#66C2A5	16	0.179149963320559	16	sous-entraînement	50% validation 12
#66C2A5	17	0.182024297912188	17	sous-entraînement	50% validation 12
#66C2A5	18	0.278026945290612	18	sous-entraînement	50% validation 12
#FC8D62	19	0.265765443731891	19	validation	50% validation 12
#FC8D62	20	0.243033456343833	20	validation	50% validation 12
#66C2A5	21	-0.743730875249225	21	sous-entraînement	50% validation 12
#66C2A5	22	-0.757414982336941	22	sous-entraînement	50% validation 12
#FC8D62	23	-0.828172114073528	23	validation	50% validation 12
#66C2A5	24	-1.03456378199638	24	sous-entraînement	50% validation 12
#FC8D62	25	-0.773646037620576	25	validation	50% validation 12
#66C2A5	26	-0.841241486362947	26	sous-entraînement	50% validation 12
#66C2A5	27	-0.85120816308058	27	sous-entraînement	50% validation 12
#66C2A5	28	-0.982703850799975	28	sous-entraînement	50% validation 12
#FC8D62	29	-0.883443617920909	29	validation	50% validation 12
#FC8D62	30	-0.793834456390077	30	validation	50% validation 12
#FC8D62	31	1.7311487572907	31	validation	50% validation 12
#FC8D62	32	1.58500202940349	32	validation	50% validation 12
#FC8D62	33	1.63404796329373	33	validation	50% validation 12
#FC8D62	34	1.5899002980795	34	validation	50% validation 12
#66C2A5	35	1.45757484645493	35	sous-entraînement	50% validation 12
#66C2A5	36	1.55378134580782	36	sous-entraînement	50% validation 12
#FC8D62	37	1.55585180676676	37	validation	50% validation 12
#66C2A5	38	1.58934946246667	38	sous-entraînement	50% validation 12
#66C2A5	39	1.70528333933618	39	sous-entraînement	50% validation 12
#66C2A5	40	1.67159837698355	40	sous-entraînement	50% validation 12
#66C2A5	41	0.313055412190002	41	sous-entraînement	50% validation 12
#66C2A5	42	0.30417160380171	42	sous-entraînement	50% validation 12
#66C2A5	43	0.399204109355834	43	sous-entraînement	50% validation 12
#FC8D62	44	0.385174091682726	44	validation	50% validation 12
#FC8D62	45	0.260632202360409	45	validation	50% validation 12
#FC8D62	46	0.258758256119149	46	validation	50% validation 12
#FC8D62	47	0.365965968029044	47	validation	50% validation 12
#FC8D62	48	0.406361064266902	48	validation	50% validation 12
#FC8D62	49	0.318273150600338	49	validation	50% validation 12
#FC8D62	50	0.417618544460782	50	validation	50% validation 12
#66C2A5	1	-0.689099191816566	1	sous-entraînement	50% validation 34
#66C2A5	2	-0.608089478320124	2	sous-entraînement	50% validation 34
#FC8D62	3	-0.710016671983337	3	validation	50% validation 34
#66C2A5	4	-0.466925730528553	4	sous-entraînement	50% validation 34
#66C2A5	5	-0.593503033560796	5	sous-entraînement	50% validation 34
#FC8D62	6	-0.708500649154134	6	validation	50% validation 34
#66C2A5	7	-0.577710905499484	7	sous-entraînement	50% validation 34
#FC8D62	8	-0.552621340229411	8	validation	50% validation 34
#66C2A5	9	-0.568875675576983	9	sous-entraînement	50% validation 34
#66C2A5	10	-0.656992649457968	10	sous-entraînement	50% validation 34
#FC8D62	11	0.334821441067167	11	validation	50% validation 34
#66C2A5	12	0.222627647863225	12	sous-entraînement	50% validation 34
#66C2A5	13	0.121519266167902	13	sous-entraînement	50% validation 34
#66C2A5	14	-0.0378266644956678	14	sous-entraînement	50% validation 34
#66C2A5	15	0.296136416036393	15	sous-entraînement	50% validation 34
#FC8D62	16	0.179149963320559	16	validation	50% validation 34
#66C2A5	17	0.182024297912188	17	sous-entraînement	50% validation 34
#66C2A5	18	0.278026945290612	18	sous-entraînement	50% validation 34
#FC8D62	19	0.265765443731891	19	validation	50% validation 34
#FC8D62	20	0.243033456343833	20	validation	50% validation 34
#FC8D62	21	-0.743730875249225	21	validation	50% validation 34
#FC8D62	22	-0.757414982336941	22	validation	50% validation 34
#FC8D62	23	-0.828172114073528	23	validation	50% validation 34
#FC8D62	24	-1.03456378199638	24	validation	50% validation 34
#FC8D62	25	-0.773646037620576	25	validation	50% validation 34
#FC8D62	26	-0.841241486362947	26	validation	50% validation 34
#FC8D62	27	-0.85120816308058	27	validation	50% validation 34
#66C2A5	28	-0.982703850799975	28	sous-entraînement	50% validation 34
#66C2A5	29	-0.883443617920909	29	sous-entraînement	50% validation 34
#FC8D62	30	-0.793834456390077	30	validation	50% validation 34
#66C2A5	31	1.7311487572907	31	sous-entraînement	50% validation 34
#66C2A5	32	1.58500202940349	32	sous-entraînement	50% validation 34
#FC8D62	33	1.63404796329373	33	validation	50% validation 34
#66C2A5	34	1.5899002980795	34	sous-entraînement	50% validation 34
#66C2A5	35	1.45757484645493	35	sous-entraînement	50% validation 34
#66C2A5	36	1.55378134580782	36	sous-entraînement	50% validation 34
#66C2A5	37	1.55585180676676	37	sous-entraînement	50% validation 34
#FC8D62	38	1.58934946246667	38	validation	50% validation 34
#FC8D62	39	1.70528333933618	39	validation	50% validation 34
#66C2A5	40	1.67159837698355	40	sous-entraînement	50% validation 34
#66C2A5	41	0.313055412190002	41	sous-entraînement	50% validation 34
#66C2A5	42	0.30417160380171	42	sous-entraînement	50% validation 34
#66C2A5	43	0.399204109355834	43	sous-entraînement	50% validation 34
#FC8D62	44	0.385174091682726	44	validation	50% validation 34
#FC8D62	45	0.260632202360409	45	validation	50% validation 34
#FC8D62	46	0.258758256119149	46	validation	50% validation 34
#FC8D62	47	0.365965968029044	47	validation	50% validation 34
#FC8D62	48	0.406361064266902	48	validation	50% validation 34
#FC8D62	49	0.318273150600338	49	validation	50% validation 34
#FC8D62	50	0.417618544460782	50	validation	50% validation 34
#66C2A5	1	-0.689099191816566	1	sous-entraînement	50% validation 86
#FC8D62	2	-0.608089478320124	2	validation	50% validation 86
#FC8D62	3	-0.710016671983337	3	validation	50% validation 86
#FC8D62	4	-0.466925730528553	4	validation	50% validation 86
#66C2A5	5	-0.593503033560796	5	sous-entraînement	50% validation 86
#FC8D62	6	-0.708500649154134	6	validation	50% validation 86
#66C2A5	7	-0.577710905499484	7	sous-entraînement	50% validation 86
#FC8D62	8	-0.552621340229411	8	validation	50% validation 86
#66C2A5	9	-0.568875675576983	9	sous-entraînement	50% validation 86
#66C2A5	10	-0.656992649457968	10	sous-entraînement	50% validation 86
#FC8D62	11	0.334821441067167	11	validation	50% validation 86
#FC8D62	12	0.222627647863225	12	validation	50% validation 86
#FC8D62	13	0.121519266167902	13	validation	50% validation 86
#66C2A5	14	-0.0378266644956678	14	sous-entraînement	50% validation 86
#66C2A5	15	0.296136416036393	15	sous-entraînement	50% validation 86
#66C2A5	16	0.179149963320559	16	sous-entraînement	50% validation 86
#FC8D62	17	0.182024297912188	17	validation	50% validation 86
#FC8D62	18	0.278026945290612	18	validation	50% validation 86
#66C2A5	19	0.265765443731891	19	sous-entraînement	50% validation 86
#FC8D62	20	0.243033456343833	20	validation	50% validation 86
#FC8D62	21	-0.743730875249225	21	validation	50% validation 86
#66C2A5	22	-0.757414982336941	22	sous-entraînement	50% validation 86
#FC8D62	23	-0.828172114073528	23	validation	50% validation 86
#66C2A5	24	-1.03456378199638	24	sous-entraînement	50% validation 86
#66C2A5	25	-0.773646037620576	25	sous-entraînement	50% validation 86
#66C2A5	26	-0.841241486362947	26	sous-entraînement	50% validation 86
#FC8D62	27	-0.85120816308058	27	validation	50% validation 86
#FC8D62	28	-0.982703850799975	28	validation	50% validation 86
#FC8D62	29	-0.883443617920909	29	validation	50% validation 86
#66C2A5	30	-0.793834456390077	30	sous-entraînement	50% validation 86
#66C2A5	31	1.7311487572907	31	sous-entraînement	50% validation 86
#66C2A5	32	1.58500202940349	32	sous-entraînement	50% validation 86
#66C2A5	33	1.63404796329373	33	sous-entraînement	50% validation 86
#66C2A5	34	1.5899002980795	34	sous-entraînement	50% validation 86
#FC8D62	35	1.45757484645493	35	validation	50% validation 86
#FC8D62	36	1.55378134580782	36	validation	50% validation 86
#66C2A5	37	1.55585180676676	37	sous-entraînement	50% validation 86
#66C2A5	38	1.58934946246667	38	sous-entraînement	50% validation 86
#FC8D62	39	1.70528333933618	39	validation	50% validation 86
#66C2A5	40	1.67159837698355	40	sous-entraînement	50% validation 86
#FC8D62	41	0.313055412190002	41	validation	50% validation 86
#66C2A5	42	0.30417160380171	42	sous-entraînement	50% validation 86
#66C2A5	43	0.399204109355834	43	sous-entraînement	50% validation 86
#FC8D62	44	0.385174091682726	44	validation	50% validation 86
#FC8D62	45	0.260632202360409	45	validation	50% validation 86
#FC8D62	46	0.258758256119149	46	validation	50% validation 86
#66C2A5	47	0.365965968029044	47	sous-entraînement	50% validation 86
#FC8D62	48	0.406361064266902	48	validation	50% validation 86
#66C2A5	49	0.318273150600338	49	sous-entraînement	50% validation 86
#FC8D62	50	0.417618544460782	50	validation	50% validation 86
#66C2A5	1	-0.689099191816566	1	sous-entraînement	50% validation 35
#FC8D62	2	-0.608089478320124	2	validation	50% validation 35
#FC8D62	3	-0.710016671983337	3	validation	50% validation 35
#FC8D62	4	-0.466925730528553	4	validation	50% validation 35
#66C2A5	5	-0.593503033560796	5	sous-entraînement	50% validation 35
#66C2A5	6	-0.708500649154134	6	sous-entraînement	50% validation 35
#66C2A5	7	-0.577710905499484	7	sous-entraînement	50% validation 35
#66C2A5	8	-0.552621340229411	8	sous-entraînement	50% validation 35
#66C2A5	9	-0.568875675576983	9	sous-entraînement	50% validation 35
#FC8D62	10	-0.656992649457968	10	validation	50% validation 35
#66C2A5	11	0.334821441067167	11	sous-entraînement	50% validation 35
#FC8D62	12	0.222627647863225	12	validation	50% validation 35
#66C2A5	13	0.121519266167902	13	sous-entraînement	50% validation 35
#FC8D62	14	-0.0378266644956678	14	validation	50% validation 35
#FC8D62	15	0.296136416036393	15	validation	50% validation 35
#66C2A5	16	0.179149963320559	16	sous-entraînement	50% validation 35
#66C2A5	17	0.182024297912188	17	sous-entraînement	50% validation 35
#66C2A5	18	0.278026945290612	18	sous-entraînement	50% validation 35
#66C2A5	19	0.265765443731891	19	sous-entraînement	50% validation 35
#66C2A5	20	0.243033456343833	20	sous-entraînement	50% validation 35
#66C2A5	21	-0.743730875249225	21	sous-entraînement	50% validation 35
#FC8D62	22	-0.757414982336941	22	validation	50% validation 35
#FC8D62	23	-0.828172114073528	23	validation	50% validation 35
#FC8D62	24	-1.03456378199638	24	validation	50% validation 35
#FC8D62	25	-0.773646037620576	25	validation	50% validation 35
#66C2A5	26	-0.841241486362947	26	sous-entraînement	50% validation 35
#66C2A5	27	-0.85120816308058	27	sous-entraînement	50% validation 35
#FC8D62	28	-0.982703850799975	28	validation	50% validation 35
#FC8D62	29	-0.883443617920909	29	validation	50% validation 35
#FC8D62	30	-0.793834456390077	30	validation	50% validation 35
#66C2A5	31	1.7311487572907	31	sous-entraînement	50% validation 35
#FC8D62	32	1.58500202940349	32	validation	50% validation 35
#66C2A5	33	1.63404796329373	33	sous-entraînement	50% validation 35
#FC8D62	34	1.5899002980795	34	validation	50% validation 35
#66C2A5	35	1.45757484645493	35	sous-entraînement	50% validation 35
#66C2A5	36	1.55378134580782	36	sous-entraînement	50% validation 35
#66C2A5	37	1.55585180676676	37	sous-entraînement	50% validation 35
#66C2A5	38	1.58934946246667	38	sous-entraînement	50% validation 35
#FC8D62	39	1.70528333933618	39	validation	50% validation 35
#66C2A5	40	1.67159837698355	40	sous-entraînement	50% validation 35
#FC8D62	41	0.313055412190002	41	validation	50% validation 35
#FC8D62	42	0.30417160380171	42	validation	50% validation 35
#FC8D62	43	0.399204109355834	43	validation	50% validation 35
#66C2A5	44	0.385174091682726	44	sous-entraînement	50% validation 35
#66C2A5	45	0.260632202360409	45	sous-entraînement	50% validation 35
#FC8D62	46	0.258758256119149	46	validation	50% validation 35
#FC8D62	47	0.365965968029044	47	validation	50% validation 35
#FC8D62	48	0.406361064266902	48	validation	50% validation 35
#FC8D62	49	0.318273150600338	49	validation	50% validation 35
#FC8D62	50	0.417618544460782	50	validation	50% validation 35
#66C2A5	1	-0.689099191816566	1	sous-entraînement	50% validation 36
#FC8D62	2	-0.608089478320124	2	validation	50% validation 36
#66C2A5	3	-0.710016671983337	3	sous-entraînement	50% validation 36
#66C2A5	4	-0.466925730528553	4	sous-entraînement	50% validation 36
#FC8D62	5	-0.593503033560796	5	validation	50% validation 36
#FC8D62	6	-0.708500649154134	6	validation	50% validation 36
#FC8D62	7	-0.577710905499484	7	validation	50% validation 36
#66C2A5	8	-0.552621340229411	8	sous-entraînement	50% validation 36
#66C2A5	9	-0.568875675576983	9	sous-entraînement	50% validation 36
#FC8D62	10	-0.656992649457968	10	validation	50% validation 36
#FC8D62	11	0.334821441067167	11	validation	50% validation 36
#66C2A5	12	0.222627647863225	12	sous-entraînement	50% validation 36
#FC8D62	13	0.121519266167902	13	validation	50% validation 36
#FC8D62	14	-0.0378266644956678	14	validation	50% validation 36
#FC8D62	15	0.296136416036393	15	validation	50% validation 36
#66C2A5	16	0.179149963320559	16	sous-entraînement	50% validation 36
#66C2A5	17	0.182024297912188	17	sous-entraînement	50% validation 36
#66C2A5	18	0.278026945290612	18	sous-entraînement	50% validation 36
#66C2A5	19	0.265765443731891	19	sous-entraînement	50% validation 36
#FC8D62	20	0.243033456343833	20	validation	50% validation 36
#FC8D62	21	-0.743730875249225	21	validation	50% validation 36
#66C2A5	22	-0.757414982336941	22	sous-entraînement	50% validation 36
#66C2A5	23	-0.828172114073528	23	sous-entraînement	50% validation 36
#66C2A5	24	-1.03456378199638	24	sous-entraînement	50% validation 36
#66C2A5	25	-0.773646037620576	25	sous-entraînement	50% validation 36
#66C2A5	26	-0.841241486362947	26	sous-entraînement	50% validation 36
#66C2A5	27	-0.85120816308058	27	sous-entraînement	50% validation 36
#66C2A5	28	-0.982703850799975	28	sous-entraînement	50% validation 36
#FC8D62	29	-0.883443617920909	29	validation	50% validation 36
#FC8D62	30	-0.793834456390077	30	validation	50% validation 36
#66C2A5	31	1.7311487572907	31	sous-entraînement	50% validation 36
#FC8D62	32	1.58500202940349	32	validation	50% validation 36
#66C2A5	33	1.63404796329373	33	sous-entraînement	50% validation 36
#FC8D62	34	1.5899002980795	34	validation	50% validation 36
#66C2A5	35	1.45757484645493	35	sous-entraînement	50% validation 36
#FC8D62	36	1.55378134580782	36	validation	50% validation 36
#FC8D62	37	1.55585180676676	37	validation	50% validation 36
#FC8D62	38	1.58934946246667	38	validation	50% validation 36
#66C2A5	39	1.70528333933618	39	sous-entraînement	50% validation 36
#FC8D62	40	1.67159837698355	40	validation	50% validation 36
#FC8D62	41	0.313055412190002	41	validation	50% validation 36
#66C2A5	42	0.30417160380171	42	sous-entraînement	50% validation 36
#66C2A5	43	0.399204109355834	43	sous-entraînement	50% validation 36
#66C2A5	44	0.385174091682726	44	sous-entraînement	50% validation 36
#FC8D62	45	0.260632202360409	45	validation	50% validation 36
#FC8D62	46	0.258758256119149	46	validation	50% validation 36
#FC8D62	47	0.365965968029044	47	validation	50% validation 36
#FC8D62	48	0.406361064266902	48	validation	50% validation 36
#FC8D62	49	0.318273150600338	49	validation	50% validation 36
#66C2A5	50	0.417618544460782	50	sous-entraînement	50% validation 36
#FC8D62	1	-0.689099191816566	1	validation	50% validation 37
#FC8D62	2	-0.608089478320124	2	validation	50% validation 37
#66C2A5	3	-0.710016671983337	3	sous-entraînement	50% validation 37
#FC8D62	4	-0.466925730528553	4	validation	50% validation 37
#FC8D62	5	-0.593503033560796	5	validation	50% validation 37
#FC8D62	6	-0.708500649154134	6	validation	50% validation 37
#FC8D62	7	-0.577710905499484	7	validation	50% validation 37
#66C2A5	8	-0.552621340229411	8	sous-entraînement	50% validation 37
#FC8D62	9	-0.568875675576983	9	validation	50% validation 37
#FC8D62	10	-0.656992649457968	10	validation	50% validation 37
#FC8D62	11	0.334821441067167	11	validation	50% validation 37
#66C2A5	12	0.222627647863225	12	sous-entraînement	50% validation 37
#66C2A5	13	0.121519266167902	13	sous-entraînement	50% validation 37
#66C2A5	14	-0.0378266644956678	14	sous-entraînement	50% validation 37
#66C2A5	15	0.296136416036393	15	sous-entraînement	50% validation 37
#66C2A5	16	0.179149963320559	16	sous-entraînement	50% validation 37
#66C2A5	17	0.182024297912188	17	sous-entraînement	50% validation 37
#66C2A5	18	0.278026945290612	18	sous-entraînement	50% validation 37
#66C2A5	19	0.265765443731891	19	sous-entraînement	50% validation 37
#FC8D62	20	0.243033456343833	20	validation	50% validation 37
#FC8D62	21	-0.743730875249225	21	validation	50% validation 37
#FC8D62	22	-0.757414982336941	22	validation	50% validation 37
#66C2A5	23	-0.828172114073528	23	sous-entraînement	50% validation 37
#66C2A5	24	-1.03456378199638	24	sous-entraînement	50% validation 37
#FC8D62	25	-0.773646037620576	25	validation	50% validation 37
#66C2A5	26	-0.841241486362947	26	sous-entraînement	50% validation 37
#FC8D62	27	-0.85120816308058	27	validation	50% validation 37
#FC8D62	28	-0.982703850799975	28	validation	50% validation 37
#FC8D62	29	-0.883443617920909	29	validation	50% validation 37
#66C2A5	30	-0.793834456390077	30	sous-entraînement	50% validation 37
#66C2A5	31	1.7311487572907	31	sous-entraînement	50% validation 37
#66C2A5	32	1.58500202940349	32	sous-entraînement	50% validation 37
#66C2A5	33	1.63404796329373	33	sous-entraînement	50% validation 37
#FC8D62	34	1.5899002980795	34	validation	50% validation 37
#FC8D62	35	1.45757484645493	35	validation	50% validation 37
#FC8D62	36	1.55378134580782	36	validation	50% validation 37
#FC8D62	37	1.55585180676676	37	validation	50% validation 37
#66C2A5	38	1.58934946246667	38	sous-entraînement	50% validation 37
#FC8D62	39	1.70528333933618	39	validation	50% validation 37
#66C2A5	40	1.67159837698355	40	sous-entraînement	50% validation 37
#FC8D62	41	0.313055412190002	41	validation	50% validation 37
#66C2A5	42	0.30417160380171	42	sous-entraînement	50% validation 37
#FC8D62	43	0.399204109355834	43	validation	50% validation 37
#FC8D62	44	0.385174091682726	44	validation	50% validation 37
#FC8D62	45	0.260632202360409	45	validation	50% validation 37
#66C2A5	46	0.258758256119149	46	sous-entraînement	50% validation 37
#66C2A5	47	0.365965968029044	47	sous-entraînement	50% validation 37
#66C2A5	48	0.406361064266902	48	sous-entraînement	50% validation 37
#66C2A5	49	0.318273150600338	49	sous-entraînement	50% validation 37
#66C2A5	50	0.417618544460782	50	sous-entraînement	50% validation 37
#66C2A5	1	-0.689099191816566	1	sous-entraînement	50% validation 38
#66C2A5	2	-0.608089478320124	2	sous-entraînement	50% validation 38
#66C2A5	3	-0.710016671983337	3	sous-entraînement	50% validation 38
#FC8D62	4	-0.466925730528553	4	validation	50% validation 38
#66C2A5	5	-0.593503033560796	5	sous-entraînement	50% validation 38
#FC8D62	6	-0.708500649154134	6	validation	50% validation 38
#FC8D62	7	-0.577710905499484	7	validation	50% validation 38
#FC8D62	8	-0.552621340229411	8	validation	50% validation 38
#FC8D62	9	-0.568875675576983	9	validation	50% validation 38
#FC8D62	10	-0.656992649457968	10	validation	50% validation 38
#66C2A5	11	0.334821441067167	11	sous-entraînement	50% validation 38
#FC8D62	12	0.222627647863225	12	validation	50% validation 38
#FC8D62	13	0.121519266167902	13	validation	50% validation 38
#FC8D62	14	-0.0378266644956678	14	validation	50% validation 38
#66C2A5	15	0.296136416036393	15	sous-entraînement	50% validation 38
#FC8D62	16	0.179149963320559	16	validation	50% validation 38
#66C2A5	17	0.182024297912188	17	sous-entraînement	50% validation 38
#FC8D62	18	0.278026945290612	18	validation	50% validation 38
#FC8D62	19	0.265765443731891	19	validation	50% validation 38
#66C2A5	20	0.243033456343833	20	sous-entraînement	50% validation 38
#66C2A5	21	-0.743730875249225	21	sous-entraînement	50% validation 38
#66C2A5	22	-0.757414982336941	22	sous-entraînement	50% validation 38
#FC8D62	23	-0.828172114073528	23	validation	50% validation 38
#FC8D62	24	-1.03456378199638	24	validation	50% validation 38
#FC8D62	25	-0.773646037620576	25	validation	50% validation 38
#FC8D62	26	-0.841241486362947	26	validation	50% validation 38
#FC8D62	27	-0.85120816308058	27	validation	50% validation 38
#66C2A5	28	-0.982703850799975	28	sous-entraînement	50% validation 38
#66C2A5	29	-0.883443617920909	29	sous-entraînement	50% validation 38
#66C2A5	30	-0.793834456390077	30	sous-entraînement	50% validation 38
#66C2A5	31	1.7311487572907	31	sous-entraînement	50% validation 38
#FC8D62	32	1.58500202940349	32	validation	50% validation 38
#FC8D62	33	1.63404796329373	33	validation	50% validation 38
#66C2A5	34	1.5899002980795	34	sous-entraînement	50% validation 38
#66C2A5	35	1.45757484645493	35	sous-entraînement	50% validation 38
#66C2A5	36	1.55378134580782	36	sous-entraînement	50% validation 38
#66C2A5	37	1.55585180676676	37	sous-entraînement	50% validation 38
#66C2A5	38	1.58934946246667	38	sous-entraînement	50% validation 38
#FC8D62	39	1.70528333933618	39	validation	50% validation 38
#FC8D62	40	1.67159837698355	40	validation	50% validation 38
#66C2A5	41	0.313055412190002	41	sous-entraînement	50% validation 38
#66C2A5	42	0.30417160380171	42	sous-entraînement	50% validation 38
#66C2A5	43	0.399204109355834	43	sous-entraînement	50% validation 38
#66C2A5	44	0.385174091682726	44	sous-entraînement	50% validation 38
#FC8D62	45	0.260632202360409	45	validation	50% validation 38
#FC8D62	46	0.258758256119149	46	validation	50% validation 38
#FC8D62	47	0.365965968029044	47	validation	50% validation 38
#FC8D62	48	0.406361064266902	48	validation	50% validation 38
#66C2A5	49	0.318273150600338	49	sous-entraînement	50% validation 38
#66C2A5	50	0.417618544460782	50	sous-entraînement	50% validation 38
#FC8D62	1	-0.689099191816566	1	validation	50% validation 59
#66C2A5	2	-0.608089478320124	2	sous-entraînement	50% validation 59
#66C2A5	3	-0.710016671983337	3	sous-entraînement	50% validation 59
#66C2A5	4	-0.466925730528553	4	sous-entraînement	50% validation 59
#FC8D62	5	-0.593503033560796	5	validation	50% validation 59
#FC8D62	6	-0.708500649154134	6	validation	50% validation 59
#FC8D62	7	-0.577710905499484	7	validation	50% validation 59
#FC8D62	8	-0.552621340229411	8	validation	50% validation 59
#FC8D62	9	-0.568875675576983	9	validation	50% validation 59
#FC8D62	10	-0.656992649457968	10	validation	50% validation 59
#FC8D62	11	0.334821441067167	11	validation	50% validation 59
#FC8D62	12	0.222627647863225	12	validation	50% validation 59
#66C2A5	13	0.121519266167902	13	sous-entraînement	50% validation 59
#66C2A5	14	-0.0378266644956678	14	sous-entraînement	50% validation 59
#66C2A5	15	0.296136416036393	15	sous-entraînement	50% validation 59
#FC8D62	16	0.179149963320559	16	validation	50% validation 59
#66C2A5	17	0.182024297912188	17	sous-entraînement	50% validation 59
#66C2A5	18	0.278026945290612	18	sous-entraînement	50% validation 59
#FC8D62	19	0.265765443731891	19	validation	50% validation 59
#FC8D62	20	0.243033456343833	20	validation	50% validation 59
#FC8D62	21	-0.743730875249225	21	validation	50% validation 59
#66C2A5	22	-0.757414982336941	22	sous-entraînement	50% validation 59
#66C2A5	23	-0.828172114073528	23	sous-entraînement	50% validation 59
#66C2A5	24	-1.03456378199638	24	sous-entraînement	50% validation 59
#66C2A5	25	-0.773646037620576	25	sous-entraînement	50% validation 59
#66C2A5	26	-0.841241486362947	26	sous-entraînement	50% validation 59
#FC8D62	27	-0.85120816308058	27	validation	50% validation 59
#FC8D62	28	-0.982703850799975	28	validation	50% validation 59
#FC8D62	29	-0.883443617920909	29	validation	50% validation 59
#FC8D62	30	-0.793834456390077	30	validation	50% validation 59
#FC8D62	31	1.7311487572907	31	validation	50% validation 59
#66C2A5	32	1.58500202940349	32	sous-entraînement	50% validation 59
#66C2A5	33	1.63404796329373	33	sous-entraînement	50% validation 59
#66C2A5	34	1.5899002980795	34	sous-entraînement	50% validation 59
#66C2A5	35	1.45757484645493	35	sous-entraînement	50% validation 59
#66C2A5	36	1.55378134580782	36	sous-entraînement	50% validation 59
#FC8D62	37	1.55585180676676	37	validation	50% validation 59
#66C2A5	38	1.58934946246667	38	sous-entraînement	50% validation 59
#66C2A5	39	1.70528333933618	39	sous-entraînement	50% validation 59
#66C2A5	40	1.67159837698355	40	sous-entraînement	50% validation 59
#FC8D62	41	0.313055412190002	41	validation	50% validation 59
#66C2A5	42	0.30417160380171	42	sous-entraînement	50% validation 59
#66C2A5	43	0.399204109355834	43	sous-entraînement	50% validation 59
#66C2A5	44	0.385174091682726	44	sous-entraînement	50% validation 59
#FC8D62	45	0.260632202360409	45	validation	50% validation 59
#FC8D62	46	0.258758256119149	46	validation	50% validation 59
#66C2A5	47	0.365965968029044	47	sous-entraînement	50% validation 59
#FC8D62	48	0.406361064266902	48	validation	50% validation 59
#FC8D62	49	0.318273150600338	49	validation	50% validation 59
#FC8D62	50	0.417618544460782	50	validation	50% validation 59
#FC8D62	1	-0.689099191816566	1	validation	50% validation 60
#FC8D62	2	-0.608089478320124	2	validation	50% validation 60
#66C2A5	3	-0.710016671983337	3	sous-entraînement	50% validation 60
#66C2A5	4	-0.466925730528553	4	sous-entraînement	50% validation 60
#66C2A5	5	-0.593503033560796	5	sous-entraînement	50% validation 60
#66C2A5	6	-0.708500649154134	6	sous-entraînement	50% validation 60
#FC8D62	7	-0.577710905499484	7	validation	50% validation 60
#FC8D62	8	-0.552621340229411	8	validation	50% validation 60
#66C2A5	9	-0.568875675576983	9	sous-entraînement	50% validation 60
#66C2A5	10	-0.656992649457968	10	sous-entraînement	50% validation 60
#FC8D62	11	0.334821441067167	11	validation	50% validation 60
#66C2A5	12	0.222627647863225	12	sous-entraînement	50% validation 60
#66C2A5	13	0.121519266167902	13	sous-entraînement	50% validation 60
#FC8D62	14	-0.0378266644956678	14	validation	50% validation 60
#FC8D62	15	0.296136416036393	15	validation	50% validation 60
#FC8D62	16	0.179149963320559	16	validation	50% validation 60
#66C2A5	17	0.182024297912188	17	sous-entraînement	50% validation 60
#FC8D62	18	0.278026945290612	18	validation	50% validation 60
#66C2A5	19	0.265765443731891	19	sous-entraînement	50% validation 60
#FC8D62	20	0.243033456343833	20	validation	50% validation 60
#FC8D62	21	-0.743730875249225	21	validation	50% validation 60
#66C2A5	22	-0.757414982336941	22	sous-entraînement	50% validation 60
#FC8D62	23	-0.828172114073528	23	validation	50% validation 60
#66C2A5	24	-1.03456378199638	24	sous-entraînement	50% validation 60
#FC8D62	25	-0.773646037620576	25	validation	50% validation 60
#66C2A5	26	-0.841241486362947	26	sous-entraînement	50% validation 60
#66C2A5	27	-0.85120816308058	27	sous-entraînement	50% validation 60
#FC8D62	28	-0.982703850799975	28	validation	50% validation 60
#FC8D62	29	-0.883443617920909	29	validation	50% validation 60
#FC8D62	30	-0.793834456390077	30	validation	50% validation 60
#66C2A5	31	1.7311487572907	31	sous-entraînement	50% validation 60
#66C2A5	32	1.58500202940349	32	sous-entraînement	50% validation 60
#FC8D62	33	1.63404796329373	33	validation	50% validation 60
#66C2A5	34	1.5899002980795	34	sous-entraînement	50% validation 60
#FC8D62	35	1.45757484645493	35	validation	50% validation 60
#FC8D62	36	1.55378134580782	36	validation	50% validation 60
#66C2A5	37	1.55585180676676	37	sous-entraînement	50% validation 60
#66C2A5	38	1.58934946246667	38	sous-entraînement	50% validation 60
#66C2A5	39	1.70528333933618	39	sous-entraînement	50% validation 60
#FC8D62	40	1.67159837698355	40	validation	50% validation 60
#FC8D62	41	0.313055412190002	41	validation	50% validation 60
#FC8D62	42	0.30417160380171	42	validation	50% validation 60
#FC8D62	43	0.399204109355834	43	validation	50% validation 60
#66C2A5	44	0.385174091682726	44	sous-entraînement	50% validation 60
#FC8D62	45	0.260632202360409	45	validation	50% validation 60
#66C2A5	46	0.258758256119149	46	sous-entraînement	50% validation 60
#66C2A5	47	0.365965968029044	47	sous-entraînement	50% validation 60
#FC8D62	48	0.406361064266902	48	validation	50% validation 60
#66C2A5	49	0.318273150600338	49	sous-entraînement	50% validation 60
#66C2A5	50	0.417618544460782	50	sous-entraînement	50% validation 60
#66C2A5	1	-0.689099191816566	1	sous-entraînement	50% validation 39
#66C2A5	2	-0.608089478320124	2	sous-entraînement	50% validation 39
#66C2A5	3	-0.710016671983337	3	sous-entraînement	50% validation 39
#66C2A5	4	-0.466925730528553	4	sous-entraînement	50% validation 39
#66C2A5	5	-0.593503033560796	5	sous-entraînement	50% validation 39
#66C2A5	6	-0.708500649154134	6	sous-entraînement	50% validation 39
#FC8D62	7	-0.577710905499484	7	validation	50% validation 39
#66C2A5	8	-0.552621340229411	8	sous-entraînement	50% validation 39
#FC8D62	9	-0.568875675576983	9	validation	50% validation 39
#66C2A5	10	-0.656992649457968	10	sous-entraînement	50% validation 39
#FC8D62	11	0.334821441067167	11	validation	50% validation 39
#FC8D62	12	0.222627647863225	12	validation	50% validation 39
#66C2A5	13	0.121519266167902	13	sous-entraînement	50% validation 39
#66C2A5	14	-0.0378266644956678	14	sous-entraînement	50% validation 39
#FC8D62	15	0.296136416036393	15	validation	50% validation 39
#66C2A5	16	0.179149963320559	16	sous-entraînement	50% validation 39
#66C2A5	17	0.182024297912188	17	sous-entraînement	50% validation 39
#FC8D62	18	0.278026945290612	18	validation	50% validation 39
#66C2A5	19	0.265765443731891	19	sous-entraînement	50% validation 39
#FC8D62	20	0.243033456343833	20	validation	50% validation 39
#FC8D62	21	-0.743730875249225	21	validation	50% validation 39
#FC8D62	22	-0.757414982336941	22	validation	50% validation 39
#FC8D62	23	-0.828172114073528	23	validation	50% validation 39
#66C2A5	24	-1.03456378199638	24	sous-entraînement	50% validation 39
#66C2A5	25	-0.773646037620576	25	sous-entraînement	50% validation 39
#66C2A5	26	-0.841241486362947	26	sous-entraînement	50% validation 39
#FC8D62	27	-0.85120816308058	27	validation	50% validation 39
#66C2A5	28	-0.982703850799975	28	sous-entraînement	50% validation 39
#FC8D62	29	-0.883443617920909	29	validation	50% validation 39
#FC8D62	30	-0.793834456390077	30	validation	50% validation 39
#FC8D62	31	1.7311487572907	31	validation	50% validation 39
#66C2A5	32	1.58500202940349	32	sous-entraînement	50% validation 39
#66C2A5	33	1.63404796329373	33	sous-entraînement	50% validation 39
#66C2A5	34	1.5899002980795	34	sous-entraînement	50% validation 39
#FC8D62	35	1.45757484645493	35	validation	50% validation 39
#66C2A5	36	1.55378134580782	36	sous-entraînement	50% validation 39
#FC8D62	37	1.55585180676676	37	validation	50% validation 39
#66C2A5	38	1.58934946246667	38	sous-entraînement	50% validation 39
#FC8D62	39	1.70528333933618	39	validation	50% validation 39
#FC8D62	40	1.67159837698355	40	validation	50% validation 39
#FC8D62	41	0.313055412190002	41	validation	50% validation 39
#FC8D62	42	0.30417160380171	42	validation	50% validation 39
#FC8D62	43	0.399204109355834	43	validation	50% validation 39
#FC8D62	44	0.385174091682726	44	validation	50% validation 39
#FC8D62	45	0.260632202360409	45	validation	50% validation 39
#FC8D62	46	0.258758256119149	46	validation	50% validation 39
#66C2A5	47	0.365965968029044	47	sous-entraînement	50% validation 39
#66C2A5	48	0.406361064266902	48	sous-entraînement	50% validation 39
#FC8D62	49	0.318273150600338	49	validation	50% validation 39
#66C2A5	50	0.417618544460782	50	sous-entraînement	50% validation 39
#66C2A5	1	-0.689099191816566	1	sous-entraînement	50% validation 40
#FC8D62	2	-0.608089478320124	2	validation	50% validation 40
#FC8D62	3	-0.710016671983337	3	validation	50% validation 40
#FC8D62	4	-0.466925730528553	4	validation	50% validation 40
#66C2A5	5	-0.593503033560796	5	sous-entraînement	50% validation 40
#66C2A5	6	-0.708500649154134	6	sous-entraînement	50% validation 40
#66C2A5	7	-0.577710905499484	7	sous-entraînement	50% validation 40
#66C2A5	8	-0.552621340229411	8	sous-entraînement	50% validation 40
#66C2A5	9	-0.568875675576983	9	sous-entraînement	50% validation 40
#66C2A5	10	-0.656992649457968	10	sous-entraînement	50% validation 40
#66C2A5	11	0.334821441067167	11	sous-entraînement	50% validation 40
#FC8D62	12	0.222627647863225	12	validation	50% validation 40
#FC8D62	13	0.121519266167902	13	validation	50% validation 40
#66C2A5	14	-0.0378266644956678	14	sous-entraînement	50% validation 40
#FC8D62	15	0.296136416036393	15	validation	50% validation 40
#FC8D62	16	0.179149963320559	16	validation	50% validation 40
#66C2A5	17	0.182024297912188	17	sous-entraînement	50% validation 40
#66C2A5	18	0.278026945290612	18	sous-entraînement	50% validation 40
#FC8D62	19	0.265765443731891	19	validation	50% validation 40
#66C2A5	20	0.243033456343833	20	sous-entraînement	50% validation 40
#66C2A5	21	-0.743730875249225	21	sous-entraînement	50% validation 40
#FC8D62	22	-0.757414982336941	22	validation	50% validation 40
#FC8D62	23	-0.828172114073528	23	validation	50% validation 40
#FC8D62	24	-1.03456378199638	24	validation	50% validation 40
#FC8D62	25	-0.773646037620576	25	validation	50% validation 40
#FC8D62	26	-0.841241486362947	26	validation	50% validation 40
#66C2A5	27	-0.85120816308058	27	sous-entraînement	50% validation 40
#FC8D62	28	-0.982703850799975	28	validation	50% validation 40
#FC8D62	29	-0.883443617920909	29	validation	50% validation 40
#FC8D62	30	-0.793834456390077	30	validation	50% validation 40
#66C2A5	31	1.7311487572907	31	sous-entraînement	50% validation 40
#FC8D62	32	1.58500202940349	32	validation	50% validation 40
#66C2A5	33	1.63404796329373	33	sous-entraînement	50% validation 40
#66C2A5	34	1.5899002980795	34	sous-entraînement	50% validation 40
#66C2A5	35	1.45757484645493	35	sous-entraînement	50% validation 40
#66C2A5	36	1.55378134580782	36	sous-entraînement	50% validation 40
#FC8D62	37	1.55585180676676	37	validation	50% validation 40
#FC8D62	38	1.58934946246667	38	validation	50% validation 40
#66C2A5	39	1.70528333933618	39	sous-entraînement	50% validation 40
#FC8D62	40	1.67159837698355	40	validation	50% validation 40
#66C2A5	41	0.313055412190002	41	sous-entraînement	50% validation 40
#66C2A5	42	0.30417160380171	42	sous-entraînement	50% validation 40
#FC8D62	43	0.399204109355834	43	validation	50% validation 40
#FC8D62	44	0.385174091682726	44	validation	50% validation 40
#FC8D62	45	0.260632202360409	45	validation	50% validation 40
#66C2A5	46	0.258758256119149	46	sous-entraînement	50% validation 40
#FC8D62	47	0.365965968029044	47	validation	50% validation 40
#66C2A5	48	0.406361064266902	48	sous-entraînement	50% validation 40
#66C2A5	49	0.318273150600338	49	sous-entraînement	50% validation 40
#FC8D62	50	0.417618544460782	50	validation	50% validation 40
#FC8D62	1	-0.689099191816566	1	validation	50% validation 41
#66C2A5	2	-0.608089478320124	2	sous-entraînement	50% validation 41
#66C2A5	3	-0.710016671983337	3	sous-entraînement	50% validation 41
#FC8D62	4	-0.466925730528553	4	validation	50% validation 41
#FC8D62	5	-0.593503033560796	5	validation	50% validation 41
#FC8D62	6	-0.708500649154134	6	validation	50% validation 41
#FC8D62	7	-0.577710905499484	7	validation	50% validation 41
#FC8D62	8	-0.552621340229411	8	validation	50% validation 41
#66C2A5	9	-0.568875675576983	9	sous-entraînement	50% validation 41
#66C2A5	10	-0.656992649457968	10	sous-entraînement	50% validation 41
#FC8D62	11	0.334821441067167	11	validation	50% validation 41
#FC8D62	12	0.222627647863225	12	validation	50% validation 41
#66C2A5	13	0.121519266167902	13	sous-entraînement	50% validation 41
#66C2A5	14	-0.0378266644956678	14	sous-entraînement	50% validation 41
#FC8D62	15	0.296136416036393	15	validation	50% validation 41
#FC8D62	16	0.179149963320559	16	validation	50% validation 41
#FC8D62	17	0.182024297912188	17	validation	50% validation 41
#66C2A5	18	0.278026945290612	18	sous-entraînement	50% validation 41
#66C2A5	19	0.265765443731891	19	sous-entraînement	50% validation 41
#66C2A5	20	0.243033456343833	20	sous-entraînement	50% validation 41
#FC8D62	21	-0.743730875249225	21	validation	50% validation 41
#66C2A5	22	-0.757414982336941	22	sous-entraînement	50% validation 41
#66C2A5	23	-0.828172114073528	23	sous-entraînement	50% validation 41
#66C2A5	24	-1.03456378199638	24	sous-entraînement	50% validation 41
#FC8D62	25	-0.773646037620576	25	validation	50% validation 41
#66C2A5	26	-0.841241486362947	26	sous-entraînement	50% validation 41
#66C2A5	27	-0.85120816308058	27	sous-entraînement	50% validation 41
#FC8D62	28	-0.982703850799975	28	validation	50% validation 41
#66C2A5	29	-0.883443617920909	29	sous-entraînement	50% validation 41
#FC8D62	30	-0.793834456390077	30	validation	50% validation 41
#FC8D62	31	1.7311487572907	31	validation	50% validation 41
#66C2A5	32	1.58500202940349	32	sous-entraînement	50% validation 41
#FC8D62	33	1.63404796329373	33	validation	50% validation 41
#66C2A5	34	1.5899002980795	34	sous-entraînement	50% validation 41
#FC8D62	35	1.45757484645493	35	validation	50% validation 41
#FC8D62	36	1.55378134580782	36	validation	50% validation 41
#FC8D62	37	1.55585180676676	37	validation	50% validation 41
#FC8D62	38	1.58934946246667	38	validation	50% validation 41
#FC8D62	39	1.70528333933618	39	validation	50% validation 41
#66C2A5	40	1.67159837698355	40	sous-entraînement	50% validation 41
#66C2A5	41	0.313055412190002	41	sous-entraînement	50% validation 41
#66C2A5	42	0.30417160380171	42	sous-entraînement	50% validation 41
#FC8D62	43	0.399204109355834	43	validation	50% validation 41
#66C2A5	44	0.385174091682726	44	sous-entraînement	50% validation 41
#FC8D62	45	0.260632202360409	45	validation	50% validation 41
#66C2A5	46	0.258758256119149	46	sous-entraînement	50% validation 41
#FC8D62	47	0.365965968029044	47	validation	50% validation 41
#66C2A5	48	0.406361064266902	48	sous-entraînement	50% validation 41
#66C2A5	49	0.318273150600338	49	sous-entraînement	50% validation 41
#66C2A5	50	0.417618544460782	50	sous-entraînement	50% validation 41
#FC8D62	1	-0.689099191816566	1	validation	50% validation 92
#FC8D62	2	-0.608089478320124	2	validation	50% validation 92
#66C2A5	3	-0.710016671983337	3	sous-entraînement	50% validation 92
#FC8D62	4	-0.466925730528553	4	validation	50% validation 92
#66C2A5	5	-0.593503033560796	5	sous-entraînement	50% validation 92
#66C2A5	6	-0.708500649154134	6	sous-entraînement	50% validation 92
#FC8D62	7	-0.577710905499484	7	validation	50% validation 92
#66C2A5	8	-0.552621340229411	8	sous-entraînement	50% validation 92
#FC8D62	9	-0.568875675576983	9	validation	50% validation 92
#66C2A5	10	-0.656992649457968	10	sous-entraînement	50% validation 92
#FC8D62	11	0.334821441067167	11	validation	50% validation 92
#66C2A5	12	0.222627647863225	12	sous-entraînement	50% validation 92
#66C2A5	13	0.121519266167902	13	sous-entraînement	50% validation 92
#FC8D62	14	-0.0378266644956678	14	validation	50% validation 92
#66C2A5	15	0.296136416036393	15	sous-entraînement	50% validation 92
#66C2A5	16	0.179149963320559	16	sous-entraînement	50% validation 92
#66C2A5	17	0.182024297912188	17	sous-entraînement	50% validation 92
#FC8D62	18	0.278026945290612	18	validation	50% validation 92
#FC8D62	19	0.265765443731891	19	validation	50% validation 92
#66C2A5	20	0.243033456343833	20	sous-entraînement	50% validation 92
#66C2A5	21	-0.743730875249225	21	sous-entraînement	50% validation 92
#FC8D62	22	-0.757414982336941	22	validation	50% validation 92
#66C2A5	23	-0.828172114073528	23	sous-entraînement	50% validation 92
#66C2A5	24	-1.03456378199638	24	sous-entraînement	50% validation 92
#FC8D62	25	-0.773646037620576	25	validation	50% validation 92
#66C2A5	26	-0.841241486362947	26	sous-entraînement	50% validation 92
#66C2A5	27	-0.85120816308058	27	sous-entraînement	50% validation 92
#FC8D62	28	-0.982703850799975	28	validation	50% validation 92
#FC8D62	29	-0.883443617920909	29	validation	50% validation 92
#FC8D62	30	-0.793834456390077	30	validation	50% validation 92
#FC8D62	31	1.7311487572907	31	validation	50% validation 92
#66C2A5	32	1.58500202940349	32	sous-entraînement	50% validation 92
#FC8D62	33	1.63404796329373	33	validation	50% validation 92
#FC8D62	34	1.5899002980795	34	validation	50% validation 92
#FC8D62	35	1.45757484645493	35	validation	50% validation 92
#66C2A5	36	1.55378134580782	36	sous-entraînement	50% validation 92
#66C2A5	37	1.55585180676676	37	sous-entraînement	50% validation 92
#66C2A5	38	1.58934946246667	38	sous-entraînement	50% validation 92
#66C2A5	39	1.70528333933618	39	sous-entraînement	50% validation 92
#FC8D62	40	1.67159837698355	40	validation	50% validation 92
#FC8D62	41	0.313055412190002	41	validation	50% validation 92
#66C2A5	42	0.30417160380171	42	sous-entraînement	50% validation 92
#FC8D62	43	0.399204109355834	43	validation	50% validation 92
#FC8D62	44	0.385174091682726	44	validation	50% validation 92
#66C2A5	45	0.260632202360409	45	sous-entraînement	50% validation 92
#FC8D62	46	0.258758256119149	46	validation	50% validation 92
#FC8D62	47	0.365965968029044	47	validation	50% validation 92
#66C2A5	48	0.406361064266902	48	sous-entraînement	50% validation 92
#66C2A5	49	0.318273150600338	49	sous-entraînement	50% validation 92
#FC8D62	50	0.417618544460782	50	validation	50% validation 92
#FC8D62	1	-0.689099191816566	1	validation	50% validation 42
#66C2A5	2	-0.608089478320124	2	sous-entraînement	50% validation 42
#66C2A5	3	-0.710016671983337	3	sous-entraînement	50% validation 42
#FC8D62	4	-0.466925730528553	4	validation	50% validation 42
#FC8D62	5	-0.593503033560796	5	validation	50% validation 42
#66C2A5	6	-0.708500649154134	6	sous-entraînement	50% validation 42
#66C2A5	7	-0.577710905499484	7	sous-entraînement	50% validation 42
#66C2A5	8	-0.552621340229411	8	sous-entraînement	50% validation 42
#66C2A5	9	-0.568875675576983	9	sous-entraînement	50% validation 42
#66C2A5	10	-0.656992649457968	10	sous-entraînement	50% validation 42
#FC8D62	11	0.334821441067167	11	validation	50% validation 42
#66C2A5	12	0.222627647863225	12	sous-entraînement	50% validation 42
#FC8D62	13	0.121519266167902	13	validation	50% validation 42
#FC8D62	14	-0.0378266644956678	14	validation	50% validation 42
#FC8D62	15	0.296136416036393	15	validation	50% validation 42
#FC8D62	16	0.179149963320559	16	validation	50% validation 42
#FC8D62	17	0.182024297912188	17	validation	50% validation 42
#FC8D62	18	0.278026945290612	18	validation	50% validation 42
#66C2A5	19	0.265765443731891	19	sous-entraînement	50% validation 42
#66C2A5	20	0.243033456343833	20	sous-entraînement	50% validation 42
#FC8D62	21	-0.743730875249225	21	validation	50% validation 42
#66C2A5	22	-0.757414982336941	22	sous-entraînement	50% validation 42
#FC8D62	23	-0.828172114073528	23	validation	50% validation 42
#FC8D62	24	-1.03456378199638	24	validation	50% validation 42
#FC8D62	25	-0.773646037620576	25	validation	50% validation 42
#FC8D62	26	-0.841241486362947	26	validation	50% validation 42
#FC8D62	27	-0.85120816308058	27	validation	50% validation 42
#66C2A5	28	-0.982703850799975	28	sous-entraînement	50% validation 42
#FC8D62	29	-0.883443617920909	29	validation	50% validation 42
#66C2A5	30	-0.793834456390077	30	sous-entraînement	50% validation 42
#66C2A5	31	1.7311487572907	31	sous-entraînement	50% validation 42
#66C2A5	32	1.58500202940349	32	sous-entraînement	50% validation 42
#FC8D62	33	1.63404796329373	33	validation	50% validation 42
#66C2A5	34	1.5899002980795	34	sous-entraînement	50% validation 42
#66C2A5	35	1.45757484645493	35	sous-entraînement	50% validation 42
#66C2A5	36	1.55378134580782	36	sous-entraînement	50% validation 42
#66C2A5	37	1.55585180676676	37	sous-entraînement	50% validation 42
#FC8D62	38	1.58934946246667	38	validation	50% validation 42
#66C2A5	39	1.70528333933618	39	sous-entraînement	50% validation 42
#66C2A5	40	1.67159837698355	40	sous-entraînement	50% validation 42
#FC8D62	41	0.313055412190002	41	validation	50% validation 42
#FC8D62	42	0.30417160380171	42	validation	50% validation 42
#66C2A5	43	0.399204109355834	43	sous-entraînement	50% validation 42
#FC8D62	44	0.385174091682726	44	validation	50% validation 42
#66C2A5	45	0.260632202360409	45	sous-entraînement	50% validation 42
#FC8D62	46	0.258758256119149	46	validation	50% validation 42
#FC8D62	47	0.365965968029044	47	validation	50% validation 42
#66C2A5	48	0.406361064266902	48	sous-entraînement	50% validation 42
#66C2A5	49	0.318273150600338	49	sous-entraînement	50% validation 42
#FC8D62	50	0.417618544460782	50	validation	50% validation 42
#FC8D62	1	-0.689099191816566	1	validation	50% validation 43
#FC8D62	2	-0.608089478320124	2	validation	50% validation 43
#FC8D62	3	-0.710016671983337	3	validation	50% validation 43
#66C2A5	4	-0.466925730528553	4	sous-entraînement	50% validation 43
#FC8D62	5	-0.593503033560796	5	validation	50% validation 43
#66C2A5	6	-0.708500649154134	6	sous-entraînement	50% validation 43
#FC8D62	7	-0.577710905499484	7	validation	50% validation 43
#FC8D62	8	-0.552621340229411	8	validation	50% validation 43
#FC8D62	9	-0.568875675576983	9	validation	50% validation 43
#FC8D62	10	-0.656992649457968	10	validation	50% validation 43
#66C2A5	11	0.334821441067167	11	sous-entraînement	50% validation 43
#FC8D62	12	0.222627647863225	12	validation	50% validation 43
#FC8D62	13	0.121519266167902	13	validation	50% validation 43
#FC8D62	14	-0.0378266644956678	14	validation	50% validation 43
#66C2A5	15	0.296136416036393	15	sous-entraînement	50% validation 43
#FC8D62	16	0.179149963320559	16	validation	50% validation 43
#FC8D62	17	0.182024297912188	17	validation	50% validation 43
#66C2A5	18	0.278026945290612	18	sous-entraînement	50% validation 43
#66C2A5	19	0.265765443731891	19	sous-entraînement	50% validation 43
#66C2A5	20	0.243033456343833	20	sous-entraînement	50% validation 43
#66C2A5	21	-0.743730875249225	21	sous-entraînement	50% validation 43
#FC8D62	22	-0.757414982336941	22	validation	50% validation 43
#66C2A5	23	-0.828172114073528	23	sous-entraînement	50% validation 43
#FC8D62	24	-1.03456378199638	24	validation	50% validation 43
#FC8D62	25	-0.773646037620576	25	validation	50% validation 43
#66C2A5	26	-0.841241486362947	26	sous-entraînement	50% validation 43
#FC8D62	27	-0.85120816308058	27	validation	50% validation 43
#66C2A5	28	-0.982703850799975	28	sous-entraînement	50% validation 43
#66C2A5	29	-0.883443617920909	29	sous-entraînement	50% validation 43
#66C2A5	30	-0.793834456390077	30	sous-entraînement	50% validation 43
#66C2A5	31	1.7311487572907	31	sous-entraînement	50% validation 43
#66C2A5	32	1.58500202940349	32	sous-entraînement	50% validation 43
#FC8D62	33	1.63404796329373	33	validation	50% validation 43
#FC8D62	34	1.5899002980795	34	validation	50% validation 43
#66C2A5	35	1.45757484645493	35	sous-entraînement	50% validation 43
#FC8D62	36	1.55378134580782	36	validation	50% validation 43
#66C2A5	37	1.55585180676676	37	sous-entraînement	50% validation 43
#66C2A5	38	1.58934946246667	38	sous-entraînement	50% validation 43
#66C2A5	39	1.70528333933618	39	sous-entraînement	50% validation 43
#FC8D62	40	1.67159837698355	40	validation	50% validation 43
#66C2A5	41	0.313055412190002	41	sous-entraînement	50% validation 43
#66C2A5	42	0.30417160380171	42	sous-entraînement	50% validation 43
#FC8D62	43	0.399204109355834	43	validation	50% validation 43
#FC8D62	44	0.385174091682726	44	validation	50% validation 43
#66C2A5	45	0.260632202360409	45	sous-entraînement	50% validation 43
#FC8D62	46	0.258758256119149	46	validation	50% validation 43
#66C2A5	47	0.365965968029044	47	sous-entraînement	50% validation 43
#66C2A5	48	0.406361064266902	48	sous-entraînement	50% validation 43
#66C2A5	49	0.318273150600338	49	sous-entraînement	50% validation 43
#FC8D62	50	0.417618544460782	50	validation	50% validation 43
#FC8D62	1	-0.689099191816566	1	validation	50% validation 44
#FC8D62	2	-0.608089478320124	2	validation	50% validation 44
#66C2A5	3	-0.710016671983337	3	sous-entraînement	50% validation 44
#FC8D62	4	-0.466925730528553	4	validation	50% validation 44
#66C2A5	5	-0.593503033560796	5	sous-entraînement	50% validation 44
#FC8D62	6	-0.708500649154134	6	validation	50% validation 44
#66C2A5	7	-0.577710905499484	7	sous-entraînement	50% validation 44
#66C2A5	8	-0.552621340229411	8	sous-entraînement	50% validation 44
#FC8D62	9	-0.568875675576983	9	validation	50% validation 44
#FC8D62	10	-0.656992649457968	10	validation	50% validation 44
#66C2A5	11	0.334821441067167	11	sous-entraînement	50% validation 44
#66C2A5	12	0.222627647863225	12	sous-entraînement	50% validation 44
#FC8D62	13	0.121519266167902	13	validation	50% validation 44
#66C2A5	14	-0.0378266644956678	14	sous-entraînement	50% validation 44
#66C2A5	15	0.296136416036393	15	sous-entraînement	50% validation 44
#66C2A5	16	0.179149963320559	16	sous-entraînement	50% validation 44
#FC8D62	17	0.182024297912188	17	validation	50% validation 44
#FC8D62	18	0.278026945290612	18	validation	50% validation 44
#66C2A5	19	0.265765443731891	19	sous-entraînement	50% validation 44
#FC8D62	20	0.243033456343833	20	validation	50% validation 44
#66C2A5	21	-0.743730875249225	21	sous-entraînement	50% validation 44
#FC8D62	22	-0.757414982336941	22	validation	50% validation 44
#FC8D62	23	-0.828172114073528	23	validation	50% validation 44
#66C2A5	24	-1.03456378199638	24	sous-entraînement	50% validation 44
#FC8D62	25	-0.773646037620576	25	validation	50% validation 44
#FC8D62	26	-0.841241486362947	26	validation	50% validation 44
#FC8D62	27	-0.85120816308058	27	validation	50% validation 44
#66C2A5	28	-0.982703850799975	28	sous-entraînement	50% validation 44
#FC8D62	29	-0.883443617920909	29	validation	50% validation 44
#66C2A5	30	-0.793834456390077	30	sous-entraînement	50% validation 44
#66C2A5	31	1.7311487572907	31	sous-entraînement	50% validation 44
#FC8D62	32	1.58500202940349	32	validation	50% validation 44
#FC8D62	33	1.63404796329373	33	validation	50% validation 44
#66C2A5	34	1.5899002980795	34	sous-entraînement	50% validation 44
#FC8D62	35	1.45757484645493	35	validation	50% validation 44
#66C2A5	36	1.55378134580782	36	sous-entraînement	50% validation 44
#FC8D62	37	1.55585180676676	37	validation	50% validation 44
#FC8D62	38	1.58934946246667	38	validation	50% validation 44
#66C2A5	39	1.70528333933618	39	sous-entraînement	50% validation 44
#FC8D62	40	1.67159837698355	40	validation	50% validation 44
#66C2A5	41	0.313055412190002	41	sous-entraînement	50% validation 44
#66C2A5	42	0.30417160380171	42	sous-entraînement	50% validation 44
#66C2A5	43	0.399204109355834	43	sous-entraînement	50% validation 44
#66C2A5	44	0.385174091682726	44	sous-entraînement	50% validation 44
#66C2A5	45	0.260632202360409	45	sous-entraînement	50% validation 44
#66C2A5	46	0.258758256119149	46	sous-entraînement	50% validation 44
#FC8D62	47	0.365965968029044	47	validation	50% validation 44
#FC8D62	48	0.406361064266902	48	validation	50% validation 44
#66C2A5	49	0.318273150600338	49	sous-entraînement	50% validation 44
#FC8D62	50	0.417618544460782	50	validation	50% validation 44
#FC8D62	1	-0.689099191816566	1	validation	50% validation 45
#FC8D62	2	-0.608089478320124	2	validation	50% validation 45
#66C2A5	3	-0.710016671983337	3	sous-entraînement	50% validation 45
#66C2A5	4	-0.466925730528553	4	sous-entraînement	50% validation 45
#66C2A5	5	-0.593503033560796	5	sous-entraînement	50% validation 45
#FC8D62	6	-0.708500649154134	6	validation	50% validation 45
#66C2A5	7	-0.577710905499484	7	sous-entraînement	50% validation 45
#66C2A5	8	-0.552621340229411	8	sous-entraînement	50% validation 45
#66C2A5	9	-0.568875675576983	9	sous-entraînement	50% validation 45
#FC8D62	10	-0.656992649457968	10	validation	50% validation 45
#FC8D62	11	0.334821441067167	11	validation	50% validation 45
#FC8D62	12	0.222627647863225	12	validation	50% validation 45
#66C2A5	13	0.121519266167902	13	sous-entraînement	50% validation 45
#FC8D62	14	-0.0378266644956678	14	validation	50% validation 45
#66C2A5	15	0.296136416036393	15	sous-entraînement	50% validation 45
#FC8D62	16	0.179149963320559	16	validation	50% validation 45
#FC8D62	17	0.182024297912188	17	validation	50% validation 45
#FC8D62	18	0.278026945290612	18	validation	50% validation 45
#66C2A5	19	0.265765443731891	19	sous-entraînement	50% validation 45
#66C2A5	20	0.243033456343833	20	sous-entraînement	50% validation 45
#FC8D62	21	-0.743730875249225	21	validation	50% validation 45
#66C2A5	22	-0.757414982336941	22	sous-entraînement	50% validation 45
#FC8D62	23	-0.828172114073528	23	validation	50% validation 45
#66C2A5	24	-1.03456378199638	24	sous-entraînement	50% validation 45
#FC8D62	25	-0.773646037620576	25	validation	50% validation 45
#FC8D62	26	-0.841241486362947	26	validation	50% validation 45
#FC8D62	27	-0.85120816308058	27	validation	50% validation 45
#66C2A5	28	-0.982703850799975	28	sous-entraînement	50% validation 45
#66C2A5	29	-0.883443617920909	29	sous-entraînement	50% validation 45
#FC8D62	30	-0.793834456390077	30	validation	50% validation 45
#66C2A5	31	1.7311487572907	31	sous-entraînement	50% validation 45
#FC8D62	32	1.58500202940349	32	validation	50% validation 45
#FC8D62	33	1.63404796329373	33	validation	50% validation 45
#FC8D62	34	1.5899002980795	34	validation	50% validation 45
#66C2A5	35	1.45757484645493	35	sous-entraînement	50% validation 45
#FC8D62	36	1.55378134580782	36	validation	50% validation 45
#66C2A5	37	1.55585180676676	37	sous-entraînement	50% validation 45
#FC8D62	38	1.58934946246667	38	validation	50% validation 45
#66C2A5	39	1.70528333933618	39	sous-entraînement	50% validation 45
#66C2A5	40	1.67159837698355	40	sous-entraînement	50% validation 45
#FC8D62	41	0.313055412190002	41	validation	50% validation 45
#66C2A5	42	0.30417160380171	42	sous-entraînement	50% validation 45
#FC8D62	43	0.399204109355834	43	validation	50% validation 45
#FC8D62	44	0.385174091682726	44	validation	50% validation 45
#66C2A5	45	0.260632202360409	45	sous-entraînement	50% validation 45
#66C2A5	46	0.258758256119149	46	sous-entraînement	50% validation 45
#66C2A5	47	0.365965968029044	47	sous-entraînement	50% validation 45
#66C2A5	48	0.406361064266902	48	sous-entraînement	50% validation 45
#FC8D62	49	0.318273150600338	49	validation	50% validation 45
#66C2A5	50	0.417618544460782	50	sous-entraînement	50% validation 45
#FC8D62	1	-0.689099191816566	1	validation	50% validation 13
#FC8D62	2	-0.608089478320124	2	validation	50% validation 13
#66C2A5	3	-0.710016671983337	3	sous-entraînement	50% validation 13
#66C2A5	4	-0.466925730528553	4	sous-entraînement	50% validation 13
#66C2A5	5	-0.593503033560796	5	sous-entraînement	50% validation 13
#66C2A5	6	-0.708500649154134	6	sous-entraînement	50% validation 13
#FC8D62	7	-0.577710905499484	7	validation	50% validation 13
#66C2A5	8	-0.552621340229411	8	sous-entraînement	50% validation 13
#66C2A5	9	-0.568875675576983	9	sous-entraînement	50% validation 13
#66C2A5	10	-0.656992649457968	10	sous-entraînement	50% validation 13
#FC8D62	11	0.334821441067167	11	validation	50% validation 13
#FC8D62	12	0.222627647863225	12	validation	50% validation 13
#FC8D62	13	0.121519266167902	13	validation	50% validation 13
#66C2A5	14	-0.0378266644956678	14	sous-entraînement	50% validation 13
#FC8D62	15	0.296136416036393	15	validation	50% validation 13
#66C2A5	16	0.179149963320559	16	sous-entraînement	50% validation 13
#FC8D62	17	0.182024297912188	17	validation	50% validation 13
#FC8D62	18	0.278026945290612	18	validation	50% validation 13
#66C2A5	19	0.265765443731891	19	sous-entraînement	50% validation 13
#66C2A5	20	0.243033456343833	20	sous-entraînement	50% validation 13
#FC8D62	21	-0.743730875249225	21	validation	50% validation 13
#FC8D62	22	-0.757414982336941	22	validation	50% validation 13
#66C2A5	23	-0.828172114073528	23	sous-entraînement	50% validation 13
#FC8D62	24	-1.03456378199638	24	validation	50% validation 13
#FC8D62	25	-0.773646037620576	25	validation	50% validation 13
#66C2A5	26	-0.841241486362947	26	sous-entraînement	50% validation 13
#66C2A5	27	-0.85120816308058	27	sous-entraînement	50% validation 13
#FC8D62	28	-0.982703850799975	28	validation	50% validation 13
#66C2A5	29	-0.883443617920909	29	sous-entraînement	50% validation 13
#66C2A5	30	-0.793834456390077	30	sous-entraînement	50% validation 13
#FC8D62	31	1.7311487572907	31	validation	50% validation 13
#66C2A5	32	1.58500202940349	32	sous-entraînement	50% validation 13
#FC8D62	33	1.63404796329373	33	validation	50% validation 13
#FC8D62	34	1.5899002980795	34	validation	50% validation 13
#FC8D62	35	1.45757484645493	35	validation	50% validation 13
#FC8D62	36	1.55378134580782	36	validation	50% validation 13
#66C2A5	37	1.55585180676676	37	sous-entraînement	50% validation 13
#FC8D62	38	1.58934946246667	38	validation	50% validation 13
#FC8D62	39	1.70528333933618	39	validation	50% validation 13
#FC8D62	40	1.67159837698355	40	validation	50% validation 13
#66C2A5	41	0.313055412190002	41	sous-entraînement	50% validation 13
#66C2A5	42	0.30417160380171	42	sous-entraînement	50% validation 13
#FC8D62	43	0.399204109355834	43	validation	50% validation 13
#66C2A5	44	0.385174091682726	44	sous-entraînement	50% validation 13
#66C2A5	45	0.260632202360409	45	sous-entraînement	50% validation 13
#FC8D62	46	0.258758256119149	46	validation	50% validation 13
#66C2A5	47	0.365965968029044	47	sous-entraînement	50% validation 13
#FC8D62	48	0.406361064266902	48	validation	50% validation 13
#66C2A5	49	0.318273150600338	49	sous-entraînement	50% validation 13
#66C2A5	50	0.417618544460782	50	sous-entraînement	50% validation 13
#66C2A5	1	-0.689099191816566	1	sous-entraînement	50% validation 99
#FC8D62	2	-0.608089478320124	2	validation	50% validation 99
#FC8D62	3	-0.710016671983337	3	validation	50% validation 99
#FC8D62	4	-0.466925730528553	4	validation	50% validation 99
#66C2A5	5	-0.593503033560796	5	sous-entraînement	50% validation 99
#66C2A5	6	-0.708500649154134	6	sous-entraînement	50% validation 99
#66C2A5	7	-0.577710905499484	7	sous-entraînement	50% validation 99
#FC8D62	8	-0.552621340229411	8	validation	50% validation 99
#FC8D62	9	-0.568875675576983	9	validation	50% validation 99
#66C2A5	10	-0.656992649457968	10	sous-entraînement	50% validation 99
#66C2A5	11	0.334821441067167	11	sous-entraînement	50% validation 99
#FC8D62	12	0.222627647863225	12	validation	50% validation 99
#FC8D62	13	0.121519266167902	13	validation	50% validation 99
#66C2A5	14	-0.0378266644956678	14	sous-entraînement	50% validation 99
#FC8D62	15	0.296136416036393	15	validation	50% validation 99
#66C2A5	16	0.179149963320559	16	sous-entraînement	50% validation 99
#66C2A5	17	0.182024297912188	17	sous-entraînement	50% validation 99
#FC8D62	18	0.278026945290612	18	validation	50% validation 99
#FC8D62	19	0.265765443731891	19	validation	50% validation 99
#FC8D62	20	0.243033456343833	20	validation	50% validation 99
#66C2A5	21	-0.743730875249225	21	sous-entraînement	50% validation 99
#FC8D62	22	-0.757414982336941	22	validation	50% validation 99
#66C2A5	23	-0.828172114073528	23	sous-entraînement	50% validation 99
#66C2A5	24	-1.03456378199638	24	sous-entraînement	50% validation 99
#66C2A5	25	-0.773646037620576	25	sous-entraînement	50% validation 99
#FC8D62	26	-0.841241486362947	26	validation	50% validation 99
#66C2A5	27	-0.85120816308058	27	sous-entraînement	50% validation 99
#FC8D62	28	-0.982703850799975	28	validation	50% validation 99
#FC8D62	29	-0.883443617920909	29	validation	50% validation 99
#FC8D62	30	-0.793834456390077	30	validation	50% validation 99
#FC8D62	31	1.7311487572907	31	validation	50% validation 99
#FC8D62	32	1.58500202940349	32	validation	50% validation 99
#FC8D62	33	1.63404796329373	33	validation	50% validation 99
#66C2A5	34	1.5899002980795	34	sous-entraînement	50% validation 99
#66C2A5	35	1.45757484645493	35	sous-entraînement	50% validation 99
#FC8D62	36	1.55378134580782	36	validation	50% validation 99
#66C2A5	37	1.55585180676676	37	sous-entraînement	50% validation 99
#FC8D62	38	1.58934946246667	38	validation	50% validation 99
#66C2A5	39	1.70528333933618	39	sous-entraînement	50% validation 99
#FC8D62	40	1.67159837698355	40	validation	50% validation 99
#66C2A5	41	0.313055412190002	41	sous-entraînement	50% validation 99
#66C2A5	42	0.30417160380171	42	sous-entraînement	50% validation 99
#66C2A5	43	0.399204109355834	43	sous-entraînement	50% validation 99
#66C2A5	44	0.385174091682726	44	sous-entraînement	50% validation 99
#66C2A5	45	0.260632202360409	45	sous-entraînement	50% validation 99
#66C2A5	46	0.258758256119149	46	sous-entraînement	50% validation 99
#FC8D62	47	0.365965968029044	47	validation	50% validation 99
#FC8D62	48	0.406361064266902	48	validation	50% validation 99
#66C2A5	49	0.318273150600338	49	sous-entraînement	50% validation 99
#FC8D62	50	0.417618544460782	50	validation	50% validation 99
#FC8D62	1	-0.689099191816566	1	validation	50% validation 61
#66C2A5	2	-0.608089478320124	2	sous-entraînement	50% validation 61
#FC8D62	3	-0.710016671983337	3	validation	50% validation 61
#FC8D62	4	-0.466925730528553	4	validation	50% validation 61
#FC8D62	5	-0.593503033560796	5	validation	50% validation 61
#66C2A5	6	-0.708500649154134	6	sous-entraînement	50% validation 61
#FC8D62	7	-0.577710905499484	7	validation	50% validation 61
#FC8D62	8	-0.552621340229411	8	validation	50% validation 61
#FC8D62	9	-0.568875675576983	9	validation	50% validation 61
#FC8D62	10	-0.656992649457968	10	validation	50% validation 61
#FC8D62	11	0.334821441067167	11	validation	50% validation 61
#66C2A5	12	0.222627647863225	12	sous-entraînement	50% validation 61
#FC8D62	13	0.121519266167902	13	validation	50% validation 61
#66C2A5	14	-0.0378266644956678	14	sous-entraînement	50% validation 61
#66C2A5	15	0.296136416036393	15	sous-entraînement	50% validation 61
#66C2A5	16	0.179149963320559	16	sous-entraînement	50% validation 61
#FC8D62	17	0.182024297912188	17	validation	50% validation 61
#FC8D62	18	0.278026945290612	18	validation	50% validation 61
#FC8D62	19	0.265765443731891	19	validation	50% validation 61
#66C2A5	20	0.243033456343833	20	sous-entraînement	50% validation 61
#66C2A5	21	-0.743730875249225	21	sous-entraînement	50% validation 61
#66C2A5	22	-0.757414982336941	22	sous-entraînement	50% validation 61
#66C2A5	23	-0.828172114073528	23	sous-entraînement	50% validation 61
#66C2A5	24	-1.03456378199638	24	sous-entraînement	50% validation 61
#66C2A5	25	-0.773646037620576	25	sous-entraînement	50% validation 61
#FC8D62	26	-0.841241486362947	26	validation	50% validation 61
#FC8D62	27	-0.85120816308058	27	validation	50% validation 61
#FC8D62	28	-0.982703850799975	28	validation	50% validation 61
#FC8D62	29	-0.883443617920909	29	validation	50% validation 61
#66C2A5	30	-0.793834456390077	30	sous-entraînement	50% validation 61
#FC8D62	31	1.7311487572907	31	validation	50% validation 61
#FC8D62	32	1.58500202940349	32	validation	50% validation 61
#66C2A5	33	1.63404796329373	33	sous-entraînement	50% validation 61
#FC8D62	34	1.5899002980795	34	validation	50% validation 61
#FC8D62	35	1.45757484645493	35	validation	50% validation 61
#66C2A5	36	1.55378134580782	36	sous-entraînement	50% validation 61
#66C2A5	37	1.55585180676676	37	sous-entraînement	50% validation 61
#66C2A5	38	1.58934946246667	38	sous-entraînement	50% validation 61
#FC8D62	39	1.70528333933618	39	validation	50% validation 61
#66C2A5	40	1.67159837698355	40	sous-entraînement	50% validation 61
#66C2A5	41	0.313055412190002	41	sous-entraînement	50% validation 61
#66C2A5	42	0.30417160380171	42	sous-entraînement	50% validation 61
#66C2A5	43	0.399204109355834	43	sous-entraînement	50% validation 61
#66C2A5	44	0.385174091682726	44	sous-entraînement	50% validation 61
#FC8D62	45	0.260632202360409	45	validation	50% validation 61
#FC8D62	46	0.258758256119149	46	validation	50% validation 61
#66C2A5	47	0.365965968029044	47	sous-entraînement	50% validation 61
#66C2A5	48	0.406361064266902	48	sous-entraînement	50% validation 61
#66C2A5	49	0.318273150600338	49	sous-entraînement	50% validation 61
#FC8D62	50	0.417618544460782	50	validation	50% validation 61
#FC8D62	1	-0.689099191816566	1	validation	50% validation 14
#66C2A5	2	-0.608089478320124	2	sous-entraînement	50% validation 14
#66C2A5	3	-0.710016671983337	3	sous-entraînement	50% validation 14
#FC8D62	4	-0.466925730528553	4	validation	50% validation 14
#66C2A5	5	-0.593503033560796	5	sous-entraînement	50% validation 14
#FC8D62	6	-0.708500649154134	6	validation	50% validation 14
#66C2A5	7	-0.577710905499484	7	sous-entraînement	50% validation 14
#FC8D62	8	-0.552621340229411	8	validation	50% validation 14
#FC8D62	9	-0.568875675576983	9	validation	50% validation 14
#66C2A5	10	-0.656992649457968	10	sous-entraînement	50% validation 14
#FC8D62	11	0.334821441067167	11	validation	50% validation 14
#66C2A5	12	0.222627647863225	12	sous-entraînement	50% validation 14
#FC8D62	13	0.121519266167902	13	validation	50% validation 14
#FC8D62	14	-0.0378266644956678	14	validation	50% validation 14
#66C2A5	15	0.296136416036393	15	sous-entraînement	50% validation 14
#66C2A5	16	0.179149963320559	16	sous-entraînement	50% validation 14
#FC8D62	17	0.182024297912188	17	validation	50% validation 14
#FC8D62	18	0.278026945290612	18	validation	50% validation 14
#FC8D62	19	0.265765443731891	19	validation	50% validation 14
#66C2A5	20	0.243033456343833	20	sous-entraînement	50% validation 14
#FC8D62	21	-0.743730875249225	21	validation	50% validation 14
#FC8D62	22	-0.757414982336941	22	validation	50% validation 14
#FC8D62	23	-0.828172114073528	23	validation	50% validation 14
#66C2A5	24	-1.03456378199638	24	sous-entraînement	50% validation 14
#FC8D62	25	-0.773646037620576	25	validation	50% validation 14
#66C2A5	26	-0.841241486362947	26	sous-entraînement	50% validation 14
#66C2A5	27	-0.85120816308058	27	sous-entraînement	50% validation 14
#66C2A5	28	-0.982703850799975	28	sous-entraînement	50% validation 14
#FC8D62	29	-0.883443617920909	29	validation	50% validation 14
#66C2A5	30	-0.793834456390077	30	sous-entraînement	50% validation 14
#FC8D62	31	1.7311487572907	31	validation	50% validation 14
#FC8D62	32	1.58500202940349	32	validation	50% validation 14
#66C2A5	33	1.63404796329373	33	sous-entraînement	50% validation 14
#66C2A5	34	1.5899002980795	34	sous-entraînement	50% validation 14
#66C2A5	35	1.45757484645493	35	sous-entraînement	50% validation 14
#FC8D62	36	1.55378134580782	36	validation	50% validation 14
#FC8D62	37	1.55585180676676	37	validation	50% validation 14
#66C2A5	38	1.58934946246667	38	sous-entraînement	50% validation 14
#FC8D62	39	1.70528333933618	39	validation	50% validation 14
#66C2A5	40	1.67159837698355	40	sous-entraînement	50% validation 14
#66C2A5	41	0.313055412190002	41	sous-entraînement	50% validation 14
#FC8D62	42	0.30417160380171	42	validation	50% validation 14
#66C2A5	43	0.399204109355834	43	sous-entraînement	50% validation 14
#66C2A5	44	0.385174091682726	44	sous-entraînement	50% validation 14
#FC8D62	45	0.260632202360409	45	validation	50% validation 14
#FC8D62	46	0.258758256119149	46	validation	50% validation 14
#66C2A5	47	0.365965968029044	47	sous-entraînement	50% validation 14
#66C2A5	48	0.406361064266902	48	sous-entraînement	50% validation 14
#FC8D62	49	0.318273150600338	49	validation	50% validation 14
#66C2A5	50	0.417618544460782	50	sous-entraînement	50% validation 14
#FC8D62	1	-0.689099191816566	1	validation	50% validation 2
#66C2A5	2	-0.608089478320124	2	sous-entraînement	50% validation 2
#66C2A5	3	-0.710016671983337	3	sous-entraînement	50% validation 2
#66C2A5	4	-0.466925730528553	4	sous-entraînement	50% validation 2
#FC8D62	5	-0.593503033560796	5	validation	50% validation 2
#66C2A5	6	-0.708500649154134	6	sous-entraînement	50% validation 2
#66C2A5	7	-0.577710905499484	7	sous-entraînement	50% validation 2
#66C2A5	8	-0.552621340229411	8	sous-entraînement	50% validation 2
#66C2A5	9	-0.568875675576983	9	sous-entraînement	50% validation 2
#FC8D62	10	-0.656992649457968	10	validation	50% validation 2
#66C2A5	11	0.334821441067167	11	sous-entraînement	50% validation 2
#66C2A5	12	0.222627647863225	12	sous-entraînement	50% validation 2
#66C2A5	13	0.121519266167902	13	sous-entraînement	50% validation 2
#FC8D62	14	-0.0378266644956678	14	validation	50% validation 2
#FC8D62	15	0.296136416036393	15	validation	50% validation 2
#66C2A5	16	0.179149963320559	16	sous-entraînement	50% validation 2
#FC8D62	17	0.182024297912188	17	validation	50% validation 2
#66C2A5	18	0.278026945290612	18	sous-entraînement	50% validation 2
#FC8D62	19	0.265765443731891	19	validation	50% validation 2
#66C2A5	20	0.243033456343833	20	sous-entraînement	50% validation 2
#66C2A5	21	-0.743730875249225	21	sous-entraînement	50% validation 2
#66C2A5	22	-0.757414982336941	22	sous-entraînement	50% validation 2
#66C2A5	23	-0.828172114073528	23	sous-entraînement	50% validation 2
#66C2A5	24	-1.03456378199638	24	sous-entraînement	50% validation 2
#66C2A5	25	-0.773646037620576	25	sous-entraînement	50% validation 2
#FC8D62	26	-0.841241486362947	26	validation	50% validation 2
#FC8D62	27	-0.85120816308058	27	validation	50% validation 2
#FC8D62	28	-0.982703850799975	28	validation	50% validation 2
#FC8D62	29	-0.883443617920909	29	validation	50% validation 2
#FC8D62	30	-0.793834456390077	30	validation	50% validation 2
#66C2A5	31	1.7311487572907	31	sous-entraînement	50% validation 2
#FC8D62	32	1.58500202940349	32	validation	50% validation 2
#FC8D62	33	1.63404796329373	33	validation	50% validation 2
#66C2A5	34	1.5899002980795	34	sous-entraînement	50% validation 2
#FC8D62	35	1.45757484645493	35	validation	50% validation 2
#FC8D62	36	1.55378134580782	36	validation	50% validation 2
#FC8D62	37	1.55585180676676	37	validation	50% validation 2
#FC8D62	38	1.58934946246667	38	validation	50% validation 2
#FC8D62	39	1.70528333933618	39	validation	50% validation 2
#66C2A5	40	1.67159837698355	40	sous-entraînement	50% validation 2
#FC8D62	41	0.313055412190002	41	validation	50% validation 2
#FC8D62	42	0.30417160380171	42	validation	50% validation 2
#FC8D62	43	0.399204109355834	43	validation	50% validation 2
#66C2A5	44	0.385174091682726	44	sous-entraînement	50% validation 2
#FC8D62	45	0.260632202360409	45	validation	50% validation 2
#66C2A5	46	0.258758256119149	46	sous-entraînement	50% validation 2
#FC8D62	47	0.365965968029044	47	validation	50% validation 2
#66C2A5	48	0.406361064266902	48	sous-entraînement	50% validation 2
#FC8D62	49	0.318273150600338	49	validation	50% validation 2
#66C2A5	50	0.417618544460782	50	sous-entraînement	50% validation 2
#66C2A5	1	-0.689099191816566	1	sous-entraînement	50% validation 46
#FC8D62	2	-0.608089478320124	2	validation	50% validation 46
#66C2A5	3	-0.710016671983337	3	sous-entraînement	50% validation 46
#66C2A5	4	-0.466925730528553	4	sous-entraînement	50% validation 46
#FC8D62	5	-0.593503033560796	5	validation	50% validation 46
#66C2A5	6	-0.708500649154134	6	sous-entraînement	50% validation 46
#66C2A5	7	-0.577710905499484	7	sous-entraînement	50% validation 46
#FC8D62	8	-0.552621340229411	8	validation	50% validation 46
#66C2A5	9	-0.568875675576983	9	sous-entraînement	50% validation 46
#66C2A5	10	-0.656992649457968	10	sous-entraînement	50% validation 46
#FC8D62	11	0.334821441067167	11	validation	50% validation 46
#FC8D62	12	0.222627647863225	12	validation	50% validation 46
#66C2A5	13	0.121519266167902	13	sous-entraînement	50% validation 46
#66C2A5	14	-0.0378266644956678	14	sous-entraînement	50% validation 46
#FC8D62	15	0.296136416036393	15	validation	50% validation 46
#FC8D62	16	0.179149963320559	16	validation	50% validation 46
#FC8D62	17	0.182024297912188	17	validation	50% validation 46
#66C2A5	18	0.278026945290612	18	sous-entraînement	50% validation 46
#66C2A5	19	0.265765443731891	19	sous-entraînement	50% validation 46
#FC8D62	20	0.243033456343833	20	validation	50% validation 46
#FC8D62	21	-0.743730875249225	21	validation	50% validation 46
#66C2A5	22	-0.757414982336941	22	sous-entraînement	50% validation 46
#FC8D62	23	-0.828172114073528	23	validation	50% validation 46
#66C2A5	24	-1.03456378199638	24	sous-entraînement	50% validation 46
#FC8D62	25	-0.773646037620576	25	validation	50% validation 46
#FC8D62	26	-0.841241486362947	26	validation	50% validation 46
#FC8D62	27	-0.85120816308058	27	validation	50% validation 46
#66C2A5	28	-0.982703850799975	28	sous-entraînement	50% validation 46
#66C2A5	29	-0.883443617920909	29	sous-entraînement	50% validation 46
#66C2A5	30	-0.793834456390077	30	sous-entraînement	50% validation 46
#66C2A5	31	1.7311487572907	31	sous-entraînement	50% validation 46
#66C2A5	32	1.58500202940349	32	sous-entraînement	50% validation 46
#66C2A5	33	1.63404796329373	33	sous-entraînement	50% validation 46
#FC8D62	34	1.5899002980795	34	validation	50% validation 46
#66C2A5	35	1.45757484645493	35	sous-entraînement	50% validation 46
#FC8D62	36	1.55378134580782	36	validation	50% validation 46
#66C2A5	37	1.55585180676676	37	sous-entraînement	50% validation 46
#FC8D62	38	1.58934946246667	38	validation	50% validation 46
#66C2A5	39	1.70528333933618	39	sous-entraînement	50% validation 46
#66C2A5	40	1.67159837698355	40	sous-entraînement	50% validation 46
#FC8D62	41	0.313055412190002	41	validation	50% validation 46
#FC8D62	42	0.30417160380171	42	validation	50% validation 46
#FC8D62	43	0.399204109355834	43	validation	50% validation 46
#FC8D62	44	0.385174091682726	44	validation	50% validation 46
#FC8D62	45	0.260632202360409	45	validation	50% validation 46
#66C2A5	46	0.258758256119149	46	sous-entraînement	50% validation 46
#FC8D62	47	0.365965968029044	47	validation	50% validation 46
#FC8D62	48	0.406361064266902	48	validation	50% validation 46
#FC8D62	49	0.318273150600338	49	validation	50% validation 46
#66C2A5	50	0.417618544460782	50	sous-entraînement	50% validation 46
#FC8D62	1	-0.689099191816566	1	validation	50% validation 75
#FC8D62	2	-0.608089478320124	2	validation	50% validation 75
#66C2A5	3	-0.710016671983337	3	sous-entraînement	50% validation 75
#66C2A5	4	-0.466925730528553	4	sous-entraînement	50% validation 75
#FC8D62	5	-0.593503033560796	5	validation	50% validation 75
#FC8D62	6	-0.708500649154134	6	validation	50% validation 75
#66C2A5	7	-0.577710905499484	7	sous-entraînement	50% validation 75
#66C2A5	8	-0.552621340229411	8	sous-entraînement	50% validation 75
#66C2A5	9	-0.568875675576983	9	sous-entraînement	50% validation 75
#66C2A5	10	-0.656992649457968	10	sous-entraînement	50% validation 75
#FC8D62	11	0.334821441067167	11	validation	50% validation 75
#66C2A5	12	0.222627647863225	12	sous-entraînement	50% validation 75
#66C2A5	13	0.121519266167902	13	sous-entraînement	50% validation 75
#66C2A5	14	-0.0378266644956678	14	sous-entraînement	50% validation 75
#66C2A5	15	0.296136416036393	15	sous-entraînement	50% validation 75
#FC8D62	16	0.179149963320559	16	validation	50% validation 75
#66C2A5	17	0.182024297912188	17	sous-entraînement	50% validation 75
#FC8D62	18	0.278026945290612	18	validation	50% validation 75
#66C2A5	19	0.265765443731891	19	sous-entraînement	50% validation 75
#FC8D62	20	0.243033456343833	20	validation	50% validation 75
#66C2A5	21	-0.743730875249225	21	sous-entraînement	50% validation 75
#66C2A5	22	-0.757414982336941	22	sous-entraînement	50% validation 75
#FC8D62	23	-0.828172114073528	23	validation	50% validation 75
#FC8D62	24	-1.03456378199638	24	validation	50% validation 75
#FC8D62	25	-0.773646037620576	25	validation	50% validation 75
#66C2A5	26	-0.841241486362947	26	sous-entraînement	50% validation 75
#FC8D62	27	-0.85120816308058	27	validation	50% validation 75
#FC8D62	28	-0.982703850799975	28	validation	50% validation 75
#66C2A5	29	-0.883443617920909	29	sous-entraînement	50% validation 75
#66C2A5	30	-0.793834456390077	30	sous-entraînement	50% validation 75
#FC8D62	31	1.7311487572907	31	validation	50% validation 75
#66C2A5	32	1.58500202940349	32	sous-entraînement	50% validation 75
#FC8D62	33	1.63404796329373	33	validation	50% validation 75
#66C2A5	34	1.5899002980795	34	sous-entraînement	50% validation 75
#FC8D62	35	1.45757484645493	35	validation	50% validation 75
#FC8D62	36	1.55378134580782	36	validation	50% validation 75
#FC8D62	37	1.55585180676676	37	validation	50% validation 75
#66C2A5	38	1.58934946246667	38	sous-entraînement	50% validation 75
#FC8D62	39	1.70528333933618	39	validation	50% validation 75
#FC8D62	40	1.67159837698355	40	validation	50% validation 75
#FC8D62	41	0.313055412190002	41	validation	50% validation 75
#66C2A5	42	0.30417160380171	42	sous-entraînement	50% validation 75
#FC8D62	43	0.399204109355834	43	validation	50% validation 75
#FC8D62	44	0.385174091682726	44	validation	50% validation 75
#FC8D62	45	0.260632202360409	45	validation	50% validation 75
#66C2A5	46	0.258758256119149	46	sous-entraînement	50% validation 75
#66C2A5	47	0.365965968029044	47	sous-entraînement	50% validation 75
#66C2A5	48	0.406361064266902	48	sous-entraînement	50% validation 75
#66C2A5	49	0.318273150600338	49	sous-entraînement	50% validation 75
#FC8D62	50	0.417618544460782	50	validation	50% validation 75
#FC8D62	1	-0.689099191816566	1	validation	50% validation 3
#66C2A5	2	-0.608089478320124	2	sous-entraînement	50% validation 3
#FC8D62	3	-0.710016671983337	3	validation	50% validation 3
#FC8D62	4	-0.466925730528553	4	validation	50% validation 3
#FC8D62	5	-0.593503033560796	5	validation	50% validation 3
#66C2A5	6	-0.708500649154134	6	sous-entraînement	50% validation 3
#66C2A5	7	-0.577710905499484	7	sous-entraînement	50% validation 3
#66C2A5	8	-0.552621340229411	8	sous-entraînement	50% validation 3
#66C2A5	9	-0.568875675576983	9	sous-entraînement	50% validation 3
#FC8D62	10	-0.656992649457968	10	validation	50% validation 3
#66C2A5	11	0.334821441067167	11	sous-entraînement	50% validation 3
#FC8D62	12	0.222627647863225	12	validation	50% validation 3
#66C2A5	13	0.121519266167902	13	sous-entraînement	50% validation 3
#FC8D62	14	-0.0378266644956678	14	validation	50% validation 3
#FC8D62	15	0.296136416036393	15	validation	50% validation 3
#66C2A5	16	0.179149963320559	16	sous-entraînement	50% validation 3
#FC8D62	17	0.182024297912188	17	validation	50% validation 3
#FC8D62	18	0.278026945290612	18	validation	50% validation 3
#FC8D62	19	0.265765443731891	19	validation	50% validation 3
#66C2A5	20	0.243033456343833	20	sous-entraînement	50% validation 3
#66C2A5	21	-0.743730875249225	21	sous-entraînement	50% validation 3
#66C2A5	22	-0.757414982336941	22	sous-entraînement	50% validation 3
#66C2A5	23	-0.828172114073528	23	sous-entraînement	50% validation 3
#FC8D62	24	-1.03456378199638	24	validation	50% validation 3
#FC8D62	25	-0.773646037620576	25	validation	50% validation 3
#66C2A5	26	-0.841241486362947	26	sous-entraînement	50% validation 3
#FC8D62	27	-0.85120816308058	27	validation	50% validation 3
#FC8D62	28	-0.982703850799975	28	validation	50% validation 3
#FC8D62	29	-0.883443617920909	29	validation	50% validation 3
#FC8D62	30	-0.793834456390077	30	validation	50% validation 3
#66C2A5	31	1.7311487572907	31	sous-entraînement	50% validation 3
#FC8D62	32	1.58500202940349	32	validation	50% validation 3
#66C2A5	33	1.63404796329373	33	sous-entraînement	50% validation 3
#66C2A5	34	1.5899002980795	34	sous-entraînement	50% validation 3
#66C2A5	35	1.45757484645493	35	sous-entraînement	50% validation 3
#FC8D62	36	1.55378134580782	36	validation	50% validation 3
#66C2A5	37	1.55585180676676	37	sous-entraînement	50% validation 3
#66C2A5	38	1.58934946246667	38	sous-entraînement	50% validation 3
#FC8D62	39	1.70528333933618	39	validation	50% validation 3
#FC8D62	40	1.67159837698355	40	validation	50% validation 3
#66C2A5	41	0.313055412190002	41	sous-entraînement	50% validation 3
#66C2A5	42	0.30417160380171	42	sous-entraînement	50% validation 3
#66C2A5	43	0.399204109355834	43	sous-entraînement	50% validation 3
#66C2A5	44	0.385174091682726	44	sous-entraînement	50% validation 3
#FC8D62	45	0.260632202360409	45	validation	50% validation 3
#66C2A5	46	0.258758256119149	46	sous-entraînement	50% validation 3
#FC8D62	47	0.365965968029044	47	validation	50% validation 3
#FC8D62	48	0.406361064266902	48	validation	50% validation 3
#66C2A5	49	0.318273150600338	49	sous-entraînement	50% validation 3
#FC8D62	50	0.417618544460782	50	validation	50% validation 3
#FC8D62	1	-0.689099191816566	1	validation	50% validation 47
#66C2A5	2	-0.608089478320124	2	sous-entraînement	50% validation 47
#FC8D62	3	-0.710016671983337	3	validation	50% validation 47
#FC8D62	4	-0.466925730528553	4	validation	50% validation 47
#FC8D62	5	-0.593503033560796	5	validation	50% validation 47
#FC8D62	6	-0.708500649154134	6	validation	50% validation 47
#FC8D62	7	-0.577710905499484	7	validation	50% validation 47
#66C2A5	8	-0.552621340229411	8	sous-entraînement	50% validation 47
#66C2A5	9	-0.568875675576983	9	sous-entraînement	50% validation 47
#66C2A5	10	-0.656992649457968	10	sous-entraînement	50% validation 47
#FC8D62	11	0.334821441067167	11	validation	50% validation 47
#FC8D62	12	0.222627647863225	12	validation	50% validation 47
#66C2A5	13	0.121519266167902	13	sous-entraînement	50% validation 47
#66C2A5	14	-0.0378266644956678	14	sous-entraînement	50% validation 47
#FC8D62	15	0.296136416036393	15	validation	50% validation 47
#FC8D62	16	0.179149963320559	16	validation	50% validation 47
#66C2A5	17	0.182024297912188	17	sous-entraînement	50% validation 47
#66C2A5	18	0.278026945290612	18	sous-entraînement	50% validation 47
#66C2A5	19	0.265765443731891	19	sous-entraînement	50% validation 47
#FC8D62	20	0.243033456343833	20	validation	50% validation 47
#FC8D62	21	-0.743730875249225	21	validation	50% validation 47
#FC8D62	22	-0.757414982336941	22	validation	50% validation 47
#FC8D62	23	-0.828172114073528	23	validation	50% validation 47
#FC8D62	24	-1.03456378199638	24	validation	50% validation 47
#66C2A5	25	-0.773646037620576	25	sous-entraînement	50% validation 47
#66C2A5	26	-0.841241486362947	26	sous-entraînement	50% validation 47
#66C2A5	27	-0.85120816308058	27	sous-entraînement	50% validation 47
#66C2A5	28	-0.982703850799975	28	sous-entraînement	50% validation 47
#66C2A5	29	-0.883443617920909	29	sous-entraînement	50% validation 47
#FC8D62	30	-0.793834456390077	30	validation	50% validation 47
#66C2A5	31	1.7311487572907	31	sous-entraînement	50% validation 47
#66C2A5	32	1.58500202940349	32	sous-entraînement	50% validation 47
#FC8D62	33	1.63404796329373	33	validation	50% validation 47
#66C2A5	34	1.5899002980795	34	sous-entraînement	50% validation 47
#66C2A5	35	1.45757484645493	35	sous-entraînement	50% validation 47
#FC8D62	36	1.55378134580782	36	validation	50% validation 47
#66C2A5	37	1.55585180676676	37	sous-entraînement	50% validation 47
#66C2A5	38	1.58934946246667	38	sous-entraînement	50% validation 47
#66C2A5	39	1.70528333933618	39	sous-entraînement	50% validation 47
#FC8D62	40	1.67159837698355	40	validation	50% validation 47
#66C2A5	41	0.313055412190002	41	sous-entraînement	50% validation 47
#66C2A5	42	0.30417160380171	42	sous-entraînement	50% validation 47
#FC8D62	43	0.399204109355834	43	validation	50% validation 47
#FC8D62	44	0.385174091682726	44	validation	50% validation 47
#FC8D62	45	0.260632202360409	45	validation	50% validation 47
#FC8D62	46	0.258758256119149	46	validation	50% validation 47
#66C2A5	47	0.365965968029044	47	sous-entraînement	50% validation 47
#66C2A5	48	0.406361064266902	48	sous-entraînement	50% validation 47
#FC8D62	49	0.318273150600338	49	validation	50% validation 47
#FC8D62	50	0.417618544460782	50	validation	50% validation 47
#66C2A5	1	-0.689099191816566	1	sous-entraînement	50% validation 76
#66C2A5	2	-0.608089478320124	2	sous-entraînement	50% validation 76
#66C2A5	3	-0.710016671983337	3	sous-entraînement	50% validation 76
#66C2A5	4	-0.466925730528553	4	sous-entraînement	50% validation 76
#66C2A5	5	-0.593503033560796	5	sous-entraînement	50% validation 76
#FC8D62	6	-0.708500649154134	6	validation	50% validation 76
#66C2A5	7	-0.577710905499484	7	sous-entraînement	50% validation 76
#66C2A5	8	-0.552621340229411	8	sous-entraînement	50% validation 76
#FC8D62	9	-0.568875675576983	9	validation	50% validation 76
#FC8D62	10	-0.656992649457968	10	validation	50% validation 76
#66C2A5	11	0.334821441067167	11	sous-entraînement	50% validation 76
#FC8D62	12	0.222627647863225	12	validation	50% validation 76
#FC8D62	13	0.121519266167902	13	validation	50% validation 76
#FC8D62	14	-0.0378266644956678	14	validation	50% validation 76
#FC8D62	15	0.296136416036393	15	validation	50% validation 76
#FC8D62	16	0.179149963320559	16	validation	50% validation 76
#66C2A5	17	0.182024297912188	17	sous-entraînement	50% validation 76
#66C2A5	18	0.278026945290612	18	sous-entraînement	50% validation 76
#66C2A5	19	0.265765443731891	19	sous-entraînement	50% validation 76
#66C2A5	20	0.243033456343833	20	sous-entraînement	50% validation 76
#66C2A5	21	-0.743730875249225	21	sous-entraînement	50% validation 76
#FC8D62	22	-0.757414982336941	22	validation	50% validation 76
#FC8D62	23	-0.828172114073528	23	validation	50% validation 76
#FC8D62	24	-1.03456378199638	24	validation	50% validation 76
#FC8D62	25	-0.773646037620576	25	validation	50% validation 76
#66C2A5	26	-0.841241486362947	26	sous-entraînement	50% validation 76
#66C2A5	27	-0.85120816308058	27	sous-entraînement	50% validation 76
#FC8D62	28	-0.982703850799975	28	validation	50% validation 76
#66C2A5	29	-0.883443617920909	29	sous-entraînement	50% validation 76
#FC8D62	30	-0.793834456390077	30	validation	50% validation 76
#FC8D62	31	1.7311487572907	31	validation	50% validation 76
#66C2A5	32	1.58500202940349	32	sous-entraînement	50% validation 76
#66C2A5	33	1.63404796329373	33	sous-entraînement	50% validation 76
#66C2A5	34	1.5899002980795	34	sous-entraînement	50% validation 76
#FC8D62	35	1.45757484645493	35	validation	50% validation 76
#FC8D62	36	1.55378134580782	36	validation	50% validation 76
#66C2A5	37	1.55585180676676	37	sous-entraînement	50% validation 76
#66C2A5	38	1.58934946246667	38	sous-entraînement	50% validation 76
#FC8D62	39	1.70528333933618	39	validation	50% validation 76
#FC8D62	40	1.67159837698355	40	validation	50% validation 76
#66C2A5	41	0.313055412190002	41	sous-entraînement	50% validation 76
#FC8D62	42	0.30417160380171	42	validation	50% validation 76
#66C2A5	43	0.399204109355834	43	sous-entraînement	50% validation 76
#FC8D62	44	0.385174091682726	44	validation	50% validation 76
#FC8D62	45	0.260632202360409	45	validation	50% validation 76
#FC8D62	46	0.258758256119149	46	validation	50% validation 76
#FC8D62	47	0.365965968029044	47	validation	50% validation 76
#66C2A5	48	0.406361064266902	48	sous-entraînement	50% validation 76
#FC8D62	49	0.318273150600338	49	validation	50% validation 76
#66C2A5	50	0.417618544460782	50	sous-entraînement	50% validation 76
#66C2A5	1	-0.689099191816566	1	sous-entraînement	50% validation 97
#FC8D62	2	-0.608089478320124	2	validation	50% validation 97
#66C2A5	3	-0.710016671983337	3	sous-entraînement	50% validation 97
#FC8D62	4	-0.466925730528553	4	validation	50% validation 97
#FC8D62	5	-0.593503033560796	5	validation	50% validation 97
#66C2A5	6	-0.708500649154134	6	sous-entraînement	50% validation 97
#FC8D62	7	-0.577710905499484	7	validation	50% validation 97
#FC8D62	8	-0.552621340229411	8	validation	50% validation 97
#66C2A5	9	-0.568875675576983	9	sous-entraînement	50% validation 97
#FC8D62	10	-0.656992649457968	10	validation	50% validation 97
#FC8D62	11	0.334821441067167	11	validation	50% validation 97
#66C2A5	12	0.222627647863225	12	sous-entraînement	50% validation 97
#FC8D62	13	0.121519266167902	13	validation	50% validation 97
#66C2A5	14	-0.0378266644956678	14	sous-entraînement	50% validation 97
#FC8D62	15	0.296136416036393	15	validation	50% validation 97
#FC8D62	16	0.179149963320559	16	validation	50% validation 97
#66C2A5	17	0.182024297912188	17	sous-entraînement	50% validation 97
#66C2A5	18	0.278026945290612	18	sous-entraînement	50% validation 97
#66C2A5	19	0.265765443731891	19	sous-entraînement	50% validation 97
#66C2A5	20	0.243033456343833	20	sous-entraînement	50% validation 97
#66C2A5	21	-0.743730875249225	21	sous-entraînement	50% validation 97
#66C2A5	22	-0.757414982336941	22	sous-entraînement	50% validation 97
#FC8D62	23	-0.828172114073528	23	validation	50% validation 97
#66C2A5	24	-1.03456378199638	24	sous-entraînement	50% validation 97
#66C2A5	25	-0.773646037620576	25	sous-entraînement	50% validation 97
#66C2A5	26	-0.841241486362947	26	sous-entraînement	50% validation 97
#FC8D62	27	-0.85120816308058	27	validation	50% validation 97
#66C2A5	28	-0.982703850799975	28	sous-entraînement	50% validation 97
#FC8D62	29	-0.883443617920909	29	validation	50% validation 97
#66C2A5	30	-0.793834456390077	30	sous-entraînement	50% validation 97
#FC8D62	31	1.7311487572907	31	validation	50% validation 97
#66C2A5	32	1.58500202940349	32	sous-entraînement	50% validation 97
#FC8D62	33	1.63404796329373	33	validation	50% validation 97
#FC8D62	34	1.5899002980795	34	validation	50% validation 97
#FC8D62	35	1.45757484645493	35	validation	50% validation 97
#FC8D62	36	1.55378134580782	36	validation	50% validation 97
#66C2A5	37	1.55585180676676	37	sous-entraînement	50% validation 97
#66C2A5	38	1.58934946246667	38	sous-entraînement	50% validation 97
#66C2A5	39	1.70528333933618	39	sous-entraînement	50% validation 97
#FC8D62	40	1.67159837698355	40	validation	50% validation 97
#66C2A5	41	0.313055412190002	41	sous-entraînement	50% validation 97
#66C2A5	42	0.30417160380171	42	sous-entraînement	50% validation 97
#FC8D62	43	0.399204109355834	43	validation	50% validation 97
#66C2A5	44	0.385174091682726	44	sous-entraînement	50% validation 97
#FC8D62	45	0.260632202360409	45	validation	50% validation 97
#FC8D62	46	0.258758256119149	46	validation	50% validation 97
#FC8D62	47	0.365965968029044	47	validation	50% validation 97
#66C2A5	48	0.406361064266902	48	sous-entraînement	50% validation 97
#FC8D62	49	0.318273150600338	49	validation	50% validation 97
#FC8D62	50	0.417618544460782	50	validation	50% validation 97
#FC8D62	1	-0.689099191816566	1	validation	50% validation 88
#FC8D62	2	-0.608089478320124	2	validation	50% validation 88
#66C2A5	3	-0.710016671983337	3	sous-entraînement	50% validation 88
#FC8D62	4	-0.466925730528553	4	validation	50% validation 88
#66C2A5	5	-0.593503033560796	5	sous-entraînement	50% validation 88
#FC8D62	6	-0.708500649154134	6	validation	50% validation 88
#66C2A5	7	-0.577710905499484	7	sous-entraînement	50% validation 88
#66C2A5	8	-0.552621340229411	8	sous-entraînement	50% validation 88
#66C2A5	9	-0.568875675576983	9	sous-entraînement	50% validation 88
#66C2A5	10	-0.656992649457968	10	sous-entraînement	50% validation 88
#66C2A5	11	0.334821441067167	11	sous-entraînement	50% validation 88
#FC8D62	12	0.222627647863225	12	validation	50% validation 88
#66C2A5	13	0.121519266167902	13	sous-entraînement	50% validation 88
#66C2A5	14	-0.0378266644956678	14	sous-entraînement	50% validation 88
#66C2A5	15	0.296136416036393	15	sous-entraînement	50% validation 88
#FC8D62	16	0.179149963320559	16	validation	50% validation 88
#66C2A5	17	0.182024297912188	17	sous-entraînement	50% validation 88
#FC8D62	18	0.278026945290612	18	validation	50% validation 88
#FC8D62	19	0.265765443731891	19	validation	50% validation 88
#FC8D62	20	0.243033456343833	20	validation	50% validation 88
#FC8D62	21	-0.743730875249225	21	validation	50% validation 88
#FC8D62	22	-0.757414982336941	22	validation	50% validation 88
#66C2A5	23	-0.828172114073528	23	sous-entraînement	50% validation 88
#66C2A5	24	-1.03456378199638	24	sous-entraînement	50% validation 88
#FC8D62	25	-0.773646037620576	25	validation	50% validation 88
#FC8D62	26	-0.841241486362947	26	validation	50% validation 88
#FC8D62	27	-0.85120816308058	27	validation	50% validation 88
#FC8D62	28	-0.982703850799975	28	validation	50% validation 88
#FC8D62	29	-0.883443617920909	29	validation	50% validation 88
#FC8D62	30	-0.793834456390077	30	validation	50% validation 88
#FC8D62	31	1.7311487572907	31	validation	50% validation 88
#66C2A5	32	1.58500202940349	32	sous-entraînement	50% validation 88
#66C2A5	33	1.63404796329373	33	sous-entraînement	50% validation 88
#66C2A5	34	1.5899002980795	34	sous-entraînement	50% validation 88
#66C2A5	35	1.45757484645493	35	sous-entraînement	50% validation 88
#FC8D62	36	1.55378134580782	36	validation	50% validation 88
#FC8D62	37	1.55585180676676	37	validation	50% validation 88
#66C2A5	38	1.58934946246667	38	sous-entraînement	50% validation 88
#FC8D62	39	1.70528333933618	39	validation	50% validation 88
#66C2A5	40	1.67159837698355	40	sous-entraînement	50% validation 88
#66C2A5	41	0.313055412190002	41	sous-entraînement	50% validation 88
#66C2A5	42	0.30417160380171	42	sous-entraînement	50% validation 88
#FC8D62	43	0.399204109355834	43	validation	50% validation 88
#66C2A5	44	0.385174091682726	44	sous-entraînement	50% validation 88
#FC8D62	45	0.260632202360409	45	validation	50% validation 88
#FC8D62	46	0.258758256119149	46	validation	50% validation 88
#66C2A5	47	0.365965968029044	47	sous-entraînement	50% validation 88
#66C2A5	48	0.406361064266902	48	sous-entraînement	50% validation 88
#66C2A5	49	0.318273150600338	49	sous-entraînement	50% validation 88
#FC8D62	50	0.417618544460782	50	validation	50% validation 88
#FC8D62	1	-0.689099191816566	1	validation	50% validation 62
#FC8D62	2	-0.608089478320124	2	validation	50% validation 62
#FC8D62	3	-0.710016671983337	3	validation	50% validation 62
#66C2A5	4	-0.466925730528553	4	sous-entraînement	50% validation 62
#FC8D62	5	-0.593503033560796	5	validation	50% validation 62
#66C2A5	6	-0.708500649154134	6	sous-entraînement	50% validation 62
#FC8D62	7	-0.577710905499484	7	validation	50% validation 62
#FC8D62	8	-0.552621340229411	8	validation	50% validation 62
#66C2A5	9	-0.568875675576983	9	sous-entraînement	50% validation 62
#FC8D62	10	-0.656992649457968	10	validation	50% validation 62
#FC8D62	11	0.334821441067167	11	validation	50% validation 62
#FC8D62	12	0.222627647863225	12	validation	50% validation 62
#FC8D62	13	0.121519266167902	13	validation	50% validation 62
#FC8D62	14	-0.0378266644956678	14	validation	50% validation 62
#FC8D62	15	0.296136416036393	15	validation	50% validation 62
#FC8D62	16	0.179149963320559	16	validation	50% validation 62
#66C2A5	17	0.182024297912188	17	sous-entraînement	50% validation 62
#FC8D62	18	0.278026945290612	18	validation	50% validation 62
#FC8D62	19	0.265765443731891	19	validation	50% validation 62
#FC8D62	20	0.243033456343833	20	validation	50% validation 62
#66C2A5	21	-0.743730875249225	21	sous-entraînement	50% validation 62
#66C2A5	22	-0.757414982336941	22	sous-entraînement	50% validation 62
#66C2A5	23	-0.828172114073528	23	sous-entraînement	50% validation 62
#FC8D62	24	-1.03456378199638	24	validation	50% validation 62
#66C2A5	25	-0.773646037620576	25	sous-entraînement	50% validation 62
#66C2A5	26	-0.841241486362947	26	sous-entraînement	50% validation 62
#FC8D62	27	-0.85120816308058	27	validation	50% validation 62
#66C2A5	28	-0.982703850799975	28	sous-entraînement	50% validation 62
#66C2A5	29	-0.883443617920909	29	sous-entraînement	50% validation 62
#66C2A5	30	-0.793834456390077	30	sous-entraînement	50% validation 62
#66C2A5	31	1.7311487572907	31	sous-entraînement	50% validation 62
#66C2A5	32	1.58500202940349	32	sous-entraînement	50% validation 62
#66C2A5	33	1.63404796329373	33	sous-entraînement	50% validation 62
#FC8D62	34	1.5899002980795	34	validation	50% validation 62
#FC8D62	35	1.45757484645493	35	validation	50% validation 62
#66C2A5	36	1.55378134580782	36	sous-entraînement	50% validation 62
#FC8D62	37	1.55585180676676	37	validation	50% validation 62
#66C2A5	38	1.58934946246667	38	sous-entraînement	50% validation 62
#FC8D62	39	1.70528333933618	39	validation	50% validation 62
#FC8D62	40	1.67159837698355	40	validation	50% validation 62
#66C2A5	41	0.313055412190002	41	sous-entraînement	50% validation 62
#FC8D62	42	0.30417160380171	42	validation	50% validation 62
#66C2A5	43	0.399204109355834	43	sous-entraînement	50% validation 62
#66C2A5	44	0.385174091682726	44	sous-entraînement	50% validation 62
#FC8D62	45	0.260632202360409	45	validation	50% validation 62
#66C2A5	46	0.258758256119149	46	sous-entraînement	50% validation 62
#66C2A5	47	0.365965968029044	47	sous-entraînement	50% validation 62
#66C2A5	48	0.406361064266902	48	sous-entraînement	50% validation 62
#66C2A5	49	0.318273150600338	49	sous-entraînement	50% validation 62
#66C2A5	50	0.417618544460782	50	sous-entraînement	50% validation 62
#FC8D62	1	-0.689099191816566	1	validation	50% validation 95
#FC8D62	2	-0.608089478320124	2	validation	50% validation 95
#FC8D62	3	-0.710016671983337	3	validation	50% validation 95
#FC8D62	4	-0.466925730528553	4	validation	50% validation 95
#FC8D62	5	-0.593503033560796	5	validation	50% validation 95
#66C2A5	6	-0.708500649154134	6	sous-entraînement	50% validation 95
#66C2A5	7	-0.577710905499484	7	sous-entraînement	50% validation 95
#66C2A5	8	-0.552621340229411	8	sous-entraînement	50% validation 95
#66C2A5	9	-0.568875675576983	9	sous-entraînement	50% validation 95
#66C2A5	10	-0.656992649457968	10	sous-entraînement	50% validation 95
#66C2A5	11	0.334821441067167	11	sous-entraînement	50% validation 95
#66C2A5	12	0.222627647863225	12	sous-entraînement	50% validation 95
#FC8D62	13	0.121519266167902	13	validation	50% validation 95
#66C2A5	14	-0.0378266644956678	14	sous-entraînement	50% validation 95
#66C2A5	15	0.296136416036393	15	sous-entraînement	50% validation 95
#FC8D62	16	0.179149963320559	16	validation	50% validation 95
#66C2A5	17	0.182024297912188	17	sous-entraînement	50% validation 95
#FC8D62	18	0.278026945290612	18	validation	50% validation 95
#FC8D62	19	0.265765443731891	19	validation	50% validation 95
#FC8D62	20	0.243033456343833	20	validation	50% validation 95
#66C2A5	21	-0.743730875249225	21	sous-entraînement	50% validation 95
#FC8D62	22	-0.757414982336941	22	validation	50% validation 95
#66C2A5	23	-0.828172114073528	23	sous-entraînement	50% validation 95
#FC8D62	24	-1.03456378199638	24	validation	50% validation 95
#66C2A5	25	-0.773646037620576	25	sous-entraînement	50% validation 95
#FC8D62	26	-0.841241486362947	26	validation	50% validation 95
#FC8D62	27	-0.85120816308058	27	validation	50% validation 95
#FC8D62	28	-0.982703850799975	28	validation	50% validation 95
#66C2A5	29	-0.883443617920909	29	sous-entraînement	50% validation 95
#66C2A5	30	-0.793834456390077	30	sous-entraînement	50% validation 95
#FC8D62	31	1.7311487572907	31	validation	50% validation 95
#66C2A5	32	1.58500202940349	32	sous-entraînement	50% validation 95
#FC8D62	33	1.63404796329373	33	validation	50% validation 95
#66C2A5	34	1.5899002980795	34	sous-entraînement	50% validation 95
#FC8D62	35	1.45757484645493	35	validation	50% validation 95
#FC8D62	36	1.55378134580782	36	validation	50% validation 95
#FC8D62	37	1.55585180676676	37	validation	50% validation 95
#FC8D62	38	1.58934946246667	38	validation	50% validation 95
#FC8D62	39	1.70528333933618	39	validation	50% validation 95
#66C2A5	40	1.67159837698355	40	sous-entraînement	50% validation 95
#66C2A5	41	0.313055412190002	41	sous-entraînement	50% validation 95
#66C2A5	42	0.30417160380171	42	sous-entraînement	50% validation 95
#FC8D62	43	0.399204109355834	43	validation	50% validation 95
#FC8D62	44	0.385174091682726	44	validation	50% validation 95
#66C2A5	45	0.260632202360409	45	sous-entraînement	50% validation 95
#66C2A5	46	0.258758256119149	46	sous-entraînement	50% validation 95
#FC8D62	47	0.365965968029044	47	validation	50% validation 95
#66C2A5	48	0.406361064266902	48	sous-entraînement	50% validation 95
#66C2A5	49	0.318273150600338	49	sous-entraînement	50% validation 95
#66C2A5	50	0.417618544460782	50	sous-entraînement	50% validation 95
#FC8D62	1	-0.689099191816566	1	validation	50% validation 48
#66C2A5	2	-0.608089478320124	2	sous-entraînement	50% validation 48
#FC8D62	3	-0.710016671983337	3	validation	50% validation 48
#66C2A5	4	-0.466925730528553	4	sous-entraînement	50% validation 48
#FC8D62	5	-0.593503033560796	5	validation	50% validation 48
#FC8D62	6	-0.708500649154134	6	validation	50% validation 48
#66C2A5	7	-0.577710905499484	7	sous-entraînement	50% validation 48
#66C2A5	8	-0.552621340229411	8	sous-entraînement	50% validation 48
#FC8D62	9	-0.568875675576983	9	validation	50% validation 48
#66C2A5	10	-0.656992649457968	10	sous-entraînement	50% validation 48
#FC8D62	11	0.334821441067167	11	validation	50% validation 48
#FC8D62	12	0.222627647863225	12	validation	50% validation 48
#FC8D62	13	0.121519266167902	13	validation	50% validation 48
#66C2A5	14	-0.0378266644956678	14	sous-entraînement	50% validation 48
#66C2A5	15	0.296136416036393	15	sous-entraînement	50% validation 48
#FC8D62	16	0.179149963320559	16	validation	50% validation 48
#66C2A5	17	0.182024297912188	17	sous-entraînement	50% validation 48
#66C2A5	18	0.278026945290612	18	sous-entraînement	50% validation 48
#66C2A5	19	0.265765443731891	19	sous-entraînement	50% validation 48
#FC8D62	20	0.243033456343833	20	validation	50% validation 48
#66C2A5	21	-0.743730875249225	21	sous-entraînement	50% validation 48
#66C2A5	22	-0.757414982336941	22	sous-entraînement	50% validation 48
#FC8D62	23	-0.828172114073528	23	validation	50% validation 48
#66C2A5	24	-1.03456378199638	24	sous-entraînement	50% validation 48
#FC8D62	25	-0.773646037620576	25	validation	50% validation 48
#66C2A5	26	-0.841241486362947	26	sous-entraînement	50% validation 48
#66C2A5	27	-0.85120816308058	27	sous-entraînement	50% validation 48
#FC8D62	28	-0.982703850799975	28	validation	50% validation 48
#66C2A5	29	-0.883443617920909	29	sous-entraînement	50% validation 48
#FC8D62	30	-0.793834456390077	30	validation	50% validation 48
#66C2A5	31	1.7311487572907	31	sous-entraînement	50% validation 48
#66C2A5	32	1.58500202940349	32	sous-entraînement	50% validation 48
#FC8D62	33	1.63404796329373	33	validation	50% validation 48
#66C2A5	34	1.5899002980795	34	sous-entraînement	50% validation 48
#66C2A5	35	1.45757484645493	35	sous-entraînement	50% validation 48
#FC8D62	36	1.55378134580782	36	validation	50% validation 48
#66C2A5	37	1.55585180676676	37	sous-entraînement	50% validation 48
#FC8D62	38	1.58934946246667	38	validation	50% validation 48
#FC8D62	39	1.70528333933618	39	validation	50% validation 48
#FC8D62	40	1.67159837698355	40	validation	50% validation 48
#FC8D62	41	0.313055412190002	41	validation	50% validation 48
#66C2A5	42	0.30417160380171	42	sous-entraînement	50% validation 48
#66C2A5	43	0.399204109355834	43	sous-entraînement	50% validation 48
#FC8D62	44	0.385174091682726	44	validation	50% validation 48
#FC8D62	45	0.260632202360409	45	validation	50% validation 48
#66C2A5	46	0.258758256119149	46	sous-entraînement	50% validation 48
#FC8D62	47	0.365965968029044	47	validation	50% validation 48
#FC8D62	48	0.406361064266902	48	validation	50% validation 48
#66C2A5	49	0.318273150600338	49	sous-entraînement	50% validation 48
#FC8D62	50	0.417618544460782	50	validation	50% validation 48
#66C2A5	1	-0.689099191816566	1	sous-entraînement	50% validation 49
#FC8D62	2	-0.608089478320124	2	validation	50% validation 49
#66C2A5	3	-0.710016671983337	3	sous-entraînement	50% validation 49
#66C2A5	4	-0.466925730528553	4	sous-entraînement	50% validation 49
#FC8D62	5	-0.593503033560796	5	validation	50% validation 49
#66C2A5	6	-0.708500649154134	6	sous-entraînement	50% validation 49
#66C2A5	7	-0.577710905499484	7	sous-entraînement	50% validation 49
#FC8D62	8	-0.552621340229411	8	validation	50% validation 49
#FC8D62	9	-0.568875675576983	9	validation	50% validation 49
#FC8D62	10	-0.656992649457968	10	validation	50% validation 49
#66C2A5	11	0.334821441067167	11	sous-entraînement	50% validation 49
#66C2A5	12	0.222627647863225	12	sous-entraînement	50% validation 49
#FC8D62	13	0.121519266167902	13	validation	50% validation 49
#66C2A5	14	-0.0378266644956678	14	sous-entraînement	50% validation 49
#66C2A5	15	0.296136416036393	15	sous-entraînement	50% validation 49
#FC8D62	16	0.179149963320559	16	validation	50% validation 49
#66C2A5	17	0.182024297912188	17	sous-entraînement	50% validation 49
#FC8D62	18	0.278026945290612	18	validation	50% validation 49
#66C2A5	19	0.265765443731891	19	sous-entraînement	50% validation 49
#FC8D62	20	0.243033456343833	20	validation	50% validation 49
#FC8D62	21	-0.743730875249225	21	validation	50% validation 49
#66C2A5	22	-0.757414982336941	22	sous-entraînement	50% validation 49
#66C2A5	23	-0.828172114073528	23	sous-entraînement	50% validation 49
#66C2A5	24	-1.03456378199638	24	sous-entraînement	50% validation 49
#FC8D62	25	-0.773646037620576	25	validation	50% validation 49
#FC8D62	26	-0.841241486362947	26	validation	50% validation 49
#66C2A5	27	-0.85120816308058	27	sous-entraînement	50% validation 49
#FC8D62	28	-0.982703850799975	28	validation	50% validation 49
#FC8D62	29	-0.883443617920909	29	validation	50% validation 49
#FC8D62	30	-0.793834456390077	30	validation	50% validation 49
#FC8D62	31	1.7311487572907	31	validation	50% validation 49
#66C2A5	32	1.58500202940349	32	sous-entraînement	50% validation 49
#66C2A5	33	1.63404796329373	33	sous-entraînement	50% validation 49
#FC8D62	34	1.5899002980795	34	validation	50% validation 49
#66C2A5	35	1.45757484645493	35	sous-entraînement	50% validation 49
#FC8D62	36	1.55378134580782	36	validation	50% validation 49
#66C2A5	37	1.55585180676676	37	sous-entraînement	50% validation 49
#66C2A5	38	1.58934946246667	38	sous-entraînement	50% validation 49
#FC8D62	39	1.70528333933618	39	validation	50% validation 49
#FC8D62	40	1.67159837698355	40	validation	50% validation 49
#FC8D62	41	0.313055412190002	41	validation	50% validation 49
#FC8D62	42	0.30417160380171	42	validation	50% validation 49
#66C2A5	43	0.399204109355834	43	sous-entraînement	50% validation 49
#66C2A5	44	0.385174091682726	44	sous-entraînement	50% validation 49
#66C2A5	45	0.260632202360409	45	sous-entraînement	50% validation 49
#FC8D62	46	0.258758256119149	46	validation	50% validation 49
#FC8D62	47	0.365965968029044	47	validation	50% validation 49
#FC8D62	48	0.406361064266902	48	validation	50% validation 49
#66C2A5	49	0.318273150600338	49	sous-entraînement	50% validation 49
#66C2A5	50	0.417618544460782	50	sous-entraînement	50% validation 49
#66C2A5	1	-0.689099191816566	1	sous-entraînement	50% validation 15
#66C2A5	2	-0.608089478320124	2	sous-entraînement	50% validation 15
#FC8D62	3	-0.710016671983337	3	validation	50% validation 15
#FC8D62	4	-0.466925730528553	4	validation	50% validation 15
#66C2A5	5	-0.593503033560796	5	sous-entraînement	50% validation 15
#66C2A5	6	-0.708500649154134	6	sous-entraînement	50% validation 15
#66C2A5	7	-0.577710905499484	7	sous-entraînement	50% validation 15
#66C2A5	8	-0.552621340229411	8	sous-entraînement	50% validation 15
#66C2A5	9	-0.568875675576983	9	sous-entraînement	50% validation 15
#66C2A5	10	-0.656992649457968	10	sous-entraînement	50% validation 15
#FC8D62	11	0.334821441067167	11	validation	50% validation 15
#66C2A5	12	0.222627647863225	12	sous-entraînement	50% validation 15
#66C2A5	13	0.121519266167902	13	sous-entraînement	50% validation 15
#FC8D62	14	-0.0378266644956678	14	validation	50% validation 15
#FC8D62	15	0.296136416036393	15	validation	50% validation 15
#FC8D62	16	0.179149963320559	16	validation	50% validation 15
#FC8D62	17	0.182024297912188	17	validation	50% validation 15
#66C2A5	18	0.278026945290612	18	sous-entraînement	50% validation 15
#66C2A5	19	0.265765443731891	19	sous-entraînement	50% validation 15
#66C2A5	20	0.243033456343833	20	sous-entraînement	50% validation 15
#FC8D62	21	-0.743730875249225	21	validation	50% validation 15
#FC8D62	22	-0.757414982336941	22	validation	50% validation 15
#FC8D62	23	-0.828172114073528	23	validation	50% validation 15
#66C2A5	24	-1.03456378199638	24	sous-entraînement	50% validation 15
#66C2A5	25	-0.773646037620576	25	sous-entraînement	50% validation 15
#FC8D62	26	-0.841241486362947	26	validation	50% validation 15
#66C2A5	27	-0.85120816308058	27	sous-entraînement	50% validation 15
#FC8D62	28	-0.982703850799975	28	validation	50% validation 15
#66C2A5	29	-0.883443617920909	29	sous-entraînement	50% validation 15
#66C2A5	30	-0.793834456390077	30	sous-entraînement	50% validation 15
#FC8D62	31	1.7311487572907	31	validation	50% validation 15
#FC8D62	32	1.58500202940349	32	validation	50% validation 15
#66C2A5	33	1.63404796329373	33	sous-entraînement	50% validation 15
#FC8D62	34	1.5899002980795	34	validation	50% validation 15
#66C2A5	35	1.45757484645493	35	sous-entraînement	50% validation 15
#66C2A5	36	1.55378134580782	36	sous-entraînement	50% validation 15
#FC8D62	37	1.55585180676676	37	validation	50% validation 15
#FC8D62	38	1.58934946246667	38	validation	50% validation 15
#FC8D62	39	1.70528333933618	39	validation	50% validation 15
#FC8D62	40	1.67159837698355	40	validation	50% validation 15
#FC8D62	41	0.313055412190002	41	validation	50% validation 15
#66C2A5	42	0.30417160380171	42	sous-entraînement	50% validation 15
#66C2A5	43	0.399204109355834	43	sous-entraînement	50% validation 15
#FC8D62	44	0.385174091682726	44	validation	50% validation 15
#FC8D62	45	0.260632202360409	45	validation	50% validation 15
#66C2A5	46	0.258758256119149	46	sous-entraînement	50% validation 15
#FC8D62	47	0.365965968029044	47	validation	50% validation 15
#66C2A5	48	0.406361064266902	48	sous-entraînement	50% validation 15
#FC8D62	49	0.318273150600338	49	validation	50% validation 15
#FC8D62	50	0.417618544460782	50	validation	50% validation 15
#66C2A5	1	-0.689099191816566	1	sous-entraînement	50% validation 16
#66C2A5	2	-0.608089478320124	2	sous-entraînement	50% validation 16
#FC8D62	3	-0.710016671983337	3	validation	50% validation 16
#FC8D62	4	-0.466925730528553	4	validation	50% validation 16
#FC8D62	5	-0.593503033560796	5	validation	50% validation 16
#FC8D62	6	-0.708500649154134	6	validation	50% validation 16
#FC8D62	7	-0.577710905499484	7	validation	50% validation 16
#FC8D62	8	-0.552621340229411	8	validation	50% validation 16
#FC8D62	9	-0.568875675576983	9	validation	50% validation 16
#66C2A5	10	-0.656992649457968	10	sous-entraînement	50% validation 16
#66C2A5	11	0.334821441067167	11	sous-entraînement	50% validation 16
#66C2A5	12	0.222627647863225	12	sous-entraînement	50% validation 16
#FC8D62	13	0.121519266167902	13	validation	50% validation 16
#FC8D62	14	-0.0378266644956678	14	validation	50% validation 16
#FC8D62	15	0.296136416036393	15	validation	50% validation 16
#FC8D62	16	0.179149963320559	16	validation	50% validation 16
#66C2A5	17	0.182024297912188	17	sous-entraînement	50% validation 16
#66C2A5	18	0.278026945290612	18	sous-entraînement	50% validation 16
#FC8D62	19	0.265765443731891	19	validation	50% validation 16
#66C2A5	20	0.243033456343833	20	sous-entraînement	50% validation 16
#FC8D62	21	-0.743730875249225	21	validation	50% validation 16
#66C2A5	22	-0.757414982336941	22	sous-entraînement	50% validation 16
#FC8D62	23	-0.828172114073528	23	validation	50% validation 16
#66C2A5	24	-1.03456378199638	24	sous-entraînement	50% validation 16
#66C2A5	25	-0.773646037620576	25	sous-entraînement	50% validation 16
#66C2A5	26	-0.841241486362947	26	sous-entraînement	50% validation 16
#FC8D62	27	-0.85120816308058	27	validation	50% validation 16
#66C2A5	28	-0.982703850799975	28	sous-entraînement	50% validation 16
#FC8D62	29	-0.883443617920909	29	validation	50% validation 16
#66C2A5	30	-0.793834456390077	30	sous-entraînement	50% validation 16
#FC8D62	31	1.7311487572907	31	validation	50% validation 16
#FC8D62	32	1.58500202940349	32	validation	50% validation 16
#66C2A5	33	1.63404796329373	33	sous-entraînement	50% validation 16
#66C2A5	34	1.5899002980795	34	sous-entraînement	50% validation 16
#66C2A5	35	1.45757484645493	35	sous-entraînement	50% validation 16
#FC8D62	36	1.55378134580782	36	validation	50% validation 16
#66C2A5	37	1.55585180676676	37	sous-entraînement	50% validation 16
#66C2A5	38	1.58934946246667	38	sous-entraînement	50% validation 16
#FC8D62	39	1.70528333933618	39	validation	50% validation 16
#FC8D62	40	1.67159837698355	40	validation	50% validation 16
#66C2A5	41	0.313055412190002	41	sous-entraînement	50% validation 16
#66C2A5	42	0.30417160380171	42	sous-entraînement	50% validation 16
#66C2A5	43	0.399204109355834	43	sous-entraînement	50% validation 16
#66C2A5	44	0.385174091682726	44	sous-entraînement	50% validation 16
#66C2A5	45	0.260632202360409	45	sous-entraînement	50% validation 16
#FC8D62	46	0.258758256119149	46	validation	50% validation 16
#66C2A5	47	0.365965968029044	47	sous-entraînement	50% validation 16
#FC8D62	48	0.406361064266902	48	validation	50% validation 16
#FC8D62	49	0.318273150600338	49	validation	50% validation 16
#FC8D62	50	0.417618544460782	50	validation	50% validation 16
#66C2A5	1	-0.689099191816566	1	sous-entraînement	50% validation 17
#66C2A5	2	-0.608089478320124	2	sous-entraînement	50% validation 17
#66C2A5	3	-0.710016671983337	3	sous-entraînement	50% validation 17
#FC8D62	4	-0.466925730528553	4	validation	50% validation 17
#FC8D62	5	-0.593503033560796	5	validation	50% validation 17
#FC8D62	6	-0.708500649154134	6	validation	50% validation 17
#66C2A5	7	-0.577710905499484	7	sous-entraînement	50% validation 17
#FC8D62	8	-0.552621340229411	8	validation	50% validation 17
#66C2A5	9	-0.568875675576983	9	sous-entraînement	50% validation 17
#FC8D62	10	-0.656992649457968	10	validation	50% validation 17
#66C2A5	11	0.334821441067167	11	sous-entraînement	50% validation 17
#66C2A5	12	0.222627647863225	12	sous-entraînement	50% validation 17
#FC8D62	13	0.121519266167902	13	validation	50% validation 17
#66C2A5	14	-0.0378266644956678	14	sous-entraînement	50% validation 17
#66C2A5	15	0.296136416036393	15	sous-entraînement	50% validation 17
#66C2A5	16	0.179149963320559	16	sous-entraînement	50% validation 17
#FC8D62	17	0.182024297912188	17	validation	50% validation 17
#FC8D62	18	0.278026945290612	18	validation	50% validation 17
#66C2A5	19	0.265765443731891	19	sous-entraînement	50% validation 17
#FC8D62	20	0.243033456343833	20	validation	50% validation 17
#66C2A5	21	-0.743730875249225	21	sous-entraînement	50% validation 17
#FC8D62	22	-0.757414982336941	22	validation	50% validation 17
#FC8D62	23	-0.828172114073528	23	validation	50% validation 17
#FC8D62	24	-1.03456378199638	24	validation	50% validation 17
#FC8D62	25	-0.773646037620576	25	validation	50% validation 17
#66C2A5	26	-0.841241486362947	26	sous-entraînement	50% validation 17
#FC8D62	27	-0.85120816308058	27	validation	50% validation 17
#66C2A5	28	-0.982703850799975	28	sous-entraînement	50% validation 17
#66C2A5	29	-0.883443617920909	29	sous-entraînement	50% validation 17
#FC8D62	30	-0.793834456390077	30	validation	50% validation 17
#FC8D62	31	1.7311487572907	31	validation	50% validation 17
#FC8D62	32	1.58500202940349	32	validation	50% validation 17
#FC8D62	33	1.63404796329373	33	validation	50% validation 17
#FC8D62	34	1.5899002980795	34	validation	50% validation 17
#66C2A5	35	1.45757484645493	35	sous-entraînement	50% validation 17
#FC8D62	36	1.55378134580782	36	validation	50% validation 17
#66C2A5	37	1.55585180676676	37	sous-entraînement	50% validation 17
#FC8D62	38	1.58934946246667	38	validation	50% validation 17
#66C2A5	39	1.70528333933618	39	sous-entraînement	50% validation 17
#66C2A5	40	1.67159837698355	40	sous-entraînement	50% validation 17
#66C2A5	41	0.313055412190002	41	sous-entraînement	50% validation 17
#66C2A5	42	0.30417160380171	42	sous-entraînement	50% validation 17
#66C2A5	43	0.399204109355834	43	sous-entraînement	50% validation 17
#FC8D62	44	0.385174091682726	44	validation	50% validation 17
#FC8D62	45	0.260632202360409	45	validation	50% validation 17
#66C2A5	46	0.258758256119149	46	sous-entraînement	50% validation 17
#FC8D62	47	0.365965968029044	47	validation	50% validation 17
#FC8D62	48	0.406361064266902	48	validation	50% validation 17
#66C2A5	49	0.318273150600338	49	sous-entraînement	50% validation 17
#66C2A5	50	0.417618544460782	50	sous-entraînement	50% validation 17
#FC8D62	1	-0.689099191816566	1	validation	50% validation 63
#66C2A5	2	-0.608089478320124	2	sous-entraînement	50% validation 63
#FC8D62	3	-0.710016671983337	3	validation	50% validation 63
#66C2A5	4	-0.466925730528553	4	sous-entraînement	50% validation 63
#FC8D62	5	-0.593503033560796	5	validation	50% validation 63
#FC8D62	6	-0.708500649154134	6	validation	50% validation 63
#FC8D62	7	-0.577710905499484	7	validation	50% validation 63
#66C2A5	8	-0.552621340229411	8	sous-entraînement	50% validation 63
#66C2A5	9	-0.568875675576983	9	sous-entraînement	50% validation 63
#66C2A5	10	-0.656992649457968	10	sous-entraînement	50% validation 63
#66C2A5	11	0.334821441067167	11	sous-entraînement	50% validation 63
#FC8D62	12	0.222627647863225	12	validation	50% validation 63
#66C2A5	13	0.121519266167902	13	sous-entraînement	50% validation 63
#FC8D62	14	-0.0378266644956678	14	validation	50% validation 63
#FC8D62	15	0.296136416036393	15	validation	50% validation 63
#FC8D62	16	0.179149963320559	16	validation	50% validation 63
#66C2A5	17	0.182024297912188	17	sous-entraînement	50% validation 63
#FC8D62	18	0.278026945290612	18	validation	50% validation 63
#FC8D62	19	0.265765443731891	19	validation	50% validation 63
#FC8D62	20	0.243033456343833	20	validation	50% validation 63
#66C2A5	21	-0.743730875249225	21	sous-entraînement	50% validation 63
#66C2A5	22	-0.757414982336941	22	sous-entraînement	50% validation 63
#66C2A5	23	-0.828172114073528	23	sous-entraînement	50% validation 63
#66C2A5	24	-1.03456378199638	24	sous-entraînement	50% validation 63
#FC8D62	25	-0.773646037620576	25	validation	50% validation 63
#66C2A5	26	-0.841241486362947	26	sous-entraînement	50% validation 63
#FC8D62	27	-0.85120816308058	27	validation	50% validation 63
#66C2A5	28	-0.982703850799975	28	sous-entraînement	50% validation 63
#66C2A5	29	-0.883443617920909	29	sous-entraînement	50% validation 63
#66C2A5	30	-0.793834456390077	30	sous-entraînement	50% validation 63
#66C2A5	31	1.7311487572907	31	sous-entraînement	50% validation 63
#FC8D62	32	1.58500202940349	32	validation	50% validation 63
#FC8D62	33	1.63404796329373	33	validation	50% validation 63
#FC8D62	34	1.5899002980795	34	validation	50% validation 63
#66C2A5	35	1.45757484645493	35	sous-entraînement	50% validation 63
#FC8D62	36	1.55378134580782	36	validation	50% validation 63
#FC8D62	37	1.55585180676676	37	validation	50% validation 63
#66C2A5	38	1.58934946246667	38	sous-entraînement	50% validation 63
#66C2A5	39	1.70528333933618	39	sous-entraînement	50% validation 63
#66C2A5	40	1.67159837698355	40	sous-entraînement	50% validation 63
#66C2A5	41	0.313055412190002	41	sous-entraînement	50% validation 63
#66C2A5	42	0.30417160380171	42	sous-entraînement	50% validation 63
#FC8D62	43	0.399204109355834	43	validation	50% validation 63
#FC8D62	44	0.385174091682726	44	validation	50% validation 63
#FC8D62	45	0.260632202360409	45	validation	50% validation 63
#66C2A5	46	0.258758256119149	46	sous-entraînement	50% validation 63
#FC8D62	47	0.365965968029044	47	validation	50% validation 63
#FC8D62	48	0.406361064266902	48	validation	50% validation 63
#66C2A5	49	0.318273150600338	49	sous-entraînement	50% validation 63
#FC8D62	50	0.417618544460782	50	validation	50% validation 63
#66C2A5	1	-0.689099191816566	1	sous-entraînement	50% validation 64
#FC8D62	2	-0.608089478320124	2	validation	50% validation 64
#66C2A5	3	-0.710016671983337	3	sous-entraînement	50% validation 64
#66C2A5	4	-0.466925730528553	4	sous-entraînement	50% validation 64
#66C2A5	5	-0.593503033560796	5	sous-entraînement	50% validation 64
#66C2A5	6	-0.708500649154134	6	sous-entraînement	50% validation 64
#FC8D62	7	-0.577710905499484	7	validation	50% validation 64
#FC8D62	8	-0.552621340229411	8	validation	50% validation 64
#66C2A5	9	-0.568875675576983	9	sous-entraînement	50% validation 64
#FC8D62	10	-0.656992649457968	10	validation	50% validation 64
#66C2A5	11	0.334821441067167	11	sous-entraînement	50% validation 64
#FC8D62	12	0.222627647863225	12	validation	50% validation 64
#FC8D62	13	0.121519266167902	13	validation	50% validation 64
#FC8D62	14	-0.0378266644956678	14	validation	50% validation 64
#66C2A5	15	0.296136416036393	15	sous-entraînement	50% validation 64
#FC8D62	16	0.179149963320559	16	validation	50% validation 64
#FC8D62	17	0.182024297912188	17	validation	50% validation 64
#FC8D62	18	0.278026945290612	18	validation	50% validation 64
#FC8D62	19	0.265765443731891	19	validation	50% validation 64
#66C2A5	20	0.243033456343833	20	sous-entraînement	50% validation 64
#FC8D62	21	-0.743730875249225	21	validation	50% validation 64
#66C2A5	22	-0.757414982336941	22	sous-entraînement	50% validation 64
#66C2A5	23	-0.828172114073528	23	sous-entraînement	50% validation 64
#FC8D62	24	-1.03456378199638	24	validation	50% validation 64
#FC8D62	25	-0.773646037620576	25	validation	50% validation 64
#FC8D62	26	-0.841241486362947	26	validation	50% validation 64
#66C2A5	27	-0.85120816308058	27	sous-entraînement	50% validation 64
#FC8D62	28	-0.982703850799975	28	validation	50% validation 64
#FC8D62	29	-0.883443617920909	29	validation	50% validation 64
#66C2A5	30	-0.793834456390077	30	sous-entraînement	50% validation 64
#66C2A5	31	1.7311487572907	31	sous-entraînement	50% validation 64
#66C2A5	32	1.58500202940349	32	sous-entraînement	50% validation 64
#66C2A5	33	1.63404796329373	33	sous-entraînement	50% validation 64
#FC8D62	34	1.5899002980795	34	validation	50% validation 64
#66C2A5	35	1.45757484645493	35	sous-entraînement	50% validation 64
#66C2A5	36	1.55378134580782	36	sous-entraînement	50% validation 64
#66C2A5	37	1.55585180676676	37	sous-entraînement	50% validation 64
#FC8D62	38	1.58934946246667	38	validation	50% validation 64
#FC8D62	39	1.70528333933618	39	validation	50% validation 64
#66C2A5	40	1.67159837698355	40	sous-entraînement	50% validation 64
#FC8D62	41	0.313055412190002	41	validation	50% validation 64
#FC8D62	42	0.30417160380171	42	validation	50% validation 64
#66C2A5	43	0.399204109355834	43	sous-entraînement	50% validation 64
#66C2A5	44	0.385174091682726	44	sous-entraînement	50% validation 64
#FC8D62	45	0.260632202360409	45	validation	50% validation 64
#FC8D62	46	0.258758256119149	46	validation	50% validation 64
#66C2A5	47	0.365965968029044	47	sous-entraînement	50% validation 64
#66C2A5	48	0.406361064266902	48	sous-entraînement	50% validation 64
#FC8D62	49	0.318273150600338	49	validation	50% validation 64
#66C2A5	50	0.417618544460782	50	sous-entraînement	50% validation 64
#66C2A5	1	-0.689099191816566	1	sous-entraînement	50% validation 26
#FC8D62	2	-0.608089478320124	2	validation	50% validation 26
#66C2A5	3	-0.710016671983337	3	sous-entraînement	50% validation 26
#66C2A5	4	-0.466925730528553	4	sous-entraînement	50% validation 26
#66C2A5	5	-0.593503033560796	5	sous-entraînement	50% validation 26
#FC8D62	6	-0.708500649154134	6	validation	50% validation 26
#66C2A5	7	-0.577710905499484	7	sous-entraînement	50% validation 26
#FC8D62	8	-0.552621340229411	8	validation	50% validation 26
#66C2A5	9	-0.568875675576983	9	sous-entraînement	50% validation 26
#66C2A5	10	-0.656992649457968	10	sous-entraînement	50% validation 26
#FC8D62	11	0.334821441067167	11	validation	50% validation 26
#FC8D62	12	0.222627647863225	12	validation	50% validation 26
#FC8D62	13	0.121519266167902	13	validation	50% validation 26
#FC8D62	14	-0.0378266644956678	14	validation	50% validation 26
#66C2A5	15	0.296136416036393	15	sous-entraînement	50% validation 26
#66C2A5	16	0.179149963320559	16	sous-entraînement	50% validation 26
#FC8D62	17	0.182024297912188	17	validation	50% validation 26
#FC8D62	18	0.278026945290612	18	validation	50% validation 26
#66C2A5	19	0.265765443731891	19	sous-entraînement	50% validation 26
#66C2A5	20	0.243033456343833	20	sous-entraînement	50% validation 26
#FC8D62	21	-0.743730875249225	21	validation	50% validation 26
#FC8D62	22	-0.757414982336941	22	validation	50% validation 26
#66C2A5	23	-0.828172114073528	23	sous-entraînement	50% validation 26
#FC8D62	24	-1.03456378199638	24	validation	50% validation 26
#66C2A5	25	-0.773646037620576	25	sous-entraînement	50% validation 26
#66C2A5	26	-0.841241486362947	26	sous-entraînement	50% validation 26
#66C2A5	27	-0.85120816308058	27	sous-entraînement	50% validation 26
#FC8D62	28	-0.982703850799975	28	validation	50% validation 26
#66C2A5	29	-0.883443617920909	29	sous-entraînement	50% validation 26
#FC8D62	30	-0.793834456390077	30	validation	50% validation 26
#66C2A5	31	1.7311487572907	31	sous-entraînement	50% validation 26
#FC8D62	32	1.58500202940349	32	validation	50% validation 26
#66C2A5	33	1.63404796329373	33	sous-entraînement	50% validation 26
#66C2A5	34	1.5899002980795	34	sous-entraînement	50% validation 26
#66C2A5	35	1.45757484645493	35	sous-entraînement	50% validation 26
#FC8D62	36	1.55378134580782	36	validation	50% validation 26
#66C2A5	37	1.55585180676676	37	sous-entraînement	50% validation 26
#FC8D62	38	1.58934946246667	38	validation	50% validation 26
#FC8D62	39	1.70528333933618	39	validation	50% validation 26
#FC8D62	40	1.67159837698355	40	validation	50% validation 26
#FC8D62	41	0.313055412190002	41	validation	50% validation 26
#FC8D62	42	0.30417160380171	42	validation	50% validation 26
#66C2A5	43	0.399204109355834	43	sous-entraînement	50% validation 26
#FC8D62	44	0.385174091682726	44	validation	50% validation 26
#66C2A5	45	0.260632202360409	45	sous-entraînement	50% validation 26
#66C2A5	46	0.258758256119149	46	sous-entraînement	50% validation 26
#66C2A5	47	0.365965968029044	47	sous-entraînement	50% validation 26
#FC8D62	48	0.406361064266902	48	validation	50% validation 26
#FC8D62	49	0.318273150600338	49	validation	50% validation 26
#FC8D62	50	0.417618544460782	50	validation	50% validation 26
#FC8D62	1	-0.689099191816566	1	validation	50% validation 65
#FC8D62	2	-0.608089478320124	2	validation	50% validation 65
#FC8D62	3	-0.710016671983337	3	validation	50% validation 65
#FC8D62	4	-0.466925730528553	4	validation	50% validation 65
#66C2A5	5	-0.593503033560796	5	sous-entraînement	50% validation 65
#FC8D62	6	-0.708500649154134	6	validation	50% validation 65
#66C2A5	7	-0.577710905499484	7	sous-entraînement	50% validation 65
#66C2A5	8	-0.552621340229411	8	sous-entraînement	50% validation 65
#FC8D62	9	-0.568875675576983	9	validation	50% validation 65
#FC8D62	10	-0.656992649457968	10	validation	50% validation 65
#66C2A5	11	0.334821441067167	11	sous-entraînement	50% validation 65
#FC8D62	12	0.222627647863225	12	validation	50% validation 65
#66C2A5	13	0.121519266167902	13	sous-entraînement	50% validation 65
#FC8D62	14	-0.0378266644956678	14	validation	50% validation 65
#FC8D62	15	0.296136416036393	15	validation	50% validation 65
#66C2A5	16	0.179149963320559	16	sous-entraînement	50% validation 65
#66C2A5	17	0.182024297912188	17	sous-entraînement	50% validation 65
#FC8D62	18	0.278026945290612	18	validation	50% validation 65
#66C2A5	19	0.265765443731891	19	sous-entraînement	50% validation 65
#FC8D62	20	0.243033456343833	20	validation	50% validation 65
#66C2A5	21	-0.743730875249225	21	sous-entraînement	50% validation 65
#FC8D62	22	-0.757414982336941	22	validation	50% validation 65
#FC8D62	23	-0.828172114073528	23	validation	50% validation 65
#66C2A5	24	-1.03456378199638	24	sous-entraînement	50% validation 65
#FC8D62	25	-0.773646037620576	25	validation	50% validation 65
#FC8D62	26	-0.841241486362947	26	validation	50% validation 65
#66C2A5	27	-0.85120816308058	27	sous-entraînement	50% validation 65
#66C2A5	28	-0.982703850799975	28	sous-entraînement	50% validation 65
#66C2A5	29	-0.883443617920909	29	sous-entraînement	50% validation 65
#66C2A5	30	-0.793834456390077	30	sous-entraînement	50% validation 65
#66C2A5	31	1.7311487572907	31	sous-entraînement	50% validation 65
#FC8D62	32	1.58500202940349	32	validation	50% validation 65
#66C2A5	33	1.63404796329373	33	sous-entraînement	50% validation 65
#66C2A5	34	1.5899002980795	34	sous-entraînement	50% validation 65
#66C2A5	35	1.45757484645493	35	sous-entraînement	50% validation 65
#66C2A5	36	1.55378134580782	36	sous-entraînement	50% validation 65
#66C2A5	37	1.55585180676676	37	sous-entraînement	50% validation 65
#FC8D62	38	1.58934946246667	38	validation	50% validation 65
#66C2A5	39	1.70528333933618	39	sous-entraînement	50% validation 65
#FC8D62	40	1.67159837698355	40	validation	50% validation 65
#FC8D62	41	0.313055412190002	41	validation	50% validation 65
#66C2A5	42	0.30417160380171	42	sous-entraînement	50% validation 65
#66C2A5	43	0.399204109355834	43	sous-entraînement	50% validation 65
#FC8D62	44	0.385174091682726	44	validation	50% validation 65
#66C2A5	45	0.260632202360409	45	sous-entraînement	50% validation 65
#FC8D62	46	0.258758256119149	46	validation	50% validation 65
#66C2A5	47	0.365965968029044	47	sous-entraînement	50% validation 65
#FC8D62	48	0.406361064266902	48	validation	50% validation 65
#FC8D62	49	0.318273150600338	49	validation	50% validation 65
#FC8D62	50	0.417618544460782	50	validation	50% validation 65
#FC8D62	1	-0.689099191816566	1	validation	50% validation 77
#FC8D62	2	-0.608089478320124	2	validation	50% validation 77
#66C2A5	3	-0.710016671983337	3	sous-entraînement	50% validation 77
#FC8D62	4	-0.466925730528553	4	validation	50% validation 77
#FC8D62	5	-0.593503033560796	5	validation	50% validation 77
#FC8D62	6	-0.708500649154134	6	validation	50% validation 77
#FC8D62	7	-0.577710905499484	7	validation	50% validation 77
#66C2A5	8	-0.552621340229411	8	sous-entraînement	50% validation 77
#66C2A5	9	-0.568875675576983	9	sous-entraînement	50% validation 77
#FC8D62	10	-0.656992649457968	10	validation	50% validation 77
#FC8D62	11	0.334821441067167	11	validation	50% validation 77
#66C2A5	12	0.222627647863225	12	sous-entraînement	50% validation 77
#FC8D62	13	0.121519266167902	13	validation	50% validation 77
#66C2A5	14	-0.0378266644956678	14	sous-entraînement	50% validation 77
#66C2A5	15	0.296136416036393	15	sous-entraînement	50% validation 77
#66C2A5	16	0.179149963320559	16	sous-entraînement	50% validation 77
#66C2A5	17	0.182024297912188	17	sous-entraînement	50% validation 77
#FC8D62	18	0.278026945290612	18	validation	50% validation 77
#FC8D62	19	0.265765443731891	19	validation	50% validation 77
#66C2A5	20	0.243033456343833	20	sous-entraînement	50% validation 77
#66C2A5	21	-0.743730875249225	21	sous-entraînement	50% validation 77
#66C2A5	22	-0.757414982336941	22	sous-entraînement	50% validation 77
#FC8D62	23	-0.828172114073528	23	validation	50% validation 77
#66C2A5	24	-1.03456378199638	24	sous-entraînement	50% validation 77
#FC8D62	25	-0.773646037620576	25	validation	50% validation 77
#66C2A5	26	-0.841241486362947	26	sous-entraînement	50% validation 77
#66C2A5	27	-0.85120816308058	27	sous-entraînement	50% validation 77
#66C2A5	28	-0.982703850799975	28	sous-entraînement	50% validation 77
#FC8D62	29	-0.883443617920909	29	validation	50% validation 77
#66C2A5	30	-0.793834456390077	30	sous-entraînement	50% validation 77
#66C2A5	31	1.7311487572907	31	sous-entraînement	50% validation 77
#FC8D62	32	1.58500202940349	32	validation	50% validation 77
#66C2A5	33	1.63404796329373	33	sous-entraînement	50% validation 77
#66C2A5	34	1.5899002980795	34	sous-entraînement	50% validation 77
#FC8D62	35	1.45757484645493	35	validation	50% validation 77
#FC8D62	36	1.55378134580782	36	validation	50% validation 77
#FC8D62	37	1.55585180676676	37	validation	50% validation 77
#66C2A5	38	1.58934946246667	38	sous-entraînement	50% validation 77
#FC8D62	39	1.70528333933618	39	validation	50% validation 77
#FC8D62	40	1.67159837698355	40	validation	50% validation 77
#FC8D62	41	0.313055412190002	41	validation	50% validation 77
#66C2A5	42	0.30417160380171	42	sous-entraînement	50% validation 77
#FC8D62	43	0.399204109355834	43	validation	50% validation 77
#66C2A5	44	0.385174091682726	44	sous-entraînement	50% validation 77
#FC8D62	45	0.260632202360409	45	validation	50% validation 77
#66C2A5	46	0.258758256119149	46	sous-entraînement	50% validation 77
#66C2A5	47	0.365965968029044	47	sous-entraînement	50% validation 77
#66C2A5	48	0.406361064266902	48	sous-entraînement	50% validation 77
#FC8D62	49	0.318273150600338	49	validation	50% validation 77
#FC8D62	50	0.417618544460782	50	validation	50% validation 77
#FC8D62	1	-0.689099191816566	1	validation	50% validation 50
#66C2A5	2	-0.608089478320124	2	sous-entraînement	50% validation 50
#FC8D62	3	-0.710016671983337	3	validation	50% validation 50
#66C2A5	4	-0.466925730528553	4	sous-entraînement	50% validation 50
#66C2A5	5	-0.593503033560796	5	sous-entraînement	50% validation 50
#FC8D62	6	-0.708500649154134	6	validation	50% validation 50
#FC8D62	7	-0.577710905499484	7	validation	50% validation 50
#FC8D62	8	-0.552621340229411	8	validation	50% validation 50
#FC8D62	9	-0.568875675576983	9	validation	50% validation 50
#66C2A5	10	-0.656992649457968	10	sous-entraînement	50% validation 50
#66C2A5	11	0.334821441067167	11	sous-entraînement	50% validation 50
#66C2A5	12	0.222627647863225	12	sous-entraînement	50% validation 50
#66C2A5	13	0.121519266167902	13	sous-entraînement	50% validation 50
#66C2A5	14	-0.0378266644956678	14	sous-entraînement	50% validation 50
#FC8D62	15	0.296136416036393	15	validation	50% validation 50
#FC8D62	16	0.179149963320559	16	validation	50% validation 50
#66C2A5	17	0.182024297912188	17	sous-entraînement	50% validation 50
#FC8D62	18	0.278026945290612	18	validation	50% validation 50
#66C2A5	19	0.265765443731891	19	sous-entraînement	50% validation 50
#FC8D62	20	0.243033456343833	20	validation	50% validation 50
#66C2A5	21	-0.743730875249225	21	sous-entraînement	50% validation 50
#FC8D62	22	-0.757414982336941	22	validation	50% validation 50
#FC8D62	23	-0.828172114073528	23	validation	50% validation 50
#FC8D62	24	-1.03456378199638	24	validation	50% validation 50
#FC8D62	25	-0.773646037620576	25	validation	50% validation 50
#66C2A5	26	-0.841241486362947	26	sous-entraînement	50% validation 50
#FC8D62	27	-0.85120816308058	27	validation	50% validation 50
#66C2A5	28	-0.982703850799975	28	sous-entraînement	50% validation 50
#FC8D62	29	-0.883443617920909	29	validation	50% validation 50
#66C2A5	30	-0.793834456390077	30	sous-entraînement	50% validation 50
#66C2A5	31	1.7311487572907	31	sous-entraînement	50% validation 50
#FC8D62	32	1.58500202940349	32	validation	50% validation 50
#66C2A5	33	1.63404796329373	33	sous-entraînement	50% validation 50
#66C2A5	34	1.5899002980795	34	sous-entraînement	50% validation 50
#66C2A5	35	1.45757484645493	35	sous-entraînement	50% validation 50
#FC8D62	36	1.55378134580782	36	validation	50% validation 50
#66C2A5	37	1.55585180676676	37	sous-entraînement	50% validation 50
#FC8D62	38	1.58934946246667	38	validation	50% validation 50
#FC8D62	39	1.70528333933618	39	validation	50% validation 50
#FC8D62	40	1.67159837698355	40	validation	50% validation 50
#FC8D62	41	0.313055412190002	41	validation	50% validation 50
#FC8D62	42	0.30417160380171	42	validation	50% validation 50
#66C2A5	43	0.399204109355834	43	sous-entraînement	50% validation 50
#66C2A5	44	0.385174091682726	44	sous-entraînement	50% validation 50
#66C2A5	45	0.260632202360409	45	sous-entraînement	50% validation 50
#FC8D62	46	0.258758256119149	46	validation	50% validation 50
#66C2A5	47	0.365965968029044	47	sous-entraînement	50% validation 50
#66C2A5	48	0.406361064266902	48	sous-entraînement	50% validation 50
#FC8D62	49	0.318273150600338	49	validation	50% validation 50
#66C2A5	50	0.417618544460782	50	sous-entraînement	50% validation 50
#FC8D62	1	-0.689099191816566	1	validation	50% validation 18
#66C2A5	2	-0.608089478320124	2	sous-entraînement	50% validation 18
#FC8D62	3	-0.710016671983337	3	validation	50% validation 18
#66C2A5	4	-0.466925730528553	4	sous-entraînement	50% validation 18
#66C2A5	5	-0.593503033560796	5	sous-entraînement	50% validation 18
#FC8D62	6	-0.708500649154134	6	validation	50% validation 18
#66C2A5	7	-0.577710905499484	7	sous-entraînement	50% validation 18
#66C2A5	8	-0.552621340229411	8	sous-entraînement	50% validation 18
#66C2A5	9	-0.568875675576983	9	sous-entraînement	50% validation 18
#66C2A5	10	-0.656992649457968	10	sous-entraînement	50% validation 18
#FC8D62	11	0.334821441067167	11	validation	50% validation 18
#FC8D62	12	0.222627647863225	12	validation	50% validation 18
#FC8D62	13	0.121519266167902	13	validation	50% validation 18
#FC8D62	14	-0.0378266644956678	14	validation	50% validation 18
#66C2A5	15	0.296136416036393	15	sous-entraînement	50% validation 18
#66C2A5	16	0.179149963320559	16	sous-entraînement	50% validation 18
#FC8D62	17	0.182024297912188	17	validation	50% validation 18
#66C2A5	18	0.278026945290612	18	sous-entraînement	50% validation 18
#66C2A5	19	0.265765443731891	19	sous-entraînement	50% validation 18
#FC8D62	20	0.243033456343833	20	validation	50% validation 18
#66C2A5	21	-0.743730875249225	21	sous-entraînement	50% validation 18
#66C2A5	22	-0.757414982336941	22	sous-entraînement	50% validation 18
#FC8D62	23	-0.828172114073528	23	validation	50% validation 18
#66C2A5	24	-1.03456378199638	24	sous-entraînement	50% validation 18
#FC8D62	25	-0.773646037620576	25	validation	50% validation 18
#66C2A5	26	-0.841241486362947	26	sous-entraînement	50% validation 18
#FC8D62	27	-0.85120816308058	27	validation	50% validation 18
#FC8D62	28	-0.982703850799975	28	validation	50% validation 18
#66C2A5	29	-0.883443617920909	29	sous-entraînement	50% validation 18
#FC8D62	30	-0.793834456390077	30	validation	50% validation 18
#FC8D62	31	1.7311487572907	31	validation	50% validation 18
#FC8D62	32	1.58500202940349	32	validation	50% validation 18
#FC8D62	33	1.63404796329373	33	validation	50% validation 18
#66C2A5	34	1.5899002980795	34	sous-entraînement	50% validation 18
#66C2A5	35	1.45757484645493	35	sous-entraînement	50% validation 18
#FC8D62	36	1.55378134580782	36	validation	50% validation 18
#66C2A5	37	1.55585180676676	37	sous-entraînement	50% validation 18
#66C2A5	38	1.58934946246667	38	sous-entraînement	50% validation 18
#FC8D62	39	1.70528333933618	39	validation	50% validation 18
#66C2A5	40	1.67159837698355	40	sous-entraînement	50% validation 18
#66C2A5	41	0.313055412190002	41	sous-entraînement	50% validation 18
#FC8D62	42	0.30417160380171	42	validation	50% validation 18
#FC8D62	43	0.399204109355834	43	validation	50% validation 18
#66C2A5	44	0.385174091682726	44	sous-entraînement	50% validation 18
#FC8D62	45	0.260632202360409	45	validation	50% validation 18
#FC8D62	46	0.258758256119149	46	validation	50% validation 18
#FC8D62	47	0.365965968029044	47	validation	50% validation 18
#66C2A5	48	0.406361064266902	48	sous-entraînement	50% validation 18
#FC8D62	49	0.318273150600338	49	validation	50% validation 18
#66C2A5	50	0.417618544460782	50	sous-entraînement	50% validation 18
#FC8D62	1	-0.689099191816566	1	validation	50% validation 96
#66C2A5	2	-0.608089478320124	2	sous-entraînement	50% validation 96
#FC8D62	3	-0.710016671983337	3	validation	50% validation 96
#66C2A5	4	-0.466925730528553	4	sous-entraînement	50% validation 96
#FC8D62	5	-0.593503033560796	5	validation	50% validation 96
#66C2A5	6	-0.708500649154134	6	sous-entraînement	50% validation 96
#FC8D62	7	-0.577710905499484	7	validation	50% validation 96
#FC8D62	8	-0.552621340229411	8	validation	50% validation 96
#66C2A5	9	-0.568875675576983	9	sous-entraînement	50% validation 96
#FC8D62	10	-0.656992649457968	10	validation	50% validation 96
#FC8D62	11	0.334821441067167	11	validation	50% validation 96
#FC8D62	12	0.222627647863225	12	validation	50% validation 96
#FC8D62	13	0.121519266167902	13	validation	50% validation 96
#FC8D62	14	-0.0378266644956678	14	validation	50% validation 96
#66C2A5	15	0.296136416036393	15	sous-entraînement	50% validation 96
#FC8D62	16	0.179149963320559	16	validation	50% validation 96
#FC8D62	17	0.182024297912188	17	validation	50% validation 96
#66C2A5	18	0.278026945290612	18	sous-entraînement	50% validation 96
#FC8D62	19	0.265765443731891	19	validation	50% validation 96
#66C2A5	20	0.243033456343833	20	sous-entraînement	50% validation 96
#66C2A5	21	-0.743730875249225	21	sous-entraînement	50% validation 96
#FC8D62	22	-0.757414982336941	22	validation	50% validation 96
#66C2A5	23	-0.828172114073528	23	sous-entraînement	50% validation 96
#FC8D62	24	-1.03456378199638	24	validation	50% validation 96
#66C2A5	25	-0.773646037620576	25	sous-entraînement	50% validation 96
#FC8D62	26	-0.841241486362947	26	validation	50% validation 96
#66C2A5	27	-0.85120816308058	27	sous-entraînement	50% validation 96
#66C2A5	28	-0.982703850799975	28	sous-entraînement	50% validation 96
#66C2A5	29	-0.883443617920909	29	sous-entraînement	50% validation 96
#66C2A5	30	-0.793834456390077	30	sous-entraînement	50% validation 96
#FC8D62	31	1.7311487572907	31	validation	50% validation 96
#66C2A5	32	1.58500202940349	32	sous-entraînement	50% validation 96
#66C2A5	33	1.63404796329373	33	sous-entraînement	50% validation 96
#FC8D62	34	1.5899002980795	34	validation	50% validation 96
#FC8D62	35	1.45757484645493	35	validation	50% validation 96
#66C2A5	36	1.55378134580782	36	sous-entraînement	50% validation 96
#66C2A5	37	1.55585180676676	37	sous-entraînement	50% validation 96
#FC8D62	38	1.58934946246667	38	validation	50% validation 96
#66C2A5	39	1.70528333933618	39	sous-entraînement	50% validation 96
#66C2A5	40	1.67159837698355	40	sous-entraînement	50% validation 96
#FC8D62	41	0.313055412190002	41	validation	50% validation 96
#66C2A5	42	0.30417160380171	42	sous-entraînement	50% validation 96
#66C2A5	43	0.399204109355834	43	sous-entraînement	50% validation 96
#66C2A5	44	0.385174091682726	44	sous-entraînement	50% validation 96
#66C2A5	45	0.260632202360409	45	sous-entraînement	50% validation 96
#FC8D62	46	0.258758256119149	46	validation	50% validation 96
#FC8D62	47	0.365965968029044	47	validation	50% validation 96
#FC8D62	48	0.406361064266902	48	validation	50% validation 96
#FC8D62	49	0.318273150600338	49	validation	50% validation 96
#66C2A5	50	0.417618544460782	50	sous-entraînement	50% validation 96
#66C2A5	1	-0.689099191816566	1	sous-entraînement	50% validation 51
#66C2A5	2	-0.608089478320124	2	sous-entraînement	50% validation 51
#66C2A5	3	-0.710016671983337	3	sous-entraînement	50% validation 51
#FC8D62	4	-0.466925730528553	4	validation	50% validation 51
#66C2A5	5	-0.593503033560796	5	sous-entraînement	50% validation 51
#66C2A5	6	-0.708500649154134	6	sous-entraînement	50% validation 51
#66C2A5	7	-0.577710905499484	7	sous-entraînement	50% validation 51
#66C2A5	8	-0.552621340229411	8	sous-entraînement	50% validation 51
#66C2A5	9	-0.568875675576983	9	sous-entraînement	50% validation 51
#FC8D62	10	-0.656992649457968	10	validation	50% validation 51
#FC8D62	11	0.334821441067167	11	validation	50% validation 51
#66C2A5	12	0.222627647863225	12	sous-entraînement	50% validation 51
#66C2A5	13	0.121519266167902	13	sous-entraînement	50% validation 51
#66C2A5	14	-0.0378266644956678	14	sous-entraînement	50% validation 51
#FC8D62	15	0.296136416036393	15	validation	50% validation 51
#FC8D62	16	0.179149963320559	16	validation	50% validation 51
#66C2A5	17	0.182024297912188	17	sous-entraînement	50% validation 51
#66C2A5	18	0.278026945290612	18	sous-entraînement	50% validation 51
#FC8D62	19	0.265765443731891	19	validation	50% validation 51
#FC8D62	20	0.243033456343833	20	validation	50% validation 51
#FC8D62	21	-0.743730875249225	21	validation	50% validation 51
#FC8D62	22	-0.757414982336941	22	validation	50% validation 51
#FC8D62	23	-0.828172114073528	23	validation	50% validation 51
#FC8D62	24	-1.03456378199638	24	validation	50% validation 51
#66C2A5	25	-0.773646037620576	25	sous-entraînement	50% validation 51
#FC8D62	26	-0.841241486362947	26	validation	50% validation 51
#FC8D62	27	-0.85120816308058	27	validation	50% validation 51
#FC8D62	28	-0.982703850799975	28	validation	50% validation 51
#FC8D62	29	-0.883443617920909	29	validation	50% validation 51
#FC8D62	30	-0.793834456390077	30	validation	50% validation 51
#FC8D62	31	1.7311487572907	31	validation	50% validation 51
#FC8D62	32	1.58500202940349	32	validation	50% validation 51
#66C2A5	33	1.63404796329373	33	sous-entraînement	50% validation 51
#FC8D62	34	1.5899002980795	34	validation	50% validation 51
#66C2A5	35	1.45757484645493	35	sous-entraînement	50% validation 51
#66C2A5	36	1.55378134580782	36	sous-entraînement	50% validation 51
#FC8D62	37	1.55585180676676	37	validation	50% validation 51
#66C2A5	38	1.58934946246667	38	sous-entraînement	50% validation 51
#66C2A5	39	1.70528333933618	39	sous-entraînement	50% validation 51
#FC8D62	40	1.67159837698355	40	validation	50% validation 51
#66C2A5	41	0.313055412190002	41	sous-entraînement	50% validation 51
#66C2A5	42	0.30417160380171	42	sous-entraînement	50% validation 51
#FC8D62	43	0.399204109355834	43	validation	50% validation 51
#66C2A5	44	0.385174091682726	44	sous-entraînement	50% validation 51
#66C2A5	45	0.260632202360409	45	sous-entraînement	50% validation 51
#FC8D62	46	0.258758256119149	46	validation	50% validation 51
#FC8D62	47	0.365965968029044	47	validation	50% validation 51
#66C2A5	48	0.406361064266902	48	sous-entraînement	50% validation 51
#66C2A5	49	0.318273150600338	49	sous-entraînement	50% validation 51
#FC8D62	50	0.417618544460782	50	validation	50% validation 51
#FC8D62	1	-0.689099191816566	1	validation	50% validation 52
#66C2A5	2	-0.608089478320124	2	sous-entraînement	50% validation 52
#FC8D62	3	-0.710016671983337	3	validation	50% validation 52
#FC8D62	4	-0.466925730528553	4	validation	50% validation 52
#66C2A5	5	-0.593503033560796	5	sous-entraînement	50% validation 52
#FC8D62	6	-0.708500649154134	6	validation	50% validation 52
#66C2A5	7	-0.577710905499484	7	sous-entraînement	50% validation 52
#66C2A5	8	-0.552621340229411	8	sous-entraînement	50% validation 52
#FC8D62	9	-0.568875675576983	9	validation	50% validation 52
#66C2A5	10	-0.656992649457968	10	sous-entraînement	50% validation 52
#66C2A5	11	0.334821441067167	11	sous-entraînement	50% validation 52
#66C2A5	12	0.222627647863225	12	sous-entraînement	50% validation 52
#FC8D62	13	0.121519266167902	13	validation	50% validation 52
#66C2A5	14	-0.0378266644956678	14	sous-entraînement	50% validation 52
#66C2A5	15	0.296136416036393	15	sous-entraînement	50% validation 52
#66C2A5	16	0.179149963320559	16	sous-entraînement	50% validation 52
#FC8D62	17	0.182024297912188	17	validation	50% validation 52
#66C2A5	18	0.278026945290612	18	sous-entraînement	50% validation 52
#66C2A5	19	0.265765443731891	19	sous-entraînement	50% validation 52
#FC8D62	20	0.243033456343833	20	validation	50% validation 52
#FC8D62	21	-0.743730875249225	21	validation	50% validation 52
#FC8D62	22	-0.757414982336941	22	validation	50% validation 52
#FC8D62	23	-0.828172114073528	23	validation	50% validation 52
#66C2A5	24	-1.03456378199638	24	sous-entraînement	50% validation 52
#66C2A5	25	-0.773646037620576	25	sous-entraînement	50% validation 52
#66C2A5	26	-0.841241486362947	26	sous-entraînement	50% validation 52
#FC8D62	27	-0.85120816308058	27	validation	50% validation 52
#FC8D62	28	-0.982703850799975	28	validation	50% validation 52
#FC8D62	29	-0.883443617920909	29	validation	50% validation 52
#FC8D62	30	-0.793834456390077	30	validation	50% validation 52
#66C2A5	31	1.7311487572907	31	sous-entraînement	50% validation 52
#66C2A5	32	1.58500202940349	32	sous-entraînement	50% validation 52
#FC8D62	33	1.63404796329373	33	validation	50% validation 52
#66C2A5	34	1.5899002980795	34	sous-entraînement	50% validation 52
#66C2A5	35	1.45757484645493	35	sous-entraînement	50% validation 52
#66C2A5	36	1.55378134580782	36	sous-entraînement	50% validation 52
#66C2A5	37	1.55585180676676	37	sous-entraînement	50% validation 52
#66C2A5	38	1.58934946246667	38	sous-entraînement	50% validation 52
#66C2A5	39	1.70528333933618	39	sous-entraînement	50% validation 52
#66C2A5	40	1.67159837698355	40	sous-entraînement	50% validation 52
#FC8D62	41	0.313055412190002	41	validation	50% validation 52
#66C2A5	42	0.30417160380171	42	sous-entraînement	50% validation 52
#FC8D62	43	0.399204109355834	43	validation	50% validation 52
#FC8D62	44	0.385174091682726	44	validation	50% validation 52
#FC8D62	45	0.260632202360409	45	validation	50% validation 52
#FC8D62	46	0.258758256119149	46	validation	50% validation 52
#FC8D62	47	0.365965968029044	47	validation	50% validation 52
#FC8D62	48	0.406361064266902	48	validation	50% validation 52
#FC8D62	49	0.318273150600338	49	validation	50% validation 52
#FC8D62	50	0.417618544460782	50	validation	50% validation 52
#FC8D62	1	-0.689099191816566	1	validation	50% validation 78
#66C2A5	2	-0.608089478320124	2	sous-entraînement	50% validation 78
#66C2A5	3	-0.710016671983337	3	sous-entraînement	50% validation 78
#66C2A5	4	-0.466925730528553	4	sous-entraînement	50% validation 78
#FC8D62	5	-0.593503033560796	5	validation	50% validation 78
#66C2A5	6	-0.708500649154134	6	sous-entraînement	50% validation 78
#FC8D62	7	-0.577710905499484	7	validation	50% validation 78
#FC8D62	8	-0.552621340229411	8	validation	50% validation 78
#66C2A5	9	-0.568875675576983	9	sous-entraînement	50% validation 78
#FC8D62	10	-0.656992649457968	10	validation	50% validation 78
#66C2A5	11	0.334821441067167	11	sous-entraînement	50% validation 78
#66C2A5	12	0.222627647863225	12	sous-entraînement	50% validation 78
#66C2A5	13	0.121519266167902	13	sous-entraînement	50% validation 78
#FC8D62	14	-0.0378266644956678	14	validation	50% validation 78
#FC8D62	15	0.296136416036393	15	validation	50% validation 78
#FC8D62	16	0.179149963320559	16	validation	50% validation 78
#66C2A5	17	0.182024297912188	17	sous-entraînement	50% validation 78
#66C2A5	18	0.278026945290612	18	sous-entraînement	50% validation 78
#66C2A5	19	0.265765443731891	19	sous-entraînement	50% validation 78
#66C2A5	20	0.243033456343833	20	sous-entraînement	50% validation 78
#FC8D62	21	-0.743730875249225	21	validation	50% validation 78
#FC8D62	22	-0.757414982336941	22	validation	50% validation 78
#66C2A5	23	-0.828172114073528	23	sous-entraînement	50% validation 78
#66C2A5	24	-1.03456378199638	24	sous-entraînement	50% validation 78
#66C2A5	25	-0.773646037620576	25	sous-entraînement	50% validation 78
#66C2A5	26	-0.841241486362947	26	sous-entraînement	50% validation 78
#FC8D62	27	-0.85120816308058	27	validation	50% validation 78
#66C2A5	28	-0.982703850799975	28	sous-entraînement	50% validation 78
#FC8D62	29	-0.883443617920909	29	validation	50% validation 78
#FC8D62	30	-0.793834456390077	30	validation	50% validation 78
#FC8D62	31	1.7311487572907	31	validation	50% validation 78
#66C2A5	32	1.58500202940349	32	sous-entraînement	50% validation 78
#66C2A5	33	1.63404796329373	33	sous-entraînement	50% validation 78
#FC8D62	34	1.5899002980795	34	validation	50% validation 78
#66C2A5	35	1.45757484645493	35	sous-entraînement	50% validation 78
#FC8D62	36	1.55378134580782	36	validation	50% validation 78
#FC8D62	37	1.55585180676676	37	validation	50% validation 78
#FC8D62	38	1.58934946246667	38	validation	50% validation 78
#FC8D62	39	1.70528333933618	39	validation	50% validation 78
#FC8D62	40	1.67159837698355	40	validation	50% validation 78
#FC8D62	41	0.313055412190002	41	validation	50% validation 78
#66C2A5	42	0.30417160380171	42	sous-entraînement	50% validation 78
#66C2A5	43	0.399204109355834	43	sous-entraînement	50% validation 78
#66C2A5	44	0.385174091682726	44	sous-entraînement	50% validation 78
#66C2A5	45	0.260632202360409	45	sous-entraînement	50% validation 78
#66C2A5	46	0.258758256119149	46	sous-entraînement	50% validation 78
#FC8D62	47	0.365965968029044	47	validation	50% validation 78
#FC8D62	48	0.406361064266902	48	validation	50% validation 78
#FC8D62	49	0.318273150600338	49	validation	50% validation 78
#FC8D62	50	0.417618544460782	50	validation	50% validation 78
#66C2A5	1	-0.689099191816566	1	sous-entraînement	50% validation 53
#66C2A5	2	-0.608089478320124	2	sous-entraînement	50% validation 53
#66C2A5	3	-0.710016671983337	3	sous-entraînement	50% validation 53
#FC8D62	4	-0.466925730528553	4	validation	50% validation 53
#FC8D62	5	-0.593503033560796	5	validation	50% validation 53
#66C2A5	6	-0.708500649154134	6	sous-entraînement	50% validation 53
#66C2A5	7	-0.577710905499484	7	sous-entraînement	50% validation 53
#FC8D62	8	-0.552621340229411	8	validation	50% validation 53
#FC8D62	9	-0.568875675576983	9	validation	50% validation 53
#FC8D62	10	-0.656992649457968	10	validation	50% validation 53
#FC8D62	11	0.334821441067167	11	validation	50% validation 53
#66C2A5	12	0.222627647863225	12	sous-entraînement	50% validation 53
#66C2A5	13	0.121519266167902	13	sous-entraînement	50% validation 53
#FC8D62	14	-0.0378266644956678	14	validation	50% validation 53
#66C2A5	15	0.296136416036393	15	sous-entraînement	50% validation 53
#66C2A5	16	0.179149963320559	16	sous-entraînement	50% validation 53
#FC8D62	17	0.182024297912188	17	validation	50% validation 53
#66C2A5	18	0.278026945290612	18	sous-entraînement	50% validation 53
#FC8D62	19	0.265765443731891	19	validation	50% validation 53
#FC8D62	20	0.243033456343833	20	validation	50% validation 53
#FC8D62	21	-0.743730875249225	21	validation	50% validation 53
#FC8D62	22	-0.757414982336941	22	validation	50% validation 53
#FC8D62	23	-0.828172114073528	23	validation	50% validation 53
#66C2A5	24	-1.03456378199638	24	sous-entraînement	50% validation 53
#FC8D62	25	-0.773646037620576	25	validation	50% validation 53
#66C2A5	26	-0.841241486362947	26	sous-entraînement	50% validation 53
#66C2A5	27	-0.85120816308058	27	sous-entraînement	50% validation 53
#FC8D62	28	-0.982703850799975	28	validation	50% validation 53
#66C2A5	29	-0.883443617920909	29	sous-entraînement	50% validation 53
#66C2A5	30	-0.793834456390077	30	sous-entraînement	50% validation 53
#66C2A5	31	1.7311487572907	31	sous-entraînement	50% validation 53
#FC8D62	32	1.58500202940349	32	validation	50% validation 53
#FC8D62	33	1.63404796329373	33	validation	50% validation 53
#66C2A5	34	1.5899002980795	34	sous-entraînement	50% validation 53
#66C2A5	35	1.45757484645493	35	sous-entraînement	50% validation 53
#FC8D62	36	1.55378134580782	36	validation	50% validation 53
#FC8D62	37	1.55585180676676	37	validation	50% validation 53
#FC8D62	38	1.58934946246667	38	validation	50% validation 53
#66C2A5	39	1.70528333933618	39	sous-entraînement	50% validation 53
#66C2A5	40	1.67159837698355	40	sous-entraînement	50% validation 53
#66C2A5	41	0.313055412190002	41	sous-entraînement	50% validation 53
#FC8D62	42	0.30417160380171	42	validation	50% validation 53
#66C2A5	43	0.399204109355834	43	sous-entraînement	50% validation 53
#FC8D62	44	0.385174091682726	44	validation	50% validation 53
#FC8D62	45	0.260632202360409	45	validation	50% validation 53
#FC8D62	46	0.258758256119149	46	validation	50% validation 53
#66C2A5	47	0.365965968029044	47	sous-entraînement	50% validation 53
#FC8D62	48	0.406361064266902	48	validation	50% validation 53
#66C2A5	49	0.318273150600338	49	sous-entraînement	50% validation 53
#66C2A5	50	0.417618544460782	50	sous-entraînement	50% validation 53
#FC8D62	1	-0.689099191816566	1	validation	50% validation 19
#FC8D62	2	-0.608089478320124	2	validation	50% validation 19
#FC8D62	3	-0.710016671983337	3	validation	50% validation 19
#FC8D62	4	-0.466925730528553	4	validation	50% validation 19
#FC8D62	5	-0.593503033560796	5	validation	50% validation 19
#66C2A5	6	-0.708500649154134	6	sous-entraînement	50% validation 19
#FC8D62	7	-0.577710905499484	7	validation	50% validation 19
#66C2A5	8	-0.552621340229411	8	sous-entraînement	50% validation 19
#FC8D62	9	-0.568875675576983	9	validation	50% validation 19
#66C2A5	10	-0.656992649457968	10	sous-entraînement	50% validation 19
#FC8D62	11	0.334821441067167	11	validation	50% validation 19
#66C2A5	12	0.222627647863225	12	sous-entraînement	50% validation 19
#66C2A5	13	0.121519266167902	13	sous-entraînement	50% validation 19
#66C2A5	14	-0.0378266644956678	14	sous-entraînement	50% validation 19
#FC8D62	15	0.296136416036393	15	validation	50% validation 19
#66C2A5	16	0.179149963320559	16	sous-entraînement	50% validation 19
#FC8D62	17	0.182024297912188	17	validation	50% validation 19
#66C2A5	18	0.278026945290612	18	sous-entraînement	50% validation 19
#66C2A5	19	0.265765443731891	19	sous-entraînement	50% validation 19
#66C2A5	20	0.243033456343833	20	sous-entraînement	50% validation 19
#66C2A5	21	-0.743730875249225	21	sous-entraînement	50% validation 19
#FC8D62	22	-0.757414982336941	22	validation	50% validation 19
#FC8D62	23	-0.828172114073528	23	validation	50% validation 19
#FC8D62	24	-1.03456378199638	24	validation	50% validation 19
#66C2A5	25	-0.773646037620576	25	sous-entraînement	50% validation 19
#FC8D62	26	-0.841241486362947	26	validation	50% validation 19
#66C2A5	27	-0.85120816308058	27	sous-entraînement	50% validation 19
#FC8D62	28	-0.982703850799975	28	validation	50% validation 19
#FC8D62	29	-0.883443617920909	29	validation	50% validation 19
#66C2A5	30	-0.793834456390077	30	sous-entraînement	50% validation 19
#FC8D62	31	1.7311487572907	31	validation	50% validation 19
#FC8D62	32	1.58500202940349	32	validation	50% validation 19
#FC8D62	33	1.63404796329373	33	validation	50% validation 19
#66C2A5	34	1.5899002980795	34	sous-entraînement	50% validation 19
#66C2A5	35	1.45757484645493	35	sous-entraînement	50% validation 19
#66C2A5	36	1.55378134580782	36	sous-entraînement	50% validation 19
#66C2A5	37	1.55585180676676	37	sous-entraînement	50% validation 19
#66C2A5	38	1.58934946246667	38	sous-entraînement	50% validation 19
#FC8D62	39	1.70528333933618	39	validation	50% validation 19
#FC8D62	40	1.67159837698355	40	validation	50% validation 19
#FC8D62	41	0.313055412190002	41	validation	50% validation 19
#66C2A5	42	0.30417160380171	42	sous-entraînement	50% validation 19
#66C2A5	43	0.399204109355834	43	sous-entraînement	50% validation 19
#FC8D62	44	0.385174091682726	44	validation	50% validation 19
#66C2A5	45	0.260632202360409	45	sous-entraînement	50% validation 19
#FC8D62	46	0.258758256119149	46	validation	50% validation 19
#FC8D62	47	0.365965968029044	47	validation	50% validation 19
#66C2A5	48	0.406361064266902	48	sous-entraînement	50% validation 19
#66C2A5	49	0.318273150600338	49	sous-entraînement	50% validation 19
#66C2A5	50	0.417618544460782	50	sous-entraînement	50% validation 19
#FC8D62	1	-0.689099191816566	1	validation	50% validation 73
#66C2A5	2	-0.608089478320124	2	sous-entraînement	50% validation 73
#66C2A5	3	-0.710016671983337	3	sous-entraînement	50% validation 73
#FC8D62	4	-0.466925730528553	4	validation	50% validation 73
#66C2A5	5	-0.593503033560796	5	sous-entraînement	50% validation 73
#FC8D62	6	-0.708500649154134	6	validation	50% validation 73
#FC8D62	7	-0.577710905499484	7	validation	50% validation 73
#66C2A5	8	-0.552621340229411	8	sous-entraînement	50% validation 73
#FC8D62	9	-0.568875675576983	9	validation	50% validation 73
#FC8D62	10	-0.656992649457968	10	validation	50% validation 73
#FC8D62	11	0.334821441067167	11	validation	50% validation 73
#66C2A5	12	0.222627647863225	12	sous-entraînement	50% validation 73
#FC8D62	13	0.121519266167902	13	validation	50% validation 73
#66C2A5	14	-0.0378266644956678	14	sous-entraînement	50% validation 73
#66C2A5	15	0.296136416036393	15	sous-entraînement	50% validation 73
#FC8D62	16	0.179149963320559	16	validation	50% validation 73
#66C2A5	17	0.182024297912188	17	sous-entraînement	50% validation 73
#FC8D62	18	0.278026945290612	18	validation	50% validation 73
#FC8D62	19	0.265765443731891	19	validation	50% validation 73
#66C2A5	20	0.243033456343833	20	sous-entraînement	50% validation 73
#66C2A5	21	-0.743730875249225	21	sous-entraînement	50% validation 73
#FC8D62	22	-0.757414982336941	22	validation	50% validation 73
#66C2A5	23	-0.828172114073528	23	sous-entraînement	50% validation 73
#FC8D62	24	-1.03456378199638	24	validation	50% validation 73
#FC8D62	25	-0.773646037620576	25	validation	50% validation 73
#66C2A5	26	-0.841241486362947	26	sous-entraînement	50% validation 73
#66C2A5	27	-0.85120816308058	27	sous-entraînement	50% validation 73
#66C2A5	28	-0.982703850799975	28	sous-entraînement	50% validation 73
#66C2A5	29	-0.883443617920909	29	sous-entraînement	50% validation 73
#66C2A5	30	-0.793834456390077	30	sous-entraînement	50% validation 73
#66C2A5	31	1.7311487572907	31	sous-entraînement	50% validation 73
#FC8D62	32	1.58500202940349	32	validation	50% validation 73
#FC8D62	33	1.63404796329373	33	validation	50% validation 73
#FC8D62	34	1.5899002980795	34	validation	50% validation 73
#66C2A5	35	1.45757484645493	35	sous-entraînement	50% validation 73
#FC8D62	36	1.55378134580782	36	validation	50% validation 73
#FC8D62	37	1.55585180676676	37	validation	50% validation 73
#FC8D62	38	1.58934946246667	38	validation	50% validation 73
#66C2A5	39	1.70528333933618	39	sous-entraînement	50% validation 73
#FC8D62	40	1.67159837698355	40	validation	50% validation 73
#FC8D62	41	0.313055412190002	41	validation	50% validation 73
#66C2A5	42	0.30417160380171	42	sous-entraînement	50% validation 73
#FC8D62	43	0.399204109355834	43	validation	50% validation 73
#66C2A5	44	0.385174091682726	44	sous-entraînement	50% validation 73
#66C2A5	45	0.260632202360409	45	sous-entraînement	50% validation 73
#66C2A5	46	0.258758256119149	46	sous-entraînement	50% validation 73
#FC8D62	47	0.365965968029044	47	validation	50% validation 73
#66C2A5	48	0.406361064266902	48	sous-entraînement	50% validation 73
#FC8D62	49	0.318273150600338	49	validation	50% validation 73
#66C2A5	50	0.417618544460782	50	sous-entraînement	50% validation 73
#FC8D62	1	-0.689099191816566	1	validation	50% validation 54
#66C2A5	2	-0.608089478320124	2	sous-entraînement	50% validation 54
#FC8D62	3	-0.710016671983337	3	validation	50% validation 54
#FC8D62	4	-0.466925730528553	4	validation	50% validation 54
#66C2A5	5	-0.593503033560796	5	sous-entraînement	50% validation 54
#66C2A5	6	-0.708500649154134	6	sous-entraînement	50% validation 54
#66C2A5	7	-0.577710905499484	7	sous-entraînement	50% validation 54
#66C2A5	8	-0.552621340229411	8	sous-entraînement	50% validation 54
#66C2A5	9	-0.568875675576983	9	sous-entraînement	50% validation 54
#66C2A5	10	-0.656992649457968	10	sous-entraînement	50% validation 54
#FC8D62	11	0.334821441067167	11	validation	50% validation 54
#66C2A5	12	0.222627647863225	12	sous-entraînement	50% validation 54
#FC8D62	13	0.121519266167902	13	validation	50% validation 54
#66C2A5	14	-0.0378266644956678	14	sous-entraînement	50% validation 54
#66C2A5	15	0.296136416036393	15	sous-entraînement	50% validation 54
#FC8D62	16	0.179149963320559	16	validation	50% validation 54
#FC8D62	17	0.182024297912188	17	validation	50% validation 54
#FC8D62	18	0.278026945290612	18	validation	50% validation 54
#66C2A5	19	0.265765443731891	19	sous-entraînement	50% validation 54
#FC8D62	20	0.243033456343833	20	validation	50% validation 54
#66C2A5	21	-0.743730875249225	21	sous-entraînement	50% validation 54
#66C2A5	22	-0.757414982336941	22	sous-entraînement	50% validation 54
#FC8D62	23	-0.828172114073528	23	validation	50% validation 54
#FC8D62	24	-1.03456378199638	24	validation	50% validation 54
#66C2A5	25	-0.773646037620576	25	sous-entraînement	50% validation 54
#66C2A5	26	-0.841241486362947	26	sous-entraînement	50% validation 54
#66C2A5	27	-0.85120816308058	27	sous-entraînement	50% validation 54
#66C2A5	28	-0.982703850799975	28	sous-entraînement	50% validation 54
#FC8D62	29	-0.883443617920909	29	validation	50% validation 54
#FC8D62	30	-0.793834456390077	30	validation	50% validation 54
#66C2A5	31	1.7311487572907	31	sous-entraînement	50% validation 54
#66C2A5	32	1.58500202940349	32	sous-entraînement	50% validation 54
#FC8D62	33	1.63404796329373	33	validation	50% validation 54
#FC8D62	34	1.5899002980795	34	validation	50% validation 54
#66C2A5	35	1.45757484645493	35	sous-entraînement	50% validation 54
#FC8D62	36	1.55378134580782	36	validation	50% validation 54
#66C2A5	37	1.55585180676676	37	sous-entraînement	50% validation 54
#FC8D62	38	1.58934946246667	38	validation	50% validation 54
#FC8D62	39	1.70528333933618	39	validation	50% validation 54
#FC8D62	40	1.67159837698355	40	validation	50% validation 54
#FC8D62	41	0.313055412190002	41	validation	50% validation 54
#66C2A5	42	0.30417160380171	42	sous-entraînement	50% validation 54
#FC8D62	43	0.399204109355834	43	validation	50% validation 54
#FC8D62	44	0.385174091682726	44	validation	50% validation 54
#66C2A5	45	0.260632202360409	45	sous-entraînement	50% validation 54
#FC8D62	46	0.258758256119149	46	validation	50% validation 54
#FC8D62	47	0.365965968029044	47	validation	50% validation 54
#66C2A5	48	0.406361064266902	48	sous-entraînement	50% validation 54
#66C2A5	49	0.318273150600338	49	sous-entraînement	50% validation 54
#FC8D62	50	0.417618544460782	50	validation	50% validation 54
#66C2A5	1	-0.689099191816566	1	sous-entraînement	50% validation 4
#FC8D62	2	-0.608089478320124	2	validation	50% validation 4
#66C2A5	3	-0.710016671983337	3	sous-entraînement	50% validation 4
#FC8D62	4	-0.466925730528553	4	validation	50% validation 4
#FC8D62	5	-0.593503033560796	5	validation	50% validation 4
#66C2A5	6	-0.708500649154134	6	sous-entraînement	50% validation 4
#66C2A5	7	-0.577710905499484	7	sous-entraînement	50% validation 4
#FC8D62	8	-0.552621340229411	8	validation	50% validation 4
#FC8D62	9	-0.568875675576983	9	validation	50% validation 4
#66C2A5	10	-0.656992649457968	10	sous-entraînement	50% validation 4
#FC8D62	11	0.334821441067167	11	validation	50% validation 4
#66C2A5	12	0.222627647863225	12	sous-entraînement	50% validation 4
#66C2A5	13	0.121519266167902	13	sous-entraînement	50% validation 4
#66C2A5	14	-0.0378266644956678	14	sous-entraînement	50% validation 4
#66C2A5	15	0.296136416036393	15	sous-entraînement	50% validation 4
#FC8D62	16	0.179149963320559	16	validation	50% validation 4
#66C2A5	17	0.182024297912188	17	sous-entraînement	50% validation 4
#FC8D62	18	0.278026945290612	18	validation	50% validation 4
#FC8D62	19	0.265765443731891	19	validation	50% validation 4
#FC8D62	20	0.243033456343833	20	validation	50% validation 4
#66C2A5	21	-0.743730875249225	21	sous-entraînement	50% validation 4
#FC8D62	22	-0.757414982336941	22	validation	50% validation 4
#66C2A5	23	-0.828172114073528	23	sous-entraînement	50% validation 4
#66C2A5	24	-1.03456378199638	24	sous-entraînement	50% validation 4
#66C2A5	25	-0.773646037620576	25	sous-entraînement	50% validation 4
#66C2A5	26	-0.841241486362947	26	sous-entraînement	50% validation 4
#FC8D62	27	-0.85120816308058	27	validation	50% validation 4
#FC8D62	28	-0.982703850799975	28	validation	50% validation 4
#FC8D62	29	-0.883443617920909	29	validation	50% validation 4
#FC8D62	30	-0.793834456390077	30	validation	50% validation 4
#66C2A5	31	1.7311487572907	31	sous-entraînement	50% validation 4
#FC8D62	32	1.58500202940349	32	validation	50% validation 4
#FC8D62	33	1.63404796329373	33	validation	50% validation 4
#FC8D62	34	1.5899002980795	34	validation	50% validation 4
#FC8D62	35	1.45757484645493	35	validation	50% validation 4
#FC8D62	36	1.55378134580782	36	validation	50% validation 4
#66C2A5	37	1.55585180676676	37	sous-entraînement	50% validation 4
#FC8D62	38	1.58934946246667	38	validation	50% validation 4
#66C2A5	39	1.70528333933618	39	sous-entraînement	50% validation 4
#66C2A5	40	1.67159837698355	40	sous-entraînement	50% validation 4
#FC8D62	41	0.313055412190002	41	validation	50% validation 4
#66C2A5	42	0.30417160380171	42	sous-entraînement	50% validation 4
#66C2A5	43	0.399204109355834	43	sous-entraînement	50% validation 4
#66C2A5	44	0.385174091682726	44	sous-entraînement	50% validation 4
#FC8D62	45	0.260632202360409	45	validation	50% validation 4
#66C2A5	46	0.258758256119149	46	sous-entraînement	50% validation 4
#66C2A5	47	0.365965968029044	47	sous-entraînement	50% validation 4
#FC8D62	48	0.406361064266902	48	validation	50% validation 4
#66C2A5	49	0.318273150600338	49	sous-entraînement	50% validation 4
#FC8D62	50	0.417618544460782	50	validation	50% validation 4
#FC8D62	1	-0.689099191816566	1	validation	50% validation 55
#66C2A5	2	-0.608089478320124	2	sous-entraînement	50% validation 55
#66C2A5	3	-0.710016671983337	3	sous-entraînement	50% validation 55
#66C2A5	4	-0.466925730528553	4	sous-entraînement	50% validation 55
#FC8D62	5	-0.593503033560796	5	validation	50% validation 55
#66C2A5	6	-0.708500649154134	6	sous-entraînement	50% validation 55
#FC8D62	7	-0.577710905499484	7	validation	50% validation 55
#66C2A5	8	-0.552621340229411	8	sous-entraînement	50% validation 55
#FC8D62	9	-0.568875675576983	9	validation	50% validation 55
#FC8D62	10	-0.656992649457968	10	validation	50% validation 55
#FC8D62	11	0.334821441067167	11	validation	50% validation 55
#FC8D62	12	0.222627647863225	12	validation	50% validation 55
#FC8D62	13	0.121519266167902	13	validation	50% validation 55
#66C2A5	14	-0.0378266644956678	14	sous-entraînement	50% validation 55
#66C2A5	15	0.296136416036393	15	sous-entraînement	50% validation 55
#66C2A5	16	0.179149963320559	16	sous-entraînement	50% validation 55
#66C2A5	17	0.182024297912188	17	sous-entraînement	50% validation 55
#66C2A5	18	0.278026945290612	18	sous-entraînement	50% validation 55
#66C2A5	19	0.265765443731891	19	sous-entraînement	50% validation 55
#FC8D62	20	0.243033456343833	20	validation	50% validation 55
#FC8D62	21	-0.743730875249225	21	validation	50% validation 55
#FC8D62	22	-0.757414982336941	22	validation	50% validation 55
#FC8D62	23	-0.828172114073528	23	validation	50% validation 55
#66C2A5	24	-1.03456378199638	24	sous-entraînement	50% validation 55
#FC8D62	25	-0.773646037620576	25	validation	50% validation 55
#FC8D62	26	-0.841241486362947	26	validation	50% validation 55
#FC8D62	27	-0.85120816308058	27	validation	50% validation 55
#FC8D62	28	-0.982703850799975	28	validation	50% validation 55
#66C2A5	29	-0.883443617920909	29	sous-entraînement	50% validation 55
#FC8D62	30	-0.793834456390077	30	validation	50% validation 55
#66C2A5	31	1.7311487572907	31	sous-entraînement	50% validation 55
#FC8D62	32	1.58500202940349	32	validation	50% validation 55
#FC8D62	33	1.63404796329373	33	validation	50% validation 55
#66C2A5	34	1.5899002980795	34	sous-entraînement	50% validation 55
#66C2A5	35	1.45757484645493	35	sous-entraînement	50% validation 55
#66C2A5	36	1.55378134580782	36	sous-entraînement	50% validation 55
#FC8D62	37	1.55585180676676	37	validation	50% validation 55
#FC8D62	38	1.58934946246667	38	validation	50% validation 55
#66C2A5	39	1.70528333933618	39	sous-entraînement	50% validation 55
#66C2A5	40	1.67159837698355	40	sous-entraînement	50% validation 55
#66C2A5	41	0.313055412190002	41	sous-entraînement	50% validation 55
#66C2A5	42	0.30417160380171	42	sous-entraînement	50% validation 55
#66C2A5	43	0.399204109355834	43	sous-entraînement	50% validation 55
#66C2A5	44	0.385174091682726	44	sous-entraînement	50% validation 55
#FC8D62	45	0.260632202360409	45	validation	50% validation 55
#FC8D62	46	0.258758256119149	46	validation	50% validation 55
#FC8D62	47	0.365965968029044	47	validation	50% validation 55
#FC8D62	48	0.406361064266902	48	validation	50% validation 55
#66C2A5	49	0.318273150600338	49	sous-entraînement	50% validation 55
#66C2A5	50	0.417618544460782	50	sous-entraînement	50% validation 55
#FC8D62	1	-0.689099191816566	1	validation	50% validation 5
#66C2A5	2	-0.608089478320124	2	sous-entraînement	50% validation 5
#66C2A5	3	-0.710016671983337	3	sous-entraînement	50% validation 5
#66C2A5	4	-0.466925730528553	4	sous-entraînement	50% validation 5
#FC8D62	5	-0.593503033560796	5	validation	50% validation 5
#FC8D62	6	-0.708500649154134	6	validation	50% validation 5
#FC8D62	7	-0.577710905499484	7	validation	50% validation 5
#66C2A5	8	-0.552621340229411	8	sous-entraînement	50% validation 5
#FC8D62	9	-0.568875675576983	9	validation	50% validation 5
#66C2A5	10	-0.656992649457968	10	sous-entraînement	50% validation 5
#FC8D62	11	0.334821441067167	11	validation	50% validation 5
#FC8D62	12	0.222627647863225	12	validation	50% validation 5
#FC8D62	13	0.121519266167902	13	validation	50% validation 5
#FC8D62	14	-0.0378266644956678	14	validation	50% validation 5
#FC8D62	15	0.296136416036393	15	validation	50% validation 5
#FC8D62	16	0.179149963320559	16	validation	50% validation 5
#66C2A5	17	0.182024297912188	17	sous-entraînement	50% validation 5
#FC8D62	18	0.278026945290612	18	validation	50% validation 5
#66C2A5	19	0.265765443731891	19	sous-entraînement	50% validation 5
#66C2A5	20	0.243033456343833	20	sous-entraînement	50% validation 5
#66C2A5	21	-0.743730875249225	21	sous-entraînement	50% validation 5
#FC8D62	22	-0.757414982336941	22	validation	50% validation 5
#66C2A5	23	-0.828172114073528	23	sous-entraînement	50% validation 5
#66C2A5	24	-1.03456378199638	24	sous-entraînement	50% validation 5
#66C2A5	25	-0.773646037620576	25	sous-entraînement	50% validation 5
#FC8D62	26	-0.841241486362947	26	validation	50% validation 5
#FC8D62	27	-0.85120816308058	27	validation	50% validation 5
#FC8D62	28	-0.982703850799975	28	validation	50% validation 5
#FC8D62	29	-0.883443617920909	29	validation	50% validation 5
#FC8D62	30	-0.793834456390077	30	validation	50% validation 5
#66C2A5	31	1.7311487572907	31	sous-entraînement	50% validation 5
#FC8D62	32	1.58500202940349	32	validation	50% validation 5
#FC8D62	33	1.63404796329373	33	validation	50% validation 5
#66C2A5	34	1.5899002980795	34	sous-entraînement	50% validation 5
#66C2A5	35	1.45757484645493	35	sous-entraînement	50% validation 5
#66C2A5	36	1.55378134580782	36	sous-entraînement	50% validation 5
#FC8D62	37	1.55585180676676	37	validation	50% validation 5
#66C2A5	38	1.58934946246667	38	sous-entraînement	50% validation 5
#66C2A5	39	1.70528333933618	39	sous-entraînement	50% validation 5
#66C2A5	40	1.67159837698355	40	sous-entraînement	50% validation 5
#FC8D62	41	0.313055412190002	41	validation	50% validation 5
#FC8D62	42	0.30417160380171	42	validation	50% validation 5
#66C2A5	43	0.399204109355834	43	sous-entraînement	50% validation 5
#66C2A5	44	0.385174091682726	44	sous-entraînement	50% validation 5
#FC8D62	45	0.260632202360409	45	validation	50% validation 5
#66C2A5	46	0.258758256119149	46	sous-entraînement	50% validation 5
#66C2A5	47	0.365965968029044	47	sous-entraînement	50% validation 5
#66C2A5	48	0.406361064266902	48	sous-entraînement	50% validation 5
#66C2A5	49	0.318273150600338	49	sous-entraînement	50% validation 5
#FC8D62	50	0.417618544460782	50	validation	50% validation 5
#66C2A5	1	-0.689099191816566	1	sous-entraînement	50% validation 98
#FC8D62	2	-0.608089478320124	2	validation	50% validation 98
#FC8D62	3	-0.710016671983337	3	validation	50% validation 98
#FC8D62	4	-0.466925730528553	4	validation	50% validation 98
#66C2A5	5	-0.593503033560796	5	sous-entraînement	50% validation 98
#FC8D62	6	-0.708500649154134	6	validation	50% validation 98
#FC8D62	7	-0.577710905499484	7	validation	50% validation 98
#FC8D62	8	-0.552621340229411	8	validation	50% validation 98
#FC8D62	9	-0.568875675576983	9	validation	50% validation 98
#66C2A5	10	-0.656992649457968	10	sous-entraînement	50% validation 98
#66C2A5	11	0.334821441067167	11	sous-entraînement	50% validation 98
#66C2A5	12	0.222627647863225	12	sous-entraînement	50% validation 98
#FC8D62	13	0.121519266167902	13	validation	50% validation 98
#66C2A5	14	-0.0378266644956678	14	sous-entraînement	50% validation 98
#FC8D62	15	0.296136416036393	15	validation	50% validation 98
#66C2A5	16	0.179149963320559	16	sous-entraînement	50% validation 98
#FC8D62	17	0.182024297912188	17	validation	50% validation 98
#66C2A5	18	0.278026945290612	18	sous-entraînement	50% validation 98
#66C2A5	19	0.265765443731891	19	sous-entraînement	50% validation 98
#FC8D62	20	0.243033456343833	20	validation	50% validation 98
#FC8D62	21	-0.743730875249225	21	validation	50% validation 98
#66C2A5	22	-0.757414982336941	22	sous-entraînement	50% validation 98
#66C2A5	23	-0.828172114073528	23	sous-entraînement	50% validation 98
#FC8D62	24	-1.03456378199638	24	validation	50% validation 98
#66C2A5	25	-0.773646037620576	25	sous-entraînement	50% validation 98
#FC8D62	26	-0.841241486362947	26	validation	50% validation 98
#FC8D62	27	-0.85120816308058	27	validation	50% validation 98
#66C2A5	28	-0.982703850799975	28	sous-entraînement	50% validation 98
#66C2A5	29	-0.883443617920909	29	sous-entraînement	50% validation 98
#66C2A5	30	-0.793834456390077	30	sous-entraînement	50% validation 98
#FC8D62	31	1.7311487572907	31	validation	50% validation 98
#66C2A5	32	1.58500202940349	32	sous-entraînement	50% validation 98
#66C2A5	33	1.63404796329373	33	sous-entraînement	50% validation 98
#FC8D62	34	1.5899002980795	34	validation	50% validation 98
#FC8D62	35	1.45757484645493	35	validation	50% validation 98
#FC8D62	36	1.55378134580782	36	validation	50% validation 98
#66C2A5	37	1.55585180676676	37	sous-entraînement	50% validation 98
#FC8D62	38	1.58934946246667	38	validation	50% validation 98
#FC8D62	39	1.70528333933618	39	validation	50% validation 98
#66C2A5	40	1.67159837698355	40	sous-entraînement	50% validation 98
#66C2A5	41	0.313055412190002	41	sous-entraînement	50% validation 98
#FC8D62	42	0.30417160380171	42	validation	50% validation 98
#FC8D62	43	0.399204109355834	43	validation	50% validation 98
#66C2A5	44	0.385174091682726	44	sous-entraînement	50% validation 98
#66C2A5	45	0.260632202360409	45	sous-entraînement	50% validation 98
#FC8D62	46	0.258758256119149	46	validation	50% validation 98
#FC8D62	47	0.365965968029044	47	validation	50% validation 98
#66C2A5	48	0.406361064266902	48	sous-entraînement	50% validation 98
#66C2A5	49	0.318273150600338	49	sous-entraînement	50% validation 98
#66C2A5	50	0.417618544460782	50	sous-entraînement	50% validation 98
#FC8D62	1	-0.689099191816566	1	validation	50% validation 66
#66C2A5	2	-0.608089478320124	2	sous-entraînement	50% validation 66
#66C2A5	3	-0.710016671983337	3	sous-entraînement	50% validation 66
#66C2A5	4	-0.466925730528553	4	sous-entraînement	50% validation 66
#66C2A5	5	-0.593503033560796	5	sous-entraînement	50% validation 66
#66C2A5	6	-0.708500649154134	6	sous-entraînement	50% validation 66
#66C2A5	7	-0.577710905499484	7	sous-entraînement	50% validation 66
#66C2A5	8	-0.552621340229411	8	sous-entraînement	50% validation 66
#FC8D62	9	-0.568875675576983	9	validation	50% validation 66
#FC8D62	10	-0.656992649457968	10	validation	50% validation 66
#66C2A5	11	0.334821441067167	11	sous-entraînement	50% validation 66
#66C2A5	12	0.222627647863225	12	sous-entraînement	50% validation 66
#FC8D62	13	0.121519266167902	13	validation	50% validation 66
#66C2A5	14	-0.0378266644956678	14	sous-entraînement	50% validation 66
#66C2A5	15	0.296136416036393	15	sous-entraînement	50% validation 66
#66C2A5	16	0.179149963320559	16	sous-entraînement	50% validation 66
#FC8D62	17	0.182024297912188	17	validation	50% validation 66
#66C2A5	18	0.278026945290612	18	sous-entraînement	50% validation 66
#FC8D62	19	0.265765443731891	19	validation	50% validation 66
#66C2A5	20	0.243033456343833	20	sous-entraînement	50% validation 66
#66C2A5	21	-0.743730875249225	21	sous-entraînement	50% validation 66
#FC8D62	22	-0.757414982336941	22	validation	50% validation 66
#66C2A5	23	-0.828172114073528	23	sous-entraînement	50% validation 66
#FC8D62	24	-1.03456378199638	24	validation	50% validation 66
#FC8D62	25	-0.773646037620576	25	validation	50% validation 66
#FC8D62	26	-0.841241486362947	26	validation	50% validation 66
#FC8D62	27	-0.85120816308058	27	validation	50% validation 66
#FC8D62	28	-0.982703850799975	28	validation	50% validation 66
#FC8D62	29	-0.883443617920909	29	validation	50% validation 66
#66C2A5	30	-0.793834456390077	30	sous-entraînement	50% validation 66
#FC8D62	31	1.7311487572907	31	validation	50% validation 66
#66C2A5	32	1.58500202940349	32	sous-entraînement	50% validation 66
#66C2A5	33	1.63404796329373	33	sous-entraînement	50% validation 66
#FC8D62	34	1.5899002980795	34	validation	50% validation 66
#66C2A5	35	1.45757484645493	35	sous-entraînement	50% validation 66
#FC8D62	36	1.55378134580782	36	validation	50% validation 66
#66C2A5	37	1.55585180676676	37	sous-entraînement	50% validation 66
#66C2A5	38	1.58934946246667	38	sous-entraînement	50% validation 66
#66C2A5	39	1.70528333933618	39	sous-entraînement	50% validation 66
#FC8D62	40	1.67159837698355	40	validation	50% validation 66
#66C2A5	41	0.313055412190002	41	sous-entraînement	50% validation 66
#FC8D62	42	0.30417160380171	42	validation	50% validation 66
#FC8D62	43	0.399204109355834	43	validation	50% validation 66
#FC8D62	44	0.385174091682726	44	validation	50% validation 66
#FC8D62	45	0.260632202360409	45	validation	50% validation 66
#FC8D62	46	0.258758256119149	46	validation	50% validation 66
#66C2A5	47	0.365965968029044	47	sous-entraînement	50% validation 66
#FC8D62	48	0.406361064266902	48	validation	50% validation 66
#FC8D62	49	0.318273150600338	49	validation	50% validation 66
#FC8D62	50	0.417618544460782	50	validation	50% validation 66
#FC8D62	1	-0.689099191816566	1	validation	50% validation 89
#66C2A5	2	-0.608089478320124	2	sous-entraînement	50% validation 89
#FC8D62	3	-0.710016671983337	3	validation	50% validation 89
#FC8D62	4	-0.466925730528553	4	validation	50% validation 89
#66C2A5	5	-0.593503033560796	5	sous-entraînement	50% validation 89
#FC8D62	6	-0.708500649154134	6	validation	50% validation 89
#FC8D62	7	-0.577710905499484	7	validation	50% validation 89
#FC8D62	8	-0.552621340229411	8	validation	50% validation 89
#FC8D62	9	-0.568875675576983	9	validation	50% validation 89
#66C2A5	10	-0.656992649457968	10	sous-entraînement	50% validation 89
#66C2A5	11	0.334821441067167	11	sous-entraînement	50% validation 89
#FC8D62	12	0.222627647863225	12	validation	50% validation 89
#FC8D62	13	0.121519266167902	13	validation	50% validation 89
#66C2A5	14	-0.0378266644956678	14	sous-entraînement	50% validation 89
#66C2A5	15	0.296136416036393	15	sous-entraînement	50% validation 89
#FC8D62	16	0.179149963320559	16	validation	50% validation 89
#66C2A5	17	0.182024297912188	17	sous-entraînement	50% validation 89
#FC8D62	18	0.278026945290612	18	validation	50% validation 89
#66C2A5	19	0.265765443731891	19	sous-entraînement	50% validation 89
#FC8D62	20	0.243033456343833	20	validation	50% validation 89
#66C2A5	21	-0.743730875249225	21	sous-entraînement	50% validation 89
#66C2A5	22	-0.757414982336941	22	sous-entraînement	50% validation 89
#FC8D62	23	-0.828172114073528	23	validation	50% validation 89
#FC8D62	24	-1.03456378199638	24	validation	50% validation 89
#FC8D62	25	-0.773646037620576	25	validation	50% validation 89
#66C2A5	26	-0.841241486362947	26	sous-entraînement	50% validation 89
#FC8D62	27	-0.85120816308058	27	validation	50% validation 89
#66C2A5	28	-0.982703850799975	28	sous-entraînement	50% validation 89
#FC8D62	29	-0.883443617920909	29	validation	50% validation 89
#66C2A5	30	-0.793834456390077	30	sous-entraînement	50% validation 89
#FC8D62	31	1.7311487572907	31	validation	50% validation 89
#FC8D62	32	1.58500202940349	32	validation	50% validation 89
#66C2A5	33	1.63404796329373	33	sous-entraînement	50% validation 89
#66C2A5	34	1.5899002980795	34	sous-entraînement	50% validation 89
#66C2A5	35	1.45757484645493	35	sous-entraînement	50% validation 89
#FC8D62	36	1.55378134580782	36	validation	50% validation 89
#66C2A5	37	1.55585180676676	37	sous-entraînement	50% validation 89
#66C2A5	38	1.58934946246667	38	sous-entraînement	50% validation 89
#FC8D62	39	1.70528333933618	39	validation	50% validation 89
#66C2A5	40	1.67159837698355	40	sous-entraînement	50% validation 89
#66C2A5	41	0.313055412190002	41	sous-entraînement	50% validation 89
#FC8D62	42	0.30417160380171	42	validation	50% validation 89
#FC8D62	43	0.399204109355834	43	validation	50% validation 89
#66C2A5	44	0.385174091682726	44	sous-entraînement	50% validation 89
#66C2A5	45	0.260632202360409	45	sous-entraînement	50% validation 89
#66C2A5	46	0.258758256119149	46	sous-entraînement	50% validation 89
#66C2A5	47	0.365965968029044	47	sous-entraînement	50% validation 89
#FC8D62	48	0.406361064266902	48	validation	50% validation 89
#66C2A5	49	0.318273150600338	49	sous-entraînement	50% validation 89
#FC8D62	50	0.417618544460782	50	validation	50% validation 89
#66C2A5	1	-0.689099191816566	1	sous-entraînement	50% validation 79
#FC8D62	2	-0.608089478320124	2	validation	50% validation 79
#66C2A5	3	-0.710016671983337	3	sous-entraînement	50% validation 79
#FC8D62	4	-0.466925730528553	4	validation	50% validation 79
#FC8D62	5	-0.593503033560796	5	validation	50% validation 79
#66C2A5	6	-0.708500649154134	6	sous-entraînement	50% validation 79
#66C2A5	7	-0.577710905499484	7	sous-entraînement	50% validation 79
#66C2A5	8	-0.552621340229411	8	sous-entraînement	50% validation 79
#66C2A5	9	-0.568875675576983	9	sous-entraînement	50% validation 79
#66C2A5	10	-0.656992649457968	10	sous-entraînement	50% validation 79
#FC8D62	11	0.334821441067167	11	validation	50% validation 79
#66C2A5	12	0.222627647863225	12	sous-entraînement	50% validation 79
#FC8D62	13	0.121519266167902	13	validation	50% validation 79
#FC8D62	14	-0.0378266644956678	14	validation	50% validation 79
#66C2A5	15	0.296136416036393	15	sous-entraînement	50% validation 79
#66C2A5	16	0.179149963320559	16	sous-entraînement	50% validation 79
#FC8D62	17	0.182024297912188	17	validation	50% validation 79
#66C2A5	18	0.278026945290612	18	sous-entraînement	50% validation 79
#66C2A5	19	0.265765443731891	19	sous-entraînement	50% validation 79
#FC8D62	20	0.243033456343833	20	validation	50% validation 79
#66C2A5	21	-0.743730875249225	21	sous-entraînement	50% validation 79
#FC8D62	22	-0.757414982336941	22	validation	50% validation 79
#FC8D62	23	-0.828172114073528	23	validation	50% validation 79
#FC8D62	24	-1.03456378199638	24	validation	50% validation 79
#66C2A5	25	-0.773646037620576	25	sous-entraînement	50% validation 79
#FC8D62	26	-0.841241486362947	26	validation	50% validation 79
#66C2A5	27	-0.85120816308058	27	sous-entraînement	50% validation 79
#66C2A5	28	-0.982703850799975	28	sous-entraînement	50% validation 79
#FC8D62	29	-0.883443617920909	29	validation	50% validation 79
#66C2A5	30	-0.793834456390077	30	sous-entraînement	50% validation 79
#66C2A5	31	1.7311487572907	31	sous-entraînement	50% validation 79
#66C2A5	32	1.58500202940349	32	sous-entraînement	50% validation 79
#FC8D62	33	1.63404796329373	33	validation	50% validation 79
#66C2A5	34	1.5899002980795	34	sous-entraînement	50% validation 79
#FC8D62	35	1.45757484645493	35	validation	50% validation 79
#66C2A5	36	1.55378134580782	36	sous-entraînement	50% validation 79
#FC8D62	37	1.55585180676676	37	validation	50% validation 79
#FC8D62	38	1.58934946246667	38	validation	50% validation 79
#66C2A5	39	1.70528333933618	39	sous-entraînement	50% validation 79
#FC8D62	40	1.67159837698355	40	validation	50% validation 79
#FC8D62	41	0.313055412190002	41	validation	50% validation 79
#FC8D62	42	0.30417160380171	42	validation	50% validation 79
#66C2A5	43	0.399204109355834	43	sous-entraînement	50% validation 79
#FC8D62	44	0.385174091682726	44	validation	50% validation 79
#FC8D62	45	0.260632202360409	45	validation	50% validation 79
#66C2A5	46	0.258758256119149	46	sous-entraînement	50% validation 79
#FC8D62	47	0.365965968029044	47	validation	50% validation 79
#FC8D62	48	0.406361064266902	48	validation	50% validation 79
#66C2A5	49	0.318273150600338	49	sous-entraînement	50% validation 79
#FC8D62	50	0.417618544460782	50	validation	50% validation 79
#FC8D62	1	-0.689099191816566	1	validation	50% validation 94
#66C2A5	2	-0.608089478320124	2	sous-entraînement	50% validation 94
#66C2A5	3	-0.710016671983337	3	sous-entraînement	50% validation 94
#66C2A5	4	-0.466925730528553	4	sous-entraînement	50% validation 94
#66C2A5	5	-0.593503033560796	5	sous-entraînement	50% validation 94
#66C2A5	6	-0.708500649154134	6	sous-entraînement	50% validation 94
#66C2A5	7	-0.577710905499484	7	sous-entraînement	50% validation 94
#FC8D62	8	-0.552621340229411	8	validation	50% validation 94
#FC8D62	9	-0.568875675576983	9	validation	50% validation 94
#FC8D62	10	-0.656992649457968	10	validation	50% validation 94
#FC8D62	11	0.334821441067167	11	validation	50% validation 94
#FC8D62	12	0.222627647863225	12	validation	50% validation 94
#FC8D62	13	0.121519266167902	13	validation	50% validation 94
#FC8D62	14	-0.0378266644956678	14	validation	50% validation 94
#FC8D62	15	0.296136416036393	15	validation	50% validation 94
#66C2A5	16	0.179149963320559	16	sous-entraînement	50% validation 94
#66C2A5	17	0.182024297912188	17	sous-entraînement	50% validation 94
#FC8D62	18	0.278026945290612	18	validation	50% validation 94
#FC8D62	19	0.265765443731891	19	validation	50% validation 94
#FC8D62	20	0.243033456343833	20	validation	50% validation 94
#FC8D62	21	-0.743730875249225	21	validation	50% validation 94
#66C2A5	22	-0.757414982336941	22	sous-entraînement	50% validation 94
#66C2A5	23	-0.828172114073528	23	sous-entraînement	50% validation 94
#FC8D62	24	-1.03456378199638	24	validation	50% validation 94
#66C2A5	25	-0.773646037620576	25	sous-entraînement	50% validation 94
#FC8D62	26	-0.841241486362947	26	validation	50% validation 94
#66C2A5	27	-0.85120816308058	27	sous-entraînement	50% validation 94
#FC8D62	28	-0.982703850799975	28	validation	50% validation 94
#66C2A5	29	-0.883443617920909	29	sous-entraînement	50% validation 94
#66C2A5	30	-0.793834456390077	30	sous-entraînement	50% validation 94
#FC8D62	31	1.7311487572907	31	validation	50% validation 94
#FC8D62	32	1.58500202940349	32	validation	50% validation 94
#66C2A5	33	1.63404796329373	33	sous-entraînement	50% validation 94
#FC8D62	34	1.5899002980795	34	validation	50% validation 94
#66C2A5	35	1.45757484645493	35	sous-entraînement	50% validation 94
#FC8D62	36	1.55378134580782	36	validation	50% validation 94
#FC8D62	37	1.55585180676676	37	validation	50% validation 94
#FC8D62	38	1.58934946246667	38	validation	50% validation 94
#66C2A5	39	1.70528333933618	39	sous-entraînement	50% validation 94
#FC8D62	40	1.67159837698355	40	validation	50% validation 94
#66C2A5	41	0.313055412190002	41	sous-entraînement	50% validation 94
#66C2A5	42	0.30417160380171	42	sous-entraînement	50% validation 94
#66C2A5	43	0.399204109355834	43	sous-entraînement	50% validation 94
#66C2A5	44	0.385174091682726	44	sous-entraînement	50% validation 94
#FC8D62	45	0.260632202360409	45	validation	50% validation 94
#66C2A5	46	0.258758256119149	46	sous-entraînement	50% validation 94
#66C2A5	47	0.365965968029044	47	sous-entraînement	50% validation 94
#66C2A5	48	0.406361064266902	48	sous-entraînement	50% validation 94
#66C2A5	49	0.318273150600338	49	sous-entraînement	50% validation 94
#FC8D62	50	0.417618544460782	50	validation	50% validation 94
#66C2A5	1	-0.689099191816566	1	sous-entraînement	50% validation 80
#66C2A5	2	-0.608089478320124	2	sous-entraînement	50% validation 80
#66C2A5	3	-0.710016671983337	3	sous-entraînement	50% validation 80
#66C2A5	4	-0.466925730528553	4	sous-entraînement	50% validation 80
#66C2A5	5	-0.593503033560796	5	sous-entraînement	50% validation 80
#FC8D62	6	-0.708500649154134	6	validation	50% validation 80
#FC8D62	7	-0.577710905499484	7	validation	50% validation 80
#66C2A5	8	-0.552621340229411	8	sous-entraînement	50% validation 80
#66C2A5	9	-0.568875675576983	9	sous-entraînement	50% validation 80
#66C2A5	10	-0.656992649457968	10	sous-entraînement	50% validation 80
#FC8D62	11	0.334821441067167	11	validation	50% validation 80
#FC8D62	12	0.222627647863225	12	validation	50% validation 80
#FC8D62	13	0.121519266167902	13	validation	50% validation 80
#66C2A5	14	-0.0378266644956678	14	sous-entraînement	50% validation 80
#66C2A5	15	0.296136416036393	15	sous-entraînement	50% validation 80
#FC8D62	16	0.179149963320559	16	validation	50% validation 80
#FC8D62	17	0.182024297912188	17	validation	50% validation 80
#66C2A5	18	0.278026945290612	18	sous-entraînement	50% validation 80
#66C2A5	19	0.265765443731891	19	sous-entraînement	50% validation 80
#FC8D62	20	0.243033456343833	20	validation	50% validation 80
#66C2A5	21	-0.743730875249225	21	sous-entraînement	50% validation 80
#FC8D62	22	-0.757414982336941	22	validation	50% validation 80
#FC8D62	23	-0.828172114073528	23	validation	50% validation 80
#FC8D62	24	-1.03456378199638	24	validation	50% validation 80
#FC8D62	25	-0.773646037620576	25	validation	50% validation 80
#FC8D62	26	-0.841241486362947	26	validation	50% validation 80
#66C2A5	27	-0.85120816308058	27	sous-entraînement	50% validation 80
#66C2A5	28	-0.982703850799975	28	sous-entraînement	50% validation 80
#FC8D62	29	-0.883443617920909	29	validation	50% validation 80
#FC8D62	30	-0.793834456390077	30	validation	50% validation 80
#FC8D62	31	1.7311487572907	31	validation	50% validation 80
#66C2A5	32	1.58500202940349	32	sous-entraînement	50% validation 80
#66C2A5	33	1.63404796329373	33	sous-entraînement	50% validation 80
#FC8D62	34	1.5899002980795	34	validation	50% validation 80
#FC8D62	35	1.45757484645493	35	validation	50% validation 80
#66C2A5	36	1.55378134580782	36	sous-entraînement	50% validation 80
#FC8D62	37	1.55585180676676	37	validation	50% validation 80
#FC8D62	38	1.58934946246667	38	validation	50% validation 80
#66C2A5	39	1.70528333933618	39	sous-entraînement	50% validation 80
#66C2A5	40	1.67159837698355	40	sous-entraînement	50% validation 80
#66C2A5	41	0.313055412190002	41	sous-entraînement	50% validation 80
#66C2A5	42	0.30417160380171	42	sous-entraînement	50% validation 80
#FC8D62	43	0.399204109355834	43	validation	50% validation 80
#66C2A5	44	0.385174091682726	44	sous-entraînement	50% validation 80
#FC8D62	45	0.260632202360409	45	validation	50% validation 80
#66C2A5	46	0.258758256119149	46	sous-entraînement	50% validation 80
#FC8D62	47	0.365965968029044	47	validation	50% validation 80
#66C2A5	48	0.406361064266902	48	sous-entraînement	50% validation 80
#FC8D62	49	0.318273150600338	49	validation	50% validation 80
#FC8D62	50	0.417618544460782	50	validation	50% validation 80
#66C2A5	1	-0.689099191816566	1	sous-entraînement	50% validation 81
#FC8D62	2	-0.608089478320124	2	validation	50% validation 81
#66C2A5	3	-0.710016671983337	3	sous-entraînement	50% validation 81
#FC8D62	4	-0.466925730528553	4	validation	50% validation 81
#FC8D62	5	-0.593503033560796	5	validation	50% validation 81
#FC8D62	6	-0.708500649154134	6	validation	50% validation 81
#66C2A5	7	-0.577710905499484	7	sous-entraînement	50% validation 81
#FC8D62	8	-0.552621340229411	8	validation	50% validation 81
#66C2A5	9	-0.568875675576983	9	sous-entraînement	50% validation 81
#FC8D62	10	-0.656992649457968	10	validation	50% validation 81
#FC8D62	11	0.334821441067167	11	validation	50% validation 81
#FC8D62	12	0.222627647863225	12	validation	50% validation 81
#66C2A5	13	0.121519266167902	13	sous-entraînement	50% validation 81
#FC8D62	14	-0.0378266644956678	14	validation	50% validation 81
#66C2A5	15	0.296136416036393	15	sous-entraînement	50% validation 81
#66C2A5	16	0.179149963320559	16	sous-entraînement	50% validation 81
#FC8D62	17	0.182024297912188	17	validation	50% validation 81
#66C2A5	18	0.278026945290612	18	sous-entraînement	50% validation 81
#FC8D62	19	0.265765443731891	19	validation	50% validation 81
#FC8D62	20	0.243033456343833	20	validation	50% validation 81
#66C2A5	21	-0.743730875249225	21	sous-entraînement	50% validation 81
#FC8D62	22	-0.757414982336941	22	validation	50% validation 81
#66C2A5	23	-0.828172114073528	23	sous-entraînement	50% validation 81
#FC8D62	24	-1.03456378199638	24	validation	50% validation 81
#66C2A5	25	-0.773646037620576	25	sous-entraînement	50% validation 81
#66C2A5	26	-0.841241486362947	26	sous-entraînement	50% validation 81
#66C2A5	27	-0.85120816308058	27	sous-entraînement	50% validation 81
#66C2A5	28	-0.982703850799975	28	sous-entraînement	50% validation 81
#FC8D62	29	-0.883443617920909	29	validation	50% validation 81
#FC8D62	30	-0.793834456390077	30	validation	50% validation 81
#FC8D62	31	1.7311487572907	31	validation	50% validation 81
#66C2A5	32	1.58500202940349	32	sous-entraînement	50% validation 81
#FC8D62	33	1.63404796329373	33	validation	50% validation 81
#FC8D62	34	1.5899002980795	34	validation	50% validation 81
#66C2A5	35	1.45757484645493	35	sous-entraînement	50% validation 81
#66C2A5	36	1.55378134580782	36	sous-entraînement	50% validation 81
#FC8D62	37	1.55585180676676	37	validation	50% validation 81
#66C2A5	38	1.58934946246667	38	sous-entraînement	50% validation 81
#FC8D62	39	1.70528333933618	39	validation	50% validation 81
#66C2A5	40	1.67159837698355	40	sous-entraînement	50% validation 81
#FC8D62	41	0.313055412190002	41	validation	50% validation 81
#66C2A5	42	0.30417160380171	42	sous-entraînement	50% validation 81
#66C2A5	43	0.399204109355834	43	sous-entraînement	50% validation 81
#66C2A5	44	0.385174091682726	44	sous-entraînement	50% validation 81
#66C2A5	45	0.260632202360409	45	sous-entraînement	50% validation 81
#66C2A5	46	0.258758256119149	46	sous-entraînement	50% validation 81
#FC8D62	47	0.365965968029044	47	validation	50% validation 81
#66C2A5	48	0.406361064266902	48	sous-entraînement	50% validation 81
#FC8D62	49	0.318273150600338	49	validation	50% validation 81
#FC8D62	50	0.417618544460782	50	validation	50% validation 81
#FC8D62	1	-0.689099191816566	1	validation	50% validation 20
#FC8D62	2	-0.608089478320124	2	validation	50% validation 20
#FC8D62	3	-0.710016671983337	3	validation	50% validation 20
#66C2A5	4	-0.466925730528553	4	sous-entraînement	50% validation 20
#66C2A5	5	-0.593503033560796	5	sous-entraînement	50% validation 20
#66C2A5	6	-0.708500649154134	6	sous-entraînement	50% validation 20
#FC8D62	7	-0.577710905499484	7	validation	50% validation 20
#FC8D62	8	-0.552621340229411	8	validation	50% validation 20
#66C2A5	9	-0.568875675576983	9	sous-entraînement	50% validation 20
#FC8D62	10	-0.656992649457968	10	validation	50% validation 20
#66C2A5	11	0.334821441067167	11	sous-entraînement	50% validation 20
#FC8D62	12	0.222627647863225	12	validation	50% validation 20
#66C2A5	13	0.121519266167902	13	sous-entraînement	50% validation 20
#FC8D62	14	-0.0378266644956678	14	validation	50% validation 20
#66C2A5	15	0.296136416036393	15	sous-entraînement	50% validation 20
#FC8D62	16	0.179149963320559	16	validation	50% validation 20
#FC8D62	17	0.182024297912188	17	validation	50% validation 20
#FC8D62	18	0.278026945290612	18	validation	50% validation 20
#66C2A5	19	0.265765443731891	19	sous-entraînement	50% validation 20
#66C2A5	20	0.243033456343833	20	sous-entraînement	50% validation 20
#66C2A5	21	-0.743730875249225	21	sous-entraînement	50% validation 20
#FC8D62	22	-0.757414982336941	22	validation	50% validation 20
#FC8D62	23	-0.828172114073528	23	validation	50% validation 20
#FC8D62	24	-1.03456378199638	24	validation	50% validation 20
#FC8D62	25	-0.773646037620576	25	validation	50% validation 20
#FC8D62	26	-0.841241486362947	26	validation	50% validation 20
#66C2A5	27	-0.85120816308058	27	sous-entraînement	50% validation 20
#FC8D62	28	-0.982703850799975	28	validation	50% validation 20
#66C2A5	29	-0.883443617920909	29	sous-entraînement	50% validation 20
#FC8D62	30	-0.793834456390077	30	validation	50% validation 20
#FC8D62	31	1.7311487572907	31	validation	50% validation 20
#FC8D62	32	1.58500202940349	32	validation	50% validation 20
#FC8D62	33	1.63404796329373	33	validation	50% validation 20
#FC8D62	34	1.5899002980795	34	validation	50% validation 20
#66C2A5	35	1.45757484645493	35	sous-entraînement	50% validation 20
#66C2A5	36	1.55378134580782	36	sous-entraînement	50% validation 20
#66C2A5	37	1.55585180676676	37	sous-entraînement	50% validation 20
#FC8D62	38	1.58934946246667	38	validation	50% validation 20
#FC8D62	39	1.70528333933618	39	validation	50% validation 20
#66C2A5	40	1.67159837698355	40	sous-entraînement	50% validation 20
#66C2A5	41	0.313055412190002	41	sous-entraînement	50% validation 20
#66C2A5	42	0.30417160380171	42	sous-entraînement	50% validation 20
#66C2A5	43	0.399204109355834	43	sous-entraînement	50% validation 20
#66C2A5	44	0.385174091682726	44	sous-entraînement	50% validation 20
#66C2A5	45	0.260632202360409	45	sous-entraînement	50% validation 20
#66C2A5	46	0.258758256119149	46	sous-entraînement	50% validation 20
#FC8D62	47	0.365965968029044	47	validation	50% validation 20
#66C2A5	48	0.406361064266902	48	sous-entraînement	50% validation 20
#66C2A5	49	0.318273150600338	49	sous-entraînement	50% validation 20
#66C2A5	50	0.417618544460782	50	sous-entraînement	50% validation 20
#66C2A5	1	-0.689099191816566	1	sous-entraînement	50% validation 21
#66C2A5	2	-0.608089478320124	2	sous-entraînement	50% validation 21
#FC8D62	3	-0.710016671983337	3	validation	50% validation 21
#66C2A5	4	-0.466925730528553	4	sous-entraînement	50% validation 21
#FC8D62	5	-0.593503033560796	5	validation	50% validation 21
#66C2A5	6	-0.708500649154134	6	sous-entraînement	50% validation 21
#FC8D62	7	-0.577710905499484	7	validation	50% validation 21
#66C2A5	8	-0.552621340229411	8	sous-entraînement	50% validation 21
#66C2A5	9	-0.568875675576983	9	sous-entraînement	50% validation 21
#FC8D62	10	-0.656992649457968	10	validation	50% validation 21
#66C2A5	11	0.334821441067167	11	sous-entraînement	50% validation 21
#66C2A5	12	0.222627647863225	12	sous-entraînement	50% validation 21
#66C2A5	13	0.121519266167902	13	sous-entraînement	50% validation 21
#66C2A5	14	-0.0378266644956678	14	sous-entraînement	50% validation 21
#FC8D62	15	0.296136416036393	15	validation	50% validation 21
#66C2A5	16	0.179149963320559	16	sous-entraînement	50% validation 21
#66C2A5	17	0.182024297912188	17	sous-entraînement	50% validation 21
#FC8D62	18	0.278026945290612	18	validation	50% validation 21
#FC8D62	19	0.265765443731891	19	validation	50% validation 21
#66C2A5	20	0.243033456343833	20	sous-entraînement	50% validation 21
#FC8D62	21	-0.743730875249225	21	validation	50% validation 21
#FC8D62	22	-0.757414982336941	22	validation	50% validation 21
#66C2A5	23	-0.828172114073528	23	sous-entraînement	50% validation 21
#66C2A5	24	-1.03456378199638	24	sous-entraînement	50% validation 21
#FC8D62	25	-0.773646037620576	25	validation	50% validation 21
#66C2A5	26	-0.841241486362947	26	sous-entraînement	50% validation 21
#FC8D62	27	-0.85120816308058	27	validation	50% validation 21
#FC8D62	28	-0.982703850799975	28	validation	50% validation 21
#66C2A5	29	-0.883443617920909	29	sous-entraînement	50% validation 21
#FC8D62	30	-0.793834456390077	30	validation	50% validation 21
#FC8D62	31	1.7311487572907	31	validation	50% validation 21
#FC8D62	32	1.58500202940349	32	validation	50% validation 21
#FC8D62	33	1.63404796329373	33	validation	50% validation 21
#66C2A5	34	1.5899002980795	34	sous-entraînement	50% validation 21
#FC8D62	35	1.45757484645493	35	validation	50% validation 21
#66C2A5	36	1.55378134580782	36	sous-entraînement	50% validation 21
#66C2A5	37	1.55585180676676	37	sous-entraînement	50% validation 21
#FC8D62	38	1.58934946246667	38	validation	50% validation 21
#FC8D62	39	1.70528333933618	39	validation	50% validation 21
#FC8D62	40	1.67159837698355	40	validation	50% validation 21
#FC8D62	41	0.313055412190002	41	validation	50% validation 21
#FC8D62	42	0.30417160380171	42	validation	50% validation 21
#FC8D62	43	0.399204109355834	43	validation	50% validation 21
#66C2A5	44	0.385174091682726	44	sous-entraînement	50% validation 21
#66C2A5	45	0.260632202360409	45	sous-entraînement	50% validation 21
#66C2A5	46	0.258758256119149	46	sous-entraînement	50% validation 21
#66C2A5	47	0.365965968029044	47	sous-entraînement	50% validation 21
#FC8D62	48	0.406361064266902	48	validation	50% validation 21
#FC8D62	49	0.318273150600338	49	validation	50% validation 21
#66C2A5	50	0.417618544460782	50	sous-entraînement	50% validation 21
#66C2A5	1	-0.689099191816566	1	sous-entraînement	50% validation 56
#66C2A5	2	-0.608089478320124	2	sous-entraînement	50% validation 56
#FC8D62	3	-0.710016671983337	3	validation	50% validation 56
#66C2A5	4	-0.466925730528553	4	sous-entraînement	50% validation 56
#66C2A5	5	-0.593503033560796	5	sous-entraînement	50% validation 56
#FC8D62	6	-0.708500649154134	6	validation	50% validation 56
#FC8D62	7	-0.577710905499484	7	validation	50% validation 56
#FC8D62	8	-0.552621340229411	8	validation	50% validation 56
#66C2A5	9	-0.568875675576983	9	sous-entraînement	50% validation 56
#66C2A5	10	-0.656992649457968	10	sous-entraînement	50% validation 56
#66C2A5	11	0.334821441067167	11	sous-entraînement	50% validation 56
#66C2A5	12	0.222627647863225	12	sous-entraînement	50% validation 56
#FC8D62	13	0.121519266167902	13	validation	50% validation 56
#66C2A5	14	-0.0378266644956678	14	sous-entraînement	50% validation 56
#66C2A5	15	0.296136416036393	15	sous-entraînement	50% validation 56
#66C2A5	16	0.179149963320559	16	sous-entraînement	50% validation 56
#FC8D62	17	0.182024297912188	17	validation	50% validation 56
#FC8D62	18	0.278026945290612	18	validation	50% validation 56
#FC8D62	19	0.265765443731891	19	validation	50% validation 56
#66C2A5	20	0.243033456343833	20	sous-entraînement	50% validation 56
#66C2A5	21	-0.743730875249225	21	sous-entraînement	50% validation 56
#66C2A5	22	-0.757414982336941	22	sous-entraînement	50% validation 56
#FC8D62	23	-0.828172114073528	23	validation	50% validation 56
#66C2A5	24	-1.03456378199638	24	sous-entraînement	50% validation 56
#FC8D62	25	-0.773646037620576	25	validation	50% validation 56
#FC8D62	26	-0.841241486362947	26	validation	50% validation 56
#FC8D62	27	-0.85120816308058	27	validation	50% validation 56
#FC8D62	28	-0.982703850799975	28	validation	50% validation 56
#66C2A5	29	-0.883443617920909	29	sous-entraînement	50% validation 56
#FC8D62	30	-0.793834456390077	30	validation	50% validation 56
#FC8D62	31	1.7311487572907	31	validation	50% validation 56
#FC8D62	32	1.58500202940349	32	validation	50% validation 56
#FC8D62	33	1.63404796329373	33	validation	50% validation 56
#66C2A5	34	1.5899002980795	34	sous-entraînement	50% validation 56
#66C2A5	35	1.45757484645493	35	sous-entraînement	50% validation 56
#FC8D62	36	1.55378134580782	36	validation	50% validation 56
#FC8D62	37	1.55585180676676	37	validation	50% validation 56
#66C2A5	38	1.58934946246667	38	sous-entraînement	50% validation 56
#66C2A5	39	1.70528333933618	39	sous-entraînement	50% validation 56
#FC8D62	40	1.67159837698355	40	validation	50% validation 56
#FC8D62	41	0.313055412190002	41	validation	50% validation 56
#66C2A5	42	0.30417160380171	42	sous-entraînement	50% validation 56
#66C2A5	43	0.399204109355834	43	sous-entraînement	50% validation 56
#FC8D62	44	0.385174091682726	44	validation	50% validation 56
#FC8D62	45	0.260632202360409	45	validation	50% validation 56
#FC8D62	46	0.258758256119149	46	validation	50% validation 56
#66C2A5	47	0.365965968029044	47	sous-entraînement	50% validation 56
#66C2A5	48	0.406361064266902	48	sous-entraînement	50% validation 56
#FC8D62	49	0.318273150600338	49	validation	50% validation 56
#66C2A5	50	0.417618544460782	50	sous-entraînement	50% validation 56
#FC8D62	1	-0.689099191816566	1	validation	50% validation 82
#66C2A5	2	-0.608089478320124	2	sous-entraînement	50% validation 82
#FC8D62	3	-0.710016671983337	3	validation	50% validation 82
#66C2A5	4	-0.466925730528553	4	sous-entraînement	50% validation 82
#66C2A5	5	-0.593503033560796	5	sous-entraînement	50% validation 82
#FC8D62	6	-0.708500649154134	6	validation	50% validation 82
#66C2A5	7	-0.577710905499484	7	sous-entraînement	50% validation 82
#66C2A5	8	-0.552621340229411	8	sous-entraînement	50% validation 82
#FC8D62	9	-0.568875675576983	9	validation	50% validation 82
#FC8D62	10	-0.656992649457968	10	validation	50% validation 82
#FC8D62	11	0.334821441067167	11	validation	50% validation 82
#FC8D62	12	0.222627647863225	12	validation	50% validation 82
#66C2A5	13	0.121519266167902	13	sous-entraînement	50% validation 82
#FC8D62	14	-0.0378266644956678	14	validation	50% validation 82
#FC8D62	15	0.296136416036393	15	validation	50% validation 82
#FC8D62	16	0.179149963320559	16	validation	50% validation 82
#66C2A5	17	0.182024297912188	17	sous-entraînement	50% validation 82
#FC8D62	18	0.278026945290612	18	validation	50% validation 82
#FC8D62	19	0.265765443731891	19	validation	50% validation 82
#FC8D62	20	0.243033456343833	20	validation	50% validation 82
#FC8D62	21	-0.743730875249225	21	validation	50% validation 82
#FC8D62	22	-0.757414982336941	22	validation	50% validation 82
#66C2A5	23	-0.828172114073528	23	sous-entraînement	50% validation 82
#66C2A5	24	-1.03456378199638	24	sous-entraînement	50% validation 82
#66C2A5	25	-0.773646037620576	25	sous-entraînement	50% validation 82
#66C2A5	26	-0.841241486362947	26	sous-entraînement	50% validation 82
#FC8D62	27	-0.85120816308058	27	validation	50% validation 82
#FC8D62	28	-0.982703850799975	28	validation	50% validation 82
#66C2A5	29	-0.883443617920909	29	sous-entraînement	50% validation 82
#66C2A5	30	-0.793834456390077	30	sous-entraînement	50% validation 82
#66C2A5	31	1.7311487572907	31	sous-entraînement	50% validation 82
#66C2A5	32	1.58500202940349	32	sous-entraînement	50% validation 82
#FC8D62	33	1.63404796329373	33	validation	50% validation 82
#66C2A5	34	1.5899002980795	34	sous-entraînement	50% validation 82
#FC8D62	35	1.45757484645493	35	validation	50% validation 82
#66C2A5	36	1.55378134580782	36	sous-entraînement	50% validation 82
#FC8D62	37	1.55585180676676	37	validation	50% validation 82
#66C2A5	38	1.58934946246667	38	sous-entraînement	50% validation 82
#66C2A5	39	1.70528333933618	39	sous-entraînement	50% validation 82
#FC8D62	40	1.67159837698355	40	validation	50% validation 82
#FC8D62	41	0.313055412190002	41	validation	50% validation 82
#FC8D62	42	0.30417160380171	42	validation	50% validation 82
#66C2A5	43	0.399204109355834	43	sous-entraînement	50% validation 82
#66C2A5	44	0.385174091682726	44	sous-entraînement	50% validation 82
#66C2A5	45	0.260632202360409	45	sous-entraînement	50% validation 82
#66C2A5	46	0.258758256119149	46	sous-entraînement	50% validation 82
#66C2A5	47	0.365965968029044	47	sous-entraînement	50% validation 82
#FC8D62	48	0.406361064266902	48	validation	50% validation 82
#66C2A5	49	0.318273150600338	49	sous-entraînement	50% validation 82
#FC8D62	50	0.417618544460782	50	validation	50% validation 82
#66C2A5	1	-0.689099191816566	1	sous-entraînement	50% validation 67
#66C2A5	2	-0.608089478320124	2	sous-entraînement	50% validation 67
#66C2A5	3	-0.710016671983337	3	sous-entraînement	50% validation 67
#FC8D62	4	-0.466925730528553	4	validation	50% validation 67
#66C2A5	5	-0.593503033560796	5	sous-entraînement	50% validation 67
#FC8D62	6	-0.708500649154134	6	validation	50% validation 67
#FC8D62	7	-0.577710905499484	7	validation	50% validation 67
#FC8D62	8	-0.552621340229411	8	validation	50% validation 67
#FC8D62	9	-0.568875675576983	9	validation	50% validation 67
#FC8D62	10	-0.656992649457968	10	validation	50% validation 67
#FC8D62	11	0.334821441067167	11	validation	50% validation 67
#66C2A5	12	0.222627647863225	12	sous-entraînement	50% validation 67
#FC8D62	13	0.121519266167902	13	validation	50% validation 67
#66C2A5	14	-0.0378266644956678	14	sous-entraînement	50% validation 67
#66C2A5	15	0.296136416036393	15	sous-entraînement	50% validation 67
#FC8D62	16	0.179149963320559	16	validation	50% validation 67
#66C2A5	17	0.182024297912188	17	sous-entraînement	50% validation 67
#FC8D62	18	0.278026945290612	18	validation	50% validation 67
#FC8D62	19	0.265765443731891	19	validation	50% validation 67
#FC8D62	20	0.243033456343833	20	validation	50% validation 67
#FC8D62	21	-0.743730875249225	21	validation	50% validation 67
#66C2A5	22	-0.757414982336941	22	sous-entraînement	50% validation 67
#66C2A5	23	-0.828172114073528	23	sous-entraînement	50% validation 67
#66C2A5	24	-1.03456378199638	24	sous-entraînement	50% validation 67
#FC8D62	25	-0.773646037620576	25	validation	50% validation 67
#FC8D62	26	-0.841241486362947	26	validation	50% validation 67
#FC8D62	27	-0.85120816308058	27	validation	50% validation 67
#FC8D62	28	-0.982703850799975	28	validation	50% validation 67
#FC8D62	29	-0.883443617920909	29	validation	50% validation 67
#66C2A5	30	-0.793834456390077	30	sous-entraînement	50% validation 67
#66C2A5	31	1.7311487572907	31	sous-entraînement	50% validation 67
#66C2A5	32	1.58500202940349	32	sous-entraînement	50% validation 67
#66C2A5	33	1.63404796329373	33	sous-entraînement	50% validation 67
#FC8D62	34	1.5899002980795	34	validation	50% validation 67
#66C2A5	35	1.45757484645493	35	sous-entraînement	50% validation 67
#FC8D62	36	1.55378134580782	36	validation	50% validation 67
#66C2A5	37	1.55585180676676	37	sous-entraînement	50% validation 67
#FC8D62	38	1.58934946246667	38	validation	50% validation 67
#66C2A5	39	1.70528333933618	39	sous-entraînement	50% validation 67
#FC8D62	40	1.67159837698355	40	validation	50% validation 67
#66C2A5	41	0.313055412190002	41	sous-entraînement	50% validation 67
#66C2A5	42	0.30417160380171	42	sous-entraînement	50% validation 67
#FC8D62	43	0.399204109355834	43	validation	50% validation 67
#FC8D62	44	0.385174091682726	44	validation	50% validation 67
#66C2A5	45	0.260632202360409	45	sous-entraînement	50% validation 67
#66C2A5	46	0.258758256119149	46	sous-entraînement	50% validation 67
#FC8D62	47	0.365965968029044	47	validation	50% validation 67
#66C2A5	48	0.406361064266902	48	sous-entraînement	50% validation 67
#66C2A5	49	0.318273150600338	49	sous-entraînement	50% validation 67
#66C2A5	50	0.417618544460782	50	sous-entraînement	50% validation 67
#66C2A5	1	-0.689099191816566	1	sous-entraînement	50% validation 57
#66C2A5	2	-0.608089478320124	2	sous-entraînement	50% validation 57
#66C2A5	3	-0.710016671983337	3	sous-entraînement	50% validation 57
#FC8D62	4	-0.466925730528553	4	validation	50% validation 57
#66C2A5	5	-0.593503033560796	5	sous-entraînement	50% validation 57
#FC8D62	6	-0.708500649154134	6	validation	50% validation 57
#FC8D62	7	-0.577710905499484	7	validation	50% validation 57
#FC8D62	8	-0.552621340229411	8	validation	50% validation 57
#66C2A5	9	-0.568875675576983	9	sous-entraînement	50% validation 57
#66C2A5	10	-0.656992649457968	10	sous-entraînement	50% validation 57
#66C2A5	11	0.334821441067167	11	sous-entraînement	50% validation 57
#66C2A5	12	0.222627647863225	12	sous-entraînement	50% validation 57
#66C2A5	13	0.121519266167902	13	sous-entraînement	50% validation 57
#FC8D62	14	-0.0378266644956678	14	validation	50% validation 57
#66C2A5	15	0.296136416036393	15	sous-entraînement	50% validation 57
#FC8D62	16	0.179149963320559	16	validation	50% validation 57
#FC8D62	17	0.182024297912188	17	validation	50% validation 57
#FC8D62	18	0.278026945290612	18	validation	50% validation 57
#FC8D62	19	0.265765443731891	19	validation	50% validation 57
#66C2A5	20	0.243033456343833	20	sous-entraînement	50% validation 57
#66C2A5	21	-0.743730875249225	21	sous-entraînement	50% validation 57
#FC8D62	22	-0.757414982336941	22	validation	50% validation 57
#FC8D62	23	-0.828172114073528	23	validation	50% validation 57
#66C2A5	24	-1.03456378199638	24	sous-entraînement	50% validation 57
#66C2A5	25	-0.773646037620576	25	sous-entraînement	50% validation 57
#FC8D62	26	-0.841241486362947	26	validation	50% validation 57
#FC8D62	27	-0.85120816308058	27	validation	50% validation 57
#66C2A5	28	-0.982703850799975	28	sous-entraînement	50% validation 57
#FC8D62	29	-0.883443617920909	29	validation	50% validation 57
#FC8D62	30	-0.793834456390077	30	validation	50% validation 57
#66C2A5	31	1.7311487572907	31	sous-entraînement	50% validation 57
#66C2A5	32	1.58500202940349	32	sous-entraînement	50% validation 57
#FC8D62	33	1.63404796329373	33	validation	50% validation 57
#FC8D62	34	1.5899002980795	34	validation	50% validation 57
#66C2A5	35	1.45757484645493	35	sous-entraînement	50% validation 57
#FC8D62	36	1.55378134580782	36	validation	50% validation 57
#66C2A5	37	1.55585180676676	37	sous-entraînement	50% validation 57
#66C2A5	38	1.58934946246667	38	sous-entraînement	50% validation 57
#FC8D62	39	1.70528333933618	39	validation	50% validation 57
#66C2A5	40	1.67159837698355	40	sous-entraînement	50% validation 57
#66C2A5	41	0.313055412190002	41	sous-entraînement	50% validation 57
#FC8D62	42	0.30417160380171	42	validation	50% validation 57
#66C2A5	43	0.399204109355834	43	sous-entraînement	50% validation 57
#FC8D62	44	0.385174091682726	44	validation	50% validation 57
#FC8D62	45	0.260632202360409	45	validation	50% validation 57
#FC8D62	46	0.258758256119149	46	validation	50% validation 57
#FC8D62	47	0.365965968029044	47	validation	50% validation 57
#66C2A5	48	0.406361064266902	48	sous-entraînement	50% validation 57
#66C2A5	49	0.318273150600338	49	sous-entraînement	50% validation 57
#FC8D62	50	0.417618544460782	50	validation	50% validation 57
#FC8D62	1	-0.689099191816566	1	validation	50% validation 27
#FC8D62	2	-0.608089478320124	2	validation	50% validation 27
#66C2A5	3	-0.710016671983337	3	sous-entraînement	50% validation 27
#66C2A5	4	-0.466925730528553	4	sous-entraînement	50% validation 27
#FC8D62	5	-0.593503033560796	5	validation	50% validation 27
#66C2A5	6	-0.708500649154134	6	sous-entraînement	50% validation 27
#66C2A5	7	-0.577710905499484	7	sous-entraînement	50% validation 27
#66C2A5	8	-0.552621340229411	8	sous-entraînement	50% validation 27
#FC8D62	9	-0.568875675576983	9	validation	50% validation 27
#66C2A5	10	-0.656992649457968	10	sous-entraînement	50% validation 27
#FC8D62	11	0.334821441067167	11	validation	50% validation 27
#66C2A5	12	0.222627647863225	12	sous-entraînement	50% validation 27
#66C2A5	13	0.121519266167902	13	sous-entraînement	50% validation 27
#66C2A5	14	-0.0378266644956678	14	sous-entraînement	50% validation 27
#FC8D62	15	0.296136416036393	15	validation	50% validation 27
#FC8D62	16	0.179149963320559	16	validation	50% validation 27
#66C2A5	17	0.182024297912188	17	sous-entraînement	50% validation 27
#66C2A5	18	0.278026945290612	18	sous-entraînement	50% validation 27
#66C2A5	19	0.265765443731891	19	sous-entraînement	50% validation 27
#66C2A5	20	0.243033456343833	20	sous-entraînement	50% validation 27
#FC8D62	21	-0.743730875249225	21	validation	50% validation 27
#66C2A5	22	-0.757414982336941	22	sous-entraînement	50% validation 27
#FC8D62	23	-0.828172114073528	23	validation	50% validation 27
#66C2A5	24	-1.03456378199638	24	sous-entraînement	50% validation 27
#FC8D62	25	-0.773646037620576	25	validation	50% validation 27
#FC8D62	26	-0.841241486362947	26	validation	50% validation 27
#FC8D62	27	-0.85120816308058	27	validation	50% validation 27
#66C2A5	28	-0.982703850799975	28	sous-entraînement	50% validation 27
#FC8D62	29	-0.883443617920909	29	validation	50% validation 27
#FC8D62	30	-0.793834456390077	30	validation	50% validation 27
#FC8D62	31	1.7311487572907	31	validation	50% validation 27
#FC8D62	32	1.58500202940349	32	validation	50% validation 27
#66C2A5	33	1.63404796329373	33	sous-entraînement	50% validation 27
#FC8D62	34	1.5899002980795	34	validation	50% validation 27
#66C2A5	35	1.45757484645493	35	sous-entraînement	50% validation 27
#66C2A5	36	1.55378134580782	36	sous-entraînement	50% validation 27
#FC8D62	37	1.55585180676676	37	validation	50% validation 27
#FC8D62	38	1.58934946246667	38	validation	50% validation 27
#66C2A5	39	1.70528333933618	39	sous-entraînement	50% validation 27
#FC8D62	40	1.67159837698355	40	validation	50% validation 27
#66C2A5	41	0.313055412190002	41	sous-entraînement	50% validation 27
#FC8D62	42	0.30417160380171	42	validation	50% validation 27
#66C2A5	43	0.399204109355834	43	sous-entraînement	50% validation 27
#66C2A5	44	0.385174091682726	44	sous-entraînement	50% validation 27
#66C2A5	45	0.260632202360409	45	sous-entraînement	50% validation 27
#FC8D62	46	0.258758256119149	46	validation	50% validation 27
#66C2A5	47	0.365965968029044	47	sous-entraînement	50% validation 27
#FC8D62	48	0.406361064266902	48	validation	50% validation 27
#FC8D62	49	0.318273150600338	49	validation	50% validation 27
#FC8D62	50	0.417618544460782	50	validation	50% validation 27
#66C2A5	1	-0.689099191816566	1	sous-entraînement	50% validation 83
#66C2A5	2	-0.608089478320124	2	sous-entraînement	50% validation 83
#FC8D62	3	-0.710016671983337	3	validation	50% validation 83
#FC8D62	4	-0.466925730528553	4	validation	50% validation 83
#FC8D62	5	-0.593503033560796	5	validation	50% validation 83
#66C2A5	6	-0.708500649154134	6	sous-entraînement	50% validation 83
#FC8D62	7	-0.577710905499484	7	validation	50% validation 83
#66C2A5	8	-0.552621340229411	8	sous-entraînement	50% validation 83
#66C2A5	9	-0.568875675576983	9	sous-entraînement	50% validation 83
#66C2A5	10	-0.656992649457968	10	sous-entraînement	50% validation 83
#FC8D62	11	0.334821441067167	11	validation	50% validation 83
#FC8D62	12	0.222627647863225	12	validation	50% validation 83
#66C2A5	13	0.121519266167902	13	sous-entraînement	50% validation 83
#FC8D62	14	-0.0378266644956678	14	validation	50% validation 83
#66C2A5	15	0.296136416036393	15	sous-entraînement	50% validation 83
#FC8D62	16	0.179149963320559	16	validation	50% validation 83
#66C2A5	17	0.182024297912188	17	sous-entraînement	50% validation 83
#66C2A5	18	0.278026945290612	18	sous-entraînement	50% validation 83
#FC8D62	19	0.265765443731891	19	validation	50% validation 83
#FC8D62	20	0.243033456343833	20	validation	50% validation 83
#66C2A5	21	-0.743730875249225	21	sous-entraînement	50% validation 83
#66C2A5	22	-0.757414982336941	22	sous-entraînement	50% validation 83
#66C2A5	23	-0.828172114073528	23	sous-entraînement	50% validation 83
#FC8D62	24	-1.03456378199638	24	validation	50% validation 83
#FC8D62	25	-0.773646037620576	25	validation	50% validation 83
#66C2A5	26	-0.841241486362947	26	sous-entraînement	50% validation 83
#66C2A5	27	-0.85120816308058	27	sous-entraînement	50% validation 83
#FC8D62	28	-0.982703850799975	28	validation	50% validation 83
#FC8D62	29	-0.883443617920909	29	validation	50% validation 83
#FC8D62	30	-0.793834456390077	30	validation	50% validation 83
#FC8D62	31	1.7311487572907	31	validation	50% validation 83
#FC8D62	32	1.58500202940349	32	validation	50% validation 83
#66C2A5	33	1.63404796329373	33	sous-entraînement	50% validation 83
#66C2A5	34	1.5899002980795	34	sous-entraînement	50% validation 83
#FC8D62	35	1.45757484645493	35	validation	50% validation 83
#66C2A5	36	1.55378134580782	36	sous-entraînement	50% validation 83
#FC8D62	37	1.55585180676676	37	validation	50% validation 83
#FC8D62	38	1.58934946246667	38	validation	50% validation 83
#FC8D62	39	1.70528333933618	39	validation	50% validation 83
#66C2A5	40	1.67159837698355	40	sous-entraînement	50% validation 83
#66C2A5	41	0.313055412190002	41	sous-entraînement	50% validation 83
#66C2A5	42	0.30417160380171	42	sous-entraînement	50% validation 83
#FC8D62	43	0.399204109355834	43	validation	50% validation 83
#FC8D62	44	0.385174091682726	44	validation	50% validation 83
#66C2A5	45	0.260632202360409	45	sous-entraînement	50% validation 83
#66C2A5	46	0.258758256119149	46	sous-entraînement	50% validation 83
#FC8D62	47	0.365965968029044	47	validation	50% validation 83
#66C2A5	48	0.406361064266902	48	sous-entraînement	50% validation 83
#66C2A5	49	0.318273150600338	49	sous-entraînement	50% validation 83
#FC8D62	50	0.417618544460782	50	validation	50% validation 83
#66C2A5	1	-0.689099191816566	1	sous-entraînement	50% validation 58
#FC8D62	2	-0.608089478320124	2	validation	50% validation 58
#66C2A5	3	-0.710016671983337	3	sous-entraînement	50% validation 58
#66C2A5	4	-0.466925730528553	4	sous-entraînement	50% validation 58
#FC8D62	5	-0.593503033560796	5	validation	50% validation 58
#FC8D62	6	-0.708500649154134	6	validation	50% validation 58
#66C2A5	7	-0.577710905499484	7	sous-entraînement	50% validation 58
#66C2A5	8	-0.552621340229411	8	sous-entraînement	50% validation 58
#FC8D62	9	-0.568875675576983	9	validation	50% validation 58
#66C2A5	10	-0.656992649457968	10	sous-entraînement	50% validation 58
#66C2A5	11	0.334821441067167	11	sous-entraînement	50% validation 58
#66C2A5	12	0.222627647863225	12	sous-entraînement	50% validation 58
#66C2A5	13	0.121519266167902	13	sous-entraînement	50% validation 58
#FC8D62	14	-0.0378266644956678	14	validation	50% validation 58
#66C2A5	15	0.296136416036393	15	sous-entraînement	50% validation 58
#66C2A5	16	0.179149963320559	16	sous-entraînement	50% validation 58
#FC8D62	17	0.182024297912188	17	validation	50% validation 58
#FC8D62	18	0.278026945290612	18	validation	50% validation 58
#66C2A5	19	0.265765443731891	19	sous-entraînement	50% validation 58
#66C2A5	20	0.243033456343833	20	sous-entraînement	50% validation 58
#66C2A5	21	-0.743730875249225	21	sous-entraînement	50% validation 58
#66C2A5	22	-0.757414982336941	22	sous-entraînement	50% validation 58
#66C2A5	23	-0.828172114073528	23	sous-entraînement	50% validation 58
#66C2A5	24	-1.03456378199638	24	sous-entraînement	50% validation 58
#66C2A5	25	-0.773646037620576	25	sous-entraînement	50% validation 58
#66C2A5	26	-0.841241486362947	26	sous-entraînement	50% validation 58
#66C2A5	27	-0.85120816308058	27	sous-entraînement	50% validation 58
#FC8D62	28	-0.982703850799975	28	validation	50% validation 58
#FC8D62	29	-0.883443617920909	29	validation	50% validation 58
#FC8D62	30	-0.793834456390077	30	validation	50% validation 58
#FC8D62	31	1.7311487572907	31	validation	50% validation 58
#FC8D62	32	1.58500202940349	32	validation	50% validation 58
#FC8D62	33	1.63404796329373	33	validation	50% validation 58
#FC8D62	34	1.5899002980795	34	validation	50% validation 58
#66C2A5	35	1.45757484645493	35	sous-entraînement	50% validation 58
#FC8D62	36	1.55378134580782	36	validation	50% validation 58
#FC8D62	37	1.55585180676676	37	validation	50% validation 58
#FC8D62	38	1.58934946246667	38	validation	50% validation 58
#66C2A5	39	1.70528333933618	39	sous-entraînement	50% validation 58
#FC8D62	40	1.67159837698355	40	validation	50% validation 58
#FC8D62	41	0.313055412190002	41	validation	50% validation 58
#66C2A5	42	0.30417160380171	42	sous-entraînement	50% validation 58
#FC8D62	43	0.399204109355834	43	validation	50% validation 58
#FC8D62	44	0.385174091682726	44	validation	50% validation 58
#FC8D62	45	0.260632202360409	45	validation	50% validation 58
#66C2A5	46	0.258758256119149	46	sous-entraînement	50% validation 58
#66C2A5	47	0.365965968029044	47	sous-entraînement	50% validation 58
#FC8D62	48	0.406361064266902	48	validation	50% validation 58
#FC8D62	49	0.318273150600338	49	validation	50% validation 58
#FC8D62	50	0.417618544460782	50	validation	50% validation 58
#FC8D62	1	-0.689099191816566	1	validation	50% validation 100
#66C2A5	2	-0.608089478320124	2	sous-entraînement	50% validation 100
#FC8D62	3	-0.710016671983337	3	validation	50% validation 100
#FC8D62	4	-0.466925730528553	4	validation	50% validation 100
#66C2A5	5	-0.593503033560796	5	sous-entraînement	50% validation 100
#FC8D62	6	-0.708500649154134	6	validation	50% validation 100
#66C2A5	7	-0.577710905499484	7	sous-entraînement	50% validation 100
#66C2A5	8	-0.552621340229411	8	sous-entraînement	50% validation 100
#FC8D62	9	-0.568875675576983	9	validation	50% validation 100
#66C2A5	10	-0.656992649457968	10	sous-entraînement	50% validation 100
#66C2A5	11	0.334821441067167	11	sous-entraînement	50% validation 100
#FC8D62	12	0.222627647863225	12	validation	50% validation 100
#66C2A5	13	0.121519266167902	13	sous-entraînement	50% validation 100
#FC8D62	14	-0.0378266644956678	14	validation	50% validation 100
#FC8D62	15	0.296136416036393	15	validation	50% validation 100
#FC8D62	16	0.179149963320559	16	validation	50% validation 100
#FC8D62	17	0.182024297912188	17	validation	50% validation 100
#66C2A5	18	0.278026945290612	18	sous-entraînement	50% validation 100
#FC8D62	19	0.265765443731891	19	validation	50% validation 100
#FC8D62	20	0.243033456343833	20	validation	50% validation 100
#66C2A5	21	-0.743730875249225	21	sous-entraînement	50% validation 100
#66C2A5	22	-0.757414982336941	22	sous-entraînement	50% validation 100
#FC8D62	23	-0.828172114073528	23	validation	50% validation 100
#FC8D62	24	-1.03456378199638	24	validation	50% validation 100
#66C2A5	25	-0.773646037620576	25	sous-entraînement	50% validation 100
#FC8D62	26	-0.841241486362947	26	validation	50% validation 100
#FC8D62	27	-0.85120816308058	27	validation	50% validation 100
#FC8D62	28	-0.982703850799975	28	validation	50% validation 100
#66C2A5	29	-0.883443617920909	29	sous-entraînement	50% validation 100
#66C2A5	30	-0.793834456390077	30	sous-entraînement	50% validation 100
#FC8D62	31	1.7311487572907	31	validation	50% validation 100
#66C2A5	32	1.58500202940349	32	sous-entraînement	50% validation 100
#66C2A5	33	1.63404796329373	33	sous-entraînement	50% validation 100
#FC8D62	34	1.5899002980795	34	validation	50% validation 100
#FC8D62	35	1.45757484645493	35	validation	50% validation 100
#66C2A5	36	1.55378134580782	36	sous-entraînement	50% validation 100
#66C2A5	37	1.55585180676676	37	sous-entraînement	50% validation 100
#FC8D62	38	1.58934946246667	38	validation	50% validation 100
#FC8D62	39	1.70528333933618	39	validation	50% validation 100
#66C2A5	40	1.67159837698355	40	sous-entraînement	50% validation 100
#66C2A5	41	0.313055412190002	41	sous-entraînement	50% validation 100
#66C2A5	42	0.30417160380171	42	sous-entraînement	50% validation 100
#66C2A5	43	0.399204109355834	43	sous-entraînement	50% validation 100
#FC8D62	44	0.385174091682726	44	validation	50% validation 100
#66C2A5	45	0.260632202360409	45	sous-entraînement	50% validation 100
#FC8D62	46	0.258758256119149	46	validation	50% validation 100
#FC8D62	47	0.365965968029044	47	validation	50% validation 100
#66C2A5	48	0.406361064266902	48	sous-entraînement	50% validation 100
#66C2A5	49	0.318273150600338	49	sous-entraînement	50% validation 100
#66C2A5	50	0.417618544460782	50	sous-entraînement	50% validation 100
#66C2A5	1	-0.689099191816566	1	sous-entraînement	50% validation 68
#66C2A5	2	-0.608089478320124	2	sous-entraînement	50% validation 68
#FC8D62	3	-0.710016671983337	3	validation	50% validation 68
#FC8D62	4	-0.466925730528553	4	validation	50% validation 68
#66C2A5	5	-0.593503033560796	5	sous-entraînement	50% validation 68
#FC8D62	6	-0.708500649154134	6	validation	50% validation 68
#FC8D62	7	-0.577710905499484	7	validation	50% validation 68
#FC8D62	8	-0.552621340229411	8	validation	50% validation 68
#FC8D62	9	-0.568875675576983	9	validation	50% validation 68
#FC8D62	10	-0.656992649457968	10	validation	50% validation 68
#FC8D62	11	0.334821441067167	11	validation	50% validation 68
#FC8D62	12	0.222627647863225	12	validation	50% validation 68
#66C2A5	13	0.121519266167902	13	sous-entraînement	50% validation 68
#66C2A5	14	-0.0378266644956678	14	sous-entraînement	50% validation 68
#FC8D62	15	0.296136416036393	15	validation	50% validation 68
#66C2A5	16	0.179149963320559	16	sous-entraînement	50% validation 68
#FC8D62	17	0.182024297912188	17	validation	50% validation 68
#FC8D62	18	0.278026945290612	18	validation	50% validation 68
#66C2A5	19	0.265765443731891	19	sous-entraînement	50% validation 68
#FC8D62	20	0.243033456343833	20	validation	50% validation 68
#66C2A5	21	-0.743730875249225	21	sous-entraînement	50% validation 68
#66C2A5	22	-0.757414982336941	22	sous-entraînement	50% validation 68
#FC8D62	23	-0.828172114073528	23	validation	50% validation 68
#FC8D62	24	-1.03456378199638	24	validation	50% validation 68
#66C2A5	25	-0.773646037620576	25	sous-entraînement	50% validation 68
#66C2A5	26	-0.841241486362947	26	sous-entraînement	50% validation 68
#66C2A5	27	-0.85120816308058	27	sous-entraînement	50% validation 68
#FC8D62	28	-0.982703850799975	28	validation	50% validation 68
#FC8D62	29	-0.883443617920909	29	validation	50% validation 68
#FC8D62	30	-0.793834456390077	30	validation	50% validation 68
#66C2A5	31	1.7311487572907	31	sous-entraînement	50% validation 68
#66C2A5	32	1.58500202940349	32	sous-entraînement	50% validation 68
#FC8D62	33	1.63404796329373	33	validation	50% validation 68
#FC8D62	34	1.5899002980795	34	validation	50% validation 68
#66C2A5	35	1.45757484645493	35	sous-entraînement	50% validation 68
#66C2A5	36	1.55378134580782	36	sous-entraînement	50% validation 68
#66C2A5	37	1.55585180676676	37	sous-entraînement	50% validation 68
#FC8D62	38	1.58934946246667	38	validation	50% validation 68
#66C2A5	39	1.70528333933618	39	sous-entraînement	50% validation 68
#FC8D62	40	1.67159837698355	40	validation	50% validation 68
#FC8D62	41	0.313055412190002	41	validation	50% validation 68
#FC8D62	42	0.30417160380171	42	validation	50% validation 68
#66C2A5	43	0.399204109355834	43	sous-entraînement	50% validation 68
#66C2A5	44	0.385174091682726	44	sous-entraînement	50% validation 68
#66C2A5	45	0.260632202360409	45	sous-entraînement	50% validation 68
#66C2A5	46	0.258758256119149	46	sous-entraînement	50% validation 68
#66C2A5	47	0.365965968029044	47	sous-entraînement	50% validation 68
#66C2A5	48	0.406361064266902	48	sous-entraînement	50% validation 68
#66C2A5	49	0.318273150600338	49	sous-entraînement	50% validation 68
#FC8D62	50	0.417618544460782	50	validation	50% validation 68
#66C2A5	1	-0.689099191816566	1	sous-entraînement	50% validation 85
#FC8D62	2	-0.608089478320124	2	validation	50% validation 85
#FC8D62	3	-0.710016671983337	3	validation	50% validation 85
#FC8D62	4	-0.466925730528553	4	validation	50% validation 85
#FC8D62	5	-0.593503033560796	5	validation	50% validation 85
#66C2A5	6	-0.708500649154134	6	sous-entraînement	50% validation 85
#FC8D62	7	-0.577710905499484	7	validation	50% validation 85
#66C2A5	8	-0.552621340229411	8	sous-entraînement	50% validation 85
#66C2A5	9	-0.568875675576983	9	sous-entraînement	50% validation 85
#66C2A5	10	-0.656992649457968	10	sous-entraînement	50% validation 85
#66C2A5	11	0.334821441067167	11	sous-entraînement	50% validation 85
#66C2A5	12	0.222627647863225	12	sous-entraînement	50% validation 85
#FC8D62	13	0.121519266167902	13	validation	50% validation 85
#66C2A5	14	-0.0378266644956678	14	sous-entraînement	50% validation 85
#66C2A5	15	0.296136416036393	15	sous-entraînement	50% validation 85
#FC8D62	16	0.179149963320559	16	validation	50% validation 85
#66C2A5	17	0.182024297912188	17	sous-entraînement	50% validation 85
#FC8D62	18	0.278026945290612	18	validation	50% validation 85
#FC8D62	19	0.265765443731891	19	validation	50% validation 85
#FC8D62	20	0.243033456343833	20	validation	50% validation 85
#FC8D62	21	-0.743730875249225	21	validation	50% validation 85
#66C2A5	22	-0.757414982336941	22	sous-entraînement	50% validation 85
#FC8D62	23	-0.828172114073528	23	validation	50% validation 85
#66C2A5	24	-1.03456378199638	24	sous-entraînement	50% validation 85
#FC8D62	25	-0.773646037620576	25	validation	50% validation 85
#FC8D62	26	-0.841241486362947	26	validation	50% validation 85
#66C2A5	27	-0.85120816308058	27	sous-entraînement	50% validation 85
#66C2A5	28	-0.982703850799975	28	sous-entraînement	50% validation 85
#FC8D62	29	-0.883443617920909	29	validation	50% validation 85
#66C2A5	30	-0.793834456390077	30	sous-entraînement	50% validation 85
#66C2A5	31	1.7311487572907	31	sous-entraînement	50% validation 85
#FC8D62	32	1.58500202940349	32	validation	50% validation 85
#FC8D62	33	1.63404796329373	33	validation	50% validation 85
#66C2A5	34	1.5899002980795	34	sous-entraînement	50% validation 85
#FC8D62	35	1.45757484645493	35	validation	50% validation 85
#FC8D62	36	1.55378134580782	36	validation	50% validation 85
#FC8D62	37	1.55585180676676	37	validation	50% validation 85
#FC8D62	38	1.58934946246667	38	validation	50% validation 85
#66C2A5	39	1.70528333933618	39	sous-entraînement	50% validation 85
#66C2A5	40	1.67159837698355	40	sous-entraînement	50% validation 85
#FC8D62	41	0.313055412190002	41	validation	50% validation 85
#66C2A5	42	0.30417160380171	42	sous-entraînement	50% validation 85
#FC8D62	43	0.399204109355834	43	validation	50% validation 85
#FC8D62	44	0.385174091682726	44	validation	50% validation 85
#66C2A5	45	0.260632202360409	45	sous-entraînement	50% validation 85
#FC8D62	46	0.258758256119149	46	validation	50% validation 85
#66C2A5	47	0.365965968029044	47	sous-entraînement	50% validation 85
#66C2A5	48	0.406361064266902	48	sous-entraînement	50% validation 85
#66C2A5	49	0.318273150600338	49	sous-entraînement	50% validation 85
#66C2A5	50	0.417618544460782	50	sous-entraînement	50% validation 85
#FC8D62	1	-0.689099191816566	1	validation	50% validation 90
#FC8D62	2	-0.608089478320124	2	validation	50% validation 90
#FC8D62	3	-0.710016671983337	3	validation	50% validation 90
#66C2A5	4	-0.466925730528553	4	sous-entraînement	50% validation 90
#FC8D62	5	-0.593503033560796	5	validation	50% validation 90
#FC8D62	6	-0.708500649154134	6	validation	50% validation 90
#FC8D62	7	-0.577710905499484	7	validation	50% validation 90
#FC8D62	8	-0.552621340229411	8	validation	50% validation 90
#FC8D62	9	-0.568875675576983	9	validation	50% validation 90
#66C2A5	10	-0.656992649457968	10	sous-entraînement	50% validation 90
#66C2A5	11	0.334821441067167	11	sous-entraînement	50% validation 90
#FC8D62	12	0.222627647863225	12	validation	50% validation 90
#FC8D62	13	0.121519266167902	13	validation	50% validation 90
#66C2A5	14	-0.0378266644956678	14	sous-entraînement	50% validation 90
#66C2A5	15	0.296136416036393	15	sous-entraînement	50% validation 90
#66C2A5	16	0.179149963320559	16	sous-entraînement	50% validation 90
#66C2A5	17	0.182024297912188	17	sous-entraînement	50% validation 90
#FC8D62	18	0.278026945290612	18	validation	50% validation 90
#FC8D62	19	0.265765443731891	19	validation	50% validation 90
#FC8D62	20	0.243033456343833	20	validation	50% validation 90
#FC8D62	21	-0.743730875249225	21	validation	50% validation 90
#66C2A5	22	-0.757414982336941	22	sous-entraînement	50% validation 90
#FC8D62	23	-0.828172114073528	23	validation	50% validation 90
#FC8D62	24	-1.03456378199638	24	validation	50% validation 90
#66C2A5	25	-0.773646037620576	25	sous-entraînement	50% validation 90
#66C2A5	26	-0.841241486362947	26	sous-entraînement	50% validation 90
#FC8D62	27	-0.85120816308058	27	validation	50% validation 90
#66C2A5	28	-0.982703850799975	28	sous-entraînement	50% validation 90
#66C2A5	29	-0.883443617920909	29	sous-entraînement	50% validation 90
#66C2A5	30	-0.793834456390077	30	sous-entraînement	50% validation 90
#66C2A5	31	1.7311487572907	31	sous-entraînement	50% validation 90
#FC8D62	32	1.58500202940349	32	validation	50% validation 90
#66C2A5	33	1.63404796329373	33	sous-entraînement	50% validation 90
#66C2A5	34	1.5899002980795	34	sous-entraînement	50% validation 90
#66C2A5	35	1.45757484645493	35	sous-entraînement	50% validation 90
#66C2A5	36	1.55378134580782	36	sous-entraînement	50% validation 90
#FC8D62	37	1.55585180676676	37	validation	50% validation 90
#FC8D62	38	1.58934946246667	38	validation	50% validation 90
#FC8D62	39	1.70528333933618	39	validation	50% validation 90
#FC8D62	40	1.67159837698355	40	validation	50% validation 90
#66C2A5	41	0.313055412190002	41	sous-entraînement	50% validation 90
#FC8D62	42	0.30417160380171	42	validation	50% validation 90
#FC8D62	43	0.399204109355834	43	validation	50% validation 90
#66C2A5	44	0.385174091682726	44	sous-entraînement	50% validation 90
#66C2A5	45	0.260632202360409	45	sous-entraînement	50% validation 90
#66C2A5	46	0.258758256119149	46	sous-entraînement	50% validation 90
#66C2A5	47	0.365965968029044	47	sous-entraînement	50% validation 90
#66C2A5	48	0.406361064266902	48	sous-entraînement	50% validation 90
#66C2A5	49	0.318273150600338	49	sous-entraînement	50% validation 90
#FC8D62	50	0.417618544460782	50	validation	50% validation 90
#66C2A5	1	-0.689099191816566	1	sous-entraînement	50% validation 84
#FC8D62	2	-0.608089478320124	2	validation	50% validation 84
#FC8D62	3	-0.710016671983337	3	validation	50% validation 84
#66C2A5	4	-0.466925730528553	4	sous-entraînement	50% validation 84
#66C2A5	5	-0.593503033560796	5	sous-entraînement	50% validation 84
#FC8D62	6	-0.708500649154134	6	validation	50% validation 84
#66C2A5	7	-0.577710905499484	7	sous-entraînement	50% validation 84
#66C2A5	8	-0.552621340229411	8	sous-entraînement	50% validation 84
#66C2A5	9	-0.568875675576983	9	sous-entraînement	50% validation 84
#66C2A5	10	-0.656992649457968	10	sous-entraînement	50% validation 84
#FC8D62	11	0.334821441067167	11	validation	50% validation 84
#FC8D62	12	0.222627647863225	12	validation	50% validation 84
#66C2A5	13	0.121519266167902	13	sous-entraînement	50% validation 84
#FC8D62	14	-0.0378266644956678	14	validation	50% validation 84
#66C2A5	15	0.296136416036393	15	sous-entraînement	50% validation 84
#66C2A5	16	0.179149963320559	16	sous-entraînement	50% validation 84
#66C2A5	17	0.182024297912188	17	sous-entraînement	50% validation 84
#FC8D62	18	0.278026945290612	18	validation	50% validation 84
#FC8D62	19	0.265765443731891	19	validation	50% validation 84
#66C2A5	20	0.243033456343833	20	sous-entraînement	50% validation 84
#66C2A5	21	-0.743730875249225	21	sous-entraînement	50% validation 84
#FC8D62	22	-0.757414982336941	22	validation	50% validation 84
#FC8D62	23	-0.828172114073528	23	validation	50% validation 84
#66C2A5	24	-1.03456378199638	24	sous-entraînement	50% validation 84
#66C2A5	25	-0.773646037620576	25	sous-entraînement	50% validation 84
#66C2A5	26	-0.841241486362947	26	sous-entraînement	50% validation 84
#FC8D62	27	-0.85120816308058	27	validation	50% validation 84
#FC8D62	28	-0.982703850799975	28	validation	50% validation 84
#66C2A5	29	-0.883443617920909	29	sous-entraînement	50% validation 84
#FC8D62	30	-0.793834456390077	30	validation	50% validation 84
#FC8D62	31	1.7311487572907	31	validation	50% validation 84
#FC8D62	32	1.58500202940349	32	validation	50% validation 84
#66C2A5	33	1.63404796329373	33	sous-entraînement	50% validation 84
#66C2A5	34	1.5899002980795	34	sous-entraînement	50% validation 84
#66C2A5	35	1.45757484645493	35	sous-entraînement	50% validation 84
#FC8D62	36	1.55378134580782	36	validation	50% validation 84
#FC8D62	37	1.55585180676676	37	validation	50% validation 84
#FC8D62	38	1.58934946246667	38	validation	50% validation 84
#FC8D62	39	1.70528333933618	39	validation	50% validation 84
#66C2A5	40	1.67159837698355	40	sous-entraînement	50% validation 84
#FC8D62	41	0.313055412190002	41	validation	50% validation 84
#FC8D62	42	0.30417160380171	42	validation	50% validation 84
#FC8D62	43	0.399204109355834	43	validation	50% validation 84
#66C2A5	44	0.385174091682726	44	sous-entraînement	50% validation 84
#66C2A5	45	0.260632202360409	45	sous-entraînement	50% validation 84
#FC8D62	46	0.258758256119149	46	validation	50% validation 84
#FC8D62	47	0.365965968029044	47	validation	50% validation 84
#FC8D62	48	0.406361064266902	48	validation	50% validation 84
#66C2A5	49	0.318273150600338	49	sous-entraînement	50% validation 84
#66C2A5	50	0.417618544460782	50	sous-entraînement	50% validation 84
