fill	x	y	PANEL	group	xmin	xmax	ymin	ymax
#000000	1	87	1	-1	0.5	1.5	86.5	87.5
#8A8A8A	2	87	1	-1	1.5	2.5	86.5	87.5
#FAFAFA	3	87	1	-1	2.5	3.5	86.5	87.5
#E9E9E9	4	87	1	-1	3.5	4.5	86.5	87.5
#F9F9F9	5	87	1	-1	4.5	5.5	86.5	87.5
#F9F9F9	6	87	1	-1	5.5	6.5	86.5	87.5
#F9F9F9	7	87	1	-1	6.5	7.5	86.5	87.5
#EFEFEF	8	87	1	-1	7.5	8.5	86.5	87.5
#FEFEFE	9	87	1	-1	8.5	9.5	86.5	87.5
#FFFFFF	10	87	1	-1	9.5	10.5	86.5	87.5
#FFFFFF	11	87	1	-1	10.5	11.5	86.5	87.5
#FBFBFB	12	87	1	-1	11.5	12.5	86.5	87.5
#FBFBFB	13	87	1	-1	12.5	13.5	86.5	87.5
#FAFAFA	14	87	1	-1	13.5	14.5	86.5	87.5
#FAFAFA	15	87	1	-1	14.5	15.5	86.5	87.5
#FBFBFB	16	87	1	-1	15.5	16.5	86.5	87.5
#FBFBFB	17	87	1	-1	16.5	17.5	86.5	87.5
#FBFBFB	18	87	1	-1	17.5	18.5	86.5	87.5
#FBFBFB	19	87	1	-1	18.5	19.5	86.5	87.5
#FBFBFB	20	87	1	-1	19.5	20.5	86.5	87.5
#FBFBFB	21	87	1	-1	20.5	21.5	86.5	87.5
#FAFAFA	22	87	1	-1	21.5	22.5	86.5	87.5
#FAFAFA	23	87	1	-1	22.5	23.5	86.5	87.5
#FAFAFA	24	87	1	-1	23.5	24.5	86.5	87.5
#FAFAFA	25	87	1	-1	24.5	25.5	86.5	87.5
#000000	1	6	1	-1	0.5	1.5	5.5	6.5
#5C5C5C	2	6	1	-1	1.5	2.5	5.5	6.5
#FFFFFF	3	6	1	-1	2.5	3.5	5.5	6.5
#D7D7D7	4	6	1	-1	3.5	4.5	5.5	6.5
#EEEEEE	5	6	1	-1	4.5	5.5	5.5	6.5
#F0F0F0	6	6	1	-1	5.5	6.5	5.5	6.5
#E8E8E8	7	6	1	-1	6.5	7.5	5.5	6.5
#E3E3E3	8	6	1	-1	7.5	8.5	5.5	6.5
#EBEBEB	9	6	1	-1	8.5	9.5	5.5	6.5
#ECECEC	10	6	1	-1	9.5	10.5	5.5	6.5
#EDEDED	11	6	1	-1	10.5	11.5	5.5	6.5
#EDEDED	12	6	1	-1	11.5	12.5	5.5	6.5
#EDEDED	13	6	1	-1	12.5	13.5	5.5	6.5
#ECECEC	14	6	1	-1	13.5	14.5	5.5	6.5
#ECECEC	15	6	1	-1	14.5	15.5	5.5	6.5
#ECECEC	16	6	1	-1	15.5	16.5	5.5	6.5
#ECECEC	17	6	1	-1	16.5	17.5	5.5	6.5
#E7E7E7	18	6	1	-1	17.5	18.5	5.5	6.5
#F1F1F1	19	6	1	-1	18.5	19.5	5.5	6.5
#F1F1F1	20	6	1	-1	19.5	20.5	5.5	6.5
#F1F1F1	21	6	1	-1	20.5	21.5	5.5	6.5
#F1F1F1	22	6	1	-1	21.5	22.5	5.5	6.5
#F1F1F1	23	6	1	-1	22.5	23.5	5.5	6.5
#F2F2F2	24	6	1	-1	23.5	24.5	5.5	6.5
#F2F2F2	25	6	1	-1	24.5	25.5	5.5	6.5
#000000	1	28	1	-1	0.5	1.5	27.5	28.5
#3D3D3D	2	28	1	-1	1.5	2.5	27.5	28.5
#7D7D7D	3	28	1	-1	2.5	3.5	27.5	28.5
#C1C1C1	4	28	1	-1	3.5	4.5	27.5	28.5
#FFFFFF	5	28	1	-1	4.5	5.5	27.5	28.5
#F9F9F9	6	28	1	-1	5.5	6.5	27.5	28.5
#F4F4F4	7	28	1	-1	6.5	7.5	27.5	28.5
#F2F2F2	8	28	1	-1	7.5	8.5	27.5	28.5
#F1F1F1	9	28	1	-1	8.5	9.5	27.5	28.5
#F0F0F0	10	28	1	-1	9.5	10.5	27.5	28.5
#EFEFEF	11	28	1	-1	10.5	11.5	27.5	28.5
#EEEEEE	12	28	1	-1	11.5	12.5	27.5	28.5
#EFEFEF	13	28	1	-1	12.5	13.5	27.5	28.5
#F3F3F3	14	28	1	-1	13.5	14.5	27.5	28.5
#E5E5E5	15	28	1	-1	14.5	15.5	27.5	28.5
#E5E5E5	16	28	1	-1	15.5	16.5	27.5	28.5
#E5E5E5	17	28	1	-1	16.5	17.5	27.5	28.5
#E5E5E5	18	28	1	-1	17.5	18.5	27.5	28.5
#E4E4E4	19	28	1	-1	18.5	19.5	27.5	28.5
#E4E4E4	20	28	1	-1	19.5	20.5	27.5	28.5
#E4E4E4	21	28	1	-1	20.5	21.5	27.5	28.5
#E4E4E4	22	28	1	-1	21.5	22.5	27.5	28.5
#E4E4E4	23	28	1	-1	22.5	23.5	27.5	28.5
#E4E4E4	24	28	1	-1	23.5	24.5	27.5	28.5
#E4E4E4	25	28	1	-1	24.5	25.5	27.5	28.5
#000000	1	22	1	-1	0.5	1.5	21.5	22.5
#B5B5B5	2	22	1	-1	1.5	2.5	21.5	22.5
#F5F5F5	3	22	1	-1	2.5	3.5	21.5	22.5
#FFFFFF	4	22	1	-1	3.5	4.5	21.5	22.5
#F0F0F0	5	22	1	-1	4.5	5.5	21.5	22.5
#F6F6F6	6	22	1	-1	5.5	6.5	21.5	22.5
#F7F7F7	7	22	1	-1	6.5	7.5	21.5	22.5
#E8E8E8	8	22	1	-1	7.5	8.5	21.5	22.5
#E3E3E3	9	22	1	-1	8.5	9.5	21.5	22.5
#E2E2E2	10	22	1	-1	9.5	10.5	21.5	22.5
#E2E2E2	11	22	1	-1	10.5	11.5	21.5	22.5
#E1E1E1	12	22	1	-1	11.5	12.5	21.5	22.5
#E3E3E3	13	22	1	-1	12.5	13.5	21.5	22.5
#E0E0E0	14	22	1	-1	13.5	14.5	21.5	22.5
#E4E4E4	15	22	1	-1	14.5	15.5	21.5	22.5
#E4E4E4	16	22	1	-1	15.5	16.5	21.5	22.5
#E4E4E4	17	22	1	-1	16.5	17.5	21.5	22.5
#E5E5E5	18	22	1	-1	17.5	18.5	21.5	22.5
#E5E5E5	19	22	1	-1	18.5	19.5	21.5	22.5
#E5E5E5	20	22	1	-1	19.5	20.5	21.5	22.5
#E5E5E5	21	22	1	-1	20.5	21.5	21.5	22.5
#E5E5E5	22	22	1	-1	21.5	22.5	21.5	22.5
#E5E5E5	23	22	1	-1	22.5	23.5	21.5	22.5
#E5E5E5	24	22	1	-1	23.5	24.5	21.5	22.5
#E5E5E5	25	22	1	-1	24.5	25.5	21.5	22.5
#000000	1	23	1	-1	0.5	1.5	22.5	23.5
#7C7C7C	2	23	1	-1	1.5	2.5	22.5	23.5
#C9C9C9	3	23	1	-1	2.5	3.5	22.5	23.5
#FFFFFF	4	23	1	-1	3.5	4.5	22.5	23.5
#E3E3E3	5	23	1	-1	4.5	5.5	22.5	23.5
#E1E1E1	6	23	1	-1	5.5	6.5	22.5	23.5
#E4E4E4	7	23	1	-1	6.5	7.5	22.5	23.5
#E0E0E0	8	23	1	-1	7.5	8.5	22.5	23.5
#CBCBCB	9	23	1	-1	8.5	9.5	22.5	23.5
#CBCBCB	10	23	1	-1	9.5	10.5	22.5	23.5
#CDCDCD	11	23	1	-1	10.5	11.5	22.5	23.5
#CCCCCC	12	23	1	-1	11.5	12.5	22.5	23.5
#C7C7C7	13	23	1	-1	12.5	13.5	22.5	23.5
#BFBFBF	14	23	1	-1	13.5	14.5	22.5	23.5
#BEBEBE	15	23	1	-1	14.5	15.5	22.5	23.5
#BEBEBE	16	23	1	-1	15.5	16.5	22.5	23.5
#BFBFBF	17	23	1	-1	16.5	17.5	22.5	23.5
#BFBFBF	18	23	1	-1	17.5	18.5	22.5	23.5
#BFBFBF	19	23	1	-1	18.5	19.5	22.5	23.5
#BFBFBF	20	23	1	-1	19.5	20.5	22.5	23.5
#BFBFBF	21	23	1	-1	20.5	21.5	22.5	23.5
#BFBFBF	22	23	1	-1	21.5	22.5	22.5	23.5
#BFBFBF	23	23	1	-1	22.5	23.5	22.5	23.5
#BFBFBF	24	23	1	-1	23.5	24.5	22.5	23.5
#BFBFBF	25	23	1	-1	24.5	25.5	22.5	23.5
#000000	1	69	1	-1	0.5	1.5	68.5	69.5
#4E4E4E	2	69	1	-1	1.5	2.5	68.5	69.5
#919191	3	69	1	-1	2.5	3.5	68.5	69.5
#BDBDBD	4	69	1	-1	3.5	4.5	68.5	69.5
#FDFDFD	5	69	1	-1	4.5	5.5	68.5	69.5
#F9F9F9	6	69	1	-1	5.5	6.5	68.5	69.5
#FFFFFF	7	69	1	-1	6.5	7.5	68.5	69.5
#F0F0F0	8	69	1	-1	7.5	8.5	68.5	69.5
#EEEEEE	9	69	1	-1	8.5	9.5	68.5	69.5
#ECECEC	10	69	1	-1	9.5	10.5	68.5	69.5
#EDEDED	11	69	1	-1	10.5	11.5	68.5	69.5
#EDEDED	12	69	1	-1	11.5	12.5	68.5	69.5
#E7E7E7	13	69	1	-1	12.5	13.5	68.5	69.5
#E7E7E7	14	69	1	-1	13.5	14.5	68.5	69.5
#E7E7E7	15	69	1	-1	14.5	15.5	68.5	69.5
#E7E7E7	16	69	1	-1	15.5	16.5	68.5	69.5
#E4E4E4	17	69	1	-1	16.5	17.5	68.5	69.5
#E5E5E5	18	69	1	-1	17.5	18.5	68.5	69.5
#E6E6E6	19	69	1	-1	18.5	19.5	68.5	69.5
#E6E6E6	20	69	1	-1	19.5	20.5	68.5	69.5
#E6E6E6	21	69	1	-1	20.5	21.5	68.5	69.5
#E6E6E6	22	69	1	-1	21.5	22.5	68.5	69.5
#E6E6E6	23	69	1	-1	22.5	23.5	68.5	69.5
#E6E6E6	24	69	1	-1	23.5	24.5	68.5	69.5
#E6E6E6	25	69	1	-1	24.5	25.5	68.5	69.5
#000000	1	7	1	-1	0.5	1.5	6.5	7.5
#A6A6A6	2	7	1	-1	1.5	2.5	6.5	7.5
#FFFFFF	3	7	1	-1	2.5	3.5	6.5	7.5
#C1C1C1	4	7	1	-1	3.5	4.5	6.5	7.5
#D9D9D9	5	7	1	-1	4.5	5.5	6.5	7.5
#E1E1E1	6	7	1	-1	5.5	6.5	6.5	7.5
#E2E2E2	7	7	1	-1	6.5	7.5	6.5	7.5
#D9D9D9	8	7	1	-1	7.5	8.5	6.5	7.5
#DBDBDB	9	7	1	-1	8.5	9.5	6.5	7.5
#DBDBDB	10	7	1	-1	9.5	10.5	6.5	7.5
#DBDBDB	11	7	1	-1	10.5	11.5	6.5	7.5
#DBDBDB	12	7	1	-1	11.5	12.5	6.5	7.5
#DADADA	13	7	1	-1	12.5	13.5	6.5	7.5
#DADADA	14	7	1	-1	13.5	14.5	6.5	7.5
#DADADA	15	7	1	-1	14.5	15.5	6.5	7.5
#DADADA	16	7	1	-1	15.5	16.5	6.5	7.5
#D7D7D7	17	7	1	-1	16.5	17.5	6.5	7.5
#DDDDDD	18	7	1	-1	17.5	18.5	6.5	7.5
#DEDEDE	19	7	1	-1	18.5	19.5	6.5	7.5
#DCDCDC	20	7	1	-1	19.5	20.5	6.5	7.5
#DBDBDB	21	7	1	-1	20.5	21.5	6.5	7.5
#DCDCDC	22	7	1	-1	21.5	22.5	6.5	7.5
#DCDCDC	23	7	1	-1	22.5	23.5	6.5	7.5
#DCDCDC	24	7	1	-1	23.5	24.5	6.5	7.5
#DCDCDC	25	7	1	-1	24.5	25.5	6.5	7.5
#000000	1	91	1	-1	0.5	1.5	90.5	91.5
#939393	2	91	1	-1	1.5	2.5	90.5	91.5
#9E9E9E	3	91	1	-1	2.5	3.5	90.5	91.5
#B0B0B0	4	91	1	-1	3.5	4.5	90.5	91.5
#F8F8F8	5	91	1	-1	4.5	5.5	90.5	91.5
#F6F6F6	6	91	1	-1	5.5	6.5	90.5	91.5
#F5F5F5	7	91	1	-1	6.5	7.5	90.5	91.5
#F5F5F5	8	91	1	-1	7.5	8.5	90.5	91.5
#F5F5F5	9	91	1	-1	8.5	9.5	90.5	91.5
#F5F5F5	10	91	1	-1	9.5	10.5	90.5	91.5
#F4F4F4	11	91	1	-1	10.5	11.5	90.5	91.5
#F4F4F4	12	91	1	-1	11.5	12.5	90.5	91.5
#FEFEFE	13	91	1	-1	12.5	13.5	90.5	91.5
#FEFEFE	14	91	1	-1	13.5	14.5	90.5	91.5
#FEFEFE	15	91	1	-1	14.5	15.5	90.5	91.5
#FFFFFF	16	91	1	-1	15.5	16.5	90.5	91.5
#F4F4F4	17	91	1	-1	16.5	17.5	90.5	91.5
#F4F4F4	18	91	1	-1	17.5	18.5	90.5	91.5
#F4F4F4	19	91	1	-1	18.5	19.5	90.5	91.5
#F4F4F4	20	91	1	-1	19.5	20.5	90.5	91.5
#F4F4F4	21	91	1	-1	20.5	21.5	90.5	91.5
#F4F4F4	22	91	1	-1	21.5	22.5	90.5	91.5
#F4F4F4	23	91	1	-1	22.5	23.5	90.5	91.5
#F4F4F4	24	91	1	-1	23.5	24.5	90.5	91.5
#F4F4F4	25	91	1	-1	24.5	25.5	90.5	91.5
#000000	1	24	1	-1	0.5	1.5	23.5	24.5
#8E8E8E	2	24	1	-1	1.5	2.5	23.5	24.5
#D2D2D2	3	24	1	-1	2.5	3.5	23.5	24.5
#FFFFFF	4	24	1	-1	3.5	4.5	23.5	24.5
#F5F5F5	5	24	1	-1	4.5	5.5	23.5	24.5
#E9E9E9	6	24	1	-1	5.5	6.5	23.5	24.5
#ECECEC	7	24	1	-1	6.5	7.5	23.5	24.5
#EDEDED	8	24	1	-1	7.5	8.5	23.5	24.5
#EBEBEB	9	24	1	-1	8.5	9.5	23.5	24.5
#EAEAEA	10	24	1	-1	9.5	10.5	23.5	24.5
#EEEEEE	11	24	1	-1	10.5	11.5	23.5	24.5
#E7E7E7	12	24	1	-1	11.5	12.5	23.5	24.5
#E8E8E8	13	24	1	-1	12.5	13.5	23.5	24.5
#E6E6E6	14	24	1	-1	13.5	14.5	23.5	24.5
#E8E8E8	15	24	1	-1	14.5	15.5	23.5	24.5
#E5E5E5	16	24	1	-1	15.5	16.5	23.5	24.5
#E5E5E5	17	24	1	-1	16.5	17.5	23.5	24.5
#E5E5E5	18	24	1	-1	17.5	18.5	23.5	24.5
#E5E5E5	19	24	1	-1	18.5	19.5	23.5	24.5
#E5E5E5	20	24	1	-1	19.5	20.5	23.5	24.5
#E5E5E5	21	24	1	-1	20.5	21.5	23.5	24.5
#E5E5E5	22	24	1	-1	21.5	22.5	23.5	24.5
#E5E5E5	23	24	1	-1	22.5	23.5	23.5	24.5
#E6E6E6	24	24	1	-1	23.5	24.5	23.5	24.5
#E6E6E6	25	24	1	-1	24.5	25.5	23.5	24.5
#000000	1	70	1	-1	0.5	1.5	69.5	70.5
#2B2B2B	2	70	1	-1	1.5	2.5	69.5	70.5
#555555	3	70	1	-1	2.5	3.5	69.5	70.5
#787878	4	70	1	-1	3.5	4.5	69.5	70.5
#FCFCFC	5	70	1	-1	4.5	5.5	69.5	70.5
#FBFBFB	6	70	1	-1	5.5	6.5	69.5	70.5
#FFFFFF	7	70	1	-1	6.5	7.5	69.5	70.5
#FAFAFA	8	70	1	-1	7.5	8.5	69.5	70.5
#F9F9F9	9	70	1	-1	8.5	9.5	69.5	70.5
#FCFCFC	10	70	1	-1	9.5	10.5	69.5	70.5
#F9F9F9	11	70	1	-1	10.5	11.5	69.5	70.5
#F9F9F9	12	70	1	-1	11.5	12.5	69.5	70.5
#FAFAFA	13	70	1	-1	12.5	13.5	69.5	70.5
#F9F9F9	14	70	1	-1	13.5	14.5	69.5	70.5
#F9F9F9	15	70	1	-1	14.5	15.5	69.5	70.5
#FAFAFA	16	70	1	-1	15.5	16.5	69.5	70.5
#FBFBFB	17	70	1	-1	16.5	17.5	69.5	70.5
#FBFBFB	18	70	1	-1	17.5	18.5	69.5	70.5
#FBFBFB	19	70	1	-1	18.5	19.5	69.5	70.5
#F9F9F9	20	70	1	-1	19.5	20.5	69.5	70.5
#F7F7F7	21	70	1	-1	20.5	21.5	69.5	70.5
#F9F9F9	22	70	1	-1	21.5	22.5	69.5	70.5
#F6F6F6	23	70	1	-1	22.5	23.5	69.5	70.5
#F6F6F6	24	70	1	-1	23.5	24.5	69.5	70.5
#F7F7F7	25	70	1	-1	24.5	25.5	69.5	70.5
#000000	1	93	1	-1	0.5	1.5	92.5	93.5
#676767	2	93	1	-1	1.5	2.5	92.5	93.5
#C8C8C8	3	93	1	-1	2.5	3.5	92.5	93.5
#BEBEBE	4	93	1	-1	3.5	4.5	92.5	93.5
#E6E6E6	5	93	1	-1	4.5	5.5	92.5	93.5
#E6E6E6	6	93	1	-1	5.5	6.5	92.5	93.5
#EBEBEB	7	93	1	-1	6.5	7.5	92.5	93.5
#EBEBEB	8	93	1	-1	7.5	8.5	92.5	93.5
#FAFAFA	9	93	1	-1	8.5	9.5	92.5	93.5
#FAFAFA	10	93	1	-1	9.5	10.5	92.5	93.5
#FBFBFB	11	93	1	-1	10.5	11.5	92.5	93.5
#FBFBFB	12	93	1	-1	11.5	12.5	92.5	93.5
#FAFAFA	13	93	1	-1	12.5	13.5	92.5	93.5
#FAFAFA	14	93	1	-1	13.5	14.5	92.5	93.5
#FAFAFA	15	93	1	-1	14.5	15.5	92.5	93.5
#FFFFFF	16	93	1	-1	15.5	16.5	92.5	93.5
#FFFFFF	17	93	1	-1	16.5	17.5	92.5	93.5
#FFFFFF	18	93	1	-1	17.5	18.5	92.5	93.5
#FFFFFF	19	93	1	-1	18.5	19.5	92.5	93.5
#FDFDFD	20	93	1	-1	19.5	20.5	92.5	93.5
#FEFEFE	21	93	1	-1	20.5	21.5	92.5	93.5
#FDFDFD	22	93	1	-1	21.5	22.5	92.5	93.5
#FEFEFE	23	93	1	-1	22.5	23.5	92.5	93.5
#FDFDFD	24	93	1	-1	23.5	24.5	92.5	93.5
#FDFDFD	25	93	1	-1	24.5	25.5	92.5	93.5
#000000	1	71	1	-1	0.5	1.5	70.5	71.5
#888888	2	71	1	-1	1.5	2.5	70.5	71.5
#C5C5C5	3	71	1	-1	2.5	3.5	70.5	71.5
#E2E2E2	4	71	1	-1	3.5	4.5	70.5	71.5
#F3F3F3	5	71	1	-1	4.5	5.5	70.5	71.5
#FBFBFB	6	71	1	-1	5.5	6.5	70.5	71.5
#FFFFFF	7	71	1	-1	6.5	7.5	70.5	71.5
#FDFDFD	8	71	1	-1	7.5	8.5	70.5	71.5
#FBFBFB	9	71	1	-1	8.5	9.5	70.5	71.5
#EFEFEF	10	71	1	-1	9.5	10.5	70.5	71.5
#EDEDED	11	71	1	-1	10.5	11.5	70.5	71.5
#EDEDED	12	71	1	-1	11.5	12.5	70.5	71.5
#EDEDED	13	71	1	-1	12.5	13.5	70.5	71.5
#ECECEC	14	71	1	-1	13.5	14.5	70.5	71.5
#EFEFEF	15	71	1	-1	14.5	15.5	70.5	71.5
#EFEFEF	16	71	1	-1	15.5	16.5	70.5	71.5
#EFEFEF	17	71	1	-1	16.5	17.5	70.5	71.5
#EFEFEF	18	71	1	-1	17.5	18.5	70.5	71.5
#EFEFEF	19	71	1	-1	18.5	19.5	70.5	71.5
#EFEFEF	20	71	1	-1	19.5	20.5	70.5	71.5
#EFEFEF	21	71	1	-1	20.5	21.5	70.5	71.5
#EFEFEF	22	71	1	-1	21.5	22.5	70.5	71.5
#EFEFEF	23	71	1	-1	22.5	23.5	70.5	71.5
#F0F0F0	24	71	1	-1	23.5	24.5	70.5	71.5
#F0F0F0	25	71	1	-1	24.5	25.5	70.5	71.5
#000000	1	8	1	-1	0.5	1.5	7.5	8.5
#8A8A8A	2	8	1	-1	1.5	2.5	7.5	8.5
#FFFFFF	3	8	1	-1	2.5	3.5	7.5	8.5
#A8A8A8	4	8	1	-1	3.5	4.5	7.5	8.5
#CACACA	5	8	1	-1	4.5	5.5	7.5	8.5
#C9C9C9	6	8	1	-1	5.5	6.5	7.5	8.5
#C8C8C8	7	8	1	-1	6.5	7.5	7.5	8.5
#C7C7C7	8	8	1	-1	7.5	8.5	7.5	8.5
#BBBBBB	9	8	1	-1	8.5	9.5	7.5	8.5
#C9C9C9	10	8	1	-1	9.5	10.5	7.5	8.5
#C9C9C9	11	8	1	-1	10.5	11.5	7.5	8.5
#C9C9C9	12	8	1	-1	11.5	12.5	7.5	8.5
#C9C9C9	13	8	1	-1	12.5	13.5	7.5	8.5
#C9C9C9	14	8	1	-1	13.5	14.5	7.5	8.5
#CBCBCB	15	8	1	-1	14.5	15.5	7.5	8.5
#C9C9C9	16	8	1	-1	15.5	16.5	7.5	8.5
#D8D8D8	17	8	1	-1	16.5	17.5	7.5	8.5
#D8D8D8	18	8	1	-1	17.5	18.5	7.5	8.5
#D8D8D8	19	8	1	-1	18.5	19.5	7.5	8.5
#D8D8D8	20	8	1	-1	19.5	20.5	7.5	8.5
#D8D8D8	21	8	1	-1	20.5	21.5	7.5	8.5
#D8D8D8	22	8	1	-1	21.5	22.5	7.5	8.5
#D8D8D8	23	8	1	-1	22.5	23.5	7.5	8.5
#D9D9D9	24	8	1	-1	23.5	24.5	7.5	8.5
#D9D9D9	25	8	1	-1	24.5	25.5	7.5	8.5
#000000	1	25	1	-1	0.5	1.5	24.5	25.5
#A6A6A6	2	25	1	-1	1.5	2.5	24.5	25.5
#CCCCCC	3	25	1	-1	2.5	3.5	24.5	25.5
#FFFFFF	4	25	1	-1	3.5	4.5	24.5	25.5
#BEBEBE	5	25	1	-1	4.5	5.5	24.5	25.5
#B7B7B7	6	25	1	-1	5.5	6.5	24.5	25.5
#B4B4B4	7	25	1	-1	6.5	7.5	24.5	25.5
#B7B7B7	8	25	1	-1	7.5	8.5	24.5	25.5
#ABABAB	9	25	1	-1	8.5	9.5	24.5	25.5
#ABABAB	10	25	1	-1	9.5	10.5	24.5	25.5
#ABABAB	11	25	1	-1	10.5	11.5	24.5	25.5
#ABABAB	12	25	1	-1	11.5	12.5	24.5	25.5
#ABABAB	13	25	1	-1	12.5	13.5	24.5	25.5
#ACACAC	14	25	1	-1	13.5	14.5	24.5	25.5
#A9A9A9	15	25	1	-1	14.5	15.5	24.5	25.5
#AAAAAA	16	25	1	-1	15.5	16.5	24.5	25.5
#A7A7A7	17	25	1	-1	16.5	17.5	24.5	25.5
#AAAAAA	18	25	1	-1	17.5	18.5	24.5	25.5
#AAAAAA	19	25	1	-1	18.5	19.5	24.5	25.5
#ADADAD	20	25	1	-1	19.5	20.5	24.5	25.5
#AFAFAF	21	25	1	-1	20.5	21.5	24.5	25.5
#AFAFAF	22	25	1	-1	21.5	22.5	24.5	25.5
#AFAFAF	23	25	1	-1	22.5	23.5	24.5	25.5
#AFAFAF	24	25	1	-1	23.5	24.5	24.5	25.5
#AFAFAF	25	25	1	-1	24.5	25.5	24.5	25.5
#000000	1	29	1	-1	0.5	1.5	28.5	29.5
#BABABA	2	29	1	-1	1.5	2.5	28.5	29.5
#9E9E9E	3	29	1	-1	2.5	3.5	28.5	29.5
#BFBFBF	4	29	1	-1	3.5	4.5	28.5	29.5
#FFFFFF	5	29	1	-1	4.5	5.5	28.5	29.5
#FEFEFE	6	29	1	-1	5.5	6.5	28.5	29.5
#E7E7E7	7	29	1	-1	6.5	7.5	28.5	29.5
#E7E7E7	8	29	1	-1	7.5	8.5	28.5	29.5
#E6E6E6	9	29	1	-1	8.5	9.5	28.5	29.5
#E5E5E5	10	29	1	-1	9.5	10.5	28.5	29.5
#E5E5E5	11	29	1	-1	10.5	11.5	28.5	29.5
#E4E4E4	12	29	1	-1	11.5	12.5	28.5	29.5
#E4E4E4	13	29	1	-1	12.5	13.5	28.5	29.5
#E1E1E1	14	29	1	-1	13.5	14.5	28.5	29.5
#E1E1E1	15	29	1	-1	14.5	15.5	28.5	29.5
#E1E1E1	16	29	1	-1	15.5	16.5	28.5	29.5
#E1E1E1	17	29	1	-1	16.5	17.5	28.5	29.5
#E1E1E1	18	29	1	-1	17.5	18.5	28.5	29.5
#E1E1E1	19	29	1	-1	18.5	19.5	28.5	29.5
#E1E1E1	20	29	1	-1	19.5	20.5	28.5	29.5
#E1E1E1	21	29	1	-1	20.5	21.5	28.5	29.5
#E1E1E1	22	29	1	-1	21.5	22.5	28.5	29.5
#E1E1E1	23	29	1	-1	22.5	23.5	28.5	29.5
#E1E1E1	24	29	1	-1	23.5	24.5	28.5	29.5
#E1E1E1	25	29	1	-1	24.5	25.5	28.5	29.5
#000000	1	30	1	-1	0.5	1.5	29.5	30.5
#777777	2	30	1	-1	1.5	2.5	29.5	30.5
#B2B2B2	3	30	1	-1	2.5	3.5	29.5	30.5
#E8E8E8	4	30	1	-1	3.5	4.5	29.5	30.5
#FFFFFF	5	30	1	-1	4.5	5.5	29.5	30.5
#F9F9F9	6	30	1	-1	5.5	6.5	29.5	30.5
#F9F9F9	7	30	1	-1	6.5	7.5	29.5	30.5
#F6F6F6	8	30	1	-1	7.5	8.5	29.5	30.5
#F8F8F8	9	30	1	-1	8.5	9.5	29.5	30.5
#ECECEC	10	30	1	-1	9.5	10.5	29.5	30.5
#E5E5E5	11	30	1	-1	10.5	11.5	29.5	30.5
#E5E5E5	12	30	1	-1	11.5	12.5	29.5	30.5
#E5E5E5	13	30	1	-1	12.5	13.5	29.5	30.5
#E6E6E6	14	30	1	-1	13.5	14.5	29.5	30.5
#E7E7E7	15	30	1	-1	14.5	15.5	29.5	30.5
#E8E8E8	16	30	1	-1	15.5	16.5	29.5	30.5
#E7E7E7	17	30	1	-1	16.5	17.5	29.5	30.5
#E7E7E7	18	30	1	-1	17.5	18.5	29.5	30.5
#E7E7E7	19	30	1	-1	18.5	19.5	29.5	30.5
#E7E7E7	20	30	1	-1	19.5	20.5	29.5	30.5
#E5E5E5	21	30	1	-1	20.5	21.5	29.5	30.5
#E5E5E5	22	30	1	-1	21.5	22.5	29.5	30.5
#E5E5E5	23	30	1	-1	22.5	23.5	29.5	30.5
#E7E7E7	24	30	1	-1	23.5	24.5	29.5	30.5
#E7E7E7	25	30	1	-1	24.5	25.5	29.5	30.5
#000000	1	9	1	-1	0.5	1.5	8.5	9.5
#939393	2	9	1	-1	1.5	2.5	8.5	9.5
#FFFFFF	3	9	1	-1	2.5	3.5	8.5	9.5
#616161	4	9	1	-1	3.5	4.5	8.5	9.5
#B6B6B6	5	9	1	-1	4.5	5.5	8.5	9.5
#B5B5B5	6	9	1	-1	5.5	6.5	8.5	9.5
#B5B5B5	7	9	1	-1	6.5	7.5	8.5	9.5
#A8A8A8	8	9	1	-1	7.5	8.5	8.5	9.5
#A8A8A8	9	9	1	-1	8.5	9.5	8.5	9.5
#BEBEBE	10	9	1	-1	9.5	10.5	8.5	9.5
#BDBDBD	11	9	1	-1	10.5	11.5	8.5	9.5
#BEBEBE	12	9	1	-1	11.5	12.5	8.5	9.5
#BEBEBE	13	9	1	-1	12.5	13.5	8.5	9.5
#BFBFBF	14	9	1	-1	13.5	14.5	8.5	9.5
#BEBEBE	15	9	1	-1	14.5	15.5	8.5	9.5
#BEBEBE	16	9	1	-1	15.5	16.5	8.5	9.5
#BEBEBE	17	9	1	-1	16.5	17.5	8.5	9.5
#BFBFBF	18	9	1	-1	17.5	18.5	8.5	9.5
#BFBFBF	19	9	1	-1	18.5	19.5	8.5	9.5
#BFBFBF	20	9	1	-1	19.5	20.5	8.5	9.5
#BFBFBF	21	9	1	-1	20.5	21.5	8.5	9.5
#BFBFBF	22	9	1	-1	21.5	22.5	8.5	9.5
#BFBFBF	23	9	1	-1	22.5	23.5	8.5	9.5
#BFBFBF	24	9	1	-1	23.5	24.5	8.5	9.5
#BFBFBF	25	9	1	-1	24.5	25.5	8.5	9.5
#000000	1	10	1	-1	0.5	1.5	9.5	10.5
#999999	2	10	1	-1	1.5	2.5	9.5	10.5
#FFFFFF	3	10	1	-1	2.5	3.5	9.5	10.5
#999999	4	10	1	-1	3.5	4.5	9.5	10.5
#B1B1B1	5	10	1	-1	4.5	5.5	9.5	10.5
#A6A6A6	6	10	1	-1	5.5	6.5	9.5	10.5
#AFAFAF	7	10	1	-1	6.5	7.5	9.5	10.5
#B0B0B0	8	10	1	-1	7.5	8.5	9.5	10.5
#A7A7A7	9	10	1	-1	8.5	9.5	9.5	10.5
#CACACA	10	10	1	-1	9.5	10.5	9.5	10.5
#CACACA	11	10	1	-1	10.5	11.5	9.5	10.5
#C9C9C9	12	10	1	-1	11.5	12.5	9.5	10.5
#C8C8C8	13	10	1	-1	12.5	13.5	9.5	10.5
#C8C8C8	14	10	1	-1	13.5	14.5	9.5	10.5
#C8C8C8	15	10	1	-1	14.5	15.5	9.5	10.5
#C8C8C8	16	10	1	-1	15.5	16.5	9.5	10.5
#C8C8C8	17	10	1	-1	16.5	17.5	9.5	10.5
#C8C8C8	18	10	1	-1	17.5	18.5	9.5	10.5
#C7C7C7	19	10	1	-1	18.5	19.5	9.5	10.5
#C8C8C8	20	10	1	-1	19.5	20.5	9.5	10.5
#C9C9C9	21	10	1	-1	20.5	21.5	9.5	10.5
#C9C9C9	22	10	1	-1	21.5	22.5	9.5	10.5
#C9C9C9	23	10	1	-1	22.5	23.5	9.5	10.5
#CBCBCB	24	10	1	-1	23.5	24.5	9.5	10.5
#CBCBCB	25	10	1	-1	24.5	25.5	9.5	10.5
#000000	1	31	1	-1	0.5	1.5	30.5	31.5
#9F9F9F	2	31	1	-1	1.5	2.5	30.5	31.5
#6E6E6E	3	31	1	-1	2.5	3.5	30.5	31.5
#DFDFDF	4	31	1	-1	3.5	4.5	30.5	31.5
#FFFFFF	5	31	1	-1	4.5	5.5	30.5	31.5
#F6F6F6	6	31	1	-1	5.5	6.5	30.5	31.5
#F6F6F6	7	31	1	-1	6.5	7.5	30.5	31.5
#F5F5F5	8	31	1	-1	7.5	8.5	30.5	31.5
#F4F4F4	9	31	1	-1	8.5	9.5	30.5	31.5
#EDEDED	10	31	1	-1	9.5	10.5	30.5	31.5
#EFEFEF	11	31	1	-1	10.5	11.5	30.5	31.5
#EEEEEE	12	31	1	-1	11.5	12.5	30.5	31.5
#FBFBFB	13	31	1	-1	12.5	13.5	30.5	31.5
#FBFBFB	14	31	1	-1	13.5	14.5	30.5	31.5
#FBFBFB	15	31	1	-1	14.5	15.5	30.5	31.5
#FBFBFB	16	31	1	-1	15.5	16.5	30.5	31.5
#FBFBFB	17	31	1	-1	16.5	17.5	30.5	31.5
#FCFCFC	18	31	1	-1	17.5	18.5	30.5	31.5
#FAFAFA	19	31	1	-1	18.5	19.5	30.5	31.5
#FAFAFA	20	31	1	-1	19.5	20.5	30.5	31.5
#FBFBFB	21	31	1	-1	20.5	21.5	30.5	31.5
#FAFAFA	22	31	1	-1	21.5	22.5	30.5	31.5
#FBFBFB	23	31	1	-1	22.5	23.5	30.5	31.5
#FBFBFB	24	31	1	-1	23.5	24.5	30.5	31.5
#FBFBFB	25	31	1	-1	24.5	25.5	30.5	31.5
#000000	1	32	1	-1	0.5	1.5	31.5	32.5
#595959	2	32	1	-1	1.5	2.5	31.5	32.5
#939393	3	32	1	-1	2.5	3.5	31.5	32.5
#B5B5B5	4	32	1	-1	3.5	4.5	31.5	32.5
#FFFFFF	5	32	1	-1	4.5	5.5	31.5	32.5
#FAFAFA	6	32	1	-1	5.5	6.5	31.5	32.5
#FAFAFA	7	32	1	-1	6.5	7.5	31.5	32.5
#FAFAFA	8	32	1	-1	7.5	8.5	31.5	32.5
#FAFAFA	9	32	1	-1	8.5	9.5	31.5	32.5
#F7F7F7	10	32	1	-1	9.5	10.5	31.5	32.5
#F7F7F7	11	32	1	-1	10.5	11.5	31.5	32.5
#F6F6F6	12	32	1	-1	11.5	12.5	31.5	32.5
#F2F2F2	13	32	1	-1	12.5	13.5	31.5	32.5
#F1F1F1	14	32	1	-1	13.5	14.5	31.5	32.5
#F1F1F1	15	32	1	-1	14.5	15.5	31.5	32.5
#F0F0F0	16	32	1	-1	15.5	16.5	31.5	32.5
#F1F1F1	17	32	1	-1	16.5	17.5	31.5	32.5
#F1F1F1	18	32	1	-1	17.5	18.5	31.5	32.5
#F2F2F2	19	32	1	-1	18.5	19.5	31.5	32.5
#F1F1F1	20	32	1	-1	19.5	20.5	31.5	32.5
#F1F1F1	21	32	1	-1	20.5	21.5	31.5	32.5
#F1F1F1	22	32	1	-1	21.5	22.5	31.5	32.5
#F1F1F1	23	32	1	-1	22.5	23.5	31.5	32.5
#F1F1F1	24	32	1	-1	23.5	24.5	31.5	32.5
#F1F1F1	25	32	1	-1	24.5	25.5	31.5	32.5
#000000	1	1	1	-1	0.5	1.5	0.5	1.5
#FFFFFF	2	1	1	-1	1.5	2.5	0.5	1.5
#A6A6A6	3	1	1	-1	2.5	3.5	0.5	1.5
#C3C3C3	4	1	1	-1	3.5	4.5	0.5	1.5
#E2E2E2	5	1	1	-1	4.5	5.5	0.5	1.5
#E1E1E1	6	1	1	-1	5.5	6.5	0.5	1.5
#DADADA	7	1	1	-1	6.5	7.5	0.5	1.5
#D7D7D7	8	1	1	-1	7.5	8.5	0.5	1.5
#DFDFDF	9	1	1	-1	8.5	9.5	0.5	1.5
#DEDEDE	10	1	1	-1	9.5	10.5	0.5	1.5
#DEDEDE	11	1	1	-1	10.5	11.5	0.5	1.5
#DCDCDC	12	1	1	-1	11.5	12.5	0.5	1.5
#D7D7D7	13	1	1	-1	12.5	13.5	0.5	1.5
#D7D7D7	14	1	1	-1	13.5	14.5	0.5	1.5
#D7D7D7	15	1	1	-1	14.5	15.5	0.5	1.5
#D7D7D7	16	1	1	-1	15.5	16.5	0.5	1.5
#D7D7D7	17	1	1	-1	16.5	17.5	0.5	1.5
#D7D7D7	18	1	1	-1	17.5	18.5	0.5	1.5
#D8D8D8	19	1	1	-1	18.5	19.5	0.5	1.5
#D8D8D8	20	1	1	-1	19.5	20.5	0.5	1.5
#DDDDDD	21	1	1	-1	20.5	21.5	0.5	1.5
#DDDDDD	22	1	1	-1	21.5	22.5	0.5	1.5
#DDDDDD	23	1	1	-1	22.5	23.5	0.5	1.5
#DDDDDD	24	1	1	-1	23.5	24.5	0.5	1.5
#DDDDDD	25	1	1	-1	24.5	25.5	0.5	1.5
#000000	1	74	1	-1	0.5	1.5	73.5	74.5
#414141	2	74	1	-1	1.5	2.5	73.5	74.5
#9D9D9D	3	74	1	-1	2.5	3.5	73.5	74.5
#D5D5D5	4	74	1	-1	3.5	4.5	73.5	74.5
#FEFEFE	5	74	1	-1	4.5	5.5	73.5	74.5
#FCFCFC	6	74	1	-1	5.5	6.5	73.5	74.5
#FFFFFF	7	74	1	-1	6.5	7.5	73.5	74.5
#FFFFFF	8	74	1	-1	7.5	8.5	73.5	74.5
#FEFEFE	9	74	1	-1	8.5	9.5	73.5	74.5
#E8E8E8	10	74	1	-1	9.5	10.5	73.5	74.5
#DEDEDE	11	74	1	-1	10.5	11.5	73.5	74.5
#DEDEDE	12	74	1	-1	11.5	12.5	73.5	74.5
#DDDDDD	13	74	1	-1	12.5	13.5	73.5	74.5
#DCDCDC	14	74	1	-1	13.5	14.5	73.5	74.5
#DFDFDF	15	74	1	-1	14.5	15.5	73.5	74.5
#DFDFDF	16	74	1	-1	15.5	16.5	73.5	74.5
#DDDDDD	17	74	1	-1	16.5	17.5	73.5	74.5
#DDDDDD	18	74	1	-1	17.5	18.5	73.5	74.5
#DADADA	19	74	1	-1	18.5	19.5	73.5	74.5
#DADADA	20	74	1	-1	19.5	20.5	73.5	74.5
#DCDCDC	21	74	1	-1	20.5	21.5	73.5	74.5
#DCDCDC	22	74	1	-1	21.5	22.5	73.5	74.5
#DDDDDD	23	74	1	-1	22.5	23.5	73.5	74.5
#DDDDDD	24	74	1	-1	23.5	24.5	73.5	74.5
#DDDDDD	25	74	1	-1	24.5	25.5	73.5	74.5
#000000	1	33	1	-1	0.5	1.5	32.5	33.5
#898989	2	33	1	-1	1.5	2.5	32.5	33.5
#ABABAB	3	33	1	-1	2.5	3.5	32.5	33.5
#BCBCBC	4	33	1	-1	3.5	4.5	32.5	33.5
#FFFFFF	5	33	1	-1	4.5	5.5	32.5	33.5
#FFFFFF	6	33	1	-1	5.5	6.5	32.5	33.5
#FFFFFF	7	33	1	-1	6.5	7.5	32.5	33.5
#E1E1E1	8	33	1	-1	7.5	8.5	32.5	33.5
#DFDFDF	9	33	1	-1	8.5	9.5	32.5	33.5
#E0E0E0	10	33	1	-1	9.5	10.5	32.5	33.5
#E0E0E0	11	33	1	-1	10.5	11.5	32.5	33.5
#E0E0E0	12	33	1	-1	11.5	12.5	32.5	33.5
#E0E0E0	13	33	1	-1	12.5	13.5	32.5	33.5
#DFDFDF	14	33	1	-1	13.5	14.5	32.5	33.5
#DFDFDF	15	33	1	-1	14.5	15.5	32.5	33.5
#DFDFDF	16	33	1	-1	15.5	16.5	32.5	33.5
#DFDFDF	17	33	1	-1	16.5	17.5	32.5	33.5
#DFDFDF	18	33	1	-1	17.5	18.5	32.5	33.5
#E0E0E0	19	33	1	-1	18.5	19.5	32.5	33.5
#E6E6E6	20	33	1	-1	19.5	20.5	32.5	33.5
#E5E5E5	21	33	1	-1	20.5	21.5	32.5	33.5
#E5E5E5	22	33	1	-1	21.5	22.5	32.5	33.5
#E5E5E5	23	33	1	-1	22.5	23.5	32.5	33.5
#E5E5E5	24	33	1	-1	23.5	24.5	32.5	33.5
#E5E5E5	25	33	1	-1	24.5	25.5	32.5	33.5
#000000	1	11	1	-1	0.5	1.5	10.5	11.5
#8E8E8E	2	11	1	-1	1.5	2.5	10.5	11.5
#FFFFFF	3	11	1	-1	2.5	3.5	10.5	11.5
#C7C7C7	4	11	1	-1	3.5	4.5	10.5	11.5
#EBEBEB	5	11	1	-1	4.5	5.5	10.5	11.5
#EAEAEA	6	11	1	-1	5.5	6.5	10.5	11.5
#E2E2E2	7	11	1	-1	6.5	7.5	10.5	11.5
#DDDDDD	8	11	1	-1	7.5	8.5	10.5	11.5
#DEDEDE	9	11	1	-1	8.5	9.5	10.5	11.5
#ECECEC	10	11	1	-1	9.5	10.5	10.5	11.5
#ECECEC	11	11	1	-1	10.5	11.5	10.5	11.5
#ECECEC	12	11	1	-1	11.5	12.5	10.5	11.5
#ECECEC	13	11	1	-1	12.5	13.5	10.5	11.5
#ECECEC	14	11	1	-1	13.5	14.5	10.5	11.5
#ECECEC	15	11	1	-1	14.5	15.5	10.5	11.5
#ECECEC	16	11	1	-1	15.5	16.5	10.5	11.5
#EBEBEB	17	11	1	-1	16.5	17.5	10.5	11.5
#EBEBEB	18	11	1	-1	17.5	18.5	10.5	11.5
#EBEBEB	19	11	1	-1	18.5	19.5	10.5	11.5
#EAEAEA	20	11	1	-1	19.5	20.5	10.5	11.5
#EAEAEA	21	11	1	-1	20.5	21.5	10.5	11.5
#EAEAEA	22	11	1	-1	21.5	22.5	10.5	11.5
#EAEAEA	23	11	1	-1	22.5	23.5	10.5	11.5
#EAEAEA	24	11	1	-1	23.5	24.5	10.5	11.5
#EAEAEA	25	11	1	-1	24.5	25.5	10.5	11.5
#000000	1	72	1	-1	0.5	1.5	71.5	72.5
#151515	2	72	1	-1	1.5	2.5	71.5	72.5
#646464	3	72	1	-1	2.5	3.5	71.5	72.5
#9B9B9B	4	72	1	-1	3.5	4.5	71.5	72.5
#F8F8F8	5	72	1	-1	4.5	5.5	71.5	72.5
#FFFFFF	6	72	1	-1	5.5	6.5	71.5	72.5
#FFFFFF	7	72	1	-1	6.5	7.5	71.5	72.5
#FFFFFF	8	72	1	-1	7.5	8.5	71.5	72.5
#FBFBFB	9	72	1	-1	8.5	9.5	71.5	72.5
#FEFEFE	10	72	1	-1	9.5	10.5	71.5	72.5
#F8F8F8	11	72	1	-1	10.5	11.5	71.5	72.5
#F6F6F6	12	72	1	-1	11.5	12.5	71.5	72.5
#F2F2F2	13	72	1	-1	12.5	13.5	71.5	72.5
#F1F1F1	14	72	1	-1	13.5	14.5	71.5	72.5
#F2F2F2	15	72	1	-1	14.5	15.5	71.5	72.5
#E7E7E7	16	72	1	-1	15.5	16.5	71.5	72.5
#E8E8E8	17	72	1	-1	16.5	17.5	71.5	72.5
#E8E8E8	18	72	1	-1	17.5	18.5	71.5	72.5
#E7E7E7	19	72	1	-1	18.5	19.5	71.5	72.5
#E6E6E6	20	72	1	-1	19.5	20.5	71.5	72.5
#E5E5E5	21	72	1	-1	20.5	21.5	71.5	72.5
#E5E5E5	22	72	1	-1	21.5	22.5	71.5	72.5
#E5E5E5	23	72	1	-1	22.5	23.5	71.5	72.5
#E5E5E5	24	72	1	-1	23.5	24.5	71.5	72.5
#E5E5E5	25	72	1	-1	24.5	25.5	71.5	72.5
#000000	1	12	1	-1	0.5	1.5	11.5	12.5
#616161	2	12	1	-1	1.5	2.5	11.5	12.5
#FFFFFF	3	12	1	-1	2.5	3.5	11.5	12.5
#B1B1B1	4	12	1	-1	3.5	4.5	11.5	12.5
#E0E0E0	5	12	1	-1	4.5	5.5	11.5	12.5
#DDDDDD	6	12	1	-1	5.5	6.5	11.5	12.5
#DCDCDC	7	12	1	-1	6.5	7.5	11.5	12.5
#DBDBDB	8	12	1	-1	7.5	8.5	11.5	12.5
#DADADA	9	12	1	-1	8.5	9.5	11.5	12.5
#E0E0E0	10	12	1	-1	9.5	10.5	11.5	12.5
#DEDEDE	11	12	1	-1	10.5	11.5	11.5	12.5
#DDDDDD	12	12	1	-1	11.5	12.5	11.5	12.5
#C9C9C9	13	12	1	-1	12.5	13.5	11.5	12.5
#C8C8C8	14	12	1	-1	13.5	14.5	11.5	12.5
#C8C8C8	15	12	1	-1	14.5	15.5	11.5	12.5
#C7C7C7	16	12	1	-1	15.5	16.5	11.5	12.5
#C7C7C7	17	12	1	-1	16.5	17.5	11.5	12.5
#C7C7C7	18	12	1	-1	17.5	18.5	11.5	12.5
#C7C7C7	19	12	1	-1	18.5	19.5	11.5	12.5
#C8C8C8	20	12	1	-1	19.5	20.5	11.5	12.5
#C8C8C8	21	12	1	-1	20.5	21.5	11.5	12.5
#C8C8C8	22	12	1	-1	21.5	22.5	11.5	12.5
#C8C8C8	23	12	1	-1	22.5	23.5	11.5	12.5
#C8C8C8	24	12	1	-1	23.5	24.5	11.5	12.5
#C8C8C8	25	12	1	-1	24.5	25.5	11.5	12.5
#000000	1	34	1	-1	0.5	1.5	33.5	34.5
#5F5F5F	2	34	1	-1	1.5	2.5	33.5	34.5
#FCFCFC	3	34	1	-1	2.5	3.5	33.5	34.5
#B9B9B9	4	34	1	-1	3.5	4.5	33.5	34.5
#FFFFFF	5	34	1	-1	4.5	5.5	33.5	34.5
#EBEBEB	6	34	1	-1	5.5	6.5	33.5	34.5
#EBEBEB	7	34	1	-1	6.5	7.5	33.5	34.5
#EBEBEB	8	34	1	-1	7.5	8.5	33.5	34.5
#EBEBEB	9	34	1	-1	8.5	9.5	33.5	34.5
#ECECEC	10	34	1	-1	9.5	10.5	33.5	34.5
#E5E5E5	11	34	1	-1	10.5	11.5	33.5	34.5
#E5E5E5	12	34	1	-1	11.5	12.5	33.5	34.5
#E5E5E5	13	34	1	-1	12.5	13.5	33.5	34.5
#E5E5E5	14	34	1	-1	13.5	14.5	33.5	34.5
#E5E5E5	15	34	1	-1	14.5	15.5	33.5	34.5
#E4E4E4	16	34	1	-1	15.5	16.5	33.5	34.5
#E9E9E9	17	34	1	-1	16.5	17.5	33.5	34.5
#DDDDDD	18	34	1	-1	17.5	18.5	33.5	34.5
#DDDDDD	19	34	1	-1	18.5	19.5	33.5	34.5
#DEDEDE	20	34	1	-1	19.5	20.5	33.5	34.5
#DEDEDE	21	34	1	-1	20.5	21.5	33.5	34.5
#DEDEDE	22	34	1	-1	21.5	22.5	33.5	34.5
#DEDEDE	23	34	1	-1	22.5	23.5	33.5	34.5
#DEDEDE	24	34	1	-1	23.5	24.5	33.5	34.5
#DEDEDE	25	34	1	-1	24.5	25.5	33.5	34.5
#000000	1	86	1	-1	0.5	1.5	85.5	86.5
#5C5C5C	2	86	1	-1	1.5	2.5	85.5	86.5
#A0A0A0	3	86	1	-1	2.5	3.5	85.5	86.5
#E2E2E2	4	86	1	-1	3.5	4.5	85.5	86.5
#FAFAFA	5	86	1	-1	4.5	5.5	85.5	86.5
#F9F9F9	6	86	1	-1	5.5	6.5	85.5	86.5
#FCFCFC	7	86	1	-1	6.5	7.5	85.5	86.5
#FAFAFA	8	86	1	-1	7.5	8.5	85.5	86.5
#FBFBFB	9	86	1	-1	8.5	9.5	85.5	86.5
#FFFFFF	10	86	1	-1	9.5	10.5	85.5	86.5
#F5F5F5	11	86	1	-1	10.5	11.5	85.5	86.5
#EAEAEA	12	86	1	-1	11.5	12.5	85.5	86.5
#EAEAEA	13	86	1	-1	12.5	13.5	85.5	86.5
#EBEBEB	14	86	1	-1	13.5	14.5	85.5	86.5
#EBEBEB	15	86	1	-1	14.5	15.5	85.5	86.5
#EAEAEA	16	86	1	-1	15.5	16.5	85.5	86.5
#EAEAEA	17	86	1	-1	16.5	17.5	85.5	86.5
#EAEAEA	18	86	1	-1	17.5	18.5	85.5	86.5
#EAEAEA	19	86	1	-1	18.5	19.5	85.5	86.5
#EBEBEB	20	86	1	-1	19.5	20.5	85.5	86.5
#EBEBEB	21	86	1	-1	20.5	21.5	85.5	86.5
#EBEBEB	22	86	1	-1	21.5	22.5	85.5	86.5
#EAEAEA	23	86	1	-1	22.5	23.5	85.5	86.5
#EBEBEB	24	86	1	-1	23.5	24.5	85.5	86.5
#EBEBEB	25	86	1	-1	24.5	25.5	85.5	86.5
#000000	1	35	1	-1	0.5	1.5	34.5	35.5
#383838	2	35	1	-1	1.5	2.5	34.5	35.5
#8A8A8A	3	35	1	-1	2.5	3.5	34.5	35.5
#727272	4	35	1	-1	3.5	4.5	34.5	35.5
#FFFFFF	5	35	1	-1	4.5	5.5	34.5	35.5
#E6E6E6	6	35	1	-1	5.5	6.5	34.5	35.5
#E5E5E5	7	35	1	-1	6.5	7.5	34.5	35.5
#E5E5E5	8	35	1	-1	7.5	8.5	34.5	35.5
#E5E5E5	9	35	1	-1	8.5	9.5	34.5	35.5
#D1D1D1	10	35	1	-1	9.5	10.5	34.5	35.5
#CFCFCF	11	35	1	-1	10.5	11.5	34.5	35.5
#CFCFCF	12	35	1	-1	11.5	12.5	34.5	35.5
#CFCFCF	13	35	1	-1	12.5	13.5	34.5	35.5
#D0D0D0	14	35	1	-1	13.5	14.5	34.5	35.5
#D0D0D0	15	35	1	-1	14.5	15.5	34.5	35.5
#D1D1D1	16	35	1	-1	15.5	16.5	34.5	35.5
#D2D2D2	17	35	1	-1	16.5	17.5	34.5	35.5
#D2D2D2	18	35	1	-1	17.5	18.5	34.5	35.5
#D2D2D2	19	35	1	-1	18.5	19.5	34.5	35.5
#D2D2D2	20	35	1	-1	19.5	20.5	34.5	35.5
#D2D2D2	21	35	1	-1	20.5	21.5	34.5	35.5
#D2D2D2	22	35	1	-1	21.5	22.5	34.5	35.5
#D2D2D2	23	35	1	-1	22.5	23.5	34.5	35.5
#D2D2D2	24	35	1	-1	23.5	24.5	34.5	35.5
#D2D2D2	25	35	1	-1	24.5	25.5	34.5	35.5
#000000	1	36	1	-1	0.5	1.5	35.5	36.5
#7C7C7C	2	36	1	-1	1.5	2.5	35.5	36.5
#ADADAD	3	36	1	-1	2.5	3.5	35.5	36.5
#C5C5C5	4	36	1	-1	3.5	4.5	35.5	36.5
#FFFFFF	5	36	1	-1	4.5	5.5	35.5	36.5
#FDFDFD	6	36	1	-1	5.5	6.5	35.5	36.5
#FDFDFD	7	36	1	-1	6.5	7.5	35.5	36.5
#EAEAEA	8	36	1	-1	7.5	8.5	35.5	36.5
#EAEAEA	9	36	1	-1	8.5	9.5	35.5	36.5
#E9E9E9	10	36	1	-1	9.5	10.5	35.5	36.5
#E9E9E9	11	36	1	-1	10.5	11.5	35.5	36.5
#E9E9E9	12	36	1	-1	11.5	12.5	35.5	36.5
#E9E9E9	13	36	1	-1	12.5	13.5	35.5	36.5
#EAEAEA	14	36	1	-1	13.5	14.5	35.5	36.5
#E9E9E9	15	36	1	-1	14.5	15.5	35.5	36.5
#E8E8E8	16	36	1	-1	15.5	16.5	35.5	36.5
#E8E8E8	17	36	1	-1	16.5	17.5	35.5	36.5
#E8E8E8	18	36	1	-1	17.5	18.5	35.5	36.5
#E8E8E8	19	36	1	-1	18.5	19.5	35.5	36.5
#E8E8E8	20	36	1	-1	19.5	20.5	35.5	36.5
#E8E8E8	21	36	1	-1	20.5	21.5	35.5	36.5
#E8E8E8	22	36	1	-1	21.5	22.5	35.5	36.5
#E8E8E8	23	36	1	-1	22.5	23.5	35.5	36.5
#E8E8E8	24	36	1	-1	23.5	24.5	35.5	36.5
#E8E8E8	25	36	1	-1	24.5	25.5	35.5	36.5
#000000	1	37	1	-1	0.5	1.5	36.5	37.5
#7F7F7F	2	37	1	-1	1.5	2.5	36.5	37.5
#9F9F9F	3	37	1	-1	2.5	3.5	36.5	37.5
#9C9C9C	4	37	1	-1	3.5	4.5	36.5	37.5
#FFFFFF	5	37	1	-1	4.5	5.5	36.5	37.5
#F9F9F9	6	37	1	-1	5.5	6.5	36.5	37.5
#FAFAFA	7	37	1	-1	6.5	7.5	36.5	37.5
#F8F8F8	8	37	1	-1	7.5	8.5	36.5	37.5
#F7F7F7	9	37	1	-1	8.5	9.5	36.5	37.5
#F3F3F3	10	37	1	-1	9.5	10.5	36.5	37.5
#F3F3F3	11	37	1	-1	10.5	11.5	36.5	37.5
#F6F6F6	12	37	1	-1	11.5	12.5	36.5	37.5
#F7F7F7	13	37	1	-1	12.5	13.5	36.5	37.5
#F8F8F8	14	37	1	-1	13.5	14.5	36.5	37.5
#F4F4F4	15	37	1	-1	14.5	15.5	36.5	37.5
#EEEEEE	16	37	1	-1	15.5	16.5	36.5	37.5
#EEEEEE	17	37	1	-1	16.5	17.5	36.5	37.5
#EEEEEE	18	37	1	-1	17.5	18.5	36.5	37.5
#EEEEEE	19	37	1	-1	18.5	19.5	36.5	37.5
#EEEEEE	20	37	1	-1	19.5	20.5	36.5	37.5
#EEEEEE	21	37	1	-1	20.5	21.5	36.5	37.5
#EEEEEE	22	37	1	-1	21.5	22.5	36.5	37.5
#EEEEEE	23	37	1	-1	22.5	23.5	36.5	37.5
#EFEFEF	24	37	1	-1	23.5	24.5	36.5	37.5
#EFEFEF	25	37	1	-1	24.5	25.5	36.5	37.5
#000000	1	38	1	-1	0.5	1.5	37.5	38.5
#8D8D8D	2	38	1	-1	1.5	2.5	37.5	38.5
#BDBDBD	3	38	1	-1	2.5	3.5	37.5	38.5
#F9F9F9	4	38	1	-1	3.5	4.5	37.5	38.5
#FFFFFF	5	38	1	-1	4.5	5.5	37.5	38.5
#FDFDFD	6	38	1	-1	5.5	6.5	37.5	38.5
#FBFBFB	7	38	1	-1	6.5	7.5	37.5	38.5
#F9F9F9	8	38	1	-1	7.5	8.5	37.5	38.5
#EDEDED	9	38	1	-1	8.5	9.5	37.5	38.5
#E7E7E7	10	38	1	-1	9.5	10.5	37.5	38.5
#E7E7E7	11	38	1	-1	10.5	11.5	37.5	38.5
#E7E7E7	12	38	1	-1	11.5	12.5	37.5	38.5
#E6E6E6	13	38	1	-1	12.5	13.5	37.5	38.5
#E6E6E6	14	38	1	-1	13.5	14.5	37.5	38.5
#E6E6E6	15	38	1	-1	14.5	15.5	37.5	38.5
#E7E7E7	16	38	1	-1	15.5	16.5	37.5	38.5
#E7E7E7	17	38	1	-1	16.5	17.5	37.5	38.5
#E6E6E6	18	38	1	-1	17.5	18.5	37.5	38.5
#E6E6E6	19	38	1	-1	18.5	19.5	37.5	38.5
#E6E6E6	20	38	1	-1	19.5	20.5	37.5	38.5
#E4E4E4	21	38	1	-1	20.5	21.5	37.5	38.5
#E4E4E4	22	38	1	-1	21.5	22.5	37.5	38.5
#E4E4E4	23	38	1	-1	22.5	23.5	37.5	38.5
#E4E4E4	24	38	1	-1	23.5	24.5	37.5	38.5
#E4E4E4	25	38	1	-1	24.5	25.5	37.5	38.5
#000000	1	59	1	-1	0.5	1.5	58.5	59.5
#787878	2	59	1	-1	1.5	2.5	58.5	59.5
#A2A2A2	3	59	1	-1	2.5	3.5	58.5	59.5
#C1C1C1	4	59	1	-1	3.5	4.5	58.5	59.5
#F2F2F2	5	59	1	-1	4.5	5.5	58.5	59.5
#FFFFFF	6	59	1	-1	5.5	6.5	58.5	59.5
#FCFCFC	7	59	1	-1	6.5	7.5	58.5	59.5
#F7F7F7	8	59	1	-1	7.5	8.5	58.5	59.5
#F0F0F0	9	59	1	-1	8.5	9.5	58.5	59.5
#F1F1F1	10	59	1	-1	9.5	10.5	58.5	59.5
#EFEFEF	11	59	1	-1	10.5	11.5	58.5	59.5
#EFEFEF	12	59	1	-1	11.5	12.5	58.5	59.5
#E9E9E9	13	59	1	-1	12.5	13.5	58.5	59.5
#E9E9E9	14	59	1	-1	13.5	14.5	58.5	59.5
#E8E8E8	15	59	1	-1	14.5	15.5	58.5	59.5
#E8E8E8	16	59	1	-1	15.5	16.5	58.5	59.5
#E8E8E8	17	59	1	-1	16.5	17.5	58.5	59.5
#E8E8E8	18	59	1	-1	17.5	18.5	58.5	59.5
#E8E8E8	19	59	1	-1	18.5	19.5	58.5	59.5
#E8E8E8	20	59	1	-1	19.5	20.5	58.5	59.5
#EAEAEA	21	59	1	-1	20.5	21.5	58.5	59.5
#EEEEEE	22	59	1	-1	21.5	22.5	58.5	59.5
#EEEEEE	23	59	1	-1	22.5	23.5	58.5	59.5
#EEEEEE	24	59	1	-1	23.5	24.5	58.5	59.5
#EEEEEE	25	59	1	-1	24.5	25.5	58.5	59.5
#000000	1	60	1	-1	0.5	1.5	59.5	60.5
#A4A4A4	2	60	1	-1	1.5	2.5	59.5	60.5
#919191	3	60	1	-1	2.5	3.5	59.5	60.5
#CECECE	4	60	1	-1	3.5	4.5	59.5	60.5
#FEFEFE	5	60	1	-1	4.5	5.5	59.5	60.5
#FFFFFF	6	60	1	-1	5.5	6.5	59.5	60.5
#FCFCFC	7	60	1	-1	6.5	7.5	59.5	60.5
#E6E6E6	8	60	1	-1	7.5	8.5	59.5	60.5
#DADADA	9	60	1	-1	8.5	9.5	59.5	60.5
#DCDCDC	10	60	1	-1	9.5	10.5	59.5	60.5
#D9D9D9	11	60	1	-1	10.5	11.5	59.5	60.5
#D9D9D9	12	60	1	-1	11.5	12.5	59.5	60.5
#D9D9D9	13	60	1	-1	12.5	13.5	59.5	60.5
#D8D8D8	14	60	1	-1	13.5	14.5	59.5	60.5
#D8D8D8	15	60	1	-1	14.5	15.5	59.5	60.5
#D8D8D8	16	60	1	-1	15.5	16.5	59.5	60.5
#D7D7D7	17	60	1	-1	16.5	17.5	59.5	60.5
#D9D9D9	18	60	1	-1	17.5	18.5	59.5	60.5
#D6D6D6	19	60	1	-1	18.5	19.5	59.5	60.5
#D6D6D6	20	60	1	-1	19.5	20.5	59.5	60.5
#D6D6D6	21	60	1	-1	20.5	21.5	59.5	60.5
#D6D6D6	22	60	1	-1	21.5	22.5	59.5	60.5
#D6D6D6	23	60	1	-1	22.5	23.5	59.5	60.5
#D6D6D6	24	60	1	-1	23.5	24.5	59.5	60.5
#D6D6D6	25	60	1	-1	24.5	25.5	59.5	60.5
#000000	1	39	1	-1	0.5	1.5	38.5	39.5
#7E7E7E	2	39	1	-1	1.5	2.5	38.5	39.5
#C0C0C0	3	39	1	-1	2.5	3.5	38.5	39.5
#F0F0F0	4	39	1	-1	3.5	4.5	38.5	39.5
#FFFFFF	5	39	1	-1	4.5	5.5	38.5	39.5
#F8F8F8	6	39	1	-1	5.5	6.5	38.5	39.5
#F4F4F4	7	39	1	-1	6.5	7.5	38.5	39.5
#F3F3F3	8	39	1	-1	7.5	8.5	38.5	39.5
#F2F2F2	9	39	1	-1	8.5	9.5	38.5	39.5
#F4F4F4	10	39	1	-1	9.5	10.5	38.5	39.5
#F1F1F1	11	39	1	-1	10.5	11.5	38.5	39.5
#EDEDED	12	39	1	-1	11.5	12.5	38.5	39.5
#EDEDED	13	39	1	-1	12.5	13.5	38.5	39.5
#EDEDED	14	39	1	-1	13.5	14.5	38.5	39.5
#EDEDED	15	39	1	-1	14.5	15.5	38.5	39.5
#EEEEEE	16	39	1	-1	15.5	16.5	38.5	39.5
#EEEEEE	17	39	1	-1	16.5	17.5	38.5	39.5
#EAEAEA	18	39	1	-1	17.5	18.5	38.5	39.5
#EAEAEA	19	39	1	-1	18.5	19.5	38.5	39.5
#EDEDED	20	39	1	-1	19.5	20.5	38.5	39.5
#EDEDED	21	39	1	-1	20.5	21.5	38.5	39.5
#EEEEEE	22	39	1	-1	21.5	22.5	38.5	39.5
#EBEBEB	23	39	1	-1	22.5	23.5	38.5	39.5
#EBEBEB	24	39	1	-1	23.5	24.5	38.5	39.5
#EBEBEB	25	39	1	-1	24.5	25.5	38.5	39.5
#000000	1	40	1	-1	0.5	1.5	39.5	40.5
#7B7B7B	2	40	1	-1	1.5	2.5	39.5	40.5
#909090	3	40	1	-1	2.5	3.5	39.5	40.5
#797979	4	40	1	-1	3.5	4.5	39.5	40.5
#FFFFFF	5	40	1	-1	4.5	5.5	39.5	40.5
#FEFEFE	6	40	1	-1	5.5	6.5	39.5	40.5
#FAFAFA	7	40	1	-1	6.5	7.5	39.5	40.5
#E3E3E3	8	40	1	-1	7.5	8.5	39.5	40.5
#E2E2E2	9	40	1	-1	8.5	9.5	39.5	40.5
#E2E2E2	10	40	1	-1	9.5	10.5	39.5	40.5
#E2E2E2	11	40	1	-1	10.5	11.5	39.5	40.5
#E2E2E2	12	40	1	-1	11.5	12.5	39.5	40.5
#E2E2E2	13	40	1	-1	12.5	13.5	39.5	40.5
#E1E1E1	14	40	1	-1	13.5	14.5	39.5	40.5
#E1E1E1	15	40	1	-1	14.5	15.5	39.5	40.5
#E2E2E2	16	40	1	-1	15.5	16.5	39.5	40.5
#E1E1E1	17	40	1	-1	16.5	17.5	39.5	40.5
#E2E2E2	18	40	1	-1	17.5	18.5	39.5	40.5
#E2E2E2	19	40	1	-1	18.5	19.5	39.5	40.5
#E2E2E2	20	40	1	-1	19.5	20.5	39.5	40.5
#E2E2E2	21	40	1	-1	20.5	21.5	39.5	40.5
#E2E2E2	22	40	1	-1	21.5	22.5	39.5	40.5
#E2E2E2	23	40	1	-1	22.5	23.5	39.5	40.5
#E2E2E2	24	40	1	-1	23.5	24.5	39.5	40.5
#E2E2E2	25	40	1	-1	24.5	25.5	39.5	40.5
#000000	1	41	1	-1	0.5	1.5	40.5	41.5
#595959	2	41	1	-1	1.5	2.5	40.5	41.5
#C4C4C4	3	41	1	-1	2.5	3.5	40.5	41.5
#E7E7E7	4	41	1	-1	3.5	4.5	40.5	41.5
#FFFFFF	5	41	1	-1	4.5	5.5	40.5	41.5
#F0F0F0	6	41	1	-1	5.5	6.5	40.5	41.5
#EFEFEF	7	41	1	-1	6.5	7.5	40.5	41.5
#EDEDED	8	41	1	-1	7.5	8.5	40.5	41.5
#EAEAEA	9	41	1	-1	8.5	9.5	40.5	41.5
#EAEAEA	10	41	1	-1	9.5	10.5	40.5	41.5
#EAEAEA	11	41	1	-1	10.5	11.5	40.5	41.5
#EAEAEA	12	41	1	-1	11.5	12.5	40.5	41.5
#E9E9E9	13	41	1	-1	12.5	13.5	40.5	41.5
#E9E9E9	14	41	1	-1	13.5	14.5	40.5	41.5
#EBEBEB	15	41	1	-1	14.5	15.5	40.5	41.5
#E9E9E9	16	41	1	-1	15.5	16.5	40.5	41.5
#E6E6E6	17	41	1	-1	16.5	17.5	40.5	41.5
#E6E6E6	18	41	1	-1	17.5	18.5	40.5	41.5
#E6E6E6	19	41	1	-1	18.5	19.5	40.5	41.5
#E5E5E5	20	41	1	-1	19.5	20.5	40.5	41.5
#E7E7E7	21	41	1	-1	20.5	21.5	40.5	41.5
#E7E7E7	22	41	1	-1	21.5	22.5	40.5	41.5
#E7E7E7	23	41	1	-1	22.5	23.5	40.5	41.5
#E7E7E7	24	41	1	-1	23.5	24.5	40.5	41.5
#E7E7E7	25	41	1	-1	24.5	25.5	40.5	41.5
#000000	1	92	1	-1	0.5	1.5	91.5	92.5
#8A8A8A	2	92	1	-1	1.5	2.5	91.5	92.5
#C3C3C3	3	92	1	-1	2.5	3.5	91.5	92.5
#E7E7E7	4	92	1	-1	3.5	4.5	91.5	92.5
#F9F9F9	5	92	1	-1	4.5	5.5	91.5	92.5
#FAFAFA	6	92	1	-1	5.5	6.5	91.5	92.5
#F7F7F7	7	92	1	-1	6.5	7.5	91.5	92.5
#FCFCFC	8	92	1	-1	7.5	8.5	91.5	92.5
#FCFCFC	9	92	1	-1	8.5	9.5	91.5	92.5
#FCFCFC	10	92	1	-1	9.5	10.5	91.5	92.5
#FCFCFC	11	92	1	-1	10.5	11.5	91.5	92.5
#FDFDFD	12	92	1	-1	11.5	12.5	91.5	92.5
#FCFCFC	13	92	1	-1	12.5	13.5	91.5	92.5
#FDFDFD	14	92	1	-1	13.5	14.5	91.5	92.5
#FDFDFD	15	92	1	-1	14.5	15.5	91.5	92.5
#FDFDFD	16	92	1	-1	15.5	16.5	91.5	92.5
#FFFFFF	17	92	1	-1	16.5	17.5	91.5	92.5
#FFFFFF	18	92	1	-1	17.5	18.5	91.5	92.5
#FAFAFA	19	92	1	-1	18.5	19.5	91.5	92.5
#FAFAFA	20	92	1	-1	19.5	20.5	91.5	92.5
#FCFCFC	21	92	1	-1	20.5	21.5	91.5	92.5
#F8F8F8	22	92	1	-1	21.5	22.5	91.5	92.5
#F8F8F8	23	92	1	-1	22.5	23.5	91.5	92.5
#F8F8F8	24	92	1	-1	23.5	24.5	91.5	92.5
#F8F8F8	25	92	1	-1	24.5	25.5	91.5	92.5
#000000	1	42	1	-1	0.5	1.5	41.5	42.5
#5C5C5C	2	42	1	-1	1.5	2.5	41.5	42.5
#A4A4A4	3	42	1	-1	2.5	3.5	41.5	42.5
#E3E3E3	4	42	1	-1	3.5	4.5	41.5	42.5
#FFFFFF	5	42	1	-1	4.5	5.5	41.5	42.5
#F3F3F3	6	42	1	-1	5.5	6.5	41.5	42.5
#F3F3F3	7	42	1	-1	6.5	7.5	41.5	42.5
#F6F6F6	8	42	1	-1	7.5	8.5	41.5	42.5
#F4F4F4	9	42	1	-1	8.5	9.5	41.5	42.5
#F1F1F1	10	42	1	-1	9.5	10.5	41.5	42.5
#F0F0F0	11	42	1	-1	10.5	11.5	41.5	42.5
#EAEAEA	12	42	1	-1	11.5	12.5	41.5	42.5
#EAEAEA	13	42	1	-1	12.5	13.5	41.5	42.5
#EAEAEA	14	42	1	-1	13.5	14.5	41.5	42.5
#EAEAEA	15	42	1	-1	14.5	15.5	41.5	42.5
#EAEAEA	16	42	1	-1	15.5	16.5	41.5	42.5
#EAEAEA	17	42	1	-1	16.5	17.5	41.5	42.5
#E9E9E9	18	42	1	-1	17.5	18.5	41.5	42.5
#EBEBEB	19	42	1	-1	18.5	19.5	41.5	42.5
#ECECEC	20	42	1	-1	19.5	20.5	41.5	42.5
#ECECEC	21	42	1	-1	20.5	21.5	41.5	42.5
#ECECEC	22	42	1	-1	21.5	22.5	41.5	42.5
#ECECEC	23	42	1	-1	22.5	23.5	41.5	42.5
#ECECEC	24	42	1	-1	23.5	24.5	41.5	42.5
#ECECEC	25	42	1	-1	24.5	25.5	41.5	42.5
#000000	1	43	1	-1	0.5	1.5	42.5	43.5
#777777	2	43	1	-1	1.5	2.5	42.5	43.5
#CCCCCC	3	43	1	-1	2.5	3.5	42.5	43.5
#AFAFAF	4	43	1	-1	3.5	4.5	42.5	43.5
#FFFFFF	5	43	1	-1	4.5	5.5	42.5	43.5
#F5F5F5	6	43	1	-1	5.5	6.5	42.5	43.5
#F5F5F5	7	43	1	-1	6.5	7.5	42.5	43.5
#F5F5F5	8	43	1	-1	7.5	8.5	42.5	43.5
#F5F5F5	9	43	1	-1	8.5	9.5	42.5	43.5
#F5F5F5	10	43	1	-1	9.5	10.5	42.5	43.5
#F5F5F5	11	43	1	-1	10.5	11.5	42.5	43.5
#F5F5F5	12	43	1	-1	11.5	12.5	42.5	43.5
#F5F5F5	13	43	1	-1	12.5	13.5	42.5	43.5
#EBEBEB	14	43	1	-1	13.5	14.5	42.5	43.5
#EBEBEB	15	43	1	-1	14.5	15.5	42.5	43.5
#EBEBEB	16	43	1	-1	15.5	16.5	42.5	43.5
#EAEAEA	17	43	1	-1	16.5	17.5	42.5	43.5
#EAEAEA	18	43	1	-1	17.5	18.5	42.5	43.5
#EAEAEA	19	43	1	-1	18.5	19.5	42.5	43.5
#E6E6E6	20	43	1	-1	19.5	20.5	42.5	43.5
#E6E6E6	21	43	1	-1	20.5	21.5	42.5	43.5
#E6E6E6	22	43	1	-1	21.5	22.5	42.5	43.5
#E6E6E6	23	43	1	-1	22.5	23.5	42.5	43.5
#E6E6E6	24	43	1	-1	23.5	24.5	42.5	43.5
#E6E6E6	25	43	1	-1	24.5	25.5	42.5	43.5
#000000	1	44	1	-1	0.5	1.5	43.5	44.5
#515151	2	44	1	-1	1.5	2.5	43.5	44.5
#929292	3	44	1	-1	2.5	3.5	43.5	44.5
#B6B6B6	4	44	1	-1	3.5	4.5	43.5	44.5
#FFFFFF	5	44	1	-1	4.5	5.5	43.5	44.5
#FDFDFD	6	44	1	-1	5.5	6.5	43.5	44.5
#F4F4F4	7	44	1	-1	6.5	7.5	43.5	44.5
#E2E2E2	8	44	1	-1	7.5	8.5	43.5	44.5
#E2E2E2	9	44	1	-1	8.5	9.5	43.5	44.5
#E2E2E2	10	44	1	-1	9.5	10.5	43.5	44.5
#DEDEDE	11	44	1	-1	10.5	11.5	43.5	44.5
#DEDEDE	12	44	1	-1	11.5	12.5	43.5	44.5
#DEDEDE	13	44	1	-1	12.5	13.5	43.5	44.5
#DCDCDC	14	44	1	-1	13.5	14.5	43.5	44.5
#DCDCDC	15	44	1	-1	14.5	15.5	43.5	44.5
#DCDCDC	16	44	1	-1	15.5	16.5	43.5	44.5
#DDDDDD	17	44	1	-1	16.5	17.5	43.5	44.5
#DEDEDE	18	44	1	-1	17.5	18.5	43.5	44.5
#DCDCDC	19	44	1	-1	18.5	19.5	43.5	44.5
#DDDDDD	20	44	1	-1	19.5	20.5	43.5	44.5
#DCDCDC	21	44	1	-1	20.5	21.5	43.5	44.5
#DCDCDC	22	44	1	-1	21.5	22.5	43.5	44.5
#DCDCDC	23	44	1	-1	22.5	23.5	43.5	44.5
#DCDCDC	24	44	1	-1	23.5	24.5	43.5	44.5
#DCDCDC	25	44	1	-1	24.5	25.5	43.5	44.5
#000000	1	45	1	-1	0.5	1.5	44.5	45.5
#919191	2	45	1	-1	1.5	2.5	44.5	45.5
#C2C2C2	3	45	1	-1	2.5	3.5	44.5	45.5
#F1F1F1	4	45	1	-1	3.5	4.5	44.5	45.5
#FFFFFF	5	45	1	-1	4.5	5.5	44.5	45.5
#FDFDFD	6	45	1	-1	5.5	6.5	44.5	45.5
#FBFBFB	7	45	1	-1	6.5	7.5	44.5	45.5
#FDFDFD	8	45	1	-1	7.5	8.5	44.5	45.5
#FBFBFB	9	45	1	-1	8.5	9.5	44.5	45.5
#FDFDFD	10	45	1	-1	9.5	10.5	44.5	45.5
#F1F1F1	11	45	1	-1	10.5	11.5	44.5	45.5
#F1F1F1	12	45	1	-1	11.5	12.5	44.5	45.5
#EFEFEF	13	45	1	-1	12.5	13.5	44.5	45.5
#EFEFEF	14	45	1	-1	13.5	14.5	44.5	45.5
#EFEFEF	15	45	1	-1	14.5	15.5	44.5	45.5
#EEEEEE	16	45	1	-1	15.5	16.5	44.5	45.5
#EEEEEE	17	45	1	-1	16.5	17.5	44.5	45.5
#EFEFEF	18	45	1	-1	17.5	18.5	44.5	45.5
#F0F0F0	19	45	1	-1	18.5	19.5	44.5	45.5
#F2F2F2	20	45	1	-1	19.5	20.5	44.5	45.5
#F3F3F3	21	45	1	-1	20.5	21.5	44.5	45.5
#F2F2F2	22	45	1	-1	21.5	22.5	44.5	45.5
#F2F2F2	23	45	1	-1	22.5	23.5	44.5	45.5
#F3F3F3	24	45	1	-1	23.5	24.5	44.5	45.5
#F3F3F3	25	45	1	-1	24.5	25.5	44.5	45.5
#000000	1	13	1	-1	0.5	1.5	12.5	13.5
#8F8F8F	2	13	1	-1	1.5	2.5	12.5	13.5
#FFFFFF	3	13	1	-1	2.5	3.5	12.5	13.5
#FBFBFB	4	13	1	-1	3.5	4.5	12.5	13.5
#FAFAFA	5	13	1	-1	4.5	5.5	12.5	13.5
#F4F4F4	6	13	1	-1	5.5	6.5	12.5	13.5
#F6F6F6	7	13	1	-1	6.5	7.5	12.5	13.5
#F3F3F3	8	13	1	-1	7.5	8.5	12.5	13.5
#F2F2F2	9	13	1	-1	8.5	9.5	12.5	13.5
#F4F4F4	10	13	1	-1	9.5	10.5	12.5	13.5
#F4F4F4	11	13	1	-1	10.5	11.5	12.5	13.5
#EEEEEE	12	13	1	-1	11.5	12.5	12.5	13.5
#EDEDED	13	13	1	-1	12.5	13.5	12.5	13.5
#F3F3F3	14	13	1	-1	13.5	14.5	12.5	13.5
#F3F3F3	15	13	1	-1	14.5	15.5	12.5	13.5
#F2F2F2	16	13	1	-1	15.5	16.5	12.5	13.5
#F4F4F4	17	13	1	-1	16.5	17.5	12.5	13.5
#F2F2F2	18	13	1	-1	17.5	18.5	12.5	13.5
#F2F2F2	19	13	1	-1	18.5	19.5	12.5	13.5
#F2F2F2	20	13	1	-1	19.5	20.5	12.5	13.5
#F3F3F3	21	13	1	-1	20.5	21.5	12.5	13.5
#F3F3F3	22	13	1	-1	21.5	22.5	12.5	13.5
#F3F3F3	23	13	1	-1	22.5	23.5	12.5	13.5
#F3F3F3	24	13	1	-1	23.5	24.5	12.5	13.5
#F3F3F3	25	13	1	-1	24.5	25.5	12.5	13.5
#000000	1	99	1	-1	0.5	1.5	98.5	99.5
#4B4B4B	2	99	1	-1	1.5	2.5	98.5	99.5
#8F8F8F	3	99	1	-1	2.5	3.5	98.5	99.5
#A6A6A6	4	99	1	-1	3.5	4.5	98.5	99.5
#F6F6F6	5	99	1	-1	4.5	5.5	98.5	99.5
#F2F2F2	6	99	1	-1	5.5	6.5	98.5	99.5
#EEEEEE	7	99	1	-1	6.5	7.5	98.5	99.5
#EDEDED	8	99	1	-1	7.5	8.5	98.5	99.5
#FDFDFD	9	99	1	-1	8.5	9.5	98.5	99.5
#FCFCFC	10	99	1	-1	9.5	10.5	98.5	99.5
#FCFCFC	11	99	1	-1	10.5	11.5	98.5	99.5
#FAFAFA	12	99	1	-1	11.5	12.5	98.5	99.5
#FAFAFA	13	99	1	-1	12.5	13.5	98.5	99.5
#FCFCFC	14	99	1	-1	13.5	14.5	98.5	99.5
#FCFCFC	15	99	1	-1	14.5	15.5	98.5	99.5
#FCFCFC	16	99	1	-1	15.5	16.5	98.5	99.5
#FCFCFC	17	99	1	-1	16.5	17.5	98.5	99.5
#FCFCFC	18	99	1	-1	17.5	18.5	98.5	99.5
#FDFDFD	19	99	1	-1	18.5	19.5	98.5	99.5
#FEFEFE	20	99	1	-1	19.5	20.5	98.5	99.5
#FFFFFF	21	99	1	-1	20.5	21.5	98.5	99.5
#FFFFFF	22	99	1	-1	21.5	22.5	98.5	99.5
#FFFFFF	23	99	1	-1	22.5	23.5	98.5	99.5
#FFFFFF	24	99	1	-1	23.5	24.5	98.5	99.5
#FFFFFF	25	99	1	-1	24.5	25.5	98.5	99.5
#000000	1	61	1	-1	0.5	1.5	60.5	61.5
#909090	2	61	1	-1	1.5	2.5	60.5	61.5
#E4E4E4	3	61	1	-1	2.5	3.5	60.5	61.5
#B7B7B7	4	61	1	-1	3.5	4.5	60.5	61.5
#FAFAFA	5	61	1	-1	4.5	5.5	60.5	61.5
#FFFFFF	6	61	1	-1	5.5	6.5	60.5	61.5
#F8F8F8	7	61	1	-1	6.5	7.5	60.5	61.5
#F2F2F2	8	61	1	-1	7.5	8.5	60.5	61.5
#FFFFFF	9	61	1	-1	8.5	9.5	60.5	61.5
#FFFFFF	10	61	1	-1	9.5	10.5	60.5	61.5
#FEFEFE	11	61	1	-1	10.5	11.5	60.5	61.5
#FEFEFE	12	61	1	-1	11.5	12.5	60.5	61.5
#FDFDFD	13	61	1	-1	12.5	13.5	60.5	61.5
#FDFDFD	14	61	1	-1	13.5	14.5	60.5	61.5
#FCFCFC	15	61	1	-1	14.5	15.5	60.5	61.5
#FCFCFC	16	61	1	-1	15.5	16.5	60.5	61.5
#FCFCFC	17	61	1	-1	16.5	17.5	60.5	61.5
#FCFCFC	18	61	1	-1	17.5	18.5	60.5	61.5
#FCFCFC	19	61	1	-1	18.5	19.5	60.5	61.5
#FCFCFC	20	61	1	-1	19.5	20.5	60.5	61.5
#FBFBFB	21	61	1	-1	20.5	21.5	60.5	61.5
#FBFBFB	22	61	1	-1	21.5	22.5	60.5	61.5
#FBFBFB	23	61	1	-1	22.5	23.5	60.5	61.5
#FBFBFB	24	61	1	-1	23.5	24.5	60.5	61.5
#FBFBFB	25	61	1	-1	24.5	25.5	60.5	61.5
#000000	1	14	1	-1	0.5	1.5	13.5	14.5
#888888	2	14	1	-1	1.5	2.5	13.5	14.5
#FFFFFF	3	14	1	-1	2.5	3.5	13.5	14.5
#D4D4D4	4	14	1	-1	3.5	4.5	13.5	14.5
#BEBEBE	5	14	1	-1	4.5	5.5	13.5	14.5
#C1C1C1	6	14	1	-1	5.5	6.5	13.5	14.5
#C1C1C1	7	14	1	-1	6.5	7.5	13.5	14.5
#C1C1C1	8	14	1	-1	7.5	8.5	13.5	14.5
#C1C1C1	9	14	1	-1	8.5	9.5	13.5	14.5
#CECECE	10	14	1	-1	9.5	10.5	13.5	14.5
#CECECE	11	14	1	-1	10.5	11.5	13.5	14.5
#CECECE	12	14	1	-1	11.5	12.5	13.5	14.5
#CFCFCF	13	14	1	-1	12.5	13.5	13.5	14.5
#CECECE	14	14	1	-1	13.5	14.5	13.5	14.5
#CACACA	15	14	1	-1	14.5	15.5	13.5	14.5
#CDCDCD	16	14	1	-1	15.5	16.5	13.5	14.5
#CCCCCC	17	14	1	-1	16.5	17.5	13.5	14.5
#C8C8C8	18	14	1	-1	17.5	18.5	13.5	14.5
#C8C8C8	19	14	1	-1	18.5	19.5	13.5	14.5
#C8C8C8	20	14	1	-1	19.5	20.5	13.5	14.5
#C8C8C8	21	14	1	-1	20.5	21.5	13.5	14.5
#C8C8C8	22	14	1	-1	21.5	22.5	13.5	14.5
#C8C8C8	23	14	1	-1	22.5	23.5	13.5	14.5
#C8C8C8	24	14	1	-1	23.5	24.5	13.5	14.5
#C8C8C8	25	14	1	-1	24.5	25.5	13.5	14.5
#000000	1	2	1	-1	0.5	1.5	1.5	2.5
#FFFFFF	2	2	1	-1	1.5	2.5	1.5	2.5
#6A6A6A	3	2	1	-1	2.5	3.5	1.5	2.5
#848484	4	2	1	-1	3.5	4.5	1.5	2.5
#A5A5A5	5	2	1	-1	4.5	5.5	1.5	2.5
#A5A5A5	6	2	1	-1	5.5	6.5	1.5	2.5
#A4A4A4	7	2	1	-1	6.5	7.5	1.5	2.5
#A4A4A4	8	2	1	-1	7.5	8.5	1.5	2.5
#A4A4A4	9	2	1	-1	8.5	9.5	1.5	2.5
#A4A4A4	10	2	1	-1	9.5	10.5	1.5	2.5
#A4A4A4	11	2	1	-1	10.5	11.5	1.5	2.5
#A4A4A4	12	2	1	-1	11.5	12.5	1.5	2.5
#A4A4A4	13	2	1	-1	12.5	13.5	1.5	2.5
#A4A4A4	14	2	1	-1	13.5	14.5	1.5	2.5
#A4A4A4	15	2	1	-1	14.5	15.5	1.5	2.5
#959595	16	2	1	-1	15.5	16.5	1.5	2.5
#959595	17	2	1	-1	16.5	17.5	1.5	2.5
#959595	18	2	1	-1	17.5	18.5	1.5	2.5
#909090	19	2	1	-1	18.5	19.5	1.5	2.5
#909090	20	2	1	-1	19.5	20.5	1.5	2.5
#909090	21	2	1	-1	20.5	21.5	1.5	2.5
#909090	22	2	1	-1	21.5	22.5	1.5	2.5
#909090	23	2	1	-1	22.5	23.5	1.5	2.5
#909090	24	2	1	-1	23.5	24.5	1.5	2.5
#909090	25	2	1	-1	24.5	25.5	1.5	2.5
#000000	1	46	1	-1	0.5	1.5	45.5	46.5
#181818	2	46	1	-1	1.5	2.5	45.5	46.5
#717171	3	46	1	-1	2.5	3.5	45.5	46.5
#B7B7B7	4	46	1	-1	3.5	4.5	45.5	46.5
#FFFFFF	5	46	1	-1	4.5	5.5	45.5	46.5
#F9F9F9	6	46	1	-1	5.5	6.5	45.5	46.5
#F9F9F9	7	46	1	-1	6.5	7.5	45.5	46.5
#F5F5F5	8	46	1	-1	7.5	8.5	45.5	46.5
#F8F8F8	9	46	1	-1	8.5	9.5	45.5	46.5
#F3F3F3	10	46	1	-1	9.5	10.5	45.5	46.5
#FCFCFC	11	46	1	-1	10.5	11.5	45.5	46.5
#D4D4D4	12	46	1	-1	11.5	12.5	45.5	46.5
#D1D1D1	13	46	1	-1	12.5	13.5	45.5	46.5
#CECECE	14	46	1	-1	13.5	14.5	45.5	46.5
#CECECE	15	46	1	-1	14.5	15.5	45.5	46.5
#D1D1D1	16	46	1	-1	15.5	16.5	45.5	46.5
#D1D1D1	17	46	1	-1	16.5	17.5	45.5	46.5
#CBCBCB	18	46	1	-1	17.5	18.5	45.5	46.5
#CBCBCB	19	46	1	-1	18.5	19.5	45.5	46.5
#CACACA	20	46	1	-1	19.5	20.5	45.5	46.5
#CACACA	21	46	1	-1	20.5	21.5	45.5	46.5
#D2D2D2	22	46	1	-1	21.5	22.5	45.5	46.5
#D2D2D2	23	46	1	-1	22.5	23.5	45.5	46.5
#D2D2D2	24	46	1	-1	23.5	24.5	45.5	46.5
#D2D2D2	25	46	1	-1	24.5	25.5	45.5	46.5
#000000	1	75	1	-1	0.5	1.5	74.5	75.5
#878787	2	75	1	-1	1.5	2.5	74.5	75.5
#F2F2F2	3	75	1	-1	2.5	3.5	74.5	75.5
#E6E6E6	4	75	1	-1	3.5	4.5	74.5	75.5
#FEFEFE	5	75	1	-1	4.5	5.5	74.5	75.5
#FEFEFE	6	75	1	-1	5.5	6.5	74.5	75.5
#FEFEFE	7	75	1	-1	6.5	7.5	74.5	75.5
#FFFFFF	8	75	1	-1	7.5	8.5	74.5	75.5
#FDFDFD	9	75	1	-1	8.5	9.5	74.5	75.5
#F7F7F7	10	75	1	-1	9.5	10.5	74.5	75.5
#F7F7F7	11	75	1	-1	10.5	11.5	74.5	75.5
#F2F2F2	12	75	1	-1	11.5	12.5	74.5	75.5
#F2F2F2	13	75	1	-1	12.5	13.5	74.5	75.5
#F2F2F2	14	75	1	-1	13.5	14.5	74.5	75.5
#F2F2F2	15	75	1	-1	14.5	15.5	74.5	75.5
#F9F9F9	16	75	1	-1	15.5	16.5	74.5	75.5
#F9F9F9	17	75	1	-1	16.5	17.5	74.5	75.5
#F9F9F9	18	75	1	-1	17.5	18.5	74.5	75.5
#FAFAFA	19	75	1	-1	18.5	19.5	74.5	75.5
#FAFAFA	20	75	1	-1	19.5	20.5	74.5	75.5
#FAFAFA	21	75	1	-1	20.5	21.5	74.5	75.5
#FAFAFA	22	75	1	-1	21.5	22.5	74.5	75.5
#FAFAFA	23	75	1	-1	22.5	23.5	74.5	75.5
#FAFAFA	24	75	1	-1	23.5	24.5	74.5	75.5
#FAFAFA	25	75	1	-1	24.5	25.5	74.5	75.5
#000000	1	3	1	-1	0.5	1.5	2.5	3.5
#FFFFFF	2	3	1	-1	1.5	2.5	2.5	3.5
#494949	3	3	1	-1	2.5	3.5	2.5	3.5
#858585	4	3	1	-1	3.5	4.5	2.5	3.5
#E2E2E2	5	3	1	-1	4.5	5.5	2.5	3.5
#B3B3B3	6	3	1	-1	5.5	6.5	2.5	3.5
#B2B2B2	7	3	1	-1	6.5	7.5	2.5	3.5
#B1B1B1	8	3	1	-1	7.5	8.5	2.5	3.5
#B3B3B3	9	3	1	-1	8.5	9.5	2.5	3.5
#B3B3B3	10	3	1	-1	9.5	10.5	2.5	3.5
#B5B5B5	11	3	1	-1	10.5	11.5	2.5	3.5
#AFAFAF	12	3	1	-1	11.5	12.5	2.5	3.5
#AFAFAF	13	3	1	-1	12.5	13.5	2.5	3.5
#979797	14	3	1	-1	13.5	14.5	2.5	3.5
#979797	15	3	1	-1	14.5	15.5	2.5	3.5
#979797	16	3	1	-1	15.5	16.5	2.5	3.5
#979797	17	3	1	-1	16.5	17.5	2.5	3.5
#989898	18	3	1	-1	17.5	18.5	2.5	3.5
#989898	19	3	1	-1	18.5	19.5	2.5	3.5
#989898	20	3	1	-1	19.5	20.5	2.5	3.5
#989898	21	3	1	-1	20.5	21.5	2.5	3.5
#989898	22	3	1	-1	21.5	22.5	2.5	3.5
#989898	23	3	1	-1	22.5	23.5	2.5	3.5
#989898	24	3	1	-1	23.5	24.5	2.5	3.5
#999999	25	3	1	-1	24.5	25.5	2.5	3.5
#000000	1	47	1	-1	0.5	1.5	46.5	47.5
#5C5C5C	2	47	1	-1	1.5	2.5	46.5	47.5
#D4D4D4	3	47	1	-1	2.5	3.5	46.5	47.5
#F1F1F1	4	47	1	-1	3.5	4.5	46.5	47.5
#FFFFFF	5	47	1	-1	4.5	5.5	46.5	47.5
#EAEAEA	6	47	1	-1	5.5	6.5	46.5	47.5
#EAEAEA	7	47	1	-1	6.5	7.5	46.5	47.5
#EAEAEA	8	47	1	-1	7.5	8.5	46.5	47.5
#E9E9E9	9	47	1	-1	8.5	9.5	46.5	47.5
#E7E7E7	10	47	1	-1	9.5	10.5	46.5	47.5
#E6E6E6	11	47	1	-1	10.5	11.5	46.5	47.5
#E0E0E0	12	47	1	-1	11.5	12.5	46.5	47.5
#E1E1E1	13	47	1	-1	12.5	13.5	46.5	47.5
#DBDBDB	14	47	1	-1	13.5	14.5	46.5	47.5
#DADADA	15	47	1	-1	14.5	15.5	46.5	47.5
#DADADA	16	47	1	-1	15.5	16.5	46.5	47.5
#DADADA	17	47	1	-1	16.5	17.5	46.5	47.5
#DADADA	18	47	1	-1	17.5	18.5	46.5	47.5
#DADADA	19	47	1	-1	18.5	19.5	46.5	47.5
#DADADA	20	47	1	-1	19.5	20.5	46.5	47.5
#DADADA	21	47	1	-1	20.5	21.5	46.5	47.5
#DBDBDB	22	47	1	-1	21.5	22.5	46.5	47.5
#DBDBDB	23	47	1	-1	22.5	23.5	46.5	47.5
#DBDBDB	24	47	1	-1	23.5	24.5	46.5	47.5
#DBDBDB	25	47	1	-1	24.5	25.5	46.5	47.5
#000000	1	76	1	-1	0.5	1.5	75.5	76.5
#6A6A6A	2	76	1	-1	1.5	2.5	75.5	76.5
#ADADAD	3	76	1	-1	2.5	3.5	75.5	76.5
#ECECEC	4	76	1	-1	3.5	4.5	75.5	76.5
#FFFFFF	5	76	1	-1	4.5	5.5	75.5	76.5
#FEFEFE	6	76	1	-1	5.5	6.5	75.5	76.5
#FFFFFF	7	76	1	-1	6.5	7.5	75.5	76.5
#FFFFFF	8	76	1	-1	7.5	8.5	75.5	76.5
#F3F3F3	9	76	1	-1	8.5	9.5	75.5	76.5
#EAEAEA	10	76	1	-1	9.5	10.5	75.5	76.5
#EAEAEA	11	76	1	-1	10.5	11.5	75.5	76.5
#EAEAEA	12	76	1	-1	11.5	12.5	75.5	76.5
#EAEAEA	13	76	1	-1	12.5	13.5	75.5	76.5
#EAEAEA	14	76	1	-1	13.5	14.5	75.5	76.5
#E9E9E9	15	76	1	-1	14.5	15.5	75.5	76.5
#E9E9E9	16	76	1	-1	15.5	16.5	75.5	76.5
#E9E9E9	17	76	1	-1	16.5	17.5	75.5	76.5
#E9E9E9	18	76	1	-1	17.5	18.5	75.5	76.5
#E9E9E9	19	76	1	-1	18.5	19.5	75.5	76.5
#E9E9E9	20	76	1	-1	19.5	20.5	75.5	76.5
#E9E9E9	21	76	1	-1	20.5	21.5	75.5	76.5
#E9E9E9	22	76	1	-1	21.5	22.5	75.5	76.5
#E9E9E9	23	76	1	-1	22.5	23.5	75.5	76.5
#E9E9E9	24	76	1	-1	23.5	24.5	75.5	76.5
#E9E9E9	25	76	1	-1	24.5	25.5	75.5	76.5
#000000	1	97	1	-1	0.5	1.5	96.5	97.5
#7A7A7A	2	97	1	-1	1.5	2.5	96.5	97.5
#EAEAEA	3	97	1	-1	2.5	3.5	96.5	97.5
#C5C5C5	4	97	1	-1	3.5	4.5	96.5	97.5
#FAFAFA	5	97	1	-1	4.5	5.5	96.5	97.5
#F8F8F8	6	97	1	-1	5.5	6.5	96.5	97.5
#F7F7F7	7	97	1	-1	6.5	7.5	96.5	97.5
#EFEFEF	8	97	1	-1	7.5	8.5	96.5	97.5
#F6F6F6	9	97	1	-1	8.5	9.5	96.5	97.5
#F5F5F5	10	97	1	-1	9.5	10.5	96.5	97.5
#F6F6F6	11	97	1	-1	10.5	11.5	96.5	97.5
#F5F5F5	12	97	1	-1	11.5	12.5	96.5	97.5
#F0F0F0	13	97	1	-1	12.5	13.5	96.5	97.5
#FFFFFF	14	97	1	-1	13.5	14.5	96.5	97.5
#FFFFFF	15	97	1	-1	14.5	15.5	96.5	97.5
#FFFFFF	16	97	1	-1	15.5	16.5	96.5	97.5
#FFFFFF	17	97	1	-1	16.5	17.5	96.5	97.5
#FFFFFF	18	97	1	-1	17.5	18.5	96.5	97.5
#FFFFFF	19	97	1	-1	18.5	19.5	96.5	97.5
#FFFFFF	20	97	1	-1	19.5	20.5	96.5	97.5
#FFFFFF	21	97	1	-1	20.5	21.5	96.5	97.5
#FFFFFF	22	97	1	-1	21.5	22.5	96.5	97.5
#FFFFFF	23	97	1	-1	22.5	23.5	96.5	97.5
#FFFFFF	24	97	1	-1	23.5	24.5	96.5	97.5
#FFFFFF	25	97	1	-1	24.5	25.5	96.5	97.5
#000000	1	88	1	-1	0.5	1.5	87.5	88.5
#C2C2C2	2	88	1	-1	1.5	2.5	87.5	88.5
#838383	3	88	1	-1	2.5	3.5	87.5	88.5
#B7B7B7	4	88	1	-1	3.5	4.5	87.5	88.5
#FCFCFC	5	88	1	-1	4.5	5.5	87.5	88.5
#FBFBFB	6	88	1	-1	5.5	6.5	87.5	88.5
#FCFCFC	7	88	1	-1	6.5	7.5	87.5	88.5
#FAFAFA	8	88	1	-1	7.5	8.5	87.5	88.5
#FAFAFA	9	88	1	-1	8.5	9.5	87.5	88.5
#F8F8F8	10	88	1	-1	9.5	10.5	87.5	88.5
#FFFFFF	11	88	1	-1	10.5	11.5	87.5	88.5
#F1F1F1	12	88	1	-1	11.5	12.5	87.5	88.5
#F2F2F2	13	88	1	-1	12.5	13.5	87.5	88.5
#F0F0F0	14	88	1	-1	13.5	14.5	87.5	88.5
#F0F0F0	15	88	1	-1	14.5	15.5	87.5	88.5
#F0F0F0	16	88	1	-1	15.5	16.5	87.5	88.5
#EFEFEF	17	88	1	-1	16.5	17.5	87.5	88.5
#EFEFEF	18	88	1	-1	17.5	18.5	87.5	88.5
#EFEFEF	19	88	1	-1	18.5	19.5	87.5	88.5
#F7F7F7	20	88	1	-1	19.5	20.5	87.5	88.5
#F7F7F7	21	88	1	-1	20.5	21.5	87.5	88.5
#F7F7F7	22	88	1	-1	21.5	22.5	87.5	88.5
#F7F7F7	23	88	1	-1	22.5	23.5	87.5	88.5
#F7F7F7	24	88	1	-1	23.5	24.5	87.5	88.5
#F7F7F7	25	88	1	-1	24.5	25.5	87.5	88.5
#000000	1	62	1	-1	0.5	1.5	61.5	62.5
#575757	2	62	1	-1	1.5	2.5	61.5	62.5
#787878	3	62	1	-1	2.5	3.5	61.5	62.5
#C8C8C8	4	62	1	-1	3.5	4.5	61.5	62.5
#FBFBFB	5	62	1	-1	4.5	5.5	61.5	62.5
#FFFFFF	6	62	1	-1	5.5	6.5	61.5	62.5
#EDEDED	7	62	1	-1	6.5	7.5	61.5	62.5
#EDEDED	8	62	1	-1	7.5	8.5	61.5	62.5
#FCFCFC	9	62	1	-1	8.5	9.5	61.5	62.5
#FCFCFC	10	62	1	-1	9.5	10.5	61.5	62.5
#FCFCFC	11	62	1	-1	10.5	11.5	61.5	62.5
#FCFCFC	12	62	1	-1	11.5	12.5	61.5	62.5
#FBFBFB	13	62	1	-1	12.5	13.5	61.5	62.5
#FEFEFE	14	62	1	-1	13.5	14.5	61.5	62.5
#F9F9F9	15	62	1	-1	14.5	15.5	61.5	62.5
#F9F9F9	16	62	1	-1	15.5	16.5	61.5	62.5
#F9F9F9	17	62	1	-1	16.5	17.5	61.5	62.5
#F9F9F9	18	62	1	-1	17.5	18.5	61.5	62.5
#FAFAFA	19	62	1	-1	18.5	19.5	61.5	62.5
#FAFAFA	20	62	1	-1	19.5	20.5	61.5	62.5
#FAFAFA	21	62	1	-1	20.5	21.5	61.5	62.5
#FAFAFA	22	62	1	-1	21.5	22.5	61.5	62.5
#FAFAFA	23	62	1	-1	22.5	23.5	61.5	62.5
#FAFAFA	24	62	1	-1	23.5	24.5	61.5	62.5
#FBFBFB	25	62	1	-1	24.5	25.5	61.5	62.5
#000000	1	95	1	-1	0.5	1.5	94.5	95.5
#828282	2	95	1	-1	1.5	2.5	94.5	95.5
#F0F0F0	3	95	1	-1	2.5	3.5	94.5	95.5
#CFCFCF	4	95	1	-1	3.5	4.5	94.5	95.5
#FBFBFB	5	95	1	-1	4.5	5.5	94.5	95.5
#FBFBFB	6	95	1	-1	5.5	6.5	94.5	95.5
#FBFBFB	7	95	1	-1	6.5	7.5	94.5	95.5
#FBFBFB	8	95	1	-1	7.5	8.5	94.5	95.5
#FAFAFA	9	95	1	-1	8.5	9.5	94.5	95.5
#F9F9F9	10	95	1	-1	9.5	10.5	94.5	95.5
#F8F8F8	11	95	1	-1	10.5	11.5	94.5	95.5
#F8F8F8	12	95	1	-1	11.5	12.5	94.5	95.5
#F9F9F9	13	95	1	-1	12.5	13.5	94.5	95.5
#FBFBFB	14	95	1	-1	13.5	14.5	94.5	95.5
#FAFAFA	15	95	1	-1	14.5	15.5	94.5	95.5
#FAFAFA	16	95	1	-1	15.5	16.5	94.5	95.5
#FAFAFA	17	95	1	-1	16.5	17.5	94.5	95.5
#F7F7F7	18	95	1	-1	17.5	18.5	94.5	95.5
#FFFFFF	19	95	1	-1	18.5	19.5	94.5	95.5
#FFFFFF	20	95	1	-1	19.5	20.5	94.5	95.5
#FFFFFF	21	95	1	-1	20.5	21.5	94.5	95.5
#FFFFFF	22	95	1	-1	21.5	22.5	94.5	95.5
#FFFFFF	23	95	1	-1	22.5	23.5	94.5	95.5
#FFFFFF	24	95	1	-1	23.5	24.5	94.5	95.5
#FFFFFF	25	95	1	-1	24.5	25.5	94.5	95.5
#000000	1	48	1	-1	0.5	1.5	47.5	48.5
#7D7D7D	2	48	1	-1	1.5	2.5	47.5	48.5
#C0C0C0	3	48	1	-1	2.5	3.5	47.5	48.5
#EAEAEA	4	48	1	-1	3.5	4.5	47.5	48.5
#FFFFFF	5	48	1	-1	4.5	5.5	47.5	48.5
#FEFEFE	6	48	1	-1	5.5	6.5	47.5	48.5
#FDFDFD	7	48	1	-1	6.5	7.5	47.5	48.5
#FCFCFC	8	48	1	-1	7.5	8.5	47.5	48.5
#FAFAFA	9	48	1	-1	8.5	9.5	47.5	48.5
#EBEBEB	10	48	1	-1	9.5	10.5	47.5	48.5
#EAEAEA	11	48	1	-1	10.5	11.5	47.5	48.5
#EBEBEB	12	48	1	-1	11.5	12.5	47.5	48.5
#ECECEC	13	48	1	-1	12.5	13.5	47.5	48.5
#ECECEC	14	48	1	-1	13.5	14.5	47.5	48.5
#EFEFEF	15	48	1	-1	14.5	15.5	47.5	48.5
#E9E9E9	16	48	1	-1	15.5	16.5	47.5	48.5
#E9E9E9	17	48	1	-1	16.5	17.5	47.5	48.5
#E9E9E9	18	48	1	-1	17.5	18.5	47.5	48.5
#E9E9E9	19	48	1	-1	18.5	19.5	47.5	48.5
#E9E9E9	20	48	1	-1	19.5	20.5	47.5	48.5
#E9E9E9	21	48	1	-1	20.5	21.5	47.5	48.5
#E9E9E9	22	48	1	-1	21.5	22.5	47.5	48.5
#E9E9E9	23	48	1	-1	22.5	23.5	47.5	48.5
#E9E9E9	24	48	1	-1	23.5	24.5	47.5	48.5
#E9E9E9	25	48	1	-1	24.5	25.5	47.5	48.5
#000000	1	49	1	-1	0.5	1.5	48.5	49.5
#8E8E8E	2	49	1	-1	1.5	2.5	48.5	49.5
#BDBDBD	3	49	1	-1	2.5	3.5	48.5	49.5
#E5E5E5	4	49	1	-1	3.5	4.5	48.5	49.5
#FFFFFF	5	49	1	-1	4.5	5.5	48.5	49.5
#FFFFFF	6	49	1	-1	5.5	6.5	48.5	49.5
#F6F6F6	7	49	1	-1	6.5	7.5	48.5	49.5
#F6F6F6	8	49	1	-1	7.5	8.5	48.5	49.5
#F6F6F6	9	49	1	-1	8.5	9.5	48.5	49.5
#F4F4F4	10	49	1	-1	9.5	10.5	48.5	49.5
#F4F4F4	11	49	1	-1	10.5	11.5	48.5	49.5
#F3F3F3	12	49	1	-1	11.5	12.5	48.5	49.5
#F4F4F4	13	49	1	-1	12.5	13.5	48.5	49.5
#ECECEC	14	49	1	-1	13.5	14.5	48.5	49.5
#ECECEC	15	49	1	-1	14.5	15.5	48.5	49.5
#ECECEC	16	49	1	-1	15.5	16.5	48.5	49.5
#EBEBEB	17	49	1	-1	16.5	17.5	48.5	49.5
#EBEBEB	18	49	1	-1	17.5	18.5	48.5	49.5
#EBEBEB	19	49	1	-1	18.5	19.5	48.5	49.5
#EBEBEB	20	49	1	-1	19.5	20.5	48.5	49.5
#EBEBEB	21	49	1	-1	20.5	21.5	48.5	49.5
#EFEFEF	22	49	1	-1	21.5	22.5	48.5	49.5
#EFEFEF	23	49	1	-1	22.5	23.5	48.5	49.5
#EFEFEF	24	49	1	-1	23.5	24.5	48.5	49.5
#EFEFEF	25	49	1	-1	24.5	25.5	48.5	49.5
#000000	1	15	1	-1	0.5	1.5	14.5	15.5
#ACACAC	2	15	1	-1	1.5	2.5	14.5	15.5
#FFFFFF	3	15	1	-1	2.5	3.5	14.5	15.5
#E5E5E5	4	15	1	-1	3.5	4.5	14.5	15.5
#CACACA	5	15	1	-1	4.5	5.5	14.5	15.5
#CECECE	6	15	1	-1	5.5	6.5	14.5	15.5
#CDCDCD	7	15	1	-1	6.5	7.5	14.5	15.5
#CACACA	8	15	1	-1	7.5	8.5	14.5	15.5
#CBCBCB	9	15	1	-1	8.5	9.5	14.5	15.5
#C8C8C8	10	15	1	-1	9.5	10.5	14.5	15.5
#C6C6C6	11	15	1	-1	10.5	11.5	14.5	15.5
#C8C8C8	12	15	1	-1	11.5	12.5	14.5	15.5
#C8C8C8	13	15	1	-1	12.5	13.5	14.5	15.5
#C9C9C9	14	15	1	-1	13.5	14.5	14.5	15.5
#C9C9C9	15	15	1	-1	14.5	15.5	14.5	15.5
#C9C9C9	16	15	1	-1	15.5	16.5	14.5	15.5
#C6C6C6	17	15	1	-1	16.5	17.5	14.5	15.5
#C4C4C4	18	15	1	-1	17.5	18.5	14.5	15.5
#CACACA	19	15	1	-1	18.5	19.5	14.5	15.5
#CCCCCC	20	15	1	-1	19.5	20.5	14.5	15.5
#CCCCCC	21	15	1	-1	20.5	21.5	14.5	15.5
#CCCCCC	22	15	1	-1	21.5	22.5	14.5	15.5
#CCCCCC	23	15	1	-1	22.5	23.5	14.5	15.5
#CCCCCC	24	15	1	-1	23.5	24.5	14.5	15.5
#CCCCCC	25	15	1	-1	24.5	25.5	14.5	15.5
#000000	1	16	1	-1	0.5	1.5	15.5	16.5
#C3C3C3	2	16	1	-1	1.5	2.5	15.5	16.5
#FFFFFF	3	16	1	-1	2.5	3.5	15.5	16.5
#B2B2B2	4	16	1	-1	3.5	4.5	15.5	16.5
#E8E8E8	5	16	1	-1	4.5	5.5	15.5	16.5
#E4E4E4	6	16	1	-1	5.5	6.5	15.5	16.5
#EBEBEB	7	16	1	-1	6.5	7.5	15.5	16.5
#EEEEEE	8	16	1	-1	7.5	8.5	15.5	16.5
#E9E9E9	9	16	1	-1	8.5	9.5	15.5	16.5
#F9F9F9	10	16	1	-1	9.5	10.5	15.5	16.5
#F8F8F8	11	16	1	-1	10.5	11.5	15.5	16.5
#F8F8F8	12	16	1	-1	11.5	12.5	15.5	16.5
#F8F8F8	13	16	1	-1	12.5	13.5	15.5	16.5
#F7F7F7	14	16	1	-1	13.5	14.5	15.5	16.5
#F3F3F3	15	16	1	-1	14.5	15.5	15.5	16.5
#F3F3F3	16	16	1	-1	15.5	16.5	15.5	16.5
#F4F4F4	17	16	1	-1	16.5	17.5	15.5	16.5
#F4F4F4	18	16	1	-1	17.5	18.5	15.5	16.5
#F4F4F4	19	16	1	-1	18.5	19.5	15.5	16.5
#F4F4F4	20	16	1	-1	19.5	20.5	15.5	16.5
#F3F3F3	21	16	1	-1	20.5	21.5	15.5	16.5
#F4F4F4	22	16	1	-1	21.5	22.5	15.5	16.5
#F5F5F5	23	16	1	-1	22.5	23.5	15.5	16.5
#F5F5F5	24	16	1	-1	23.5	24.5	15.5	16.5
#F5F5F5	25	16	1	-1	24.5	25.5	15.5	16.5
#000000	1	17	1	-1	0.5	1.5	16.5	17.5
#979797	2	17	1	-1	1.5	2.5	16.5	17.5
#FFFFFF	3	17	1	-1	2.5	3.5	16.5	17.5
#999999	4	17	1	-1	3.5	4.5	16.5	17.5
#C5C5C5	5	17	1	-1	4.5	5.5	16.5	17.5
#C4C4C4	6	17	1	-1	5.5	6.5	16.5	17.5
#ADADAD	7	17	1	-1	6.5	7.5	16.5	17.5
#ADADAD	8	17	1	-1	7.5	8.5	16.5	17.5
#ADADAD	9	17	1	-1	8.5	9.5	16.5	17.5
#ADADAD	10	17	1	-1	9.5	10.5	16.5	17.5
#ACACAC	11	17	1	-1	10.5	11.5	16.5	17.5
#ACACAC	12	17	1	-1	11.5	12.5	16.5	17.5
#BCBCBC	13	17	1	-1	12.5	13.5	16.5	17.5
#BBBBBB	14	17	1	-1	13.5	14.5	16.5	17.5
#BBBBBB	15	17	1	-1	14.5	15.5	16.5	17.5
#BBBBBB	16	17	1	-1	15.5	16.5	16.5	17.5
#BBBBBB	17	17	1	-1	16.5	17.5	16.5	17.5
#BBBBBB	18	17	1	-1	17.5	18.5	16.5	17.5
#BBBBBB	19	17	1	-1	18.5	19.5	16.5	17.5
#BABABA	20	17	1	-1	19.5	20.5	16.5	17.5
#BABABA	21	17	1	-1	20.5	21.5	16.5	17.5
#BBBBBB	22	17	1	-1	21.5	22.5	16.5	17.5
#BBBBBB	23	17	1	-1	22.5	23.5	16.5	17.5
#BBBBBB	24	17	1	-1	23.5	24.5	16.5	17.5
#BBBBBB	25	17	1	-1	24.5	25.5	16.5	17.5
#000000	1	63	1	-1	0.5	1.5	62.5	63.5
#3E3E3E	2	63	1	-1	1.5	2.5	62.5	63.5
#797979	3	63	1	-1	2.5	3.5	62.5	63.5
#949494	4	63	1	-1	3.5	4.5	62.5	63.5
#F2F2F2	5	63	1	-1	4.5	5.5	62.5	63.5
#FFFFFF	6	63	1	-1	5.5	6.5	62.5	63.5
#FDFDFD	7	63	1	-1	6.5	7.5	62.5	63.5
#F9F9F9	8	63	1	-1	7.5	8.5	62.5	63.5
#F7F7F7	9	63	1	-1	8.5	9.5	62.5	63.5
#F5F5F5	10	63	1	-1	9.5	10.5	62.5	63.5
#F3F3F3	11	63	1	-1	10.5	11.5	62.5	63.5
#F3F3F3	12	63	1	-1	11.5	12.5	62.5	63.5
#F4F4F4	13	63	1	-1	12.5	13.5	62.5	63.5
#F4F4F4	14	63	1	-1	13.5	14.5	62.5	63.5
#F4F4F4	15	63	1	-1	14.5	15.5	62.5	63.5
#F5F5F5	16	63	1	-1	15.5	16.5	62.5	63.5
#F3F3F3	17	63	1	-1	16.5	17.5	62.5	63.5
#F7F7F7	18	63	1	-1	17.5	18.5	62.5	63.5
#F8F8F8	19	63	1	-1	18.5	19.5	62.5	63.5
#F8F8F8	20	63	1	-1	19.5	20.5	62.5	63.5
#F8F8F8	21	63	1	-1	20.5	21.5	62.5	63.5
#F8F8F8	22	63	1	-1	21.5	22.5	62.5	63.5
#F8F8F8	23	63	1	-1	22.5	23.5	62.5	63.5
#F9F9F9	24	63	1	-1	23.5	24.5	62.5	63.5
#F9F9F9	25	63	1	-1	24.5	25.5	62.5	63.5
#000000	1	64	1	-1	0.5	1.5	63.5	64.5
#626262	2	64	1	-1	1.5	2.5	63.5	64.5
#959595	3	64	1	-1	2.5	3.5	63.5	64.5
#CDCDCD	4	64	1	-1	3.5	4.5	63.5	64.5
#FCFCFC	5	64	1	-1	4.5	5.5	63.5	64.5
#FFFFFF	6	64	1	-1	5.5	6.5	63.5	64.5
#FFFFFF	7	64	1	-1	6.5	7.5	63.5	64.5
#FFFFFF	8	64	1	-1	7.5	8.5	63.5	64.5
#F2F2F2	9	64	1	-1	8.5	9.5	63.5	64.5
#F2F2F2	10	64	1	-1	9.5	10.5	63.5	64.5
#F2F2F2	11	64	1	-1	10.5	11.5	63.5	64.5
#F2F2F2	12	64	1	-1	11.5	12.5	63.5	64.5
#F1F1F1	13	64	1	-1	12.5	13.5	63.5	64.5
#F4F4F4	14	64	1	-1	13.5	14.5	63.5	64.5
#F5F5F5	15	64	1	-1	14.5	15.5	63.5	64.5
#F5F5F5	16	64	1	-1	15.5	16.5	63.5	64.5
#F5F5F5	17	64	1	-1	16.5	17.5	63.5	64.5
#F5F5F5	18	64	1	-1	17.5	18.5	63.5	64.5
#F6F6F6	19	64	1	-1	18.5	19.5	63.5	64.5
#F6F6F6	20	64	1	-1	19.5	20.5	63.5	64.5
#F6F6F6	21	64	1	-1	20.5	21.5	63.5	64.5
#F6F6F6	22	64	1	-1	21.5	22.5	63.5	64.5
#F6F6F6	23	64	1	-1	22.5	23.5	63.5	64.5
#F6F6F6	24	64	1	-1	23.5	24.5	63.5	64.5
#F6F6F6	25	64	1	-1	24.5	25.5	63.5	64.5
#000000	1	26	1	-1	0.5	1.5	25.5	26.5
#5B5B5B	2	26	1	-1	1.5	2.5	25.5	26.5
#BABABA	3	26	1	-1	2.5	3.5	25.5	26.5
#FFFFFF	4	26	1	-1	3.5	4.5	25.5	26.5
#DBDBDB	5	26	1	-1	4.5	5.5	25.5	26.5
#D9D9D9	6	26	1	-1	5.5	6.5	25.5	26.5
#DEDEDE	7	26	1	-1	6.5	7.5	25.5	26.5
#DADADA	8	26	1	-1	7.5	8.5	25.5	26.5
#D9D9D9	9	26	1	-1	8.5	9.5	25.5	26.5
#DADADA	10	26	1	-1	9.5	10.5	25.5	26.5
#D9D9D9	11	26	1	-1	10.5	11.5	25.5	26.5
#D8D8D8	12	26	1	-1	11.5	12.5	25.5	26.5
#DADADA	13	26	1	-1	12.5	13.5	25.5	26.5
#D0D0D0	14	26	1	-1	13.5	14.5	25.5	26.5
#D0D0D0	15	26	1	-1	14.5	15.5	25.5	26.5
#CFCFCF	16	26	1	-1	15.5	16.5	25.5	26.5
#CECECE	17	26	1	-1	16.5	17.5	25.5	26.5
#CECECE	18	26	1	-1	17.5	18.5	25.5	26.5
#CECECE	19	26	1	-1	18.5	19.5	25.5	26.5
#CECECE	20	26	1	-1	19.5	20.5	25.5	26.5
#CFCFCF	21	26	1	-1	20.5	21.5	25.5	26.5
#CFCFCF	22	26	1	-1	21.5	22.5	25.5	26.5
#CFCFCF	23	26	1	-1	22.5	23.5	25.5	26.5
#CFCFCF	24	26	1	-1	23.5	24.5	25.5	26.5
#CFCFCF	25	26	1	-1	24.5	25.5	25.5	26.5
#000000	1	65	1	-1	0.5	1.5	64.5	65.5
#404040	2	65	1	-1	1.5	2.5	64.5	65.5
#909090	3	65	1	-1	2.5	3.5	64.5	65.5
#999999	4	65	1	-1	3.5	4.5	64.5	65.5
#FFFFFF	5	65	1	-1	4.5	5.5	64.5	65.5
#FFFFFF	6	65	1	-1	5.5	6.5	64.5	65.5
#F6F6F6	7	65	1	-1	6.5	7.5	64.5	65.5
#F4F4F4	8	65	1	-1	7.5	8.5	64.5	65.5
#F5F5F5	9	65	1	-1	8.5	9.5	64.5	65.5
#E1E1E1	10	65	1	-1	9.5	10.5	64.5	65.5
#E0E0E0	11	65	1	-1	10.5	11.5	64.5	65.5
#E0E0E0	12	65	1	-1	11.5	12.5	64.5	65.5
#E0E0E0	13	65	1	-1	12.5	13.5	64.5	65.5
#E0E0E0	14	65	1	-1	13.5	14.5	64.5	65.5
#E1E1E1	15	65	1	-1	14.5	15.5	64.5	65.5
#E1E1E1	16	65	1	-1	15.5	16.5	64.5	65.5
#E3E3E3	17	65	1	-1	16.5	17.5	64.5	65.5
#E3E3E3	18	65	1	-1	17.5	18.5	64.5	65.5
#E4E4E4	19	65	1	-1	18.5	19.5	64.5	65.5
#E4E4E4	20	65	1	-1	19.5	20.5	64.5	65.5
#E4E4E4	21	65	1	-1	20.5	21.5	64.5	65.5
#E4E4E4	22	65	1	-1	21.5	22.5	64.5	65.5
#E5E5E5	23	65	1	-1	22.5	23.5	64.5	65.5
#E5E5E5	24	65	1	-1	23.5	24.5	64.5	65.5
#E5E5E5	25	65	1	-1	24.5	25.5	64.5	65.5
#000000	1	77	1	-1	0.5	1.5	76.5	77.5
#343434	2	77	1	-1	1.5	2.5	76.5	77.5
#626262	3	77	1	-1	2.5	3.5	76.5	77.5
#656565	4	77	1	-1	3.5	4.5	76.5	77.5
#FEFEFE	5	77	1	-1	4.5	5.5	76.5	77.5
#F9F9F9	6	77	1	-1	5.5	6.5	76.5	77.5
#F3F3F3	7	77	1	-1	6.5	7.5	76.5	77.5
#FFFFFF	8	77	1	-1	7.5	8.5	76.5	77.5
#EEEEEE	9	77	1	-1	8.5	9.5	76.5	77.5
#DDDDDD	10	77	1	-1	9.5	10.5	76.5	77.5
#DBDBDB	11	77	1	-1	10.5	11.5	76.5	77.5
#DBDBDB	12	77	1	-1	11.5	12.5	76.5	77.5
#D9D9D9	13	77	1	-1	12.5	13.5	76.5	77.5
#D8D8D8	14	77	1	-1	13.5	14.5	76.5	77.5
#D8D8D8	15	77	1	-1	14.5	15.5	76.5	77.5
#D8D8D8	16	77	1	-1	15.5	16.5	76.5	77.5
#D5D5D5	17	77	1	-1	16.5	17.5	76.5	77.5
#D5D5D5	18	77	1	-1	17.5	18.5	76.5	77.5
#D6D6D6	19	77	1	-1	18.5	19.5	76.5	77.5
#D5D5D5	20	77	1	-1	19.5	20.5	76.5	77.5
#D5D5D5	21	77	1	-1	20.5	21.5	76.5	77.5
#D5D5D5	22	77	1	-1	21.5	22.5	76.5	77.5
#D5D5D5	23	77	1	-1	22.5	23.5	76.5	77.5
#D5D5D5	24	77	1	-1	23.5	24.5	76.5	77.5
#D5D5D5	25	77	1	-1	24.5	25.5	76.5	77.5
#000000	1	50	1	-1	0.5	1.5	49.5	50.5
#333333	2	50	1	-1	1.5	2.5	49.5	50.5
#555555	3	50	1	-1	2.5	3.5	49.5	50.5
#6E6E6E	4	50	1	-1	3.5	4.5	49.5	50.5
#FFFFFF	5	50	1	-1	4.5	5.5	49.5	50.5
#F3F3F3	6	50	1	-1	5.5	6.5	49.5	50.5
#F1F1F1	7	50	1	-1	6.5	7.5	49.5	50.5
#E7E7E7	8	50	1	-1	7.5	8.5	49.5	50.5
#DDDDDD	9	50	1	-1	8.5	9.5	49.5	50.5
#DEDEDE	10	50	1	-1	9.5	10.5	49.5	50.5
#DEDEDE	11	50	1	-1	10.5	11.5	49.5	50.5
#DBDBDB	12	50	1	-1	11.5	12.5	49.5	50.5
#D7D7D7	13	50	1	-1	12.5	13.5	49.5	50.5
#DDDDDD	14	50	1	-1	13.5	14.5	49.5	50.5
#DDDDDD	15	50	1	-1	14.5	15.5	49.5	50.5
#DBDBDB	16	50	1	-1	15.5	16.5	49.5	50.5
#DBDBDB	17	50	1	-1	16.5	17.5	49.5	50.5
#DBDBDB	18	50	1	-1	17.5	18.5	49.5	50.5
#DBDBDB	19	50	1	-1	18.5	19.5	49.5	50.5
#D7D7D7	20	50	1	-1	19.5	20.5	49.5	50.5
#DCDCDC	21	50	1	-1	20.5	21.5	49.5	50.5
#DBDBDB	22	50	1	-1	21.5	22.5	49.5	50.5
#D9D9D9	23	50	1	-1	22.5	23.5	49.5	50.5
#D8D8D8	24	50	1	-1	23.5	24.5	49.5	50.5
#D8D8D8	25	50	1	-1	24.5	25.5	49.5	50.5
#000000	1	18	1	-1	0.5	1.5	17.5	18.5
#717171	2	18	1	-1	1.5	2.5	17.5	18.5
#FFFFFF	3	18	1	-1	2.5	3.5	17.5	18.5
#F2F2F2	4	18	1	-1	3.5	4.5	17.5	18.5
#FBFBFB	5	18	1	-1	4.5	5.5	17.5	18.5
#ECECEC	6	18	1	-1	5.5	6.5	17.5	18.5
#F6F6F6	7	18	1	-1	6.5	7.5	17.5	18.5
#F6F6F6	8	18	1	-1	7.5	8.5	17.5	18.5
#E9E9E9	9	18	1	-1	8.5	9.5	17.5	18.5
#E9E9E9	10	18	1	-1	9.5	10.5	17.5	18.5
#EAEAEA	11	18	1	-1	10.5	11.5	17.5	18.5
#EAEAEA	12	18	1	-1	11.5	12.5	17.5	18.5
#EAEAEA	13	18	1	-1	12.5	13.5	17.5	18.5
#EAEAEA	14	18	1	-1	13.5	14.5	17.5	18.5
#E9E9E9	15	18	1	-1	14.5	15.5	17.5	18.5
#E9E9E9	16	18	1	-1	15.5	16.5	17.5	18.5
#E5E5E5	17	18	1	-1	16.5	17.5	17.5	18.5
#E5E5E5	18	18	1	-1	17.5	18.5	17.5	18.5
#E5E5E5	19	18	1	-1	18.5	19.5	17.5	18.5
#E5E5E5	20	18	1	-1	19.5	20.5	17.5	18.5
#E5E5E5	21	18	1	-1	20.5	21.5	17.5	18.5
#E5E5E5	22	18	1	-1	21.5	22.5	17.5	18.5
#E5E5E5	23	18	1	-1	22.5	23.5	17.5	18.5
#E5E5E5	24	18	1	-1	23.5	24.5	17.5	18.5
#E5E5E5	25	18	1	-1	24.5	25.5	17.5	18.5
#000000	1	96	1	-1	0.5	1.5	95.5	96.5
#747474	2	96	1	-1	1.5	2.5	95.5	96.5
#C3C3C3	3	96	1	-1	2.5	3.5	95.5	96.5
#D6D6D6	4	96	1	-1	3.5	4.5	95.5	96.5
#F9F9F9	5	96	1	-1	4.5	5.5	95.5	96.5
#EAEAEA	6	96	1	-1	5.5	6.5	95.5	96.5
#DFDFDF	7	96	1	-1	6.5	7.5	95.5	96.5
#D2D2D2	8	96	1	-1	7.5	8.5	95.5	96.5
#D3D3D3	9	96	1	-1	8.5	9.5	95.5	96.5
#E1E1E1	10	96	1	-1	9.5	10.5	95.5	96.5
#FCFCFC	11	96	1	-1	10.5	11.5	95.5	96.5
#FCFCFC	12	96	1	-1	11.5	12.5	95.5	96.5
#FCFCFC	13	96	1	-1	12.5	13.5	95.5	96.5
#FCFCFC	14	96	1	-1	13.5	14.5	95.5	96.5
#FCFCFC	15	96	1	-1	14.5	15.5	95.5	96.5
#FCFCFC	16	96	1	-1	15.5	16.5	95.5	96.5
#FCFCFC	17	96	1	-1	16.5	17.5	95.5	96.5
#FDFDFD	18	96	1	-1	17.5	18.5	95.5	96.5
#FDFDFD	19	96	1	-1	18.5	19.5	95.5	96.5
#FCFCFC	20	96	1	-1	19.5	20.5	95.5	96.5
#FCFCFC	21	96	1	-1	20.5	21.5	95.5	96.5
#FFFFFF	22	96	1	-1	21.5	22.5	95.5	96.5
#FEFEFE	23	96	1	-1	22.5	23.5	95.5	96.5
#FEFEFE	24	96	1	-1	23.5	24.5	95.5	96.5
#FEFEFE	25	96	1	-1	24.5	25.5	95.5	96.5
#000000	1	51	1	-1	0.5	1.5	50.5	51.5
#8E8E8E	2	51	1	-1	1.5	2.5	50.5	51.5
#A4A4A4	3	51	1	-1	2.5	3.5	50.5	51.5
#767676	4	51	1	-1	3.5	4.5	50.5	51.5
#FFFFFF	5	51	1	-1	4.5	5.5	50.5	51.5
#F9F9F9	6	51	1	-1	5.5	6.5	50.5	51.5
#F7F7F7	7	51	1	-1	6.5	7.5	50.5	51.5
#FCFCFC	8	51	1	-1	7.5	8.5	50.5	51.5
#FBFBFB	9	51	1	-1	8.5	9.5	50.5	51.5
#EFEFEF	10	51	1	-1	9.5	10.5	50.5	51.5
#EFEFEF	11	51	1	-1	10.5	11.5	50.5	51.5
#F0F0F0	12	51	1	-1	11.5	12.5	50.5	51.5
#EDEDED	13	51	1	-1	12.5	13.5	50.5	51.5
#EDEDED	14	51	1	-1	13.5	14.5	50.5	51.5
#EDEDED	15	51	1	-1	14.5	15.5	50.5	51.5
#EDEDED	16	51	1	-1	15.5	16.5	50.5	51.5
#EDEDED	17	51	1	-1	16.5	17.5	50.5	51.5
#EDEDED	18	51	1	-1	17.5	18.5	50.5	51.5
#EDEDED	19	51	1	-1	18.5	19.5	50.5	51.5
#ECECEC	20	51	1	-1	19.5	20.5	50.5	51.5
#ECECEC	21	51	1	-1	20.5	21.5	50.5	51.5
#ECECEC	22	51	1	-1	21.5	22.5	50.5	51.5
#ECECEC	23	51	1	-1	22.5	23.5	50.5	51.5
#ECECEC	24	51	1	-1	23.5	24.5	50.5	51.5
#ECECEC	25	51	1	-1	24.5	25.5	50.5	51.5
#898989	1	52	1	-1	0.5	1.5	51.5	52.5
#000000	2	52	1	-1	1.5	2.5	51.5	52.5
#BFBFBF	3	52	1	-1	2.5	3.5	51.5	52.5
#DBDBDB	4	52	1	-1	3.5	4.5	51.5	52.5
#FFFFFF	5	52	1	-1	4.5	5.5	51.5	52.5
#FBFBFB	6	52	1	-1	5.5	6.5	51.5	52.5
#FBFBFB	7	52	1	-1	6.5	7.5	51.5	52.5
#C8C8C8	8	52	1	-1	7.5	8.5	51.5	52.5
#C9C9C9	9	52	1	-1	8.5	9.5	51.5	52.5
#C6C6C6	10	52	1	-1	9.5	10.5	51.5	52.5
#C5C5C5	11	52	1	-1	10.5	11.5	51.5	52.5
#C5C5C5	12	52	1	-1	11.5	12.5	51.5	52.5
#C5C5C5	13	52	1	-1	12.5	13.5	51.5	52.5
#C5C5C5	14	52	1	-1	13.5	14.5	51.5	52.5
#C6C6C6	15	52	1	-1	14.5	15.5	51.5	52.5
#C7C7C7	16	52	1	-1	15.5	16.5	51.5	52.5
#C5C5C5	17	52	1	-1	16.5	17.5	51.5	52.5
#C5C5C5	18	52	1	-1	17.5	18.5	51.5	52.5
#C5C5C5	19	52	1	-1	18.5	19.5	51.5	52.5
#C6C6C6	20	52	1	-1	19.5	20.5	51.5	52.5
#C6C6C6	21	52	1	-1	20.5	21.5	51.5	52.5
#C6C6C6	22	52	1	-1	21.5	22.5	51.5	52.5
#C7C7C7	23	52	1	-1	22.5	23.5	51.5	52.5
#C7C7C7	24	52	1	-1	23.5	24.5	51.5	52.5
#C7C7C7	25	52	1	-1	24.5	25.5	51.5	52.5
#000000	1	78	1	-1	0.5	1.5	77.5	78.5
#A2A2A2	2	78	1	-1	1.5	2.5	77.5	78.5
#D3D3D3	3	78	1	-1	2.5	3.5	77.5	78.5
#DCDCDC	4	78	1	-1	3.5	4.5	77.5	78.5
#F8F8F8	5	78	1	-1	4.5	5.5	77.5	78.5
#F7F7F7	6	78	1	-1	5.5	6.5	77.5	78.5
#FDFDFD	7	78	1	-1	6.5	7.5	77.5	78.5
#FFFFFF	8	78	1	-1	7.5	8.5	77.5	78.5
#FCFCFC	9	78	1	-1	8.5	9.5	77.5	78.5
#FBFBFB	10	78	1	-1	9.5	10.5	77.5	78.5
#FBFBFB	11	78	1	-1	10.5	11.5	77.5	78.5
#FBFBFB	12	78	1	-1	11.5	12.5	77.5	78.5
#FCFCFC	13	78	1	-1	12.5	13.5	77.5	78.5
#FBFBFB	14	78	1	-1	13.5	14.5	77.5	78.5
#FAFAFA	15	78	1	-1	14.5	15.5	77.5	78.5
#FAFAFA	16	78	1	-1	15.5	16.5	77.5	78.5
#EFEFEF	17	78	1	-1	16.5	17.5	77.5	78.5
#EFEFEF	18	78	1	-1	17.5	18.5	77.5	78.5
#EFEFEF	19	78	1	-1	18.5	19.5	77.5	78.5
#EFEFEF	20	78	1	-1	19.5	20.5	77.5	78.5
#EFEFEF	21	78	1	-1	20.5	21.5	77.5	78.5
#F0F0F0	22	78	1	-1	21.5	22.5	77.5	78.5
#F0F0F0	23	78	1	-1	22.5	23.5	77.5	78.5
#F0F0F0	24	78	1	-1	23.5	24.5	77.5	78.5
#F0F0F0	25	78	1	-1	24.5	25.5	77.5	78.5
#000000	1	53	1	-1	0.5	1.5	52.5	53.5
#636363	2	53	1	-1	1.5	2.5	52.5	53.5
#C6C6C6	3	53	1	-1	2.5	3.5	52.5	53.5
#FEFEFE	4	53	1	-1	3.5	4.5	52.5	53.5
#FFFFFF	5	53	1	-1	4.5	5.5	52.5	53.5
#F4F4F4	6	53	1	-1	5.5	6.5	52.5	53.5
#F3F3F3	7	53	1	-1	6.5	7.5	52.5	53.5
#F2F2F2	8	53	1	-1	7.5	8.5	52.5	53.5
#F2F2F2	9	53	1	-1	8.5	9.5	52.5	53.5
#F2F2F2	10	53	1	-1	9.5	10.5	52.5	53.5
#F4F4F4	11	53	1	-1	10.5	11.5	52.5	53.5
#F1F1F1	12	53	1	-1	11.5	12.5	52.5	53.5
#F1F1F1	13	53	1	-1	12.5	13.5	52.5	53.5
#F0F0F0	14	53	1	-1	13.5	14.5	52.5	53.5
#F0F0F0	15	53	1	-1	14.5	15.5	52.5	53.5
#F0F0F0	16	53	1	-1	15.5	16.5	52.5	53.5
#F3F3F3	17	53	1	-1	16.5	17.5	52.5	53.5
#EDEDED	18	53	1	-1	17.5	18.5	52.5	53.5
#EDEDED	19	53	1	-1	18.5	19.5	52.5	53.5
#EDEDED	20	53	1	-1	19.5	20.5	52.5	53.5
#ECECEC	21	53	1	-1	20.5	21.5	52.5	53.5
#ECECEC	22	53	1	-1	21.5	22.5	52.5	53.5
#ECECEC	23	53	1	-1	22.5	23.5	52.5	53.5
#ECECEC	24	53	1	-1	23.5	24.5	52.5	53.5
#ECECEC	25	53	1	-1	24.5	25.5	52.5	53.5
#000000	1	19	1	-1	0.5	1.5	18.5	19.5
#A0A0A0	2	19	1	-1	1.5	2.5	18.5	19.5
#FFFFFF	3	19	1	-1	2.5	3.5	18.5	19.5
#A0A0A0	4	19	1	-1	3.5	4.5	18.5	19.5
#C8C8C8	5	19	1	-1	4.5	5.5	18.5	19.5
#C8C8C8	6	19	1	-1	5.5	6.5	18.5	19.5
#C7C7C7	7	19	1	-1	6.5	7.5	18.5	19.5
#C7C7C7	8	19	1	-1	7.5	8.5	18.5	19.5
#C5C5C5	9	19	1	-1	8.5	9.5	18.5	19.5
#C6C6C6	10	19	1	-1	9.5	10.5	18.5	19.5
#C3C3C3	11	19	1	-1	10.5	11.5	18.5	19.5
#C3C3C3	12	19	1	-1	11.5	12.5	18.5	19.5
#B9B9B9	13	19	1	-1	12.5	13.5	18.5	19.5
#B9B9B9	14	19	1	-1	13.5	14.5	18.5	19.5
#BABABA	15	19	1	-1	14.5	15.5	18.5	19.5
#BABABA	16	19	1	-1	15.5	16.5	18.5	19.5
#BABABA	17	19	1	-1	16.5	17.5	18.5	19.5
#BABABA	18	19	1	-1	17.5	18.5	18.5	19.5
#BABABA	19	19	1	-1	18.5	19.5	18.5	19.5
#C2C2C2	20	19	1	-1	19.5	20.5	18.5	19.5
#C3C3C3	21	19	1	-1	20.5	21.5	18.5	19.5
#C3C3C3	22	19	1	-1	21.5	22.5	18.5	19.5
#C3C3C3	23	19	1	-1	22.5	23.5	18.5	19.5
#C3C3C3	24	19	1	-1	23.5	24.5	18.5	19.5
#C3C3C3	25	19	1	-1	24.5	25.5	18.5	19.5
#000000	1	73	1	-1	0.5	1.5	72.5	73.5
#2F2F2F	2	73	1	-1	1.5	2.5	72.5	73.5
#5C5C5C	3	73	1	-1	2.5	3.5	72.5	73.5
#707070	4	73	1	-1	3.5	4.5	72.5	73.5
#F9F9F9	5	73	1	-1	4.5	5.5	72.5	73.5
#F2F2F2	6	73	1	-1	5.5	6.5	72.5	73.5
#FFFFFF	7	73	1	-1	6.5	7.5	72.5	73.5
#F9F9F9	8	73	1	-1	7.5	8.5	72.5	73.5
#F2F2F2	9	73	1	-1	8.5	9.5	72.5	73.5
#E6E6E6	10	73	1	-1	9.5	10.5	72.5	73.5
#E9E9E9	11	73	1	-1	10.5	11.5	72.5	73.5
#E3E3E3	12	73	1	-1	11.5	12.5	72.5	73.5
#E3E3E3	13	73	1	-1	12.5	13.5	72.5	73.5
#E4E4E4	14	73	1	-1	13.5	14.5	72.5	73.5
#E2E2E2	15	73	1	-1	14.5	15.5	72.5	73.5
#DCDCDC	16	73	1	-1	15.5	16.5	72.5	73.5
#DCDCDC	17	73	1	-1	16.5	17.5	72.5	73.5
#D9D9D9	18	73	1	-1	17.5	18.5	72.5	73.5
#D8D8D8	19	73	1	-1	18.5	19.5	72.5	73.5
#D7D7D7	20	73	1	-1	19.5	20.5	72.5	73.5
#D7D7D7	21	73	1	-1	20.5	21.5	72.5	73.5
#D6D6D6	22	73	1	-1	21.5	22.5	72.5	73.5
#D7D7D7	23	73	1	-1	22.5	23.5	72.5	73.5
#D7D7D7	24	73	1	-1	23.5	24.5	72.5	73.5
#D7D7D7	25	73	1	-1	24.5	25.5	72.5	73.5
#000000	1	54	1	-1	0.5	1.5	53.5	54.5
#A1A1A1	2	54	1	-1	1.5	2.5	53.5	54.5
#ABABAB	3	54	1	-1	2.5	3.5	53.5	54.5
#D8D8D8	4	54	1	-1	3.5	4.5	53.5	54.5
#FFFFFF	5	54	1	-1	4.5	5.5	53.5	54.5
#FFFFFF	6	54	1	-1	5.5	6.5	53.5	54.5
#FEFEFE	7	54	1	-1	6.5	7.5	53.5	54.5
#FEFEFE	8	54	1	-1	7.5	8.5	53.5	54.5
#E4E4E4	9	54	1	-1	8.5	9.5	53.5	54.5
#E3E3E3	10	54	1	-1	9.5	10.5	53.5	54.5
#E0E0E0	11	54	1	-1	10.5	11.5	53.5	54.5
#DFDFDF	12	54	1	-1	11.5	12.5	53.5	54.5
#DFDFDF	13	54	1	-1	12.5	13.5	53.5	54.5
#E1E1E1	14	54	1	-1	13.5	14.5	53.5	54.5
#E1E1E1	15	54	1	-1	14.5	15.5	53.5	54.5
#DCDCDC	16	54	1	-1	15.5	16.5	53.5	54.5
#DCDCDC	17	54	1	-1	16.5	17.5	53.5	54.5
#DEDEDE	18	54	1	-1	17.5	18.5	53.5	54.5
#DEDEDE	19	54	1	-1	18.5	19.5	53.5	54.5
#DEDEDE	20	54	1	-1	19.5	20.5	53.5	54.5
#DEDEDE	21	54	1	-1	20.5	21.5	53.5	54.5
#DEDEDE	22	54	1	-1	21.5	22.5	53.5	54.5
#DEDEDE	23	54	1	-1	22.5	23.5	53.5	54.5
#DEDEDE	24	54	1	-1	23.5	24.5	53.5	54.5
#DEDEDE	25	54	1	-1	24.5	25.5	53.5	54.5
#000000	1	4	1	-1	0.5	1.5	3.5	4.5
#FFFFFF	2	4	1	-1	1.5	2.5	3.5	4.5
#4A4A4A	3	4	1	-1	2.5	3.5	3.5	4.5
#565656	4	4	1	-1	3.5	4.5	3.5	4.5
#646464	5	4	1	-1	4.5	5.5	3.5	4.5
#656565	6	4	1	-1	5.5	6.5	3.5	4.5
#656565	7	4	1	-1	6.5	7.5	3.5	4.5
#6D6D6D	8	4	1	-1	7.5	8.5	3.5	4.5
#6C6C6C	9	4	1	-1	8.5	9.5	3.5	4.5
#6C6C6C	10	4	1	-1	9.5	10.5	3.5	4.5
#6F6F6F	11	4	1	-1	10.5	11.5	3.5	4.5
#6E6E6E	12	4	1	-1	11.5	12.5	3.5	4.5
#5A5A5A	13	4	1	-1	12.5	13.5	3.5	4.5
#575757	14	4	1	-1	13.5	14.5	3.5	4.5
#575757	15	4	1	-1	14.5	15.5	3.5	4.5
#575757	16	4	1	-1	15.5	16.5	3.5	4.5
#565656	17	4	1	-1	16.5	17.5	3.5	4.5
#575757	18	4	1	-1	17.5	18.5	3.5	4.5
#545454	19	4	1	-1	18.5	19.5	3.5	4.5
#555555	20	4	1	-1	19.5	20.5	3.5	4.5
#545454	21	4	1	-1	20.5	21.5	3.5	4.5
#565656	22	4	1	-1	21.5	22.5	3.5	4.5
#565656	23	4	1	-1	22.5	23.5	3.5	4.5
#565656	24	4	1	-1	23.5	24.5	3.5	4.5
#565656	25	4	1	-1	24.5	25.5	3.5	4.5
#000000	1	55	1	-1	0.5	1.5	54.5	55.5
#6C6C6C	2	55	1	-1	1.5	2.5	54.5	55.5
#ADADAD	3	55	1	-1	2.5	3.5	54.5	55.5
#F3F3F3	4	55	1	-1	3.5	4.5	54.5	55.5
#FFFFFF	5	55	1	-1	4.5	5.5	54.5	55.5
#F5F5F5	6	55	1	-1	5.5	6.5	54.5	55.5
#F4F4F4	7	55	1	-1	6.5	7.5	54.5	55.5
#F3F3F3	8	55	1	-1	7.5	8.5	54.5	55.5
#EDEDED	9	55	1	-1	8.5	9.5	54.5	55.5
#F1F1F1	10	55	1	-1	9.5	10.5	54.5	55.5
#EBEBEB	11	55	1	-1	10.5	11.5	54.5	55.5
#F1F1F1	12	55	1	-1	11.5	12.5	54.5	55.5
#F1F1F1	13	55	1	-1	12.5	13.5	54.5	55.5
#F0F0F0	14	55	1	-1	13.5	14.5	54.5	55.5
#F1F1F1	15	55	1	-1	14.5	15.5	54.5	55.5
#F1F1F1	16	55	1	-1	15.5	16.5	54.5	55.5
#F2F2F2	17	55	1	-1	16.5	17.5	54.5	55.5
#EDEDED	18	55	1	-1	17.5	18.5	54.5	55.5
#EEEEEE	19	55	1	-1	18.5	19.5	54.5	55.5
#EDEDED	20	55	1	-1	19.5	20.5	54.5	55.5
#ECECEC	21	55	1	-1	20.5	21.5	54.5	55.5
#EDEDED	22	55	1	-1	21.5	22.5	54.5	55.5
#EDEDED	23	55	1	-1	22.5	23.5	54.5	55.5
#EDEDED	24	55	1	-1	23.5	24.5	54.5	55.5
#EDEDED	25	55	1	-1	24.5	25.5	54.5	55.5
#090909	1	5	1	-1	0.5	1.5	4.5	5.5
#FFFFFF	2	5	1	-1	1.5	2.5	4.5	5.5
#000000	3	5	1	-1	2.5	3.5	4.5	5.5
#606060	4	5	1	-1	3.5	4.5	4.5	5.5
#6B6B6B	5	5	1	-1	4.5	5.5	4.5	5.5
#282828	6	5	1	-1	5.5	6.5	4.5	5.5
#1C1C1C	7	5	1	-1	6.5	7.5	4.5	5.5
#1C1C1C	8	5	1	-1	7.5	8.5	4.5	5.5
#1A1A1A	9	5	1	-1	8.5	9.5	4.5	5.5
#242424	10	5	1	-1	9.5	10.5	4.5	5.5
#060606	11	5	1	-1	10.5	11.5	4.5	5.5
#050505	12	5	1	-1	11.5	12.5	4.5	5.5
#040404	13	5	1	-1	12.5	13.5	4.5	5.5
#040404	14	5	1	-1	13.5	14.5	4.5	5.5
#020202	15	5	1	-1	14.5	15.5	4.5	5.5
#020202	16	5	1	-1	15.5	16.5	4.5	5.5
#030303	17	5	1	-1	16.5	17.5	4.5	5.5
#030303	18	5	1	-1	17.5	18.5	4.5	5.5
#030303	19	5	1	-1	18.5	19.5	4.5	5.5
#030303	20	5	1	-1	19.5	20.5	4.5	5.5
#030303	21	5	1	-1	20.5	21.5	4.5	5.5
#030303	22	5	1	-1	21.5	22.5	4.5	5.5
#070707	23	5	1	-1	22.5	23.5	4.5	5.5
#070707	24	5	1	-1	23.5	24.5	4.5	5.5
#070707	25	5	1	-1	24.5	25.5	4.5	5.5
#000000	1	98	1	-1	0.5	1.5	97.5	98.5
#878787	2	98	1	-1	1.5	2.5	97.5	98.5
#E8E8E8	3	98	1	-1	2.5	3.5	97.5	98.5
#B6B6B6	4	98	1	-1	3.5	4.5	97.5	98.5
#FAFAFA	5	98	1	-1	4.5	5.5	97.5	98.5
#FAFAFA	6	98	1	-1	5.5	6.5	97.5	98.5
#FAFAFA	7	98	1	-1	6.5	7.5	97.5	98.5
#F8F8F8	8	98	1	-1	7.5	8.5	97.5	98.5
#F7F7F7	9	98	1	-1	8.5	9.5	97.5	98.5
#EDEDED	10	98	1	-1	9.5	10.5	97.5	98.5
#F5F5F5	11	98	1	-1	10.5	11.5	97.5	98.5
#F5F5F5	12	98	1	-1	11.5	12.5	97.5	98.5
#F5F5F5	13	98	1	-1	12.5	13.5	97.5	98.5
#F6F6F6	14	98	1	-1	13.5	14.5	97.5	98.5
#FEFEFE	15	98	1	-1	14.5	15.5	97.5	98.5
#FFFFFF	16	98	1	-1	15.5	16.5	97.5	98.5
#FFFFFF	17	98	1	-1	16.5	17.5	97.5	98.5
#FFFFFF	18	98	1	-1	17.5	18.5	97.5	98.5
#FFFFFF	19	98	1	-1	18.5	19.5	97.5	98.5
#FEFEFE	20	98	1	-1	19.5	20.5	97.5	98.5
#FEFEFE	21	98	1	-1	20.5	21.5	97.5	98.5
#FFFFFF	22	98	1	-1	21.5	22.5	97.5	98.5
#FFFFFF	23	98	1	-1	22.5	23.5	97.5	98.5
#FFFFFF	24	98	1	-1	23.5	24.5	97.5	98.5
#FFFFFF	25	98	1	-1	24.5	25.5	97.5	98.5
#000000	1	66	1	-1	0.5	1.5	65.5	66.5
#3A3A3A	2	66	1	-1	1.5	2.5	65.5	66.5
#F1F1F1	3	66	1	-1	2.5	3.5	65.5	66.5
#D6D6D6	4	66	1	-1	3.5	4.5	65.5	66.5
#FFFFFF	5	66	1	-1	4.5	5.5	65.5	66.5
#FFFFFF	6	66	1	-1	5.5	6.5	65.5	66.5
#F6F6F6	7	66	1	-1	6.5	7.5	65.5	66.5
#F6F6F6	8	66	1	-1	7.5	8.5	65.5	66.5
#F6F6F6	9	66	1	-1	8.5	9.5	65.5	66.5
#F6F6F6	10	66	1	-1	9.5	10.5	65.5	66.5
#F6F6F6	11	66	1	-1	10.5	11.5	65.5	66.5
#F6F6F6	12	66	1	-1	11.5	12.5	65.5	66.5
#F6F6F6	13	66	1	-1	12.5	13.5	65.5	66.5
#F6F6F6	14	66	1	-1	13.5	14.5	65.5	66.5
#F6F6F6	15	66	1	-1	14.5	15.5	65.5	66.5
#F6F6F6	16	66	1	-1	15.5	16.5	65.5	66.5
#F2F2F2	17	66	1	-1	16.5	17.5	65.5	66.5
#F2F2F2	18	66	1	-1	17.5	18.5	65.5	66.5
#F2F2F2	19	66	1	-1	18.5	19.5	65.5	66.5
#F2F2F2	20	66	1	-1	19.5	20.5	65.5	66.5
#F2F2F2	21	66	1	-1	20.5	21.5	65.5	66.5
#F2F2F2	22	66	1	-1	21.5	22.5	65.5	66.5
#F5F5F5	23	66	1	-1	22.5	23.5	65.5	66.5
#F5F5F5	24	66	1	-1	23.5	24.5	65.5	66.5
#F5F5F5	25	66	1	-1	24.5	25.5	65.5	66.5
#000000	1	89	1	-1	0.5	1.5	88.5	89.5
#898989	2	89	1	-1	1.5	2.5	88.5	89.5
#D0D0D0	3	89	1	-1	2.5	3.5	88.5	89.5
#B0B0B0	4	89	1	-1	3.5	4.5	88.5	89.5
#FCFCFC	5	89	1	-1	4.5	5.5	88.5	89.5
#FCFCFC	6	89	1	-1	5.5	6.5	88.5	89.5
#FBFBFB	7	89	1	-1	6.5	7.5	88.5	89.5
#F0F0F0	8	89	1	-1	7.5	8.5	88.5	89.5
#EFEFEF	9	89	1	-1	8.5	9.5	88.5	89.5
#FFFFFF	10	89	1	-1	9.5	10.5	88.5	89.5
#FFFFFF	11	89	1	-1	10.5	11.5	88.5	89.5
#FFFFFF	12	89	1	-1	11.5	12.5	88.5	89.5
#FFFFFF	13	89	1	-1	12.5	13.5	88.5	89.5
#FEFEFE	14	89	1	-1	13.5	14.5	88.5	89.5
#FEFEFE	15	89	1	-1	14.5	15.5	88.5	89.5
#FEFEFE	16	89	1	-1	15.5	16.5	88.5	89.5
#FEFEFE	17	89	1	-1	16.5	17.5	88.5	89.5
#FFFFFF	18	89	1	-1	17.5	18.5	88.5	89.5
#FEFEFE	19	89	1	-1	18.5	19.5	88.5	89.5
#FEFEFE	20	89	1	-1	19.5	20.5	88.5	89.5
#FEFEFE	21	89	1	-1	20.5	21.5	88.5	89.5
#FEFEFE	22	89	1	-1	21.5	22.5	88.5	89.5
#FEFEFE	23	89	1	-1	22.5	23.5	88.5	89.5
#FEFEFE	24	89	1	-1	23.5	24.5	88.5	89.5
#FEFEFE	25	89	1	-1	24.5	25.5	88.5	89.5
#000000	1	79	1	-1	0.5	1.5	78.5	79.5
#626262	2	79	1	-1	1.5	2.5	78.5	79.5
#B1B1B1	3	79	1	-1	2.5	3.5	78.5	79.5
#EFEFEF	4	79	1	-1	3.5	4.5	78.5	79.5
#FAFAFA	5	79	1	-1	4.5	5.5	78.5	79.5
#FDFDFD	6	79	1	-1	5.5	6.5	78.5	79.5
#FBFBFB	7	79	1	-1	6.5	7.5	78.5	79.5
#FFFFFF	8	79	1	-1	7.5	8.5	78.5	79.5
#F1F1F1	9	79	1	-1	8.5	9.5	78.5	79.5
#F1F1F1	10	79	1	-1	9.5	10.5	78.5	79.5
#F1F1F1	11	79	1	-1	10.5	11.5	78.5	79.5
#F0F0F0	12	79	1	-1	11.5	12.5	78.5	79.5
#E9E9E9	13	79	1	-1	12.5	13.5	78.5	79.5
#EAEAEA	14	79	1	-1	13.5	14.5	78.5	79.5
#E9E9E9	15	79	1	-1	14.5	15.5	78.5	79.5
#E8E8E8	16	79	1	-1	15.5	16.5	78.5	79.5
#E9E9E9	17	79	1	-1	16.5	17.5	78.5	79.5
#E9E9E9	18	79	1	-1	17.5	18.5	78.5	79.5
#E9E9E9	19	79	1	-1	18.5	19.5	78.5	79.5
#E9E9E9	20	79	1	-1	19.5	20.5	78.5	79.5
#E9E9E9	21	79	1	-1	20.5	21.5	78.5	79.5
#E9E9E9	22	79	1	-1	21.5	22.5	78.5	79.5
#E9E9E9	23	79	1	-1	22.5	23.5	78.5	79.5
#E9E9E9	24	79	1	-1	23.5	24.5	78.5	79.5
#E9E9E9	25	79	1	-1	24.5	25.5	78.5	79.5
#000000	1	94	1	-1	0.5	1.5	93.5	94.5
#595959	2	94	1	-1	1.5	2.5	93.5	94.5
#B6B6B6	3	94	1	-1	2.5	3.5	93.5	94.5
#BFBFBF	4	94	1	-1	3.5	4.5	93.5	94.5
#F7F7F7	5	94	1	-1	4.5	5.5	93.5	94.5
#F6F6F6	6	94	1	-1	5.5	6.5	93.5	94.5
#F6F6F6	7	94	1	-1	6.5	7.5	93.5	94.5
#F7F7F7	8	94	1	-1	7.5	8.5	93.5	94.5
#F5F5F5	9	94	1	-1	8.5	9.5	93.5	94.5
#F5F5F5	10	94	1	-1	9.5	10.5	93.5	94.5
#F2F2F2	11	94	1	-1	10.5	11.5	93.5	94.5
#FAFAFA	12	94	1	-1	11.5	12.5	93.5	94.5
#FDFDFD	13	94	1	-1	12.5	13.5	93.5	94.5
#FDFDFD	14	94	1	-1	13.5	14.5	93.5	94.5
#FDFDFD	15	94	1	-1	14.5	15.5	93.5	94.5
#FDFDFD	16	94	1	-1	15.5	16.5	93.5	94.5
#FDFDFD	17	94	1	-1	16.5	17.5	93.5	94.5
#FCFCFC	18	94	1	-1	17.5	18.5	93.5	94.5
#FFFFFF	19	94	1	-1	18.5	19.5	93.5	94.5
#FFFFFF	20	94	1	-1	19.5	20.5	93.5	94.5
#FFFFFF	21	94	1	-1	20.5	21.5	93.5	94.5
#FFFFFF	22	94	1	-1	21.5	22.5	93.5	94.5
#FFFFFF	23	94	1	-1	22.5	23.5	93.5	94.5
#FFFFFF	24	94	1	-1	23.5	24.5	93.5	94.5
#FFFFFF	25	94	1	-1	24.5	25.5	93.5	94.5
#000000	1	80	1	-1	0.5	1.5	79.5	80.5
#575757	2	80	1	-1	1.5	2.5	79.5	80.5
#9D9D9D	3	80	1	-1	2.5	3.5	79.5	80.5
#E1E1E1	4	80	1	-1	3.5	4.5	79.5	80.5
#FDFDFD	5	80	1	-1	4.5	5.5	79.5	80.5
#FAFAFA	6	80	1	-1	5.5	6.5	79.5	80.5
#F7F7F7	7	80	1	-1	6.5	7.5	79.5	80.5
#FFFFFF	8	80	1	-1	7.5	8.5	79.5	80.5
#F9F9F9	9	80	1	-1	8.5	9.5	79.5	80.5
#F9F9F9	10	80	1	-1	9.5	10.5	79.5	80.5
#F9F9F9	11	80	1	-1	10.5	11.5	79.5	80.5
#F7F7F7	12	80	1	-1	11.5	12.5	79.5	80.5
#E8E8E8	13	80	1	-1	12.5	13.5	79.5	80.5
#E8E8E8	14	80	1	-1	13.5	14.5	79.5	80.5
#E7E7E7	15	80	1	-1	14.5	15.5	79.5	80.5
#E7E7E7	16	80	1	-1	15.5	16.5	79.5	80.5
#E7E7E7	17	80	1	-1	16.5	17.5	79.5	80.5
#E8E8E8	18	80	1	-1	17.5	18.5	79.5	80.5
#E7E7E7	19	80	1	-1	18.5	19.5	79.5	80.5
#E8E8E8	20	80	1	-1	19.5	20.5	79.5	80.5
#E7E7E7	21	80	1	-1	20.5	21.5	79.5	80.5
#E7E7E7	22	80	1	-1	21.5	22.5	79.5	80.5
#E7E7E7	23	80	1	-1	22.5	23.5	79.5	80.5
#E7E7E7	24	80	1	-1	23.5	24.5	79.5	80.5
#E7E7E7	25	80	1	-1	24.5	25.5	79.5	80.5
#000000	1	81	1	-1	0.5	1.5	80.5	81.5
#888888	2	81	1	-1	1.5	2.5	80.5	81.5
#C6C6C6	3	81	1	-1	2.5	3.5	80.5	81.5
#DADADA	4	81	1	-1	3.5	4.5	80.5	81.5
#FAFAFA	5	81	1	-1	4.5	5.5	80.5	81.5
#FBFBFB	6	81	1	-1	5.5	6.5	80.5	81.5
#FEFEFE	7	81	1	-1	6.5	7.5	80.5	81.5
#FFFFFF	8	81	1	-1	7.5	8.5	80.5	81.5
#F2F2F2	9	81	1	-1	8.5	9.5	80.5	81.5
#F2F2F2	10	81	1	-1	9.5	10.5	80.5	81.5
#F2F2F2	11	81	1	-1	10.5	11.5	80.5	81.5
#F2F2F2	12	81	1	-1	11.5	12.5	80.5	81.5
#F8F8F8	13	81	1	-1	12.5	13.5	80.5	81.5
#F8F8F8	14	81	1	-1	13.5	14.5	80.5	81.5
#F8F8F8	15	81	1	-1	14.5	15.5	80.5	81.5
#F8F8F8	16	81	1	-1	15.5	16.5	80.5	81.5
#F8F8F8	17	81	1	-1	16.5	17.5	80.5	81.5
#F8F8F8	18	81	1	-1	17.5	18.5	80.5	81.5
#F9F9F9	19	81	1	-1	18.5	19.5	80.5	81.5
#F9F9F9	20	81	1	-1	19.5	20.5	80.5	81.5
#F9F9F9	21	81	1	-1	20.5	21.5	80.5	81.5
#F9F9F9	22	81	1	-1	21.5	22.5	80.5	81.5
#F9F9F9	23	81	1	-1	22.5	23.5	80.5	81.5
#F9F9F9	24	81	1	-1	23.5	24.5	80.5	81.5
#F9F9F9	25	81	1	-1	24.5	25.5	80.5	81.5
#000000	1	20	1	-1	0.5	1.5	19.5	20.5
#A0A0A0	2	20	1	-1	1.5	2.5	19.5	20.5
#FFFFFF	3	20	1	-1	2.5	3.5	19.5	20.5
#B1B1B1	4	20	1	-1	3.5	4.5	19.5	20.5
#E6E6E6	5	20	1	-1	4.5	5.5	19.5	20.5
#E2E2E2	6	20	1	-1	5.5	6.5	19.5	20.5
#E3E3E3	7	20	1	-1	6.5	7.5	19.5	20.5
#D5D5D5	8	20	1	-1	7.5	8.5	19.5	20.5
#D5D5D5	9	20	1	-1	8.5	9.5	19.5	20.5
#D7D7D7	10	20	1	-1	9.5	10.5	19.5	20.5
#D6D6D6	11	20	1	-1	10.5	11.5	19.5	20.5
#D6D6D6	12	20	1	-1	11.5	12.5	19.5	20.5
#D6D6D6	13	20	1	-1	12.5	13.5	19.5	20.5
#D5D5D5	14	20	1	-1	13.5	14.5	19.5	20.5
#D5D5D5	15	20	1	-1	14.5	15.5	19.5	20.5
#D5D5D5	16	20	1	-1	15.5	16.5	19.5	20.5
#D5D5D5	17	20	1	-1	16.5	17.5	19.5	20.5
#D5D5D5	18	20	1	-1	17.5	18.5	19.5	20.5
#D5D5D5	19	20	1	-1	18.5	19.5	19.5	20.5
#D0D0D0	20	20	1	-1	19.5	20.5	19.5	20.5
#D0D0D0	21	20	1	-1	20.5	21.5	19.5	20.5
#D0D0D0	22	20	1	-1	21.5	22.5	19.5	20.5
#D0D0D0	23	20	1	-1	22.5	23.5	19.5	20.5
#D0D0D0	24	20	1	-1	23.5	24.5	19.5	20.5
#D0D0D0	25	20	1	-1	24.5	25.5	19.5	20.5
#000000	1	21	1	-1	0.5	1.5	20.5	21.5
#8B8B8B	2	21	1	-1	1.5	2.5	20.5	21.5
#FFFFFF	3	21	1	-1	2.5	3.5	20.5	21.5
#D2D2D2	4	21	1	-1	3.5	4.5	20.5	21.5
#EBEBEB	5	21	1	-1	4.5	5.5	20.5	21.5
#ECECEC	6	21	1	-1	5.5	6.5	20.5	21.5
#E9E9E9	7	21	1	-1	6.5	7.5	20.5	21.5
#E7E7E7	8	21	1	-1	7.5	8.5	20.5	21.5
#E7E7E7	9	21	1	-1	8.5	9.5	20.5	21.5
#E7E7E7	10	21	1	-1	9.5	10.5	20.5	21.5
#E7E7E7	11	21	1	-1	10.5	11.5	20.5	21.5
#E6E6E6	12	21	1	-1	11.5	12.5	20.5	21.5
#E6E6E6	13	21	1	-1	12.5	13.5	20.5	21.5
#E6E6E6	14	21	1	-1	13.5	14.5	20.5	21.5
#E2E2E2	15	21	1	-1	14.5	15.5	20.5	21.5
#EAEAEA	16	21	1	-1	15.5	16.5	20.5	21.5
#EAEAEA	17	21	1	-1	16.5	17.5	20.5	21.5
#E8E8E8	18	21	1	-1	17.5	18.5	20.5	21.5
#E7E7E7	19	21	1	-1	18.5	19.5	20.5	21.5
#E4E4E4	20	21	1	-1	19.5	20.5	20.5	21.5
#E4E4E4	21	21	1	-1	20.5	21.5	20.5	21.5
#E4E4E4	22	21	1	-1	21.5	22.5	20.5	21.5
#E4E4E4	23	21	1	-1	22.5	23.5	20.5	21.5
#E4E4E4	24	21	1	-1	23.5	24.5	20.5	21.5
#E4E4E4	25	21	1	-1	24.5	25.5	20.5	21.5
#000000	1	56	1	-1	0.5	1.5	55.5	56.5
#808080	2	56	1	-1	1.5	2.5	55.5	56.5
#E7E7E7	3	56	1	-1	2.5	3.5	55.5	56.5
#D0D0D0	4	56	1	-1	3.5	4.5	55.5	56.5
#FFFFFF	5	56	1	-1	4.5	5.5	55.5	56.5
#EAEAEA	6	56	1	-1	5.5	6.5	55.5	56.5
#E9E9E9	7	56	1	-1	6.5	7.5	55.5	56.5
#EAEAEA	8	56	1	-1	7.5	8.5	55.5	56.5
#EAEAEA	9	56	1	-1	8.5	9.5	55.5	56.5
#EAEAEA	10	56	1	-1	9.5	10.5	55.5	56.5
#F6F6F6	11	56	1	-1	10.5	11.5	55.5	56.5
#F6F6F6	12	56	1	-1	11.5	12.5	55.5	56.5
#F5F5F5	13	56	1	-1	12.5	13.5	55.5	56.5
#F5F5F5	14	56	1	-1	13.5	14.5	55.5	56.5
#F5F5F5	15	56	1	-1	14.5	15.5	55.5	56.5
#F5F5F5	16	56	1	-1	15.5	16.5	55.5	56.5
#F6F6F6	17	56	1	-1	16.5	17.5	55.5	56.5
#F6F6F6	18	56	1	-1	17.5	18.5	55.5	56.5
#F6F6F6	19	56	1	-1	18.5	19.5	55.5	56.5
#F5F5F5	20	56	1	-1	19.5	20.5	55.5	56.5
#F6F6F6	21	56	1	-1	20.5	21.5	55.5	56.5
#F6F6F6	22	56	1	-1	21.5	22.5	55.5	56.5
#F6F6F6	23	56	1	-1	22.5	23.5	55.5	56.5
#F6F6F6	24	56	1	-1	23.5	24.5	55.5	56.5
#F6F6F6	25	56	1	-1	24.5	25.5	55.5	56.5
#000000	1	82	1	-1	0.5	1.5	81.5	82.5
#434343	2	82	1	-1	1.5	2.5	81.5	82.5
#555555	3	82	1	-1	2.5	3.5	81.5	82.5
#828282	4	82	1	-1	3.5	4.5	81.5	82.5
#FBFBFB	5	82	1	-1	4.5	5.5	81.5	82.5
#F7F7F7	6	82	1	-1	5.5	6.5	81.5	82.5
#FBFBFB	7	82	1	-1	6.5	7.5	81.5	82.5
#FFFFFF	8	82	1	-1	7.5	8.5	81.5	82.5
#EEEEEE	9	82	1	-1	8.5	9.5	81.5	82.5
#EDEDED	10	82	1	-1	9.5	10.5	81.5	82.5
#EEEEEE	11	82	1	-1	10.5	11.5	81.5	82.5
#EEEEEE	12	82	1	-1	11.5	12.5	81.5	82.5
#EEEEEE	13	82	1	-1	12.5	13.5	81.5	82.5
#EFEFEF	14	82	1	-1	13.5	14.5	81.5	82.5
#F0F0F0	15	82	1	-1	14.5	15.5	81.5	82.5
#F0F0F0	16	82	1	-1	15.5	16.5	81.5	82.5
#F0F0F0	17	82	1	-1	16.5	17.5	81.5	82.5
#F0F0F0	18	82	1	-1	17.5	18.5	81.5	82.5
#F0F0F0	19	82	1	-1	18.5	19.5	81.5	82.5
#F0F0F0	20	82	1	-1	19.5	20.5	81.5	82.5
#F0F0F0	21	82	1	-1	20.5	21.5	81.5	82.5
#F0F0F0	22	82	1	-1	21.5	22.5	81.5	82.5
#F0F0F0	23	82	1	-1	22.5	23.5	81.5	82.5
#F0F0F0	24	82	1	-1	23.5	24.5	81.5	82.5
#F0F0F0	25	82	1	-1	24.5	25.5	81.5	82.5
#000000	1	67	1	-1	0.5	1.5	66.5	67.5
#777777	2	67	1	-1	1.5	2.5	66.5	67.5
#B8B8B8	3	67	1	-1	2.5	3.5	66.5	67.5
#D7D7D7	4	67	1	-1	3.5	4.5	66.5	67.5
#F3F3F3	5	67	1	-1	4.5	5.5	66.5	67.5
#FFFFFF	6	67	1	-1	5.5	6.5	66.5	67.5
#EBEBEB	7	67	1	-1	6.5	7.5	66.5	67.5
#EBEBEB	8	67	1	-1	7.5	8.5	66.5	67.5
#ECECEC	9	67	1	-1	8.5	9.5	66.5	67.5
#EBEBEB	10	67	1	-1	9.5	10.5	66.5	67.5
#F1F1F1	11	67	1	-1	10.5	11.5	66.5	67.5
#EAEAEA	12	67	1	-1	11.5	12.5	66.5	67.5
#E9E9E9	13	67	1	-1	12.5	13.5	66.5	67.5
#E8E8E8	14	67	1	-1	13.5	14.5	66.5	67.5
#E8E8E8	15	67	1	-1	14.5	15.5	66.5	67.5
#E8E8E8	16	67	1	-1	15.5	16.5	66.5	67.5
#E7E7E7	17	67	1	-1	16.5	17.5	66.5	67.5
#E7E7E7	18	67	1	-1	17.5	18.5	66.5	67.5
#EAEAEA	19	67	1	-1	18.5	19.5	66.5	67.5
#EAEAEA	20	67	1	-1	19.5	20.5	66.5	67.5
#EAEAEA	21	67	1	-1	20.5	21.5	66.5	67.5
#EAEAEA	22	67	1	-1	21.5	22.5	66.5	67.5
#EAEAEA	23	67	1	-1	22.5	23.5	66.5	67.5
#EAEAEA	24	67	1	-1	23.5	24.5	66.5	67.5
#EAEAEA	25	67	1	-1	24.5	25.5	66.5	67.5
#000000	1	57	1	-1	0.5	1.5	56.5	57.5
#606060	2	57	1	-1	1.5	2.5	56.5	57.5
#9E9E9E	3	57	1	-1	2.5	3.5	56.5	57.5
#CBCBCB	4	57	1	-1	3.5	4.5	56.5	57.5
#FFFFFF	5	57	1	-1	4.5	5.5	56.5	57.5
#FFFFFF	6	57	1	-1	5.5	6.5	56.5	57.5
#E2E2E2	7	57	1	-1	6.5	7.5	56.5	57.5
#E1E1E1	8	57	1	-1	7.5	8.5	56.5	57.5
#E0E0E0	9	57	1	-1	8.5	9.5	56.5	57.5
#E0E0E0	10	57	1	-1	9.5	10.5	56.5	57.5
#E0E0E0	11	57	1	-1	10.5	11.5	56.5	57.5
#E1E1E1	12	57	1	-1	11.5	12.5	56.5	57.5
#E0E0E0	13	57	1	-1	12.5	13.5	56.5	57.5
#E1E1E1	14	57	1	-1	13.5	14.5	56.5	57.5
#E1E1E1	15	57	1	-1	14.5	15.5	56.5	57.5
#E1E1E1	16	57	1	-1	15.5	16.5	56.5	57.5
#E0E0E0	17	57	1	-1	16.5	17.5	56.5	57.5
#E0E0E0	18	57	1	-1	17.5	18.5	56.5	57.5
#E0E0E0	19	57	1	-1	18.5	19.5	56.5	57.5
#DFDFDF	20	57	1	-1	19.5	20.5	56.5	57.5
#DFDFDF	21	57	1	-1	20.5	21.5	56.5	57.5
#DEDEDE	22	57	1	-1	21.5	22.5	56.5	57.5
#DEDEDE	23	57	1	-1	22.5	23.5	56.5	57.5
#DFDFDF	24	57	1	-1	23.5	24.5	56.5	57.5
#DFDFDF	25	57	1	-1	24.5	25.5	56.5	57.5
#000000	1	27	1	-1	0.5	1.5	26.5	27.5
#626262	2	27	1	-1	1.5	2.5	26.5	27.5
#BFBFBF	3	27	1	-1	2.5	3.5	26.5	27.5
#FFFFFF	4	27	1	-1	3.5	4.5	26.5	27.5
#FAFAFA	5	27	1	-1	4.5	5.5	26.5	27.5
#F3F3F3	6	27	1	-1	5.5	6.5	26.5	27.5
#EAEAEA	7	27	1	-1	6.5	7.5	26.5	27.5
#E9E9E9	8	27	1	-1	7.5	8.5	26.5	27.5
#E8E8E8	9	27	1	-1	8.5	9.5	26.5	27.5
#E7E7E7	10	27	1	-1	9.5	10.5	26.5	27.5
#E5E5E5	11	27	1	-1	10.5	11.5	26.5	27.5
#E6E6E6	12	27	1	-1	11.5	12.5	26.5	27.5
#E3E3E3	13	27	1	-1	12.5	13.5	26.5	27.5
#E3E3E3	14	27	1	-1	13.5	14.5	26.5	27.5
#E6E6E6	15	27	1	-1	14.5	15.5	26.5	27.5
#E1E1E1	16	27	1	-1	15.5	16.5	26.5	27.5
#E1E1E1	17	27	1	-1	16.5	17.5	26.5	27.5
#E0E0E0	18	27	1	-1	17.5	18.5	26.5	27.5
#E1E1E1	19	27	1	-1	18.5	19.5	26.5	27.5
#E1E1E1	20	27	1	-1	19.5	20.5	26.5	27.5
#E1E1E1	21	27	1	-1	20.5	21.5	26.5	27.5
#E3E3E3	22	27	1	-1	21.5	22.5	26.5	27.5
#E3E3E3	23	27	1	-1	22.5	23.5	26.5	27.5
#E3E3E3	24	27	1	-1	23.5	24.5	26.5	27.5
#E3E3E3	25	27	1	-1	24.5	25.5	26.5	27.5
#000000	1	83	1	-1	0.5	1.5	82.5	83.5
#616161	2	83	1	-1	1.5	2.5	82.5	83.5
#B4B4B4	3	83	1	-1	2.5	3.5	82.5	83.5
#D7D7D7	4	83	1	-1	3.5	4.5	82.5	83.5
#F3F3F3	5	83	1	-1	4.5	5.5	82.5	83.5
#F4F4F4	6	83	1	-1	5.5	6.5	82.5	83.5
#FCFCFC	7	83	1	-1	6.5	7.5	82.5	83.5
#FFFFFF	8	83	1	-1	7.5	8.5	82.5	83.5
#FFFFFF	9	83	1	-1	8.5	9.5	82.5	83.5
#F8F8F8	10	83	1	-1	9.5	10.5	82.5	83.5
#F8F8F8	11	83	1	-1	10.5	11.5	82.5	83.5
#F8F8F8	12	83	1	-1	11.5	12.5	82.5	83.5
#F7F7F7	13	83	1	-1	12.5	13.5	82.5	83.5
#F7F7F7	14	83	1	-1	13.5	14.5	82.5	83.5
#F8F8F8	15	83	1	-1	14.5	15.5	82.5	83.5
#F8F8F8	16	83	1	-1	15.5	16.5	82.5	83.5
#F7F7F7	17	83	1	-1	16.5	17.5	82.5	83.5
#F8F8F8	18	83	1	-1	17.5	18.5	82.5	83.5
#F7F7F7	19	83	1	-1	18.5	19.5	82.5	83.5
#F7F7F7	20	83	1	-1	19.5	20.5	82.5	83.5
#F7F7F7	21	83	1	-1	20.5	21.5	82.5	83.5
#F8F8F8	22	83	1	-1	21.5	22.5	82.5	83.5
#F8F8F8	23	83	1	-1	22.5	23.5	82.5	83.5
#F8F8F8	24	83	1	-1	23.5	24.5	82.5	83.5
#F8F8F8	25	83	1	-1	24.5	25.5	82.5	83.5
#000000	1	58	1	-1	0.5	1.5	57.5	58.5
#919191	2	58	1	-1	1.5	2.5	57.5	58.5
#7E7E7E	3	58	1	-1	2.5	3.5	57.5	58.5
#8D8D8D	4	58	1	-1	3.5	4.5	57.5	58.5
#FFFFFF	5	58	1	-1	4.5	5.5	57.5	58.5
#FDFDFD	6	58	1	-1	5.5	6.5	57.5	58.5
#FCFCFC	7	58	1	-1	6.5	7.5	57.5	58.5
#F7F7F7	8	58	1	-1	7.5	8.5	57.5	58.5
#FDFDFD	9	58	1	-1	8.5	9.5	57.5	58.5
#FDFDFD	10	58	1	-1	9.5	10.5	57.5	58.5
#FDFDFD	11	58	1	-1	10.5	11.5	57.5	58.5
#FDFDFD	12	58	1	-1	11.5	12.5	57.5	58.5
#FEFEFE	13	58	1	-1	12.5	13.5	57.5	58.5
#FEFEFE	14	58	1	-1	13.5	14.5	57.5	58.5
#FEFEFE	15	58	1	-1	14.5	15.5	57.5	58.5
#FFFFFF	16	58	1	-1	15.5	16.5	57.5	58.5
#FBFBFB	17	58	1	-1	16.5	17.5	57.5	58.5
#FBFBFB	18	58	1	-1	17.5	18.5	57.5	58.5
#FBFBFB	19	58	1	-1	18.5	19.5	57.5	58.5
#FCFCFC	20	58	1	-1	19.5	20.5	57.5	58.5
#FCFCFC	21	58	1	-1	20.5	21.5	57.5	58.5
#FCFCFC	22	58	1	-1	21.5	22.5	57.5	58.5
#FCFCFC	23	58	1	-1	22.5	23.5	57.5	58.5
#FCFCFC	24	58	1	-1	23.5	24.5	57.5	58.5
#FBFBFB	25	58	1	-1	24.5	25.5	57.5	58.5
#000000	1	100	1	-1	0.5	1.5	99.5	100.5
#787878	2	100	1	-1	1.5	2.5	99.5	100.5
#C4C4C4	3	100	1	-1	2.5	3.5	99.5	100.5
#BABABA	4	100	1	-1	3.5	4.5	99.5	100.5
#FAFAFA	5	100	1	-1	4.5	5.5	99.5	100.5
#FAFAFA	6	100	1	-1	5.5	6.5	99.5	100.5
#FAFAFA	7	100	1	-1	6.5	7.5	99.5	100.5
#F3F3F3	8	100	1	-1	7.5	8.5	99.5	100.5
#F3F3F3	9	100	1	-1	8.5	9.5	99.5	100.5
#F3F3F3	10	100	1	-1	9.5	10.5	99.5	100.5
#F4F4F4	11	100	1	-1	10.5	11.5	99.5	100.5
#F4F4F4	12	100	1	-1	11.5	12.5	99.5	100.5
#F4F4F4	13	100	1	-1	12.5	13.5	99.5	100.5
#FDFDFD	14	100	1	-1	13.5	14.5	99.5	100.5
#FDFDFD	15	100	1	-1	14.5	15.5	99.5	100.5
#FDFDFD	16	100	1	-1	15.5	16.5	99.5	100.5
#FDFDFD	17	100	1	-1	16.5	17.5	99.5	100.5
#FDFDFD	18	100	1	-1	17.5	18.5	99.5	100.5
#FDFDFD	19	100	1	-1	18.5	19.5	99.5	100.5
#FEFEFE	20	100	1	-1	19.5	20.5	99.5	100.5
#FEFEFE	21	100	1	-1	20.5	21.5	99.5	100.5
#FEFEFE	22	100	1	-1	21.5	22.5	99.5	100.5
#FFFFFF	23	100	1	-1	22.5	23.5	99.5	100.5
#FFFFFF	24	100	1	-1	23.5	24.5	99.5	100.5
#FFFFFF	25	100	1	-1	24.5	25.5	99.5	100.5
#000000	1	68	1	-1	0.5	1.5	67.5	68.5
#BCBCBC	2	68	1	-1	1.5	2.5	67.5	68.5
#929292	3	68	1	-1	2.5	3.5	67.5	68.5
#C0C0C0	4	68	1	-1	3.5	4.5	67.5	68.5
#FDFDFD	5	68	1	-1	4.5	5.5	67.5	68.5
#FFFFFF	6	68	1	-1	5.5	6.5	67.5	68.5
#E8E8E8	7	68	1	-1	6.5	7.5	67.5	68.5
#DBDBDB	8	68	1	-1	7.5	8.5	67.5	68.5
#D8D8D8	9	68	1	-1	8.5	9.5	67.5	68.5
#D8D8D8	10	68	1	-1	9.5	10.5	67.5	68.5
#D7D7D7	11	68	1	-1	10.5	11.5	67.5	68.5
#D8D8D8	12	68	1	-1	11.5	12.5	67.5	68.5
#D8D8D8	13	68	1	-1	12.5	13.5	67.5	68.5
#D8D8D8	14	68	1	-1	13.5	14.5	67.5	68.5
#D8D8D8	15	68	1	-1	14.5	15.5	67.5	68.5
#D8D8D8	16	68	1	-1	15.5	16.5	67.5	68.5
#D7D7D7	17	68	1	-1	16.5	17.5	67.5	68.5
#D7D7D7	18	68	1	-1	17.5	18.5	67.5	68.5
#D8D8D8	19	68	1	-1	18.5	19.5	67.5	68.5
#D8D8D8	20	68	1	-1	19.5	20.5	67.5	68.5
#D8D8D8	21	68	1	-1	20.5	21.5	67.5	68.5
#D8D8D8	22	68	1	-1	21.5	22.5	67.5	68.5
#D8D8D8	23	68	1	-1	22.5	23.5	67.5	68.5
#D8D8D8	24	68	1	-1	23.5	24.5	67.5	68.5
#D8D8D8	25	68	1	-1	24.5	25.5	67.5	68.5
#000000	1	85	1	-1	0.5	1.5	84.5	85.5
#848484	2	85	1	-1	1.5	2.5	84.5	85.5
#B5B5B5	3	85	1	-1	2.5	3.5	84.5	85.5
#BCBCBC	4	85	1	-1	3.5	4.5	84.5	85.5
#F2F2F2	5	85	1	-1	4.5	5.5	84.5	85.5
#F1F1F1	6	85	1	-1	5.5	6.5	84.5	85.5
#F2F2F2	7	85	1	-1	6.5	7.5	84.5	85.5
#F2F2F2	8	85	1	-1	7.5	8.5	84.5	85.5
#FFFFFF	9	85	1	-1	8.5	9.5	84.5	85.5
#FEFEFE	10	85	1	-1	9.5	10.5	84.5	85.5
#FBFBFB	11	85	1	-1	10.5	11.5	84.5	85.5
#FBFBFB	12	85	1	-1	11.5	12.5	84.5	85.5
#FAFAFA	13	85	1	-1	12.5	13.5	84.5	85.5
#F9F9F9	14	85	1	-1	13.5	14.5	84.5	85.5
#F8F8F8	15	85	1	-1	14.5	15.5	84.5	85.5
#F8F8F8	16	85	1	-1	15.5	16.5	84.5	85.5
#FBFBFB	17	85	1	-1	16.5	17.5	84.5	85.5
#F8F8F8	18	85	1	-1	17.5	18.5	84.5	85.5
#F8F8F8	19	85	1	-1	18.5	19.5	84.5	85.5
#F8F8F8	20	85	1	-1	19.5	20.5	84.5	85.5
#F8F8F8	21	85	1	-1	20.5	21.5	84.5	85.5
#F8F8F8	22	85	1	-1	21.5	22.5	84.5	85.5
#F9F9F9	23	85	1	-1	22.5	23.5	84.5	85.5
#F9F9F9	24	85	1	-1	23.5	24.5	84.5	85.5
#F9F9F9	25	85	1	-1	24.5	25.5	84.5	85.5
#000000	1	90	1	-1	0.5	1.5	89.5	90.5
#BCBCBC	2	90	1	-1	1.5	2.5	89.5	90.5
#BABABA	3	90	1	-1	2.5	3.5	89.5	90.5
#9F9F9F	4	90	1	-1	3.5	4.5	89.5	90.5
#FEFEFE	5	90	1	-1	4.5	5.5	89.5	90.5
#FEFEFE	6	90	1	-1	5.5	6.5	89.5	90.5
#FDFDFD	7	90	1	-1	6.5	7.5	89.5	90.5
#FDFDFD	8	90	1	-1	7.5	8.5	89.5	90.5
#F6F6F6	9	90	1	-1	8.5	9.5	89.5	90.5
#FBFBFB	10	90	1	-1	9.5	10.5	89.5	90.5
#FAFAFA	11	90	1	-1	10.5	11.5	89.5	90.5
#FAFAFA	12	90	1	-1	11.5	12.5	89.5	90.5
#F5F5F5	13	90	1	-1	12.5	13.5	89.5	90.5
#FFFFFF	14	90	1	-1	13.5	14.5	89.5	90.5
#FFFFFF	15	90	1	-1	14.5	15.5	89.5	90.5
#FFFFFF	16	90	1	-1	15.5	16.5	89.5	90.5
#FFFFFF	17	90	1	-1	16.5	17.5	89.5	90.5
#FEFEFE	18	90	1	-1	17.5	18.5	89.5	90.5
#FFFFFF	19	90	1	-1	18.5	19.5	89.5	90.5
#FEFEFE	20	90	1	-1	19.5	20.5	89.5	90.5
#F7F7F7	21	90	1	-1	20.5	21.5	89.5	90.5
#F7F7F7	22	90	1	-1	21.5	22.5	89.5	90.5
#F7F7F7	23	90	1	-1	22.5	23.5	89.5	90.5
#F7F7F7	24	90	1	-1	23.5	24.5	89.5	90.5
#F7F7F7	25	90	1	-1	24.5	25.5	89.5	90.5
#000000	1	84	1	-1	0.5	1.5	83.5	84.5
#CDCDCD	2	84	1	-1	1.5	2.5	83.5	84.5
#F2F2F2	3	84	1	-1	2.5	3.5	83.5	84.5
#DFDFDF	4	84	1	-1	3.5	4.5	83.5	84.5
#FBFBFB	5	84	1	-1	4.5	5.5	83.5	84.5
#F6F6F6	6	84	1	-1	5.5	6.5	83.5	84.5
#FEFEFE	7	84	1	-1	6.5	7.5	83.5	84.5
#FFFFFF	8	84	1	-1	7.5	8.5	83.5	84.5
#FCFCFC	9	84	1	-1	8.5	9.5	83.5	84.5
#ECECEC	10	84	1	-1	9.5	10.5	83.5	84.5
#EBEBEB	11	84	1	-1	10.5	11.5	83.5	84.5
#ECECEC	12	84	1	-1	11.5	12.5	83.5	84.5
#ECECEC	13	84	1	-1	12.5	13.5	83.5	84.5
#ECECEC	14	84	1	-1	13.5	14.5	83.5	84.5
#ECECEC	15	84	1	-1	14.5	15.5	83.5	84.5
#E7E7E7	16	84	1	-1	15.5	16.5	83.5	84.5
#E2E2E2	17	84	1	-1	16.5	17.5	83.5	84.5
#E2E2E2	18	84	1	-1	17.5	18.5	83.5	84.5
#E2E2E2	19	84	1	-1	18.5	19.5	83.5	84.5
#E2E2E2	20	84	1	-1	19.5	20.5	83.5	84.5
#DEDEDE	21	84	1	-1	20.5	21.5	83.5	84.5
#DEDEDE	22	84	1	-1	21.5	22.5	83.5	84.5
#DEDEDE	23	84	1	-1	22.5	23.5	83.5	84.5
#DEDEDE	24	84	1	-1	23.5	24.5	83.5	84.5
#DEDEDE	25	84	1	-1	24.5	25.5	83.5	84.5
#000000	1	32	2	-1	0.5	1.5	31.5	32.5
#363636	2	32	2	-1	1.5	2.5	31.5	32.5
#565656	3	32	2	-1	2.5	3.5	31.5	32.5
#717171	4	32	2	-1	3.5	4.5	31.5	32.5
#FFFFFF	5	32	2	-1	4.5	5.5	31.5	32.5
#FFFFFF	6	32	2	-1	5.5	6.5	31.5	32.5
#ECECEC	7	32	2	-1	6.5	7.5	31.5	32.5
#E4E4E4	8	32	2	-1	7.5	8.5	31.5	32.5
#E6E6E6	9	32	2	-1	8.5	9.5	31.5	32.5
#E8E8E8	10	32	2	-1	9.5	10.5	31.5	32.5
#E8E8E8	11	32	2	-1	10.5	11.5	31.5	32.5
#E9E9E9	12	32	2	-1	11.5	12.5	31.5	32.5
#E5E5E5	13	32	2	-1	12.5	13.5	31.5	32.5
#E5E5E5	14	32	2	-1	13.5	14.5	31.5	32.5
#E8E8E8	15	32	2	-1	14.5	15.5	31.5	32.5
#E9E9E9	16	32	2	-1	15.5	16.5	31.5	32.5
#E9E9E9	17	32	2	-1	16.5	17.5	31.5	32.5
#EAEAEA	18	32	2	-1	17.5	18.5	31.5	32.5
#E7E7E7	19	32	2	-1	18.5	19.5	31.5	32.5
#E7E7E7	20	32	2	-1	19.5	20.5	31.5	32.5
#E7E7E7	21	32	2	-1	20.5	21.5	31.5	32.5
#E7E7E7	22	32	2	-1	21.5	22.5	31.5	32.5
#E7E7E7	23	32	2	-1	22.5	23.5	31.5	32.5
#E7E7E7	24	32	2	-1	23.5	24.5	31.5	32.5
#E7E7E7	25	32	2	-1	24.5	25.5	31.5	32.5
#000000	1	33	2	-1	0.5	1.5	32.5	33.5
#828282	2	33	2	-1	1.5	2.5	32.5	33.5
#EFEFEF	3	33	2	-1	2.5	3.5	32.5	33.5
#D5D5D5	4	33	2	-1	3.5	4.5	32.5	33.5
#FFFFFF	5	33	2	-1	4.5	5.5	32.5	33.5
#FEFEFE	6	33	2	-1	5.5	6.5	32.5	33.5
#FFFFFF	7	33	2	-1	6.5	7.5	32.5	33.5
#F1F1F1	8	33	2	-1	7.5	8.5	32.5	33.5
#F1F1F1	9	33	2	-1	8.5	9.5	32.5	33.5
#FBFBFB	10	33	2	-1	9.5	10.5	32.5	33.5
#FBFBFB	11	33	2	-1	10.5	11.5	32.5	33.5
#FAFAFA	12	33	2	-1	11.5	12.5	32.5	33.5
#FAFAFA	13	33	2	-1	12.5	13.5	32.5	33.5
#FBFBFB	14	33	2	-1	13.5	14.5	32.5	33.5
#FBFBFB	15	33	2	-1	14.5	15.5	32.5	33.5
#FBFBFB	16	33	2	-1	15.5	16.5	32.5	33.5
#FBFBFB	17	33	2	-1	16.5	17.5	32.5	33.5
#FBFBFB	18	33	2	-1	17.5	18.5	32.5	33.5
#FAFAFA	19	33	2	-1	18.5	19.5	32.5	33.5
#F9F9F9	20	33	2	-1	19.5	20.5	32.5	33.5
#F9F9F9	21	33	2	-1	20.5	21.5	32.5	33.5
#F9F9F9	22	33	2	-1	21.5	22.5	32.5	33.5
#F9F9F9	23	33	2	-1	22.5	23.5	32.5	33.5
#FAFAFA	24	33	2	-1	23.5	24.5	32.5	33.5
#FAFAFA	25	33	2	-1	24.5	25.5	32.5	33.5
#000000	1	85	2	-1	0.5	1.5	84.5	85.5
#646464	2	85	2	-1	1.5	2.5	84.5	85.5
#8F8F8F	3	85	2	-1	2.5	3.5	84.5	85.5
#CBCBCB	4	85	2	-1	3.5	4.5	84.5	85.5
#FAFAFA	5	85	2	-1	4.5	5.5	84.5	85.5
#F9F9F9	6	85	2	-1	5.5	6.5	84.5	85.5
#FCFCFC	7	85	2	-1	6.5	7.5	84.5	85.5
#FFFFFF	8	85	2	-1	7.5	8.5	84.5	85.5
#F8F8F8	9	85	2	-1	8.5	9.5	84.5	85.5
#EDEDED	10	85	2	-1	9.5	10.5	84.5	85.5
#ECECEC	11	85	2	-1	10.5	11.5	84.5	85.5
#EBEBEB	12	85	2	-1	11.5	12.5	84.5	85.5
#EBEBEB	13	85	2	-1	12.5	13.5	84.5	85.5
#EAEAEA	14	85	2	-1	13.5	14.5	84.5	85.5
#EAEAEA	15	85	2	-1	14.5	15.5	84.5	85.5
#E8E8E8	16	85	2	-1	15.5	16.5	84.5	85.5
#EDEDED	17	85	2	-1	16.5	17.5	84.5	85.5
#E6E6E6	18	85	2	-1	17.5	18.5	84.5	85.5
#E5E5E5	19	85	2	-1	18.5	19.5	84.5	85.5
#E5E5E5	20	85	2	-1	19.5	20.5	84.5	85.5
#E5E5E5	21	85	2	-1	20.5	21.5	84.5	85.5
#E5E5E5	22	85	2	-1	21.5	22.5	84.5	85.5
#E5E5E5	23	85	2	-1	22.5	23.5	84.5	85.5
#E5E5E5	24	85	2	-1	23.5	24.5	84.5	85.5
#E5E5E5	25	85	2	-1	24.5	25.5	84.5	85.5
#000000	1	77	2	-1	0.5	1.5	76.5	77.5
#515151	2	77	2	-1	1.5	2.5	76.5	77.5
#B4B4B4	3	77	2	-1	2.5	3.5	76.5	77.5
#B9B9B9	4	77	2	-1	3.5	4.5	76.5	77.5
#FEFEFE	5	77	2	-1	4.5	5.5	76.5	77.5
#FEFEFE	6	77	2	-1	5.5	6.5	76.5	77.5
#FFFFFF	7	77	2	-1	6.5	7.5	76.5	77.5
#FBFBFB	8	77	2	-1	7.5	8.5	76.5	77.5
#F9F9F9	9	77	2	-1	8.5	9.5	76.5	77.5
#F9F9F9	10	77	2	-1	9.5	10.5	76.5	77.5
#E9E9E9	11	77	2	-1	10.5	11.5	76.5	77.5
#EAEAEA	12	77	2	-1	11.5	12.5	76.5	77.5
#E9E9E9	13	77	2	-1	12.5	13.5	76.5	77.5
#E9E9E9	14	77	2	-1	13.5	14.5	76.5	77.5
#E9E9E9	15	77	2	-1	14.5	15.5	76.5	77.5
#E9E9E9	16	77	2	-1	15.5	16.5	76.5	77.5
#EBEBEB	17	77	2	-1	16.5	17.5	76.5	77.5
#EBEBEB	18	77	2	-1	17.5	18.5	76.5	77.5
#EBEBEB	19	77	2	-1	18.5	19.5	76.5	77.5
#EAEAEA	20	77	2	-1	19.5	20.5	76.5	77.5
#EAEAEA	21	77	2	-1	20.5	21.5	76.5	77.5
#EAEAEA	22	77	2	-1	21.5	22.5	76.5	77.5
#EAEAEA	23	77	2	-1	22.5	23.5	76.5	77.5
#EAEAEA	24	77	2	-1	23.5	24.5	76.5	77.5
#EAEAEA	25	77	2	-1	24.5	25.5	76.5	77.5
#000000	1	4	2	-1	0.5	1.5	3.5	4.5
#909090	2	4	2	-1	1.5	2.5	3.5	4.5
#FFFFFF	3	4	2	-1	2.5	3.5	3.5	4.5
#B5B5B5	4	4	2	-1	3.5	4.5	3.5	4.5
#DDDDDD	5	4	2	-1	4.5	5.5	3.5	4.5
#DCDCDC	6	4	2	-1	5.5	6.5	3.5	4.5
#DCDCDC	7	4	2	-1	6.5	7.5	3.5	4.5
#D8D8D8	8	4	2	-1	7.5	8.5	3.5	4.5
#CFCFCF	9	4	2	-1	8.5	9.5	3.5	4.5
#CFCFCF	10	4	2	-1	9.5	10.5	3.5	4.5
#CFCFCF	11	4	2	-1	10.5	11.5	3.5	4.5
#CFCFCF	12	4	2	-1	11.5	12.5	3.5	4.5
#CECECE	13	4	2	-1	12.5	13.5	3.5	4.5
#CECECE	14	4	2	-1	13.5	14.5	3.5	4.5
#CFCFCF	15	4	2	-1	14.5	15.5	3.5	4.5
#CFCFCF	16	4	2	-1	15.5	16.5	3.5	4.5
#C6C6C6	17	4	2	-1	16.5	17.5	3.5	4.5
#C6C6C6	18	4	2	-1	17.5	18.5	3.5	4.5
#C6C6C6	19	4	2	-1	18.5	19.5	3.5	4.5
#C6C6C6	20	4	2	-1	19.5	20.5	3.5	4.5
#C6C6C6	21	4	2	-1	20.5	21.5	3.5	4.5
#C6C6C6	22	4	2	-1	21.5	22.5	3.5	4.5
#C6C6C6	23	4	2	-1	22.5	23.5	3.5	4.5
#C6C6C6	24	4	2	-1	23.5	24.5	3.5	4.5
#C6C6C6	25	4	2	-1	24.5	25.5	3.5	4.5
#000000	1	34	2	-1	0.5	1.5	33.5	34.5
#515151	2	34	2	-1	1.5	2.5	33.5	34.5
#828282	3	34	2	-1	2.5	3.5	33.5	34.5
#B7B7B7	4	34	2	-1	3.5	4.5	33.5	34.5
#FFFFFF	5	34	2	-1	4.5	5.5	33.5	34.5
#F1F1F1	6	34	2	-1	5.5	6.5	33.5	34.5
#F1F1F1	7	34	2	-1	6.5	7.5	33.5	34.5
#F1F1F1	8	34	2	-1	7.5	8.5	33.5	34.5
#F1F1F1	9	34	2	-1	8.5	9.5	33.5	34.5
#EFEFEF	10	34	2	-1	9.5	10.5	33.5	34.5
#EFEFEF	11	34	2	-1	10.5	11.5	33.5	34.5
#F5F5F5	12	34	2	-1	11.5	12.5	33.5	34.5
#F2F2F2	13	34	2	-1	12.5	13.5	33.5	34.5
#EDEDED	14	34	2	-1	13.5	14.5	33.5	34.5
#EDEDED	15	34	2	-1	14.5	15.5	33.5	34.5
#ECECEC	16	34	2	-1	15.5	16.5	33.5	34.5
#EDEDED	17	34	2	-1	16.5	17.5	33.5	34.5
#ECECEC	18	34	2	-1	17.5	18.5	33.5	34.5
#EDEDED	19	34	2	-1	18.5	19.5	33.5	34.5
#EDEDED	20	34	2	-1	19.5	20.5	33.5	34.5
#ECECEC	21	34	2	-1	20.5	21.5	33.5	34.5
#ECECEC	22	34	2	-1	21.5	22.5	33.5	34.5
#ECECEC	23	34	2	-1	22.5	23.5	33.5	34.5
#ECECEC	24	34	2	-1	23.5	24.5	33.5	34.5
#ECECEC	25	34	2	-1	24.5	25.5	33.5	34.5
#000000	1	28	2	-1	0.5	1.5	27.5	28.5
#6F6F6F	2	28	2	-1	1.5	2.5	27.5	28.5
#B5B5B5	3	28	2	-1	2.5	3.5	27.5	28.5
#FFFFFF	4	28	2	-1	3.5	4.5	27.5	28.5
#D9D9D9	5	28	2	-1	4.5	5.5	27.5	28.5
#D6D6D6	6	28	2	-1	5.5	6.5	27.5	28.5
#CECECE	7	28	2	-1	6.5	7.5	27.5	28.5
#CDCDCD	8	28	2	-1	7.5	8.5	27.5	28.5
#CDCDCD	9	28	2	-1	8.5	9.5	27.5	28.5
#D0D0D0	10	28	2	-1	9.5	10.5	27.5	28.5
#D0D0D0	11	28	2	-1	10.5	11.5	27.5	28.5
#C7C7C7	12	28	2	-1	11.5	12.5	27.5	28.5
#C8C8C8	13	28	2	-1	12.5	13.5	27.5	28.5
#C8C8C8	14	28	2	-1	13.5	14.5	27.5	28.5
#C8C8C8	15	28	2	-1	14.5	15.5	27.5	28.5
#C8C8C8	16	28	2	-1	15.5	16.5	27.5	28.5
#C8C8C8	17	28	2	-1	16.5	17.5	27.5	28.5
#C8C8C8	18	28	2	-1	17.5	18.5	27.5	28.5
#C8C8C8	19	28	2	-1	18.5	19.5	27.5	28.5
#C8C8C8	20	28	2	-1	19.5	20.5	27.5	28.5
#C8C8C8	21	28	2	-1	20.5	21.5	27.5	28.5
#C9C9C9	22	28	2	-1	21.5	22.5	27.5	28.5
#C9C9C9	23	28	2	-1	22.5	23.5	27.5	28.5
#C9C9C9	24	28	2	-1	23.5	24.5	27.5	28.5
#C9C9C9	25	28	2	-1	24.5	25.5	27.5	28.5
#000000	1	78	2	-1	0.5	1.5	77.5	78.5
#525252	2	78	2	-1	1.5	2.5	77.5	78.5
#ACACAC	3	78	2	-1	2.5	3.5	77.5	78.5
#A5A5A5	4	78	2	-1	3.5	4.5	77.5	78.5
#F4F4F4	5	78	2	-1	4.5	5.5	77.5	78.5
#F0F0F0	6	78	2	-1	5.5	6.5	77.5	78.5
#FFFFFF	7	78	2	-1	6.5	7.5	77.5	78.5
#FAFAFA	8	78	2	-1	7.5	8.5	77.5	78.5
#FAFAFA	9	78	2	-1	8.5	9.5	77.5	78.5
#F8F8F8	10	78	2	-1	9.5	10.5	77.5	78.5
#F8F8F8	11	78	2	-1	10.5	11.5	77.5	78.5
#F4F4F4	12	78	2	-1	11.5	12.5	77.5	78.5
#F4F4F4	13	78	2	-1	12.5	13.5	77.5	78.5
#F3F3F3	14	78	2	-1	13.5	14.5	77.5	78.5
#F3F3F3	15	78	2	-1	14.5	15.5	77.5	78.5
#F3F3F3	16	78	2	-1	15.5	16.5	77.5	78.5
#F3F3F3	17	78	2	-1	16.5	17.5	77.5	78.5
#F2F2F2	18	78	2	-1	17.5	18.5	77.5	78.5
#F2F2F2	19	78	2	-1	18.5	19.5	77.5	78.5
#F1F1F1	20	78	2	-1	19.5	20.5	77.5	78.5
#F1F1F1	21	78	2	-1	20.5	21.5	77.5	78.5
#F2F2F2	22	78	2	-1	21.5	22.5	77.5	78.5
#F3F3F3	23	78	2	-1	22.5	23.5	77.5	78.5
#F3F3F3	24	78	2	-1	23.5	24.5	77.5	78.5
#F3F3F3	25	78	2	-1	24.5	25.5	77.5	78.5
#000000	1	35	2	-1	0.5	1.5	34.5	35.5
#787878	2	35	2	-1	1.5	2.5	34.5	35.5
#D3D3D3	3	35	2	-1	2.5	3.5	34.5	35.5
#B2B2B2	4	35	2	-1	3.5	4.5	34.5	35.5
#FFFFFF	5	35	2	-1	4.5	5.5	34.5	35.5
#FAFAFA	6	35	2	-1	5.5	6.5	34.5	35.5
#F2F2F2	7	35	2	-1	6.5	7.5	34.5	35.5
#E3E3E3	8	35	2	-1	7.5	8.5	34.5	35.5
#E3E3E3	9	35	2	-1	8.5	9.5	34.5	35.5
#E2E2E2	10	35	2	-1	9.5	10.5	34.5	35.5
#E2E2E2	11	35	2	-1	10.5	11.5	34.5	35.5
#E0E0E0	12	35	2	-1	11.5	12.5	34.5	35.5
#DFDFDF	13	35	2	-1	12.5	13.5	34.5	35.5
#DFDFDF	14	35	2	-1	13.5	14.5	34.5	35.5
#DFDFDF	15	35	2	-1	14.5	15.5	34.5	35.5
#DFDFDF	16	35	2	-1	15.5	16.5	34.5	35.5
#DFDFDF	17	35	2	-1	16.5	17.5	34.5	35.5
#DEDEDE	18	35	2	-1	17.5	18.5	34.5	35.5
#DEDEDE	19	35	2	-1	18.5	19.5	34.5	35.5
#DFDFDF	20	35	2	-1	19.5	20.5	34.5	35.5
#E2E2E2	21	35	2	-1	20.5	21.5	34.5	35.5
#E2E2E2	22	35	2	-1	21.5	22.5	34.5	35.5
#E2E2E2	23	35	2	-1	22.5	23.5	34.5	35.5
#E2E2E2	24	35	2	-1	23.5	24.5	34.5	35.5
#E2E2E2	25	35	2	-1	24.5	25.5	34.5	35.5
#000000	1	5	2	-1	0.5	1.5	4.5	5.5
#616161	2	5	2	-1	1.5	2.5	4.5	5.5
#FFFFFF	3	5	2	-1	2.5	3.5	4.5	5.5
#ABABAB	4	5	2	-1	3.5	4.5	4.5	5.5
#D4D4D4	5	5	2	-1	4.5	5.5	4.5	5.5
#D3D3D3	6	5	2	-1	5.5	6.5	4.5	5.5
#B4B4B4	7	5	2	-1	6.5	7.5	4.5	5.5
#E3E3E3	8	5	2	-1	7.5	8.5	4.5	5.5
#E3E3E3	9	5	2	-1	8.5	9.5	4.5	5.5
#E2E2E2	10	5	2	-1	9.5	10.5	4.5	5.5
#E2E2E2	11	5	2	-1	10.5	11.5	4.5	5.5
#E6E6E6	12	5	2	-1	11.5	12.5	4.5	5.5
#E1E1E1	13	5	2	-1	12.5	13.5	4.5	5.5
#DEDEDE	14	5	2	-1	13.5	14.5	4.5	5.5
#DEDEDE	15	5	2	-1	14.5	15.5	4.5	5.5
#E2E2E2	16	5	2	-1	15.5	16.5	4.5	5.5
#E1E1E1	17	5	2	-1	16.5	17.5	4.5	5.5
#D5D5D5	18	5	2	-1	17.5	18.5	4.5	5.5
#D5D5D5	19	5	2	-1	18.5	19.5	4.5	5.5
#DBDBDB	20	5	2	-1	19.5	20.5	4.5	5.5
#DCDCDC	21	5	2	-1	20.5	21.5	4.5	5.5
#DCDCDC	22	5	2	-1	21.5	22.5	4.5	5.5
#DCDCDC	23	5	2	-1	22.5	23.5	4.5	5.5
#DDDDDD	24	5	2	-1	23.5	24.5	4.5	5.5
#DDDDDD	25	5	2	-1	24.5	25.5	4.5	5.5
#000000	1	36	2	-1	0.5	1.5	35.5	36.5
#717171	2	36	2	-1	1.5	2.5	35.5	36.5
#A1A1A1	3	36	2	-1	2.5	3.5	35.5	36.5
#CCCCCC	4	36	2	-1	3.5	4.5	35.5	36.5
#FFFFFF	5	36	2	-1	4.5	5.5	35.5	36.5
#FEFEFE	6	36	2	-1	5.5	6.5	35.5	36.5
#E0E0E0	7	36	2	-1	6.5	7.5	35.5	36.5
#DFDFDF	8	36	2	-1	7.5	8.5	35.5	36.5
#DEDEDE	9	36	2	-1	8.5	9.5	35.5	36.5
#DDDDDD	10	36	2	-1	9.5	10.5	35.5	36.5
#DDDDDD	11	36	2	-1	10.5	11.5	35.5	36.5
#DCDCDC	12	36	2	-1	11.5	12.5	35.5	36.5
#DADADA	13	36	2	-1	12.5	13.5	35.5	36.5
#DADADA	14	36	2	-1	13.5	14.5	35.5	36.5
#DADADA	15	36	2	-1	14.5	15.5	35.5	36.5
#D9D9D9	16	36	2	-1	15.5	16.5	35.5	36.5
#D9D9D9	17	36	2	-1	16.5	17.5	35.5	36.5
#DADADA	18	36	2	-1	17.5	18.5	35.5	36.5
#DADADA	19	36	2	-1	18.5	19.5	35.5	36.5
#DADADA	20	36	2	-1	19.5	20.5	35.5	36.5
#DADADA	21	36	2	-1	20.5	21.5	35.5	36.5
#DADADA	22	36	2	-1	21.5	22.5	35.5	36.5
#DADADA	23	36	2	-1	22.5	23.5	35.5	36.5
#DADADA	24	36	2	-1	23.5	24.5	35.5	36.5
#DADADA	25	36	2	-1	24.5	25.5	35.5	36.5
#000000	1	6	2	-1	0.5	1.5	5.5	6.5
#949494	2	6	2	-1	1.5	2.5	5.5	6.5
#FFFFFF	3	6	2	-1	2.5	3.5	5.5	6.5
#DBDBDB	4	6	2	-1	3.5	4.5	5.5	6.5
#EBEBEB	5	6	2	-1	4.5	5.5	5.5	6.5
#F2F2F2	6	6	2	-1	5.5	6.5	5.5	6.5
#F3F3F3	7	6	2	-1	6.5	7.5	5.5	6.5
#F3F3F3	8	6	2	-1	7.5	8.5	5.5	6.5
#F3F3F3	9	6	2	-1	8.5	9.5	5.5	6.5
#F2F2F2	10	6	2	-1	9.5	10.5	5.5	6.5
#F2F2F2	11	6	2	-1	10.5	11.5	5.5	6.5
#EFEFEF	12	6	2	-1	11.5	12.5	5.5	6.5
#F9F9F9	13	6	2	-1	12.5	13.5	5.5	6.5
#F5F5F5	14	6	2	-1	13.5	14.5	5.5	6.5
#F5F5F5	15	6	2	-1	14.5	15.5	5.5	6.5
#F5F5F5	16	6	2	-1	15.5	16.5	5.5	6.5
#F2F2F2	17	6	2	-1	16.5	17.5	5.5	6.5
#F1F1F1	18	6	2	-1	17.5	18.5	5.5	6.5
#F1F1F1	19	6	2	-1	18.5	19.5	5.5	6.5
#F0F0F0	20	6	2	-1	19.5	20.5	5.5	6.5
#F0F0F0	21	6	2	-1	20.5	21.5	5.5	6.5
#F1F1F1	22	6	2	-1	21.5	22.5	5.5	6.5
#F1F1F1	23	6	2	-1	22.5	23.5	5.5	6.5
#F1F1F1	24	6	2	-1	23.5	24.5	5.5	6.5
#F1F1F1	25	6	2	-1	24.5	25.5	5.5	6.5
#000000	1	37	2	-1	0.5	1.5	36.5	37.5
#B8B8B8	2	37	2	-1	1.5	2.5	36.5	37.5
#ABABAB	3	37	2	-1	2.5	3.5	36.5	37.5
#D4D4D4	4	37	2	-1	3.5	4.5	36.5	37.5
#FFFFFF	5	37	2	-1	4.5	5.5	36.5	37.5
#FFFFFF	6	37	2	-1	5.5	6.5	36.5	37.5
#FCFCFC	7	37	2	-1	6.5	7.5	36.5	37.5
#F6F6F6	8	37	2	-1	7.5	8.5	36.5	37.5
#F6F6F6	9	37	2	-1	8.5	9.5	36.5	37.5
#F5F5F5	10	37	2	-1	9.5	10.5	36.5	37.5
#F4F4F4	11	37	2	-1	10.5	11.5	36.5	37.5
#F3F3F3	12	37	2	-1	11.5	12.5	36.5	37.5
#F3F3F3	13	37	2	-1	12.5	13.5	36.5	37.5
#EFEFEF	14	37	2	-1	13.5	14.5	36.5	37.5
#F3F3F3	15	37	2	-1	14.5	15.5	36.5	37.5
#ECECEC	16	37	2	-1	15.5	16.5	36.5	37.5
#EDEDED	17	37	2	-1	16.5	17.5	36.5	37.5
#EDEDED	18	37	2	-1	17.5	18.5	36.5	37.5
#EDEDED	19	37	2	-1	18.5	19.5	36.5	37.5
#EDEDED	20	37	2	-1	19.5	20.5	36.5	37.5
#EDEDED	21	37	2	-1	20.5	21.5	36.5	37.5
#EDEDED	22	37	2	-1	21.5	22.5	36.5	37.5
#EDEDED	23	37	2	-1	22.5	23.5	36.5	37.5
#EDEDED	24	37	2	-1	23.5	24.5	36.5	37.5
#EDEDED	25	37	2	-1	24.5	25.5	36.5	37.5
#000000	1	91	2	-1	0.5	1.5	90.5	91.5
#121212	2	91	2	-1	1.5	2.5	90.5	91.5
#5A5A5A	3	91	2	-1	2.5	3.5	90.5	91.5
#8B8B8B	4	91	2	-1	3.5	4.5	90.5	91.5
#EEEEEE	5	91	2	-1	4.5	5.5	90.5	91.5
#FBFBFB	6	91	2	-1	5.5	6.5	90.5	91.5
#FAFAFA	7	91	2	-1	6.5	7.5	90.5	91.5
#FBFBFB	8	91	2	-1	7.5	8.5	90.5	91.5
#FBFBFB	9	91	2	-1	8.5	9.5	90.5	91.5
#FBFBFB	10	91	2	-1	9.5	10.5	90.5	91.5
#FBFBFB	11	91	2	-1	10.5	11.5	90.5	91.5
#FBFBFB	12	91	2	-1	11.5	12.5	90.5	91.5
#FFFFFF	13	91	2	-1	12.5	13.5	90.5	91.5
#FDFDFD	14	91	2	-1	13.5	14.5	90.5	91.5
#F2F2F2	15	91	2	-1	14.5	15.5	90.5	91.5
#F2F2F2	16	91	2	-1	15.5	16.5	90.5	91.5
#F2F2F2	17	91	2	-1	16.5	17.5	90.5	91.5
#F2F2F2	18	91	2	-1	17.5	18.5	90.5	91.5
#F2F2F2	19	91	2	-1	18.5	19.5	90.5	91.5
#FAFAFA	20	91	2	-1	19.5	20.5	90.5	91.5
#FBFBFB	21	91	2	-1	20.5	21.5	90.5	91.5
#FBFBFB	22	91	2	-1	21.5	22.5	90.5	91.5
#FBFBFB	23	91	2	-1	22.5	23.5	90.5	91.5
#FBFBFB	24	91	2	-1	23.5	24.5	90.5	91.5
#FBFBFB	25	91	2	-1	24.5	25.5	90.5	91.5
#000000	1	38	2	-1	0.5	1.5	37.5	38.5
#757575	2	38	2	-1	1.5	2.5	37.5	38.5
#BFBFBF	3	38	2	-1	2.5	3.5	37.5	38.5
#F0F0F0	4	38	2	-1	3.5	4.5	37.5	38.5
#FFFFFF	5	38	2	-1	4.5	5.5	37.5	38.5
#F2F2F2	6	38	2	-1	5.5	6.5	37.5	38.5
#E1E1E1	7	38	2	-1	6.5	7.5	37.5	38.5
#E1E1E1	8	38	2	-1	7.5	8.5	37.5	38.5
#E3E3E3	9	38	2	-1	8.5	9.5	37.5	38.5
#D8D8D8	10	38	2	-1	9.5	10.5	37.5	38.5
#D8D8D8	11	38	2	-1	10.5	11.5	37.5	38.5
#D7D7D7	12	38	2	-1	11.5	12.5	37.5	38.5
#D8D8D8	13	38	2	-1	12.5	13.5	37.5	38.5
#D0D0D0	14	38	2	-1	13.5	14.5	37.5	38.5
#CFCFCF	15	38	2	-1	14.5	15.5	37.5	38.5
#D0D0D0	16	38	2	-1	15.5	16.5	37.5	38.5
#D1D1D1	17	38	2	-1	16.5	17.5	37.5	38.5
#D0D0D0	18	38	2	-1	17.5	18.5	37.5	38.5
#D0D0D0	19	38	2	-1	18.5	19.5	37.5	38.5
#D0D0D0	20	38	2	-1	19.5	20.5	37.5	38.5
#D0D0D0	21	38	2	-1	20.5	21.5	37.5	38.5
#D0D0D0	22	38	2	-1	21.5	22.5	37.5	38.5
#D0D0D0	23	38	2	-1	22.5	23.5	37.5	38.5
#D0D0D0	24	38	2	-1	23.5	24.5	37.5	38.5
#D0D0D0	25	38	2	-1	24.5	25.5	37.5	38.5
#000000	1	39	2	-1	0.5	1.5	38.5	39.5
#505050	2	39	2	-1	1.5	2.5	38.5	39.5
#999999	3	39	2	-1	2.5	3.5	38.5	39.5
#E9E9E9	4	39	2	-1	3.5	4.5	38.5	39.5
#FFFFFF	5	39	2	-1	4.5	5.5	38.5	39.5
#F7F7F7	6	39	2	-1	5.5	6.5	38.5	39.5
#F9F9F9	7	39	2	-1	6.5	7.5	38.5	39.5
#FCFCFC	8	39	2	-1	7.5	8.5	38.5	39.5
#FCFCFC	9	39	2	-1	8.5	9.5	38.5	39.5
#FDFDFD	10	39	2	-1	9.5	10.5	38.5	39.5
#FCFCFC	11	39	2	-1	10.5	11.5	38.5	39.5
#F2F2F2	12	39	2	-1	11.5	12.5	38.5	39.5
#F3F3F3	13	39	2	-1	12.5	13.5	38.5	39.5
#F3F3F3	14	39	2	-1	13.5	14.5	38.5	39.5
#F3F3F3	15	39	2	-1	14.5	15.5	38.5	39.5
#F4F4F4	16	39	2	-1	15.5	16.5	38.5	39.5
#F4F4F4	17	39	2	-1	16.5	17.5	38.5	39.5
#F3F3F3	18	39	2	-1	17.5	18.5	38.5	39.5
#F3F3F3	19	39	2	-1	18.5	19.5	38.5	39.5
#F3F3F3	20	39	2	-1	19.5	20.5	38.5	39.5
#F3F3F3	21	39	2	-1	20.5	21.5	38.5	39.5
#F3F3F3	22	39	2	-1	21.5	22.5	38.5	39.5
#F3F3F3	23	39	2	-1	22.5	23.5	38.5	39.5
#F3F3F3	24	39	2	-1	23.5	24.5	38.5	39.5
#F3F3F3	25	39	2	-1	24.5	25.5	38.5	39.5
#000000	1	7	2	-1	0.5	1.5	6.5	7.5
#A7A7A7	2	7	2	-1	1.5	2.5	6.5	7.5
#FFFFFF	3	7	2	-1	2.5	3.5	6.5	7.5
#797979	4	7	2	-1	3.5	4.5	6.5	7.5
#868686	5	7	2	-1	4.5	5.5	6.5	7.5
#838383	6	7	2	-1	5.5	6.5	6.5	7.5
#5D5D5D	7	7	2	-1	6.5	7.5	6.5	7.5
#595959	8	7	2	-1	7.5	8.5	6.5	7.5
#585858	9	7	2	-1	8.5	9.5	6.5	7.5
#585858	10	7	2	-1	9.5	10.5	6.5	7.5
#5B5B5B	11	7	2	-1	10.5	11.5	6.5	7.5
#5B5B5B	12	7	2	-1	11.5	12.5	6.5	7.5
#5B5B5B	13	7	2	-1	12.5	13.5	6.5	7.5
#5B5B5B	14	7	2	-1	13.5	14.5	6.5	7.5
#5A5A5A	15	7	2	-1	14.5	15.5	6.5	7.5
#5A5A5A	16	7	2	-1	15.5	16.5	6.5	7.5
#626262	17	7	2	-1	16.5	17.5	6.5	7.5
#626262	18	7	2	-1	17.5	18.5	6.5	7.5
#636363	19	7	2	-1	18.5	19.5	6.5	7.5
#636363	20	7	2	-1	19.5	20.5	6.5	7.5
#636363	21	7	2	-1	20.5	21.5	6.5	7.5
#636363	22	7	2	-1	21.5	22.5	6.5	7.5
#636363	23	7	2	-1	22.5	23.5	6.5	7.5
#646464	24	7	2	-1	23.5	24.5	6.5	7.5
#646464	25	7	2	-1	24.5	25.5	6.5	7.5
#000000	1	92	2	-1	0.5	1.5	91.5	92.5
#959595	2	92	2	-1	1.5	2.5	91.5	92.5
#BFBFBF	3	92	2	-1	2.5	3.5	91.5	92.5
#BDBDBD	4	92	2	-1	3.5	4.5	91.5	92.5
#F9F9F9	5	92	2	-1	4.5	5.5	91.5	92.5
#F9F9F9	6	92	2	-1	5.5	6.5	91.5	92.5
#F9F9F9	7	92	2	-1	6.5	7.5	91.5	92.5
#F7F7F7	8	92	2	-1	7.5	8.5	91.5	92.5
#F6F6F6	9	92	2	-1	8.5	9.5	91.5	92.5
#F3F3F3	10	92	2	-1	9.5	10.5	91.5	92.5
#FDFDFD	11	92	2	-1	10.5	11.5	91.5	92.5
#FDFDFD	12	92	2	-1	11.5	12.5	91.5	92.5
#FFFFFF	13	92	2	-1	12.5	13.5	91.5	92.5
#FEFEFE	14	92	2	-1	13.5	14.5	91.5	92.5
#FEFEFE	15	92	2	-1	14.5	15.5	91.5	92.5
#FCFCFC	16	92	2	-1	15.5	16.5	91.5	92.5
#FAFAFA	17	92	2	-1	16.5	17.5	91.5	92.5
#FCFCFC	18	92	2	-1	17.5	18.5	91.5	92.5
#FCFCFC	19	92	2	-1	18.5	19.5	91.5	92.5
#FCFCFC	20	92	2	-1	19.5	20.5	91.5	92.5
#FCFCFC	21	92	2	-1	20.5	21.5	91.5	92.5
#FCFCFC	22	92	2	-1	21.5	22.5	91.5	92.5
#FEFEFE	23	92	2	-1	22.5	23.5	91.5	92.5
#FEFEFE	24	92	2	-1	23.5	24.5	91.5	92.5
#FEFEFE	25	92	2	-1	24.5	25.5	91.5	92.5
#000000	1	79	2	-1	0.5	1.5	78.5	79.5
#A4A4A4	2	79	2	-1	1.5	2.5	78.5	79.5
#B5B5B5	3	79	2	-1	2.5	3.5	78.5	79.5
#DFDFDF	4	79	2	-1	3.5	4.5	78.5	79.5
#FEFEFE	5	79	2	-1	4.5	5.5	78.5	79.5
#FDFDFD	6	79	2	-1	5.5	6.5	78.5	79.5
#FFFFFF	7	79	2	-1	6.5	7.5	78.5	79.5
#FDFDFD	8	79	2	-1	7.5	8.5	78.5	79.5
#FCFCFC	9	79	2	-1	8.5	9.5	78.5	79.5
#FCFCFC	10	79	2	-1	9.5	10.5	78.5	79.5
#FAFAFA	11	79	2	-1	10.5	11.5	78.5	79.5
#FAFAFA	12	79	2	-1	11.5	12.5	78.5	79.5
#EEEEEE	13	79	2	-1	12.5	13.5	78.5	79.5
#EEEEEE	14	79	2	-1	13.5	14.5	78.5	79.5
#EAEAEA	15	79	2	-1	14.5	15.5	78.5	79.5
#EAEAEA	16	79	2	-1	15.5	16.5	78.5	79.5
#EAEAEA	17	79	2	-1	16.5	17.5	78.5	79.5
#EAEAEA	18	79	2	-1	17.5	18.5	78.5	79.5
#EAEAEA	19	79	2	-1	18.5	19.5	78.5	79.5
#EAEAEA	20	79	2	-1	19.5	20.5	78.5	79.5
#EAEAEA	21	79	2	-1	20.5	21.5	78.5	79.5
#EAEAEA	22	79	2	-1	21.5	22.5	78.5	79.5
#EAEAEA	23	79	2	-1	22.5	23.5	78.5	79.5
#EAEAEA	24	79	2	-1	23.5	24.5	78.5	79.5
#EAEAEA	25	79	2	-1	24.5	25.5	78.5	79.5
#262626	1	98	2	-1	0.5	1.5	97.5	98.5
#000000	2	98	2	-1	1.5	2.5	97.5	98.5
#F6F6F6	3	98	2	-1	2.5	3.5	97.5	98.5
#696969	4	98	2	-1	3.5	4.5	97.5	98.5
#D0D0D0	5	98	2	-1	4.5	5.5	97.5	98.5
#D0D0D0	6	98	2	-1	5.5	6.5	97.5	98.5
#BEBEBE	7	98	2	-1	6.5	7.5	97.5	98.5
#D5D5D5	8	98	2	-1	7.5	8.5	97.5	98.5
#D1D1D1	9	98	2	-1	8.5	9.5	97.5	98.5
#D0D0D0	10	98	2	-1	9.5	10.5	97.5	98.5
#BBBBBB	11	98	2	-1	10.5	11.5	97.5	98.5
#DDDDDD	12	98	2	-1	11.5	12.5	97.5	98.5
#DCDCDC	13	98	2	-1	12.5	13.5	97.5	98.5
#FEFEFE	14	98	2	-1	13.5	14.5	97.5	98.5
#FEFEFE	15	98	2	-1	14.5	15.5	97.5	98.5
#FEFEFE	16	98	2	-1	15.5	16.5	97.5	98.5
#FEFEFE	17	98	2	-1	16.5	17.5	97.5	98.5
#FFFFFF	18	98	2	-1	17.5	18.5	97.5	98.5
#FFFFFF	19	98	2	-1	18.5	19.5	97.5	98.5
#FFFFFF	20	98	2	-1	19.5	20.5	97.5	98.5
#FFFFFF	21	98	2	-1	20.5	21.5	97.5	98.5
#FFFFFF	22	98	2	-1	21.5	22.5	97.5	98.5
#FFFFFF	23	98	2	-1	22.5	23.5	97.5	98.5
#FFFFFF	24	98	2	-1	23.5	24.5	97.5	98.5
#FFFFFF	25	98	2	-1	24.5	25.5	97.5	98.5
#000000	1	40	2	-1	0.5	1.5	39.5	40.5
#4E4E4E	2	40	2	-1	1.5	2.5	39.5	40.5
#909090	3	40	2	-1	2.5	3.5	39.5	40.5
#C5C5C5	4	40	2	-1	3.5	4.5	39.5	40.5
#FFFFFF	5	40	2	-1	4.5	5.5	39.5	40.5
#EEEEEE	6	40	2	-1	5.5	6.5	39.5	40.5
#F2F2F2	7	40	2	-1	6.5	7.5	39.5	40.5
#F2F2F2	8	40	2	-1	7.5	8.5	39.5	40.5
#F2F2F2	9	40	2	-1	8.5	9.5	39.5	40.5
#F3F3F3	10	40	2	-1	9.5	10.5	39.5	40.5
#F3F3F3	11	40	2	-1	10.5	11.5	39.5	40.5
#F3F3F3	12	40	2	-1	11.5	12.5	39.5	40.5
#F2F2F2	13	40	2	-1	12.5	13.5	39.5	40.5
#F3F3F3	14	40	2	-1	13.5	14.5	39.5	40.5
#F3F3F3	15	40	2	-1	14.5	15.5	39.5	40.5
#F2F2F2	16	40	2	-1	15.5	16.5	39.5	40.5
#F3F3F3	17	40	2	-1	16.5	17.5	39.5	40.5
#F3F3F3	18	40	2	-1	17.5	18.5	39.5	40.5
#F6F6F6	19	40	2	-1	18.5	19.5	39.5	40.5
#F7F7F7	20	40	2	-1	19.5	20.5	39.5	40.5
#F7F7F7	21	40	2	-1	20.5	21.5	39.5	40.5
#F6F6F6	22	40	2	-1	21.5	22.5	39.5	40.5
#F6F6F6	23	40	2	-1	22.5	23.5	39.5	40.5
#F6F6F6	24	40	2	-1	23.5	24.5	39.5	40.5
#F7F7F7	25	40	2	-1	24.5	25.5	39.5	40.5
#000000	1	97	2	-1	0.5	1.5	96.5	97.5
#898989	2	97	2	-1	1.5	2.5	96.5	97.5
#FBFBFB	3	97	2	-1	2.5	3.5	96.5	97.5
#BDBDBD	4	97	2	-1	3.5	4.5	96.5	97.5
#F0F0F0	5	97	2	-1	4.5	5.5	96.5	97.5
#EEEEEE	6	97	2	-1	5.5	6.5	96.5	97.5
#EEEEEE	7	97	2	-1	6.5	7.5	96.5	97.5
#EFEFEF	8	97	2	-1	7.5	8.5	96.5	97.5
#F0F0F0	9	97	2	-1	8.5	9.5	96.5	97.5
#F0F0F0	10	97	2	-1	9.5	10.5	96.5	97.5
#F0F0F0	11	97	2	-1	10.5	11.5	96.5	97.5
#F0F0F0	12	97	2	-1	11.5	12.5	96.5	97.5
#FFFFFF	13	97	2	-1	12.5	13.5	96.5	97.5
#FFFFFF	14	97	2	-1	13.5	14.5	96.5	97.5
#FFFFFF	15	97	2	-1	14.5	15.5	96.5	97.5
#FEFEFE	16	97	2	-1	15.5	16.5	96.5	97.5
#FEFEFE	17	97	2	-1	16.5	17.5	96.5	97.5
#FFFFFF	18	97	2	-1	17.5	18.5	96.5	97.5
#FEFEFE	19	97	2	-1	18.5	19.5	96.5	97.5
#FFFFFF	20	97	2	-1	19.5	20.5	96.5	97.5
#FFFFFF	21	97	2	-1	20.5	21.5	96.5	97.5
#FFFFFF	22	97	2	-1	21.5	22.5	96.5	97.5
#FFFFFF	23	97	2	-1	22.5	23.5	96.5	97.5
#FFFFFF	24	97	2	-1	23.5	24.5	96.5	97.5
#FFFFFF	25	97	2	-1	24.5	25.5	96.5	97.5
#000000	1	71	2	-1	0.5	1.5	70.5	71.5
#7C7C7C	2	71	2	-1	1.5	2.5	70.5	71.5
#969696	3	71	2	-1	2.5	3.5	70.5	71.5
#B9B9B9	4	71	2	-1	3.5	4.5	70.5	71.5
#F4F4F4	5	71	2	-1	4.5	5.5	70.5	71.5
#FFFFFF	6	71	2	-1	5.5	6.5	70.5	71.5
#FEFEFE	7	71	2	-1	6.5	7.5	70.5	71.5
#E5E5E5	8	71	2	-1	7.5	8.5	70.5	71.5
#E6E6E6	9	71	2	-1	8.5	9.5	70.5	71.5
#E8E8E8	10	71	2	-1	9.5	10.5	70.5	71.5
#E2E2E2	11	71	2	-1	10.5	11.5	70.5	71.5
#E2E2E2	12	71	2	-1	11.5	12.5	70.5	71.5
#E1E1E1	13	71	2	-1	12.5	13.5	70.5	71.5
#E1E1E1	14	71	2	-1	13.5	14.5	70.5	71.5
#E1E1E1	15	71	2	-1	14.5	15.5	70.5	71.5
#E0E0E0	16	71	2	-1	15.5	16.5	70.5	71.5
#E0E0E0	17	71	2	-1	16.5	17.5	70.5	71.5
#DFDFDF	18	71	2	-1	17.5	18.5	70.5	71.5
#DFDFDF	19	71	2	-1	18.5	19.5	70.5	71.5
#DFDFDF	20	71	2	-1	19.5	20.5	70.5	71.5
#DFDFDF	21	71	2	-1	20.5	21.5	70.5	71.5
#DFDFDF	22	71	2	-1	21.5	22.5	70.5	71.5
#DFDFDF	23	71	2	-1	22.5	23.5	70.5	71.5
#DFDFDF	24	71	2	-1	23.5	24.5	70.5	71.5
#DFDFDF	25	71	2	-1	24.5	25.5	70.5	71.5
#000000	1	8	2	-1	0.5	1.5	7.5	8.5
#8C8C8C	2	8	2	-1	1.5	2.5	7.5	8.5
#FFFFFF	3	8	2	-1	2.5	3.5	7.5	8.5
#B3B3B3	4	8	2	-1	3.5	4.5	7.5	8.5
#E9E9E9	5	8	2	-1	4.5	5.5	7.5	8.5
#EDEDED	6	8	2	-1	5.5	6.5	7.5	8.5
#E1E1E1	7	8	2	-1	6.5	7.5	7.5	8.5
#DDDDDD	8	8	2	-1	7.5	8.5	7.5	8.5
#DDDDDD	9	8	2	-1	8.5	9.5	7.5	8.5
#DADADA	10	8	2	-1	9.5	10.5	7.5	8.5
#DBDBDB	11	8	2	-1	10.5	11.5	7.5	8.5
#DADADA	12	8	2	-1	11.5	12.5	7.5	8.5
#DBDBDB	13	8	2	-1	12.5	13.5	7.5	8.5
#E6E6E6	14	8	2	-1	13.5	14.5	7.5	8.5
#E6E6E6	15	8	2	-1	14.5	15.5	7.5	8.5
#E6E6E6	16	8	2	-1	15.5	16.5	7.5	8.5
#E6E6E6	17	8	2	-1	16.5	17.5	7.5	8.5
#E6E6E6	18	8	2	-1	17.5	18.5	7.5	8.5
#E6E6E6	19	8	2	-1	18.5	19.5	7.5	8.5
#E6E6E6	20	8	2	-1	19.5	20.5	7.5	8.5
#E6E6E6	21	8	2	-1	20.5	21.5	7.5	8.5
#E6E6E6	22	8	2	-1	21.5	22.5	7.5	8.5
#E6E6E6	23	8	2	-1	22.5	23.5	7.5	8.5
#E6E6E6	24	8	2	-1	23.5	24.5	7.5	8.5
#E6E6E6	25	8	2	-1	24.5	25.5	7.5	8.5
#000000	1	41	2	-1	0.5	1.5	40.5	41.5
#EAEAEA	2	41	2	-1	1.5	2.5	40.5	41.5
#ABABAB	3	41	2	-1	2.5	3.5	40.5	41.5
#E3E3E3	4	41	2	-1	3.5	4.5	40.5	41.5
#FFFFFF	5	41	2	-1	4.5	5.5	40.5	41.5
#F6F6F6	6	41	2	-1	5.5	6.5	40.5	41.5
#F5F5F5	7	41	2	-1	6.5	7.5	40.5	41.5
#F6F6F6	8	41	2	-1	7.5	8.5	40.5	41.5
#F1F1F1	9	41	2	-1	8.5	9.5	40.5	41.5
#F4F4F4	10	41	2	-1	9.5	10.5	40.5	41.5
#E4E4E4	11	41	2	-1	10.5	11.5	40.5	41.5
#DDDDDD	12	41	2	-1	11.5	12.5	40.5	41.5
#DFDFDF	13	41	2	-1	12.5	13.5	40.5	41.5
#DEDEDE	14	41	2	-1	13.5	14.5	40.5	41.5
#DEDEDE	15	41	2	-1	14.5	15.5	40.5	41.5
#DEDEDE	16	41	2	-1	15.5	16.5	40.5	41.5
#DEDEDE	17	41	2	-1	16.5	17.5	40.5	41.5
#DCDCDC	18	41	2	-1	17.5	18.5	40.5	41.5
#DCDCDC	19	41	2	-1	18.5	19.5	40.5	41.5
#DCDCDC	20	41	2	-1	19.5	20.5	40.5	41.5
#DCDCDC	21	41	2	-1	20.5	21.5	40.5	41.5
#DCDCDC	22	41	2	-1	21.5	22.5	40.5	41.5
#DEDEDE	23	41	2	-1	22.5	23.5	40.5	41.5
#DFDFDF	24	41	2	-1	23.5	24.5	40.5	41.5
#DFDFDF	25	41	2	-1	24.5	25.5	40.5	41.5
#000000	1	9	2	-1	0.5	1.5	8.5	9.5
#ACACAC	2	9	2	-1	1.5	2.5	8.5	9.5
#FFFFFF	3	9	2	-1	2.5	3.5	8.5	9.5
#A5A5A5	4	9	2	-1	3.5	4.5	8.5	9.5
#C9C9C9	5	9	2	-1	4.5	5.5	8.5	9.5
#C4C4C4	6	9	2	-1	5.5	6.5	8.5	9.5
#C4C4C4	7	9	2	-1	6.5	7.5	8.5	9.5
#C0C0C0	8	9	2	-1	7.5	8.5	8.5	9.5
#C9C9C9	9	9	2	-1	8.5	9.5	8.5	9.5
#C9C9C9	10	9	2	-1	9.5	10.5	8.5	9.5
#CACACA	11	9	2	-1	10.5	11.5	8.5	9.5
#CACACA	12	9	2	-1	11.5	12.5	8.5	9.5
#CACACA	13	9	2	-1	12.5	13.5	8.5	9.5
#C5C5C5	14	9	2	-1	13.5	14.5	8.5	9.5
#D3D3D3	15	9	2	-1	14.5	15.5	8.5	9.5
#D3D3D3	16	9	2	-1	15.5	16.5	8.5	9.5
#D3D3D3	17	9	2	-1	16.5	17.5	8.5	9.5
#D2D2D2	18	9	2	-1	17.5	18.5	8.5	9.5
#D2D2D2	19	9	2	-1	18.5	19.5	8.5	9.5
#D2D2D2	20	9	2	-1	19.5	20.5	8.5	9.5
#D4D4D4	21	9	2	-1	20.5	21.5	8.5	9.5
#D4D4D4	22	9	2	-1	21.5	22.5	8.5	9.5
#D4D4D4	23	9	2	-1	22.5	23.5	8.5	9.5
#D4D4D4	24	9	2	-1	23.5	24.5	8.5	9.5
#D4D4D4	25	9	2	-1	24.5	25.5	8.5	9.5
#000000	1	42	2	-1	0.5	1.5	41.5	42.5
#555555	2	42	2	-1	1.5	2.5	41.5	42.5
#A5A5A5	3	42	2	-1	2.5	3.5	41.5	42.5
#EDEDED	4	42	2	-1	3.5	4.5	41.5	42.5
#FFFFFF	5	42	2	-1	4.5	5.5	41.5	42.5
#FFFFFF	6	42	2	-1	5.5	6.5	41.5	42.5
#FDFDFD	7	42	2	-1	6.5	7.5	41.5	42.5
#FCFCFC	8	42	2	-1	7.5	8.5	41.5	42.5
#FCFCFC	9	42	2	-1	8.5	9.5	41.5	42.5
#FBFBFB	10	42	2	-1	9.5	10.5	41.5	42.5
#FBFBFB	11	42	2	-1	10.5	11.5	41.5	42.5
#F4F4F4	12	42	2	-1	11.5	12.5	41.5	42.5
#F4F4F4	13	42	2	-1	12.5	13.5	41.5	42.5
#F4F4F4	14	42	2	-1	13.5	14.5	41.5	42.5
#F5F5F5	15	42	2	-1	14.5	15.5	41.5	42.5
#F5F5F5	16	42	2	-1	15.5	16.5	41.5	42.5
#F5F5F5	17	42	2	-1	16.5	17.5	41.5	42.5
#F5F5F5	18	42	2	-1	17.5	18.5	41.5	42.5
#F6F6F6	19	42	2	-1	18.5	19.5	41.5	42.5
#F6F6F6	20	42	2	-1	19.5	20.5	41.5	42.5
#F6F6F6	21	42	2	-1	20.5	21.5	41.5	42.5
#F7F7F7	22	42	2	-1	21.5	22.5	41.5	42.5
#F7F7F7	23	42	2	-1	22.5	23.5	41.5	42.5
#F7F7F7	24	42	2	-1	23.5	24.5	41.5	42.5
#F7F7F7	25	42	2	-1	24.5	25.5	41.5	42.5
#000000	1	89	2	-1	0.5	1.5	88.5	89.5
#868686	2	89	2	-1	1.5	2.5	88.5	89.5
#DADADA	3	89	2	-1	2.5	3.5	88.5	89.5
#EBEBEB	4	89	2	-1	3.5	4.5	88.5	89.5
#F7F7F7	5	89	2	-1	4.5	5.5	88.5	89.5
#F8F8F8	6	89	2	-1	5.5	6.5	88.5	89.5
#F8F8F8	7	89	2	-1	6.5	7.5	88.5	89.5
#FAFAFA	8	89	2	-1	7.5	8.5	88.5	89.5
#FFFFFF	9	89	2	-1	8.5	9.5	88.5	89.5
#F7F7F7	10	89	2	-1	9.5	10.5	88.5	89.5
#F6F6F6	11	89	2	-1	10.5	11.5	88.5	89.5
#F6F6F6	12	89	2	-1	11.5	12.5	88.5	89.5
#F6F6F6	13	89	2	-1	12.5	13.5	88.5	89.5
#F6F6F6	14	89	2	-1	13.5	14.5	88.5	89.5
#F6F6F6	15	89	2	-1	14.5	15.5	88.5	89.5
#FBFBFB	16	89	2	-1	15.5	16.5	88.5	89.5
#F9F9F9	17	89	2	-1	16.5	17.5	88.5	89.5
#FEFEFE	18	89	2	-1	17.5	18.5	88.5	89.5
#FEFEFE	19	89	2	-1	18.5	19.5	88.5	89.5
#FEFEFE	20	89	2	-1	19.5	20.5	88.5	89.5
#FDFDFD	21	89	2	-1	20.5	21.5	88.5	89.5
#FEFEFE	22	89	2	-1	21.5	22.5	88.5	89.5
#FEFEFE	23	89	2	-1	22.5	23.5	88.5	89.5
#FEFEFE	24	89	2	-1	23.5	24.5	88.5	89.5
#FEFEFE	25	89	2	-1	24.5	25.5	88.5	89.5
#000000	1	29	2	-1	0.5	1.5	28.5	29.5
#808080	2	29	2	-1	1.5	2.5	28.5	29.5
#D5D5D5	3	29	2	-1	2.5	3.5	28.5	29.5
#FFFFFF	4	29	2	-1	3.5	4.5	28.5	29.5
#FDFDFD	5	29	2	-1	4.5	5.5	28.5	29.5
#FFFFFF	6	29	2	-1	5.5	6.5	28.5	29.5
#FDFDFD	7	29	2	-1	6.5	7.5	28.5	29.5
#FEFEFE	8	29	2	-1	7.5	8.5	28.5	29.5
#FDFDFD	9	29	2	-1	8.5	9.5	28.5	29.5
#F3F3F3	10	29	2	-1	9.5	10.5	28.5	29.5
#F2F2F2	11	29	2	-1	10.5	11.5	28.5	29.5
#F2F2F2	12	29	2	-1	11.5	12.5	28.5	29.5
#F2F2F2	13	29	2	-1	12.5	13.5	28.5	29.5
#EEEEEE	14	29	2	-1	13.5	14.5	28.5	29.5
#EFEFEF	15	29	2	-1	14.5	15.5	28.5	29.5
#ECECEC	16	29	2	-1	15.5	16.5	28.5	29.5
#ECECEC	17	29	2	-1	16.5	17.5	28.5	29.5
#ECECEC	18	29	2	-1	17.5	18.5	28.5	29.5
#ECECEC	19	29	2	-1	18.5	19.5	28.5	29.5
#ECECEC	20	29	2	-1	19.5	20.5	28.5	29.5
#EEEEEE	21	29	2	-1	20.5	21.5	28.5	29.5
#EEEEEE	22	29	2	-1	21.5	22.5	28.5	29.5
#EEEEEE	23	29	2	-1	22.5	23.5	28.5	29.5
#EEEEEE	24	29	2	-1	23.5	24.5	28.5	29.5
#EEEEEE	25	29	2	-1	24.5	25.5	28.5	29.5
#000000	1	43	2	-1	0.5	1.5	42.5	43.5
#313131	2	43	2	-1	1.5	2.5	42.5	43.5
#747474	3	43	2	-1	2.5	3.5	42.5	43.5
#A9A9A9	4	43	2	-1	3.5	4.5	42.5	43.5
#FFFFFF	5	43	2	-1	4.5	5.5	42.5	43.5
#E7E7E7	6	43	2	-1	5.5	6.5	42.5	43.5
#E0E0E0	7	43	2	-1	6.5	7.5	42.5	43.5
#DCDCDC	8	43	2	-1	7.5	8.5	42.5	43.5
#DCDCDC	9	43	2	-1	8.5	9.5	42.5	43.5
#DADADA	10	43	2	-1	9.5	10.5	42.5	43.5
#D9D9D9	11	43	2	-1	10.5	11.5	42.5	43.5
#D9D9D9	12	43	2	-1	11.5	12.5	42.5	43.5
#D8D8D8	13	43	2	-1	12.5	13.5	42.5	43.5
#D8D8D8	14	43	2	-1	13.5	14.5	42.5	43.5
#D1D1D1	15	43	2	-1	14.5	15.5	42.5	43.5
#D2D2D2	16	43	2	-1	15.5	16.5	42.5	43.5
#D3D3D3	17	43	2	-1	16.5	17.5	42.5	43.5
#D3D3D3	18	43	2	-1	17.5	18.5	42.5	43.5
#D2D2D2	19	43	2	-1	18.5	19.5	42.5	43.5
#D3D3D3	20	43	2	-1	19.5	20.5	42.5	43.5
#D3D3D3	21	43	2	-1	20.5	21.5	42.5	43.5
#D3D3D3	22	43	2	-1	21.5	22.5	42.5	43.5
#D3D3D3	23	43	2	-1	22.5	23.5	42.5	43.5
#D4D4D4	24	43	2	-1	23.5	24.5	42.5	43.5
#D4D4D4	25	43	2	-1	24.5	25.5	42.5	43.5
#000000	1	44	2	-1	0.5	1.5	43.5	44.5
#717171	2	44	2	-1	1.5	2.5	43.5	44.5
#D5D5D5	3	44	2	-1	2.5	3.5	43.5	44.5
#E9E9E9	4	44	2	-1	3.5	4.5	43.5	44.5
#FFFFFF	5	44	2	-1	4.5	5.5	43.5	44.5
#FBFBFB	6	44	2	-1	5.5	6.5	43.5	44.5
#F5F5F5	7	44	2	-1	6.5	7.5	43.5	44.5
#F4F4F4	8	44	2	-1	7.5	8.5	43.5	44.5
#F4F4F4	9	44	2	-1	8.5	9.5	43.5	44.5
#F2F2F2	10	44	2	-1	9.5	10.5	43.5	44.5
#F3F3F3	11	44	2	-1	10.5	11.5	43.5	44.5
#F3F3F3	12	44	2	-1	11.5	12.5	43.5	44.5
#EFEFEF	13	44	2	-1	12.5	13.5	43.5	44.5
#EFEFEF	14	44	2	-1	13.5	14.5	43.5	44.5
#EEEEEE	15	44	2	-1	14.5	15.5	43.5	44.5
#EEEEEE	16	44	2	-1	15.5	16.5	43.5	44.5
#EBEBEB	17	44	2	-1	16.5	17.5	43.5	44.5
#EBEBEB	18	44	2	-1	17.5	18.5	43.5	44.5
#EBEBEB	19	44	2	-1	18.5	19.5	43.5	44.5
#EBEBEB	20	44	2	-1	19.5	20.5	43.5	44.5
#EAEAEA	21	44	2	-1	20.5	21.5	43.5	44.5
#EAEAEA	22	44	2	-1	21.5	22.5	43.5	44.5
#EAEAEA	23	44	2	-1	22.5	23.5	43.5	44.5
#EAEAEA	24	44	2	-1	23.5	24.5	43.5	44.5
#EAEAEA	25	44	2	-1	24.5	25.5	43.5	44.5
#000000	1	72	2	-1	0.5	1.5	71.5	72.5
#0F0F0F	2	72	2	-1	1.5	2.5	71.5	72.5
#C5C5C5	3	72	2	-1	2.5	3.5	71.5	72.5
#C8C8C8	4	72	2	-1	3.5	4.5	71.5	72.5
#FEFEFE	5	72	2	-1	4.5	5.5	71.5	72.5
#FFFFFF	6	72	2	-1	5.5	6.5	71.5	72.5
#FAFAFA	7	72	2	-1	6.5	7.5	71.5	72.5
#DDDDDD	8	72	2	-1	7.5	8.5	71.5	72.5
#DDDDDD	9	72	2	-1	8.5	9.5	71.5	72.5
#D6D6D6	10	72	2	-1	9.5	10.5	71.5	72.5
#D9D9D9	11	72	2	-1	10.5	11.5	71.5	72.5
#D9D9D9	12	72	2	-1	11.5	12.5	71.5	72.5
#D2D2D2	13	72	2	-1	12.5	13.5	71.5	72.5
#D3D3D3	14	72	2	-1	13.5	14.5	71.5	72.5
#D1D1D1	15	72	2	-1	14.5	15.5	71.5	72.5
#D1D1D1	16	72	2	-1	15.5	16.5	71.5	72.5
#D1D1D1	17	72	2	-1	16.5	17.5	71.5	72.5
#DCDCDC	18	72	2	-1	17.5	18.5	71.5	72.5
#DCDCDC	19	72	2	-1	18.5	19.5	71.5	72.5
#DCDCDC	20	72	2	-1	19.5	20.5	71.5	72.5
#DCDCDC	21	72	2	-1	20.5	21.5	71.5	72.5
#DCDCDC	22	72	2	-1	21.5	22.5	71.5	72.5
#DCDCDC	23	72	2	-1	22.5	23.5	71.5	72.5
#DCDCDC	24	72	2	-1	23.5	24.5	71.5	72.5
#DCDCDC	25	72	2	-1	24.5	25.5	71.5	72.5
#000000	1	95	2	-1	0.5	1.5	94.5	95.5
#AAAAAA	2	95	2	-1	1.5	2.5	94.5	95.5
#BEBEBE	3	95	2	-1	2.5	3.5	94.5	95.5
#CCCCCC	4	95	2	-1	3.5	4.5	94.5	95.5
#FBFBFB	5	95	2	-1	4.5	5.5	94.5	95.5
#FFFFFF	6	95	2	-1	5.5	6.5	94.5	95.5
#FDFDFD	7	95	2	-1	6.5	7.5	94.5	95.5
#FDFDFD	8	95	2	-1	7.5	8.5	94.5	95.5
#FCFCFC	9	95	2	-1	8.5	9.5	94.5	95.5
#FCFCFC	10	95	2	-1	9.5	10.5	94.5	95.5
#FCFCFC	11	95	2	-1	10.5	11.5	94.5	95.5
#FCFCFC	12	95	2	-1	11.5	12.5	94.5	95.5
#FCFCFC	13	95	2	-1	12.5	13.5	94.5	95.5
#FDFDFD	14	95	2	-1	13.5	14.5	94.5	95.5
#FEFEFE	15	95	2	-1	14.5	15.5	94.5	95.5
#FEFEFE	16	95	2	-1	15.5	16.5	94.5	95.5
#FEFEFE	17	95	2	-1	16.5	17.5	94.5	95.5
#FFFFFF	18	95	2	-1	17.5	18.5	94.5	95.5
#FFFFFF	19	95	2	-1	18.5	19.5	94.5	95.5
#FDFDFD	20	95	2	-1	19.5	20.5	94.5	95.5
#FDFDFD	21	95	2	-1	20.5	21.5	94.5	95.5
#FDFDFD	22	95	2	-1	21.5	22.5	94.5	95.5
#FDFDFD	23	95	2	-1	22.5	23.5	94.5	95.5
#FDFDFD	24	95	2	-1	23.5	24.5	94.5	95.5
#FDFDFD	25	95	2	-1	24.5	25.5	94.5	95.5
#000000	1	73	2	-1	0.5	1.5	72.5	73.5
#424242	2	73	2	-1	1.5	2.5	72.5	73.5
#C4C4C4	3	73	2	-1	2.5	3.5	72.5	73.5
#D6D6D6	4	73	2	-1	3.5	4.5	72.5	73.5
#F9F9F9	5	73	2	-1	4.5	5.5	72.5	73.5
#FFFFFF	6	73	2	-1	5.5	6.5	72.5	73.5
#EBEBEB	7	73	2	-1	6.5	7.5	72.5	73.5
#EAEAEA	8	73	2	-1	7.5	8.5	72.5	73.5
#EAEAEA	9	73	2	-1	8.5	9.5	72.5	73.5
#E7E7E7	10	73	2	-1	9.5	10.5	72.5	73.5
#E7E7E7	11	73	2	-1	10.5	11.5	72.5	73.5
#E6E6E6	12	73	2	-1	11.5	12.5	72.5	73.5
#E6E6E6	13	73	2	-1	12.5	13.5	72.5	73.5
#E6E6E6	14	73	2	-1	13.5	14.5	72.5	73.5
#DDDDDD	15	73	2	-1	14.5	15.5	72.5	73.5
#DDDDDD	16	73	2	-1	15.5	16.5	72.5	73.5
#DDDDDD	17	73	2	-1	16.5	17.5	72.5	73.5
#DDDDDD	18	73	2	-1	17.5	18.5	72.5	73.5
#DDDDDD	19	73	2	-1	18.5	19.5	72.5	73.5
#DDDDDD	20	73	2	-1	19.5	20.5	72.5	73.5
#DDDDDD	21	73	2	-1	20.5	21.5	72.5	73.5
#DFDFDF	22	73	2	-1	21.5	22.5	72.5	73.5
#DFDFDF	23	73	2	-1	22.5	23.5	72.5	73.5
#DFDFDF	24	73	2	-1	23.5	24.5	72.5	73.5
#DFDFDF	25	73	2	-1	24.5	25.5	72.5	73.5
#000000	1	10	2	-1	0.5	1.5	9.5	10.5
#969696	2	10	2	-1	1.5	2.5	9.5	10.5
#FFFFFF	3	10	2	-1	2.5	3.5	9.5	10.5
#898989	4	10	2	-1	3.5	4.5	9.5	10.5
#A2A2A2	5	10	2	-1	4.5	5.5	9.5	10.5
#A1A1A1	6	10	2	-1	5.5	6.5	9.5	10.5
#9E9E9E	7	10	2	-1	6.5	7.5	9.5	10.5
#999999	8	10	2	-1	7.5	8.5	9.5	10.5
#989898	9	10	2	-1	8.5	9.5	9.5	10.5
#999999	10	10	2	-1	9.5	10.5	9.5	10.5
#939393	11	10	2	-1	10.5	11.5	9.5	10.5
#ACACAC	12	10	2	-1	11.5	12.5	9.5	10.5
#ACACAC	13	10	2	-1	12.5	13.5	9.5	10.5
#A5A5A5	14	10	2	-1	13.5	14.5	9.5	10.5
#A5A5A5	15	10	2	-1	14.5	15.5	9.5	10.5
#A5A5A5	16	10	2	-1	15.5	16.5	9.5	10.5
#A5A5A5	17	10	2	-1	16.5	17.5	9.5	10.5
#A5A5A5	18	10	2	-1	17.5	18.5	9.5	10.5
#A5A5A5	19	10	2	-1	18.5	19.5	9.5	10.5
#A6A6A6	20	10	2	-1	19.5	20.5	9.5	10.5
#A6A6A6	21	10	2	-1	20.5	21.5	9.5	10.5
#A6A6A6	22	10	2	-1	21.5	22.5	9.5	10.5
#A5A5A5	23	10	2	-1	22.5	23.5	9.5	10.5
#A5A5A5	24	10	2	-1	23.5	24.5	9.5	10.5
#A5A5A5	25	10	2	-1	24.5	25.5	9.5	10.5
#000000	1	45	2	-1	0.5	1.5	44.5	45.5
#7D7D7D	2	45	2	-1	1.5	2.5	44.5	45.5
#CDCDCD	3	45	2	-1	2.5	3.5	44.5	45.5
#DDDDDD	4	45	2	-1	3.5	4.5	44.5	45.5
#FFFFFF	5	45	2	-1	4.5	5.5	44.5	45.5
#FFFFFF	6	45	2	-1	5.5	6.5	44.5	45.5
#FEFEFE	7	45	2	-1	6.5	7.5	44.5	45.5
#FEFEFE	8	45	2	-1	7.5	8.5	44.5	45.5
#FEFEFE	9	45	2	-1	8.5	9.5	44.5	45.5
#FEFEFE	10	45	2	-1	9.5	10.5	44.5	45.5
#F7F7F7	11	45	2	-1	10.5	11.5	44.5	45.5
#F5F5F5	12	45	2	-1	11.5	12.5	44.5	45.5
#F5F5F5	13	45	2	-1	12.5	13.5	44.5	45.5
#F5F5F5	14	45	2	-1	13.5	14.5	44.5	45.5
#F5F5F5	15	45	2	-1	14.5	15.5	44.5	45.5
#F5F5F5	16	45	2	-1	15.5	16.5	44.5	45.5
#F5F5F5	17	45	2	-1	16.5	17.5	44.5	45.5
#F5F5F5	18	45	2	-1	17.5	18.5	44.5	45.5
#F6F6F6	19	45	2	-1	18.5	19.5	44.5	45.5
#F6F6F6	20	45	2	-1	19.5	20.5	44.5	45.5
#F6F6F6	21	45	2	-1	20.5	21.5	44.5	45.5
#F6F6F6	22	45	2	-1	21.5	22.5	44.5	45.5
#F8F8F8	23	45	2	-1	22.5	23.5	44.5	45.5
#F8F8F8	24	45	2	-1	23.5	24.5	44.5	45.5
#F8F8F8	25	45	2	-1	24.5	25.5	44.5	45.5
#000000	1	46	2	-1	0.5	1.5	45.5	46.5
#3A3A3A	2	46	2	-1	1.5	2.5	45.5	46.5
#515151	3	46	2	-1	2.5	3.5	45.5	46.5
#666666	4	46	2	-1	3.5	4.5	45.5	46.5
#FFFFFF	5	46	2	-1	4.5	5.5	45.5	46.5
#EBEBEB	6	46	2	-1	5.5	6.5	45.5	46.5
#E9E9E9	7	46	2	-1	6.5	7.5	45.5	46.5
#DDDDDD	8	46	2	-1	7.5	8.5	45.5	46.5
#CCCCCC	9	46	2	-1	8.5	9.5	45.5	46.5
#CDCDCD	10	46	2	-1	9.5	10.5	45.5	46.5
#C9C9C9	11	46	2	-1	10.5	11.5	45.5	46.5
#BBBBBB	12	46	2	-1	11.5	12.5	45.5	46.5
#BCBCBC	13	46	2	-1	12.5	13.5	45.5	46.5
#BABABA	14	46	2	-1	13.5	14.5	45.5	46.5
#BABABA	15	46	2	-1	14.5	15.5	45.5	46.5
#BBBBBB	16	46	2	-1	15.5	16.5	45.5	46.5
#BCBCBC	17	46	2	-1	16.5	17.5	45.5	46.5
#BCBCBC	18	46	2	-1	17.5	18.5	45.5	46.5
#BBBBBB	19	46	2	-1	18.5	19.5	45.5	46.5
#BBBBBB	20	46	2	-1	19.5	20.5	45.5	46.5
#BABABA	21	46	2	-1	20.5	21.5	45.5	46.5
#BABABA	22	46	2	-1	21.5	22.5	45.5	46.5
#BABABA	23	46	2	-1	22.5	23.5	45.5	46.5
#BABABA	24	46	2	-1	23.5	24.5	45.5	46.5
#BABABA	25	46	2	-1	24.5	25.5	45.5	46.5
#000000	1	11	2	-1	0.5	1.5	10.5	11.5
#929292	2	11	2	-1	1.5	2.5	10.5	11.5
#FFFFFF	3	11	2	-1	2.5	3.5	10.5	11.5
#ECECEC	4	11	2	-1	3.5	4.5	10.5	11.5
#E2E2E2	5	11	2	-1	4.5	5.5	10.5	11.5
#D9D9D9	6	11	2	-1	5.5	6.5	10.5	11.5
#DEDEDE	7	11	2	-1	6.5	7.5	10.5	11.5
#DBDBDB	8	11	2	-1	7.5	8.5	10.5	11.5
#E2E2E2	9	11	2	-1	8.5	9.5	10.5	11.5
#E2E2E2	10	11	2	-1	9.5	10.5	10.5	11.5
#DDDDDD	11	11	2	-1	10.5	11.5	10.5	11.5
#DDDDDD	12	11	2	-1	11.5	12.5	10.5	11.5
#DEDEDE	13	11	2	-1	12.5	13.5	10.5	11.5
#DCDCDC	14	11	2	-1	13.5	14.5	10.5	11.5
#DCDCDC	15	11	2	-1	14.5	15.5	10.5	11.5
#DCDCDC	16	11	2	-1	15.5	16.5	10.5	11.5
#DCDCDC	17	11	2	-1	16.5	17.5	10.5	11.5
#DBDBDB	18	11	2	-1	17.5	18.5	10.5	11.5
#DBDBDB	19	11	2	-1	18.5	19.5	10.5	11.5
#DADADA	20	11	2	-1	19.5	20.5	10.5	11.5
#D7D7D7	21	11	2	-1	20.5	21.5	10.5	11.5
#D7D7D7	22	11	2	-1	21.5	22.5	10.5	11.5
#D6D6D6	23	11	2	-1	22.5	23.5	10.5	11.5
#D6D6D6	24	11	2	-1	23.5	24.5	10.5	11.5
#D6D6D6	25	11	2	-1	24.5	25.5	10.5	11.5
#000000	1	30	2	-1	0.5	1.5	29.5	30.5
#888888	2	30	2	-1	1.5	2.5	29.5	30.5
#DADADA	3	30	2	-1	2.5	3.5	29.5	30.5
#FFFFFF	4	30	2	-1	3.5	4.5	29.5	30.5
#DDDDDD	5	30	2	-1	4.5	5.5	29.5	30.5
#D9D9D9	6	30	2	-1	5.5	6.5	29.5	30.5
#D9D9D9	7	30	2	-1	6.5	7.5	29.5	30.5
#D8D8D8	8	30	2	-1	7.5	8.5	29.5	30.5
#DBDBDB	9	30	2	-1	8.5	9.5	29.5	30.5
#D5D5D5	10	30	2	-1	9.5	10.5	29.5	30.5
#D6D6D6	11	30	2	-1	10.5	11.5	29.5	30.5
#D5D5D5	12	30	2	-1	11.5	12.5	29.5	30.5
#D5D5D5	13	30	2	-1	12.5	13.5	29.5	30.5
#D9D9D9	14	30	2	-1	13.5	14.5	29.5	30.5
#DADADA	15	30	2	-1	14.5	15.5	29.5	30.5
#D7D7D7	16	30	2	-1	15.5	16.5	29.5	30.5
#D2D2D2	17	30	2	-1	16.5	17.5	29.5	30.5
#CECECE	18	30	2	-1	17.5	18.5	29.5	30.5
#CECECE	19	30	2	-1	18.5	19.5	29.5	30.5
#CDCDCD	20	30	2	-1	19.5	20.5	29.5	30.5
#CECECE	21	30	2	-1	20.5	21.5	29.5	30.5
#CECECE	22	30	2	-1	21.5	22.5	29.5	30.5
#CECECE	23	30	2	-1	22.5	23.5	29.5	30.5
#CECECE	24	30	2	-1	23.5	24.5	29.5	30.5
#CECECE	25	30	2	-1	24.5	25.5	29.5	30.5
#000000	1	47	2	-1	0.5	1.5	46.5	47.5
#8C8C8C	2	47	2	-1	1.5	2.5	46.5	47.5
#BFBFBF	3	47	2	-1	2.5	3.5	46.5	47.5
#D2D2D2	4	47	2	-1	3.5	4.5	46.5	47.5
#FFFFFF	5	47	2	-1	4.5	5.5	46.5	47.5
#F2F2F2	6	47	2	-1	5.5	6.5	46.5	47.5
#EAEAEA	7	47	2	-1	6.5	7.5	46.5	47.5
#E9E9E9	8	47	2	-1	7.5	8.5	46.5	47.5
#ECECEC	9	47	2	-1	8.5	9.5	46.5	47.5
#ECECEC	10	47	2	-1	9.5	10.5	46.5	47.5
#EBEBEB	11	47	2	-1	10.5	11.5	46.5	47.5
#ECECEC	12	47	2	-1	11.5	12.5	46.5	47.5
#ECECEC	13	47	2	-1	12.5	13.5	46.5	47.5
#ECECEC	14	47	2	-1	13.5	14.5	46.5	47.5
#ECECEC	15	47	2	-1	14.5	15.5	46.5	47.5
#F0F0F0	16	47	2	-1	15.5	16.5	46.5	47.5
#F0F0F0	17	47	2	-1	16.5	17.5	46.5	47.5
#F1F1F1	18	47	2	-1	17.5	18.5	46.5	47.5
#F3F3F3	19	47	2	-1	18.5	19.5	46.5	47.5
#F3F3F3	20	47	2	-1	19.5	20.5	46.5	47.5
#F2F2F2	21	47	2	-1	20.5	21.5	46.5	47.5
#F3F3F3	22	47	2	-1	21.5	22.5	46.5	47.5
#F3F3F3	23	47	2	-1	22.5	23.5	46.5	47.5
#F3F3F3	24	47	2	-1	23.5	24.5	46.5	47.5
#F3F3F3	25	47	2	-1	24.5	25.5	46.5	47.5
#000000	1	48	2	-1	0.5	1.5	47.5	48.5
#959595	2	48	2	-1	1.5	2.5	47.5	48.5
#E4E4E4	3	48	2	-1	2.5	3.5	47.5	48.5
#D3D3D3	4	48	2	-1	3.5	4.5	47.5	48.5
#FFFFFF	5	48	2	-1	4.5	5.5	47.5	48.5
#FFFFFF	6	48	2	-1	5.5	6.5	47.5	48.5
#FEFEFE	7	48	2	-1	6.5	7.5	47.5	48.5
#FDFDFD	8	48	2	-1	7.5	8.5	47.5	48.5
#FCFCFC	9	48	2	-1	8.5	9.5	47.5	48.5
#FAFAFA	10	48	2	-1	9.5	10.5	47.5	48.5
#FAFAFA	11	48	2	-1	10.5	11.5	47.5	48.5
#F4F4F4	12	48	2	-1	11.5	12.5	47.5	48.5
#F2F2F2	13	48	2	-1	12.5	13.5	47.5	48.5
#F2F2F2	14	48	2	-1	13.5	14.5	47.5	48.5
#F3F3F3	15	48	2	-1	14.5	15.5	47.5	48.5
#FBFBFB	16	48	2	-1	15.5	16.5	47.5	48.5
#FCFCFC	17	48	2	-1	16.5	17.5	47.5	48.5
#F8F8F8	18	48	2	-1	17.5	18.5	47.5	48.5
#F9F9F9	19	48	2	-1	18.5	19.5	47.5	48.5
#F9F9F9	20	48	2	-1	19.5	20.5	47.5	48.5
#F9F9F9	21	48	2	-1	20.5	21.5	47.5	48.5
#F9F9F9	22	48	2	-1	21.5	22.5	47.5	48.5
#F9F9F9	23	48	2	-1	22.5	23.5	47.5	48.5
#F9F9F9	24	48	2	-1	23.5	24.5	47.5	48.5
#F9F9F9	25	48	2	-1	24.5	25.5	47.5	48.5
#000000	1	49	2	-1	0.5	1.5	48.5	49.5
#444444	2	49	2	-1	1.5	2.5	48.5	49.5
#8F8F8F	3	49	2	-1	2.5	3.5	48.5	49.5
#C0C0C0	4	49	2	-1	3.5	4.5	48.5	49.5
#FFFFFF	5	49	2	-1	4.5	5.5	48.5	49.5
#FDFDFD	6	49	2	-1	5.5	6.5	48.5	49.5
#E3E3E3	7	49	2	-1	6.5	7.5	48.5	49.5
#E4E4E4	8	49	2	-1	7.5	8.5	48.5	49.5
#E1E1E1	9	49	2	-1	8.5	9.5	48.5	49.5
#E0E0E0	10	49	2	-1	9.5	10.5	48.5	49.5
#DFDFDF	11	49	2	-1	10.5	11.5	48.5	49.5
#DFDFDF	12	49	2	-1	11.5	12.5	48.5	49.5
#DEDEDE	13	49	2	-1	12.5	13.5	48.5	49.5
#DEDEDE	14	49	2	-1	13.5	14.5	48.5	49.5
#DFDFDF	15	49	2	-1	14.5	15.5	48.5	49.5
#DEDEDE	16	49	2	-1	15.5	16.5	48.5	49.5
#DEDEDE	17	49	2	-1	16.5	17.5	48.5	49.5
#E1E1E1	18	49	2	-1	17.5	18.5	48.5	49.5
#E0E0E0	19	49	2	-1	18.5	19.5	48.5	49.5
#E0E0E0	20	49	2	-1	19.5	20.5	48.5	49.5
#DDDDDD	21	49	2	-1	20.5	21.5	48.5	49.5
#DDDDDD	22	49	2	-1	21.5	22.5	48.5	49.5
#DDDDDD	23	49	2	-1	22.5	23.5	48.5	49.5
#DDDDDD	24	49	2	-1	23.5	24.5	48.5	49.5
#DDDDDD	25	49	2	-1	24.5	25.5	48.5	49.5
#000000	1	80	2	-1	0.5	1.5	79.5	80.5
#353535	2	80	2	-1	1.5	2.5	79.5	80.5
#5F5F5F	3	80	2	-1	2.5	3.5	79.5	80.5
#858585	4	80	2	-1	3.5	4.5	79.5	80.5
#FBFBFB	5	80	2	-1	4.5	5.5	79.5	80.5
#FEFEFE	6	80	2	-1	5.5	6.5	79.5	80.5
#FFFFFF	7	80	2	-1	6.5	7.5	79.5	80.5
#FAFAFA	8	80	2	-1	7.5	8.5	79.5	80.5
#FAFAFA	9	80	2	-1	8.5	9.5	79.5	80.5
#FDFDFD	10	80	2	-1	9.5	10.5	79.5	80.5
#F8F8F8	11	80	2	-1	10.5	11.5	79.5	80.5
#F9F9F9	12	80	2	-1	11.5	12.5	79.5	80.5
#F5F5F5	13	80	2	-1	12.5	13.5	79.5	80.5
#FAFAFA	14	80	2	-1	13.5	14.5	79.5	80.5
#F6F6F6	15	80	2	-1	14.5	15.5	79.5	80.5
#F5F5F5	16	80	2	-1	15.5	16.5	79.5	80.5
#F2F2F2	17	80	2	-1	16.5	17.5	79.5	80.5
#F1F1F1	18	80	2	-1	17.5	18.5	79.5	80.5
#F0F0F0	19	80	2	-1	18.5	19.5	79.5	80.5
#F0F0F0	20	80	2	-1	19.5	20.5	79.5	80.5
#F0F0F0	21	80	2	-1	20.5	21.5	79.5	80.5
#F0F0F0	22	80	2	-1	21.5	22.5	79.5	80.5
#EFEFEF	23	80	2	-1	22.5	23.5	79.5	80.5
#EFEFEF	24	80	2	-1	23.5	24.5	79.5	80.5
#EFEFEF	25	80	2	-1	24.5	25.5	79.5	80.5
#000000	1	50	2	-1	0.5	1.5	49.5	50.5
#B3B3B3	2	50	2	-1	1.5	2.5	49.5	50.5
#C5C5C5	3	50	2	-1	2.5	3.5	49.5	50.5
#D3D3D3	4	50	2	-1	3.5	4.5	49.5	50.5
#FFFFFF	5	50	2	-1	4.5	5.5	49.5	50.5
#FDFDFD	6	50	2	-1	5.5	6.5	49.5	50.5
#F2F2F2	7	50	2	-1	6.5	7.5	49.5	50.5
#F3F3F3	8	50	2	-1	7.5	8.5	49.5	50.5
#F2F2F2	9	50	2	-1	8.5	9.5	49.5	50.5
#F2F2F2	10	50	2	-1	9.5	10.5	49.5	50.5
#E0E0E0	11	50	2	-1	10.5	11.5	49.5	50.5
#E1E1E1	12	50	2	-1	11.5	12.5	49.5	50.5
#E1E1E1	13	50	2	-1	12.5	13.5	49.5	50.5
#E1E1E1	14	50	2	-1	13.5	14.5	49.5	50.5
#E1E1E1	15	50	2	-1	14.5	15.5	49.5	50.5
#E5E5E5	16	50	2	-1	15.5	16.5	49.5	50.5
#E0E0E0	17	50	2	-1	16.5	17.5	49.5	50.5
#E0E0E0	18	50	2	-1	17.5	18.5	49.5	50.5
#E0E0E0	19	50	2	-1	18.5	19.5	49.5	50.5
#E0E0E0	20	50	2	-1	19.5	20.5	49.5	50.5
#E0E0E0	21	50	2	-1	20.5	21.5	49.5	50.5
#E0E0E0	22	50	2	-1	21.5	22.5	49.5	50.5
#E0E0E0	23	50	2	-1	22.5	23.5	49.5	50.5
#E0E0E0	24	50	2	-1	23.5	24.5	49.5	50.5
#E0E0E0	25	50	2	-1	24.5	25.5	49.5	50.5
#000000	1	51	2	-1	0.5	1.5	50.5	51.5
#727272	2	51	2	-1	1.5	2.5	50.5	51.5
#989898	3	51	2	-1	2.5	3.5	50.5	51.5
#BDBDBD	4	51	2	-1	3.5	4.5	50.5	51.5
#FFFFFF	5	51	2	-1	4.5	5.5	50.5	51.5
#F0F0F0	6	51	2	-1	5.5	6.5	50.5	51.5
#F0F0F0	7	51	2	-1	6.5	7.5	50.5	51.5
#F3F3F3	8	51	2	-1	7.5	8.5	50.5	51.5
#E5E5E5	9	51	2	-1	8.5	9.5	50.5	51.5
#E4E4E4	10	51	2	-1	9.5	10.5	50.5	51.5
#E4E4E4	11	51	2	-1	10.5	11.5	50.5	51.5
#E2E2E2	12	51	2	-1	11.5	12.5	50.5	51.5
#E1E1E1	13	51	2	-1	12.5	13.5	50.5	51.5
#E1E1E1	14	51	2	-1	13.5	14.5	50.5	51.5
#E1E1E1	15	51	2	-1	14.5	15.5	50.5	51.5
#E0E0E0	16	51	2	-1	15.5	16.5	50.5	51.5
#DFDFDF	17	51	2	-1	16.5	17.5	50.5	51.5
#DFDFDF	18	51	2	-1	17.5	18.5	50.5	51.5
#DFDFDF	19	51	2	-1	18.5	19.5	50.5	51.5
#DFDFDF	20	51	2	-1	19.5	20.5	50.5	51.5
#DFDFDF	21	51	2	-1	20.5	21.5	50.5	51.5
#DFDFDF	22	51	2	-1	21.5	22.5	50.5	51.5
#DFDFDF	23	51	2	-1	22.5	23.5	50.5	51.5
#DFDFDF	24	51	2	-1	23.5	24.5	50.5	51.5
#DFDFDF	25	51	2	-1	24.5	25.5	50.5	51.5
#000000	1	12	2	-1	0.5	1.5	11.5	12.5
#777777	2	12	2	-1	1.5	2.5	11.5	12.5
#FFFFFF	3	12	2	-1	2.5	3.5	11.5	12.5
#6D6D6D	4	12	2	-1	3.5	4.5	11.5	12.5
#717171	5	12	2	-1	4.5	5.5	11.5	12.5
#5C5C5C	6	12	2	-1	5.5	6.5	11.5	12.5
#999999	7	12	2	-1	6.5	7.5	11.5	12.5
#999999	8	12	2	-1	7.5	8.5	11.5	12.5
#989898	9	12	2	-1	8.5	9.5	11.5	12.5
#999999	10	12	2	-1	9.5	10.5	11.5	12.5
#989898	11	12	2	-1	10.5	11.5	11.5	12.5
#9A9A9A	12	12	2	-1	11.5	12.5	11.5	12.5
#959595	13	12	2	-1	12.5	13.5	11.5	12.5
#989898	14	12	2	-1	13.5	14.5	11.5	12.5
#979797	15	12	2	-1	14.5	15.5	11.5	12.5
#8F8F8F	16	12	2	-1	15.5	16.5	11.5	12.5
#8F8F8F	17	12	2	-1	16.5	17.5	11.5	12.5
#8D8D8D	18	12	2	-1	17.5	18.5	11.5	12.5
#8D8D8D	19	12	2	-1	18.5	19.5	11.5	12.5
#8D8D8D	20	12	2	-1	19.5	20.5	11.5	12.5
#8D8D8D	21	12	2	-1	20.5	21.5	11.5	12.5
#8D8D8D	22	12	2	-1	21.5	22.5	11.5	12.5
#8D8D8D	23	12	2	-1	22.5	23.5	11.5	12.5
#8D8D8D	24	12	2	-1	23.5	24.5	11.5	12.5
#8D8D8D	25	12	2	-1	24.5	25.5	11.5	12.5
#000000	1	52	2	-1	0.5	1.5	51.5	52.5
#333333	2	52	2	-1	1.5	2.5	51.5	52.5
#4E4E4E	3	52	2	-1	2.5	3.5	51.5	52.5
#6B6B6B	4	52	2	-1	3.5	4.5	51.5	52.5
#FFFFFF	5	52	2	-1	4.5	5.5	51.5	52.5
#F6F6F6	6	52	2	-1	5.5	6.5	51.5	52.5
#EEEEEE	7	52	2	-1	6.5	7.5	51.5	52.5
#E2E2E2	8	52	2	-1	7.5	8.5	51.5	52.5
#E4E4E4	9	52	2	-1	8.5	9.5	51.5	52.5
#D7D7D7	10	52	2	-1	9.5	10.5	51.5	52.5
#D8D8D8	11	52	2	-1	10.5	11.5	51.5	52.5
#D7D7D7	12	52	2	-1	11.5	12.5	51.5	52.5
#D8D8D8	13	52	2	-1	12.5	13.5	51.5	52.5
#D7D7D7	14	52	2	-1	13.5	14.5	51.5	52.5
#D7D7D7	15	52	2	-1	14.5	15.5	51.5	52.5
#D7D7D7	16	52	2	-1	15.5	16.5	51.5	52.5
#D8D8D8	17	52	2	-1	16.5	17.5	51.5	52.5
#D8D8D8	18	52	2	-1	17.5	18.5	51.5	52.5
#D8D8D8	19	52	2	-1	18.5	19.5	51.5	52.5
#D9D9D9	20	52	2	-1	19.5	20.5	51.5	52.5
#D9D9D9	21	52	2	-1	20.5	21.5	51.5	52.5
#D9D9D9	22	52	2	-1	21.5	22.5	51.5	52.5
#D9D9D9	23	52	2	-1	22.5	23.5	51.5	52.5
#D9D9D9	24	52	2	-1	23.5	24.5	51.5	52.5
#D9D9D9	25	52	2	-1	24.5	25.5	51.5	52.5
#000000	1	13	2	-1	0.5	1.5	12.5	13.5
#A0A0A0	2	13	2	-1	1.5	2.5	12.5	13.5
#FFFFFF	3	13	2	-1	2.5	3.5	12.5	13.5
#949494	4	13	2	-1	3.5	4.5	12.5	13.5
#BABABA	5	13	2	-1	4.5	5.5	12.5	13.5
#9B9B9B	6	13	2	-1	5.5	6.5	12.5	13.5
#8F8F8F	7	13	2	-1	6.5	7.5	12.5	13.5
#8F8F8F	8	13	2	-1	7.5	8.5	12.5	13.5
#909090	9	13	2	-1	8.5	9.5	12.5	13.5
#8F8F8F	10	13	2	-1	9.5	10.5	12.5	13.5
#8F8F8F	11	13	2	-1	10.5	11.5	12.5	13.5
#8E8E8E	12	13	2	-1	11.5	12.5	12.5	13.5
#8F8F8F	13	13	2	-1	12.5	13.5	12.5	13.5
#8F8F8F	14	13	2	-1	13.5	14.5	12.5	13.5
#9F9F9F	15	13	2	-1	14.5	15.5	12.5	13.5
#9F9F9F	16	13	2	-1	15.5	16.5	12.5	13.5
#9F9F9F	17	13	2	-1	16.5	17.5	12.5	13.5
#9E9E9E	18	13	2	-1	17.5	18.5	12.5	13.5
#9E9E9E	19	13	2	-1	18.5	19.5	12.5	13.5
#9E9E9E	20	13	2	-1	19.5	20.5	12.5	13.5
#9E9E9E	21	13	2	-1	20.5	21.5	12.5	13.5
#9E9E9E	22	13	2	-1	21.5	22.5	12.5	13.5
#9E9E9E	23	13	2	-1	22.5	23.5	12.5	13.5
#9E9E9E	24	13	2	-1	23.5	24.5	12.5	13.5
#9E9E9E	25	13	2	-1	24.5	25.5	12.5	13.5
#000000	1	14	2	-1	0.5	1.5	13.5	14.5
#A3A3A3	2	14	2	-1	1.5	2.5	13.5	14.5
#FFFFFF	3	14	2	-1	2.5	3.5	13.5	14.5
#9D9D9D	4	14	2	-1	3.5	4.5	13.5	14.5
#F1F1F1	5	14	2	-1	4.5	5.5	13.5	14.5
#ECECEC	6	14	2	-1	5.5	6.5	13.5	14.5
#DEDEDE	7	14	2	-1	6.5	7.5	13.5	14.5
#DBDBDB	8	14	2	-1	7.5	8.5	13.5	14.5
#D5D5D5	9	14	2	-1	8.5	9.5	13.5	14.5
#D4D4D4	10	14	2	-1	9.5	10.5	13.5	14.5
#D3D3D3	11	14	2	-1	10.5	11.5	13.5	14.5
#C9C9C9	12	14	2	-1	11.5	12.5	13.5	14.5
#DFDFDF	13	14	2	-1	12.5	13.5	13.5	14.5
#EFEFEF	14	14	2	-1	13.5	14.5	13.5	14.5
#EFEFEF	15	14	2	-1	14.5	15.5	13.5	14.5
#EEEEEE	16	14	2	-1	15.5	16.5	13.5	14.5
#EEEEEE	17	14	2	-1	16.5	17.5	13.5	14.5
#EEEEEE	18	14	2	-1	17.5	18.5	13.5	14.5
#EFEFEF	19	14	2	-1	18.5	19.5	13.5	14.5
#EFEFEF	20	14	2	-1	19.5	20.5	13.5	14.5
#EFEFEF	21	14	2	-1	20.5	21.5	13.5	14.5
#EFEFEF	22	14	2	-1	21.5	22.5	13.5	14.5
#EFEFEF	23	14	2	-1	22.5	23.5	13.5	14.5
#EFEFEF	24	14	2	-1	23.5	24.5	13.5	14.5
#EFEFEF	25	14	2	-1	24.5	25.5	13.5	14.5
#000000	1	31	2	-1	0.5	1.5	30.5	31.5
#646464	2	31	2	-1	1.5	2.5	30.5	31.5
#B7B7B7	3	31	2	-1	2.5	3.5	30.5	31.5
#FFFFFF	4	31	2	-1	3.5	4.5	30.5	31.5
#F5F5F5	5	31	2	-1	4.5	5.5	30.5	31.5
#F4F4F4	6	31	2	-1	5.5	6.5	30.5	31.5
#F4F4F4	7	31	2	-1	6.5	7.5	30.5	31.5
#F3F3F3	8	31	2	-1	7.5	8.5	30.5	31.5
#EBEBEB	9	31	2	-1	8.5	9.5	30.5	31.5
#EAEAEA	10	31	2	-1	9.5	10.5	30.5	31.5
#E3E3E3	11	31	2	-1	10.5	11.5	30.5	31.5
#E2E2E2	12	31	2	-1	11.5	12.5	30.5	31.5
#E2E2E2	13	31	2	-1	12.5	13.5	30.5	31.5
#E0E0E0	14	31	2	-1	13.5	14.5	30.5	31.5
#DFDFDF	15	31	2	-1	14.5	15.5	30.5	31.5
#DEDEDE	16	31	2	-1	15.5	16.5	30.5	31.5
#DEDEDE	17	31	2	-1	16.5	17.5	30.5	31.5
#DEDEDE	18	31	2	-1	17.5	18.5	30.5	31.5
#E0E0E0	19	31	2	-1	18.5	19.5	30.5	31.5
#E0E0E0	20	31	2	-1	19.5	20.5	30.5	31.5
#E2E2E2	21	31	2	-1	20.5	21.5	30.5	31.5
#E2E2E2	22	31	2	-1	21.5	22.5	30.5	31.5
#E2E2E2	23	31	2	-1	22.5	23.5	30.5	31.5
#E2E2E2	24	31	2	-1	23.5	24.5	30.5	31.5
#E2E2E2	25	31	2	-1	24.5	25.5	30.5	31.5
#000000	1	15	2	-1	0.5	1.5	14.5	15.5
#454545	2	15	2	-1	1.5	2.5	14.5	15.5
#FFFFFF	3	15	2	-1	2.5	3.5	14.5	15.5
#D4D4D4	4	15	2	-1	3.5	4.5	14.5	15.5
#BABABA	5	15	2	-1	4.5	5.5	14.5	15.5
#AFAFAF	6	15	2	-1	5.5	6.5	14.5	15.5
#AEAEAE	7	15	2	-1	6.5	7.5	14.5	15.5
#AFAFAF	8	15	2	-1	7.5	8.5	14.5	15.5
#AEAEAE	9	15	2	-1	8.5	9.5	14.5	15.5
#A9A9A9	10	15	2	-1	9.5	10.5	14.5	15.5
#B8B8B8	11	15	2	-1	10.5	11.5	14.5	15.5
#B8B8B8	12	15	2	-1	11.5	12.5	14.5	15.5
#B8B8B8	13	15	2	-1	12.5	13.5	14.5	15.5
#B2B2B2	14	15	2	-1	13.5	14.5	14.5	15.5
#B2B2B2	15	15	2	-1	14.5	15.5	14.5	15.5
#B2B2B2	16	15	2	-1	15.5	16.5	14.5	15.5
#B4B4B4	17	15	2	-1	16.5	17.5	14.5	15.5
#B3B3B3	18	15	2	-1	17.5	18.5	14.5	15.5
#B4B4B4	19	15	2	-1	18.5	19.5	14.5	15.5
#B5B5B5	20	15	2	-1	19.5	20.5	14.5	15.5
#B5B5B5	21	15	2	-1	20.5	21.5	14.5	15.5
#B5B5B5	22	15	2	-1	21.5	22.5	14.5	15.5
#B5B5B5	23	15	2	-1	22.5	23.5	14.5	15.5
#B5B5B5	24	15	2	-1	23.5	24.5	14.5	15.5
#B5B5B5	25	15	2	-1	24.5	25.5	14.5	15.5
#000000	1	74	2	-1	0.5	1.5	73.5	74.5
#757575	2	74	2	-1	1.5	2.5	73.5	74.5
#E2E2E2	3	74	2	-1	2.5	3.5	73.5	74.5
#E6E6E6	4	74	2	-1	3.5	4.5	73.5	74.5
#FAFAFA	5	74	2	-1	4.5	5.5	73.5	74.5
#FFFFFF	6	74	2	-1	5.5	6.5	73.5	74.5
#FCFCFC	7	74	2	-1	6.5	7.5	73.5	74.5
#E8E8E8	8	74	2	-1	7.5	8.5	73.5	74.5
#E8E8E8	9	74	2	-1	8.5	9.5	73.5	74.5
#E7E7E7	10	74	2	-1	9.5	10.5	73.5	74.5
#E6E6E6	11	74	2	-1	10.5	11.5	73.5	74.5
#E6E6E6	12	74	2	-1	11.5	12.5	73.5	74.5
#E5E5E5	13	74	2	-1	12.5	13.5	73.5	74.5
#E5E5E5	14	74	2	-1	13.5	14.5	73.5	74.5
#E6E6E6	15	74	2	-1	14.5	15.5	73.5	74.5
#E6E6E6	16	74	2	-1	15.5	16.5	73.5	74.5
#E9E9E9	17	74	2	-1	16.5	17.5	73.5	74.5
#E9E9E9	18	74	2	-1	17.5	18.5	73.5	74.5
#E9E9E9	19	74	2	-1	18.5	19.5	73.5	74.5
#E9E9E9	20	74	2	-1	19.5	20.5	73.5	74.5
#EAEAEA	21	74	2	-1	20.5	21.5	73.5	74.5
#EAEAEA	22	74	2	-1	21.5	22.5	73.5	74.5
#EAEAEA	23	74	2	-1	22.5	23.5	73.5	74.5
#EBEBEB	24	74	2	-1	23.5	24.5	73.5	74.5
#EBEBEB	25	74	2	-1	24.5	25.5	73.5	74.5
#000000	1	81	2	-1	0.5	1.5	80.5	81.5
#9A9A9A	2	81	2	-1	1.5	2.5	80.5	81.5
#CACACA	3	81	2	-1	2.5	3.5	80.5	81.5
#B6B6B6	4	81	2	-1	3.5	4.5	80.5	81.5
#F9F9F9	5	81	2	-1	4.5	5.5	80.5	81.5
#F9F9F9	6	81	2	-1	5.5	6.5	80.5	81.5
#FFFFFF	7	81	2	-1	6.5	7.5	80.5	81.5
#FCFCFC	8	81	2	-1	7.5	8.5	80.5	81.5
#FCFCFC	9	81	2	-1	8.5	9.5	80.5	81.5
#FCFCFC	10	81	2	-1	9.5	10.5	80.5	81.5
#FCFCFC	11	81	2	-1	10.5	11.5	80.5	81.5
#FBFBFB	12	81	2	-1	11.5	12.5	80.5	81.5
#FCFCFC	13	81	2	-1	12.5	13.5	80.5	81.5
#FCFCFC	14	81	2	-1	13.5	14.5	80.5	81.5
#F5F5F5	15	81	2	-1	14.5	15.5	80.5	81.5
#F6F6F6	16	81	2	-1	15.5	16.5	80.5	81.5
#F5F5F5	17	81	2	-1	16.5	17.5	80.5	81.5
#F5F5F5	18	81	2	-1	17.5	18.5	80.5	81.5
#F5F5F5	19	81	2	-1	18.5	19.5	80.5	81.5
#F5F5F5	20	81	2	-1	19.5	20.5	80.5	81.5
#F5F5F5	21	81	2	-1	20.5	21.5	80.5	81.5
#F7F7F7	22	81	2	-1	21.5	22.5	80.5	81.5
#F7F7F7	23	81	2	-1	22.5	23.5	80.5	81.5
#F7F7F7	24	81	2	-1	23.5	24.5	80.5	81.5
#F7F7F7	25	81	2	-1	24.5	25.5	80.5	81.5
#000000	1	53	2	-1	0.5	1.5	52.5	53.5
#717171	2	53	2	-1	1.5	2.5	52.5	53.5
#A6A6A6	3	53	2	-1	2.5	3.5	52.5	53.5
#BCBCBC	4	53	2	-1	3.5	4.5	52.5	53.5
#FFFFFF	5	53	2	-1	4.5	5.5	52.5	53.5
#F9F9F9	6	53	2	-1	5.5	6.5	52.5	53.5
#F9F9F9	7	53	2	-1	6.5	7.5	52.5	53.5
#F3F3F3	8	53	2	-1	7.5	8.5	52.5	53.5
#F2F2F2	9	53	2	-1	8.5	9.5	52.5	53.5
#FCFCFC	10	53	2	-1	9.5	10.5	52.5	53.5
#FBFBFB	11	53	2	-1	10.5	11.5	52.5	53.5
#FBFBFB	12	53	2	-1	11.5	12.5	52.5	53.5
#FBFBFB	13	53	2	-1	12.5	13.5	52.5	53.5
#FAFAFA	14	53	2	-1	13.5	14.5	52.5	53.5
#FAFAFA	15	53	2	-1	14.5	15.5	52.5	53.5
#FBFBFB	16	53	2	-1	15.5	16.5	52.5	53.5
#FBFBFB	17	53	2	-1	16.5	17.5	52.5	53.5
#FBFBFB	18	53	2	-1	17.5	18.5	52.5	53.5
#FCFCFC	19	53	2	-1	18.5	19.5	52.5	53.5
#FCFCFC	20	53	2	-1	19.5	20.5	52.5	53.5
#FCFCFC	21	53	2	-1	20.5	21.5	52.5	53.5
#FEFEFE	22	53	2	-1	21.5	22.5	52.5	53.5
#FEFEFE	23	53	2	-1	22.5	23.5	52.5	53.5
#FEFEFE	24	53	2	-1	23.5	24.5	52.5	53.5
#FEFEFE	25	53	2	-1	24.5	25.5	52.5	53.5
#000000	1	96	2	-1	0.5	1.5	95.5	96.5
#323232	2	96	2	-1	1.5	2.5	95.5	96.5
#4B4B4B	3	96	2	-1	2.5	3.5	95.5	96.5
#646464	4	96	2	-1	3.5	4.5	95.5	96.5
#F2F2F2	5	96	2	-1	4.5	5.5	95.5	96.5
#ECECEC	6	96	2	-1	5.5	6.5	95.5	96.5
#EEEEEE	7	96	2	-1	6.5	7.5	95.5	96.5
#EFEFEF	8	96	2	-1	7.5	8.5	95.5	96.5
#EFEFEF	9	96	2	-1	8.5	9.5	95.5	96.5
#EFEFEF	10	96	2	-1	9.5	10.5	95.5	96.5
#EFEFEF	11	96	2	-1	10.5	11.5	95.5	96.5
#EEEEEE	12	96	2	-1	11.5	12.5	95.5	96.5
#EEEEEE	13	96	2	-1	12.5	13.5	95.5	96.5
#EFEFEF	14	96	2	-1	13.5	14.5	95.5	96.5
#F8F8F8	15	96	2	-1	14.5	15.5	95.5	96.5
#FBFBFB	16	96	2	-1	15.5	16.5	95.5	96.5
#FDFDFD	17	96	2	-1	16.5	17.5	95.5	96.5
#FEFEFE	18	96	2	-1	17.5	18.5	95.5	96.5
#FFFFFF	19	96	2	-1	18.5	19.5	95.5	96.5
#FDFDFD	20	96	2	-1	19.5	20.5	95.5	96.5
#FDFDFD	21	96	2	-1	20.5	21.5	95.5	96.5
#FDFDFD	22	96	2	-1	21.5	22.5	95.5	96.5
#FDFDFD	23	96	2	-1	22.5	23.5	95.5	96.5
#FDFDFD	24	96	2	-1	23.5	24.5	95.5	96.5
#FDFDFD	25	96	2	-1	24.5	25.5	95.5	96.5
#000000	1	1	2	-1	0.5	1.5	0.5	1.5
#FFFFFF	2	1	2	-1	1.5	2.5	0.5	1.5
#8A8A8A	3	1	2	-1	2.5	3.5	0.5	1.5
#BEBEBE	4	1	2	-1	3.5	4.5	0.5	1.5
#ECECEC	5	1	2	-1	4.5	5.5	0.5	1.5
#E9E9E9	6	1	2	-1	5.5	6.5	0.5	1.5
#E9E9E9	7	1	2	-1	6.5	7.5	0.5	1.5
#E9E9E9	8	1	2	-1	7.5	8.5	0.5	1.5
#E9E9E9	9	1	2	-1	8.5	9.5	0.5	1.5
#EAEAEA	10	1	2	-1	9.5	10.5	0.5	1.5
#E8E8E8	11	1	2	-1	10.5	11.5	0.5	1.5
#E1E1E1	12	1	2	-1	11.5	12.5	0.5	1.5
#E1E1E1	13	1	2	-1	12.5	13.5	0.5	1.5
#E0E0E0	14	1	2	-1	13.5	14.5	0.5	1.5
#DFDFDF	15	1	2	-1	14.5	15.5	0.5	1.5
#DFDFDF	16	1	2	-1	15.5	16.5	0.5	1.5
#DEDEDE	17	1	2	-1	16.5	17.5	0.5	1.5
#DEDEDE	18	1	2	-1	17.5	18.5	0.5	1.5
#DEDEDE	19	1	2	-1	18.5	19.5	0.5	1.5
#D9D9D9	20	1	2	-1	19.5	20.5	0.5	1.5
#D9D9D9	21	1	2	-1	20.5	21.5	0.5	1.5
#D9D9D9	22	1	2	-1	21.5	22.5	0.5	1.5
#D9D9D9	23	1	2	-1	22.5	23.5	0.5	1.5
#DADADA	24	1	2	-1	23.5	24.5	0.5	1.5
#DADADA	25	1	2	-1	24.5	25.5	0.5	1.5
#000000	1	16	2	-1	0.5	1.5	15.5	16.5
#9C9C9C	2	16	2	-1	1.5	2.5	15.5	16.5
#FFFFFF	3	16	2	-1	2.5	3.5	15.5	16.5
#DDDDDD	4	16	2	-1	3.5	4.5	15.5	16.5
#F1F1F1	5	16	2	-1	4.5	5.5	15.5	16.5
#ECECEC	6	16	2	-1	5.5	6.5	15.5	16.5
#ECECEC	7	16	2	-1	6.5	7.5	15.5	16.5
#EDEDED	8	16	2	-1	7.5	8.5	15.5	16.5
#E7E7E7	9	16	2	-1	8.5	9.5	15.5	16.5
#E9E9E9	10	16	2	-1	9.5	10.5	15.5	16.5
#E8E8E8	11	16	2	-1	10.5	11.5	15.5	16.5
#E2E2E2	12	16	2	-1	11.5	12.5	15.5	16.5
#E1E1E1	13	16	2	-1	12.5	13.5	15.5	16.5
#E2E2E2	14	16	2	-1	13.5	14.5	15.5	16.5
#E2E2E2	15	16	2	-1	14.5	15.5	15.5	16.5
#E0E0E0	16	16	2	-1	15.5	16.5	15.5	16.5
#E0E0E0	17	16	2	-1	16.5	17.5	15.5	16.5
#DDDDDD	18	16	2	-1	17.5	18.5	15.5	16.5
#DDDDDD	19	16	2	-1	18.5	19.5	15.5	16.5
#DDDDDD	20	16	2	-1	19.5	20.5	15.5	16.5
#DDDDDD	21	16	2	-1	20.5	21.5	15.5	16.5
#DDDDDD	22	16	2	-1	21.5	22.5	15.5	16.5
#DDDDDD	23	16	2	-1	22.5	23.5	15.5	16.5
#DDDDDD	24	16	2	-1	23.5	24.5	15.5	16.5
#DDDDDD	25	16	2	-1	24.5	25.5	15.5	16.5
#000000	1	54	2	-1	0.5	1.5	53.5	54.5
#6F6F6F	2	54	2	-1	1.5	2.5	53.5	54.5
#AAAAAA	3	54	2	-1	2.5	3.5	53.5	54.5
#E1E1E1	4	54	2	-1	3.5	4.5	53.5	54.5
#FFFFFF	5	54	2	-1	4.5	5.5	53.5	54.5
#FEFEFE	6	54	2	-1	5.5	6.5	53.5	54.5
#FCFCFC	7	54	2	-1	6.5	7.5	53.5	54.5
#FAFAFA	8	54	2	-1	7.5	8.5	53.5	54.5
#FEFEFE	9	54	2	-1	8.5	9.5	53.5	54.5
#F2F2F2	10	54	2	-1	9.5	10.5	53.5	54.5
#F1F1F1	11	54	2	-1	10.5	11.5	53.5	54.5
#F1F1F1	12	54	2	-1	11.5	12.5	53.5	54.5
#F1F1F1	13	54	2	-1	12.5	13.5	53.5	54.5
#ECECEC	14	54	2	-1	13.5	14.5	53.5	54.5
#ECECEC	15	54	2	-1	14.5	15.5	53.5	54.5
#ECECEC	16	54	2	-1	15.5	16.5	53.5	54.5
#EDEDED	17	54	2	-1	16.5	17.5	53.5	54.5
#EDEDED	18	54	2	-1	17.5	18.5	53.5	54.5
#EDEDED	19	54	2	-1	18.5	19.5	53.5	54.5
#EDEDED	20	54	2	-1	19.5	20.5	53.5	54.5
#EDEDED	21	54	2	-1	20.5	21.5	53.5	54.5
#ECECEC	22	54	2	-1	21.5	22.5	53.5	54.5
#EDEDED	23	54	2	-1	22.5	23.5	53.5	54.5
#ECECEC	24	54	2	-1	23.5	24.5	53.5	54.5
#ECECEC	25	54	2	-1	24.5	25.5	53.5	54.5
#000000	1	75	2	-1	0.5	1.5	74.5	75.5
#272727	2	75	2	-1	1.5	2.5	74.5	75.5
#686868	3	75	2	-1	2.5	3.5	74.5	75.5
#9A9A9A	4	75	2	-1	3.5	4.5	74.5	75.5
#FBFBFB	5	75	2	-1	4.5	5.5	74.5	75.5
#FFFFFF	6	75	2	-1	5.5	6.5	74.5	75.5
#ECECEC	7	75	2	-1	6.5	7.5	74.5	75.5
#ECECEC	8	75	2	-1	7.5	8.5	74.5	75.5
#EBEBEB	9	75	2	-1	8.5	9.5	74.5	75.5
#EAEAEA	10	75	2	-1	9.5	10.5	74.5	75.5
#EAEAEA	11	75	2	-1	10.5	11.5	74.5	75.5
#E8E8E8	12	75	2	-1	11.5	12.5	74.5	75.5
#E9E9E9	13	75	2	-1	12.5	13.5	74.5	75.5
#E5E5E5	14	75	2	-1	13.5	14.5	74.5	75.5
#E5E5E5	15	75	2	-1	14.5	15.5	74.5	75.5
#E6E6E6	16	75	2	-1	15.5	16.5	74.5	75.5
#E6E6E6	17	75	2	-1	16.5	17.5	74.5	75.5
#E7E7E7	18	75	2	-1	17.5	18.5	74.5	75.5
#E9E9E9	19	75	2	-1	18.5	19.5	74.5	75.5
#E9E9E9	20	75	2	-1	19.5	20.5	74.5	75.5
#EAEAEA	21	75	2	-1	20.5	21.5	74.5	75.5
#EAEAEA	22	75	2	-1	21.5	22.5	74.5	75.5
#EAEAEA	23	75	2	-1	22.5	23.5	74.5	75.5
#EAEAEA	24	75	2	-1	23.5	24.5	74.5	75.5
#EAEAEA	25	75	2	-1	24.5	25.5	74.5	75.5
#000000	1	93	2	-1	0.5	1.5	92.5	93.5
#5E5E5E	2	93	2	-1	1.5	2.5	92.5	93.5
#9F9F9F	3	93	2	-1	2.5	3.5	92.5	93.5
#B7B7B7	4	93	2	-1	3.5	4.5	92.5	93.5
#FEFEFE	5	93	2	-1	4.5	5.5	92.5	93.5
#FDFDFD	6	93	2	-1	5.5	6.5	92.5	93.5
#FFFFFF	7	93	2	-1	6.5	7.5	92.5	93.5
#FCFCFC	8	93	2	-1	7.5	8.5	92.5	93.5
#FDFDFD	9	93	2	-1	8.5	9.5	92.5	93.5
#FCFCFC	10	93	2	-1	9.5	10.5	92.5	93.5
#FBFBFB	11	93	2	-1	10.5	11.5	92.5	93.5
#F8F8F8	12	93	2	-1	11.5	12.5	92.5	93.5
#F8F8F8	13	93	2	-1	12.5	13.5	92.5	93.5
#F8F8F8	14	93	2	-1	13.5	14.5	92.5	93.5
#F9F9F9	15	93	2	-1	14.5	15.5	92.5	93.5
#FFFFFF	16	93	2	-1	15.5	16.5	92.5	93.5
#FFFFFF	17	93	2	-1	16.5	17.5	92.5	93.5
#F9F9F9	18	93	2	-1	17.5	18.5	92.5	93.5
#F8F8F8	19	93	2	-1	18.5	19.5	92.5	93.5
#F8F8F8	20	93	2	-1	19.5	20.5	92.5	93.5
#F8F8F8	21	93	2	-1	20.5	21.5	92.5	93.5
#F8F8F8	22	93	2	-1	21.5	22.5	92.5	93.5
#F8F8F8	23	93	2	-1	22.5	23.5	92.5	93.5
#F8F8F8	24	93	2	-1	23.5	24.5	92.5	93.5
#F8F8F8	25	93	2	-1	24.5	25.5	92.5	93.5
#000000	1	55	2	-1	0.5	1.5	54.5	55.5
#292929	2	55	2	-1	1.5	2.5	54.5	55.5
#686868	3	55	2	-1	2.5	3.5	54.5	55.5
#606060	4	55	2	-1	3.5	4.5	54.5	55.5
#FFFFFF	5	55	2	-1	4.5	5.5	54.5	55.5
#F5F5F5	6	55	2	-1	5.5	6.5	54.5	55.5
#F0F0F0	7	55	2	-1	6.5	7.5	54.5	55.5
#F2F2F2	8	55	2	-1	7.5	8.5	54.5	55.5
#ECECEC	9	55	2	-1	8.5	9.5	54.5	55.5
#EDEDED	10	55	2	-1	9.5	10.5	54.5	55.5
#E2E2E2	11	55	2	-1	10.5	11.5	54.5	55.5
#E2E2E2	12	55	2	-1	11.5	12.5	54.5	55.5
#E2E2E2	13	55	2	-1	12.5	13.5	54.5	55.5
#E1E1E1	14	55	2	-1	13.5	14.5	54.5	55.5
#E7E7E7	15	55	2	-1	14.5	15.5	54.5	55.5
#E9E9E9	16	55	2	-1	15.5	16.5	54.5	55.5
#E8E8E8	17	55	2	-1	16.5	17.5	54.5	55.5
#E8E8E8	18	55	2	-1	17.5	18.5	54.5	55.5
#E9E9E9	19	55	2	-1	18.5	19.5	54.5	55.5
#E8E8E8	20	55	2	-1	19.5	20.5	54.5	55.5
#E8E8E8	21	55	2	-1	20.5	21.5	54.5	55.5
#E8E8E8	22	55	2	-1	21.5	22.5	54.5	55.5
#E8E8E8	23	55	2	-1	22.5	23.5	54.5	55.5
#E8E8E8	24	55	2	-1	23.5	24.5	54.5	55.5
#E8E8E8	25	55	2	-1	24.5	25.5	54.5	55.5
#000000	1	56	2	-1	0.5	1.5	55.5	56.5
#7C7C7C	2	56	2	-1	1.5	2.5	55.5	56.5
#BEBEBE	3	56	2	-1	2.5	3.5	55.5	56.5
#C3C3C3	4	56	2	-1	3.5	4.5	55.5	56.5
#FFFFFF	5	56	2	-1	4.5	5.5	55.5	56.5
#FDFDFD	6	56	2	-1	5.5	6.5	55.5	56.5
#FBFBFB	7	56	2	-1	6.5	7.5	55.5	56.5
#FBFBFB	8	56	2	-1	7.5	8.5	55.5	56.5
#F6F6F6	9	56	2	-1	8.5	9.5	55.5	56.5
#F6F6F6	10	56	2	-1	9.5	10.5	55.5	56.5
#F6F6F6	11	56	2	-1	10.5	11.5	55.5	56.5
#F5F5F5	12	56	2	-1	11.5	12.5	55.5	56.5
#F5F5F5	13	56	2	-1	12.5	13.5	55.5	56.5
#F5F5F5	14	56	2	-1	13.5	14.5	55.5	56.5
#F5F5F5	15	56	2	-1	14.5	15.5	55.5	56.5
#F5F5F5	16	56	2	-1	15.5	16.5	55.5	56.5
#F3F3F3	17	56	2	-1	16.5	17.5	55.5	56.5
#F8F8F8	18	56	2	-1	17.5	18.5	55.5	56.5
#F8F8F8	19	56	2	-1	18.5	19.5	55.5	56.5
#F8F8F8	20	56	2	-1	19.5	20.5	55.5	56.5
#F8F8F8	21	56	2	-1	20.5	21.5	55.5	56.5
#F8F8F8	22	56	2	-1	21.5	22.5	55.5	56.5
#F8F8F8	23	56	2	-1	22.5	23.5	55.5	56.5
#F8F8F8	24	56	2	-1	23.5	24.5	55.5	56.5
#F8F8F8	25	56	2	-1	24.5	25.5	55.5	56.5
#000000	1	57	2	-1	0.5	1.5	56.5	57.5
#222323	2	57	2	-1	1.5	2.5	56.5	57.5
#3E3E3E	3	57	2	-1	2.5	3.5	56.5	57.5
#626262	4	57	2	-1	3.5	4.5	56.5	57.5
#FFFFFF	5	57	2	-1	4.5	5.5	56.5	57.5
#EBEBEB	6	57	2	-1	5.5	6.5	56.5	57.5
#D5D5D5	7	57	2	-1	6.5	7.5	56.5	57.5
#D5D5D5	8	57	2	-1	7.5	8.5	56.5	57.5
#D6D6D6	9	57	2	-1	8.5	9.5	56.5	57.5
#D1D1D1	10	57	2	-1	9.5	10.5	56.5	57.5
#D5D5D5	11	57	2	-1	10.5	11.5	56.5	57.5
#D5D5D5	12	57	2	-1	11.5	12.5	56.5	57.5
#D4D4D4	13	57	2	-1	12.5	13.5	56.5	57.5
#D5D5D5	14	57	2	-1	13.5	14.5	56.5	57.5
#D5D5D5	15	57	2	-1	14.5	15.5	56.5	57.5
#D3D3D3	16	57	2	-1	15.5	16.5	56.5	57.5
#D2D2D2	17	57	2	-1	16.5	17.5	56.5	57.5
#D4D4D4	18	57	2	-1	17.5	18.5	56.5	57.5
#D3D3D3	19	57	2	-1	18.5	19.5	56.5	57.5
#D3D3D3	20	57	2	-1	19.5	20.5	56.5	57.5
#D3D3D3	21	57	2	-1	20.5	21.5	56.5	57.5
#D3D3D3	22	57	2	-1	21.5	22.5	56.5	57.5
#D2D2D2	23	57	2	-1	22.5	23.5	56.5	57.5
#D2D2D2	24	57	2	-1	23.5	24.5	56.5	57.5
#D2D2D2	25	57	2	-1	24.5	25.5	56.5	57.5
#000000	1	58	2	-1	0.5	1.5	57.5	58.5
#A5A5A5	2	58	2	-1	1.5	2.5	57.5	58.5
#F2F2F2	3	58	2	-1	2.5	3.5	57.5	58.5
#D4D4D4	4	58	2	-1	3.5	4.5	57.5	58.5
#FFFFFF	5	58	2	-1	4.5	5.5	57.5	58.5
#F2F2F2	6	58	2	-1	5.5	6.5	57.5	58.5
#F1F1F1	7	58	2	-1	6.5	7.5	57.5	58.5
#EDEDED	8	58	2	-1	7.5	8.5	57.5	58.5
#EDEDED	9	58	2	-1	8.5	9.5	57.5	58.5
#EDEDED	10	58	2	-1	9.5	10.5	57.5	58.5
#EEEEEE	11	58	2	-1	10.5	11.5	57.5	58.5
#F6F6F6	12	58	2	-1	11.5	12.5	57.5	58.5
#F6F6F6	13	58	2	-1	12.5	13.5	57.5	58.5
#F6F6F6	14	58	2	-1	13.5	14.5	57.5	58.5
#F6F6F6	15	58	2	-1	14.5	15.5	57.5	58.5
#F6F6F6	16	58	2	-1	15.5	16.5	57.5	58.5
#F7F7F7	17	58	2	-1	16.5	17.5	57.5	58.5
#F7F7F7	18	58	2	-1	17.5	18.5	57.5	58.5
#F7F7F7	19	58	2	-1	18.5	19.5	57.5	58.5
#F7F7F7	20	58	2	-1	19.5	20.5	57.5	58.5
#F7F7F7	21	58	2	-1	20.5	21.5	57.5	58.5
#F7F7F7	22	58	2	-1	21.5	22.5	57.5	58.5
#F7F7F7	23	58	2	-1	22.5	23.5	57.5	58.5
#F7F7F7	24	58	2	-1	23.5	24.5	57.5	58.5
#F7F7F7	25	58	2	-1	24.5	25.5	57.5	58.5
#000000	1	17	2	-1	0.5	1.5	16.5	17.5
#A5A5A5	2	17	2	-1	1.5	2.5	16.5	17.5
#FFFFFF	3	17	2	-1	2.5	3.5	16.5	17.5
#3E3E3E	4	17	2	-1	3.5	4.5	16.5	17.5
#2C2C2C	5	17	2	-1	4.5	5.5	16.5	17.5
#353535	6	17	2	-1	5.5	6.5	16.5	17.5
#1E1E1E	7	17	2	-1	6.5	7.5	16.5	17.5
#141414	8	17	2	-1	7.5	8.5	16.5	17.5
#121212	9	17	2	-1	8.5	9.5	16.5	17.5
#343434	10	17	2	-1	9.5	10.5	16.5	17.5
#343434	11	17	2	-1	10.5	11.5	16.5	17.5
#343434	12	17	2	-1	11.5	12.5	16.5	17.5
#333333	13	17	2	-1	12.5	13.5	16.5	17.5
#282828	14	17	2	-1	13.5	14.5	16.5	17.5
#282828	15	17	2	-1	14.5	15.5	16.5	17.5
#282828	16	17	2	-1	15.5	16.5	16.5	17.5
#282828	17	17	2	-1	16.5	17.5	16.5	17.5
#272727	18	17	2	-1	17.5	18.5	16.5	17.5
#272727	19	17	2	-1	18.5	19.5	16.5	17.5
#272727	20	17	2	-1	19.5	20.5	16.5	17.5
#262626	21	17	2	-1	20.5	21.5	16.5	17.5
#262626	22	17	2	-1	21.5	22.5	16.5	17.5
#262626	23	17	2	-1	22.5	23.5	16.5	17.5
#282828	24	17	2	-1	23.5	24.5	16.5	17.5
#282828	25	17	2	-1	24.5	25.5	16.5	17.5
#000000	1	82	2	-1	0.5	1.5	81.5	82.5
#696969	2	82	2	-1	1.5	2.5	81.5	82.5
#9B9B9B	3	82	2	-1	2.5	3.5	81.5	82.5
#A8A8A8	4	82	2	-1	3.5	4.5	81.5	82.5
#FEFEFE	5	82	2	-1	4.5	5.5	81.5	82.5
#FEFEFE	6	82	2	-1	5.5	6.5	81.5	82.5
#FFFFFF	7	82	2	-1	6.5	7.5	81.5	82.5
#FFFFFF	8	82	2	-1	7.5	8.5	81.5	82.5
#FFFFFF	9	82	2	-1	8.5	9.5	81.5	82.5
#FAFAFA	10	82	2	-1	9.5	10.5	81.5	82.5
#FAFAFA	11	82	2	-1	10.5	11.5	81.5	82.5
#F4F4F4	12	82	2	-1	11.5	12.5	81.5	82.5
#F3F3F3	13	82	2	-1	12.5	13.5	81.5	82.5
#F2F2F2	14	82	2	-1	13.5	14.5	81.5	82.5
#F2F2F2	15	82	2	-1	14.5	15.5	81.5	82.5
#F2F2F2	16	82	2	-1	15.5	16.5	81.5	82.5
#F2F2F2	17	82	2	-1	16.5	17.5	81.5	82.5
#F1F1F1	18	82	2	-1	17.5	18.5	81.5	82.5
#EFEFEF	19	82	2	-1	18.5	19.5	81.5	82.5
#EFEFEF	20	82	2	-1	19.5	20.5	81.5	82.5
#F0F0F0	21	82	2	-1	20.5	21.5	81.5	82.5
#F0F0F0	22	82	2	-1	21.5	22.5	81.5	82.5
#F0F0F0	23	82	2	-1	22.5	23.5	81.5	82.5
#F0F0F0	24	82	2	-1	23.5	24.5	81.5	82.5
#F1F1F1	25	82	2	-1	24.5	25.5	81.5	82.5
#000000	1	59	2	-1	0.5	1.5	58.5	59.5
#A6A6A6	2	59	2	-1	1.5	2.5	58.5	59.5
#E7E7E7	3	59	2	-1	2.5	3.5	58.5	59.5
#E2E2E2	4	59	2	-1	3.5	4.5	58.5	59.5
#FFFFFF	5	59	2	-1	4.5	5.5	58.5	59.5
#F9F9F9	6	59	2	-1	5.5	6.5	58.5	59.5
#F9F9F9	7	59	2	-1	6.5	7.5	58.5	59.5
#F2F2F2	8	59	2	-1	7.5	8.5	58.5	59.5
#F3F3F3	9	59	2	-1	8.5	9.5	58.5	59.5
#F2F2F2	10	59	2	-1	9.5	10.5	58.5	59.5
#EEEEEE	11	59	2	-1	10.5	11.5	58.5	59.5
#F0F0F0	12	59	2	-1	11.5	12.5	58.5	59.5
#F0F0F0	13	59	2	-1	12.5	13.5	58.5	59.5
#ECECEC	14	59	2	-1	13.5	14.5	58.5	59.5
#ECECEC	15	59	2	-1	14.5	15.5	58.5	59.5
#ECECEC	16	59	2	-1	15.5	16.5	58.5	59.5
#ECECEC	17	59	2	-1	16.5	17.5	58.5	59.5
#F2F2F2	18	59	2	-1	17.5	18.5	58.5	59.5
#F2F2F2	19	59	2	-1	18.5	19.5	58.5	59.5
#F2F2F2	20	59	2	-1	19.5	20.5	58.5	59.5
#F2F2F2	21	59	2	-1	20.5	21.5	58.5	59.5
#F2F2F2	22	59	2	-1	21.5	22.5	58.5	59.5
#F2F2F2	23	59	2	-1	22.5	23.5	58.5	59.5
#F2F2F2	24	59	2	-1	23.5	24.5	58.5	59.5
#F2F2F2	25	59	2	-1	24.5	25.5	58.5	59.5
#000000	1	90	2	-1	0.5	1.5	89.5	90.5
#545454	2	90	2	-1	1.5	2.5	89.5	90.5
#9F9F9F	3	90	2	-1	2.5	3.5	89.5	90.5
#9D9D9D	4	90	2	-1	3.5	4.5	89.5	90.5
#EAEAEA	5	90	2	-1	4.5	5.5	89.5	90.5
#EAEAEA	6	90	2	-1	5.5	6.5	89.5	90.5
#EBEBEB	7	90	2	-1	6.5	7.5	89.5	90.5
#EAEAEA	8	90	2	-1	7.5	8.5	89.5	90.5
#E8E8E8	9	90	2	-1	8.5	9.5	89.5	90.5
#E8E8E8	10	90	2	-1	9.5	10.5	89.5	90.5
#FEFEFE	11	90	2	-1	10.5	11.5	89.5	90.5
#FFFFFF	12	90	2	-1	11.5	12.5	89.5	90.5
#FEFEFE	13	90	2	-1	12.5	13.5	89.5	90.5
#FDFDFD	14	90	2	-1	13.5	14.5	89.5	90.5
#FBFBFB	15	90	2	-1	14.5	15.5	89.5	90.5
#FCFCFC	16	90	2	-1	15.5	16.5	89.5	90.5
#FCFCFC	17	90	2	-1	16.5	17.5	89.5	90.5
#FCFCFC	18	90	2	-1	17.5	18.5	89.5	90.5
#FCFCFC	19	90	2	-1	18.5	19.5	89.5	90.5
#FCFCFC	20	90	2	-1	19.5	20.5	89.5	90.5
#FAFAFA	21	90	2	-1	20.5	21.5	89.5	90.5
#FAFAFA	22	90	2	-1	21.5	22.5	89.5	90.5
#FAFAFA	23	90	2	-1	22.5	23.5	89.5	90.5
#FAFAFA	24	90	2	-1	23.5	24.5	89.5	90.5
#FAFAFA	25	90	2	-1	24.5	25.5	89.5	90.5
#000000	1	18	2	-1	0.5	1.5	17.5	18.5
#C3C3C3	2	18	2	-1	1.5	2.5	17.5	18.5
#FFFFFF	3	18	2	-1	2.5	3.5	17.5	18.5
#393939	4	18	2	-1	3.5	4.5	17.5	18.5
#959595	5	18	2	-1	4.5	5.5	17.5	18.5
#838383	6	18	2	-1	5.5	6.5	17.5	18.5
#C6C6C6	7	18	2	-1	6.5	7.5	17.5	18.5
#C4C4C4	8	18	2	-1	7.5	8.5	17.5	18.5
#EDEDED	9	18	2	-1	8.5	9.5	17.5	18.5
#EFEFEF	10	18	2	-1	9.5	10.5	17.5	18.5
#F4F4F4	11	18	2	-1	10.5	11.5	17.5	18.5
#F3F3F3	12	18	2	-1	11.5	12.5	17.5	18.5
#F2F2F2	13	18	2	-1	12.5	13.5	17.5	18.5
#F1F1F1	14	18	2	-1	13.5	14.5	17.5	18.5
#F1F1F1	15	18	2	-1	14.5	15.5	17.5	18.5
#EEEEEE	16	18	2	-1	15.5	16.5	17.5	18.5
#EEEEEE	17	18	2	-1	16.5	17.5	17.5	18.5
#EEEEEE	18	18	2	-1	17.5	18.5	17.5	18.5
#F3F3F3	19	18	2	-1	18.5	19.5	17.5	18.5
#F3F3F3	20	18	2	-1	19.5	20.5	17.5	18.5
#F3F3F3	21	18	2	-1	20.5	21.5	17.5	18.5
#F3F3F3	22	18	2	-1	21.5	22.5	17.5	18.5
#F2F2F2	23	18	2	-1	22.5	23.5	17.5	18.5
#F2F2F2	24	18	2	-1	23.5	24.5	17.5	18.5
#F2F2F2	25	18	2	-1	24.5	25.5	17.5	18.5
#000000	1	2	2	-1	0.5	1.5	1.5	2.5
#FFFFFF	2	2	2	-1	1.5	2.5	1.5	2.5
#E0E0E0	3	2	2	-1	2.5	3.5	1.5	2.5
#EAEAEA	4	2	2	-1	3.5	4.5	1.5	2.5
#F7F7F7	5	2	2	-1	4.5	5.5	1.5	2.5
#F3F3F3	6	2	2	-1	5.5	6.5	1.5	2.5
#E6E6E6	7	2	2	-1	6.5	7.5	1.5	2.5
#E2E2E2	8	2	2	-1	7.5	8.5	1.5	2.5
#E2E2E2	9	2	2	-1	8.5	9.5	1.5	2.5
#D9D9D9	10	2	2	-1	9.5	10.5	1.5	2.5
#DADADA	11	2	2	-1	10.5	11.5	1.5	2.5
#D9D9D9	12	2	2	-1	11.5	12.5	1.5	2.5
#DBDBDB	13	2	2	-1	12.5	13.5	1.5	2.5
#DBDBDB	14	2	2	-1	13.5	14.5	1.5	2.5
#D4D4D4	15	2	2	-1	14.5	15.5	1.5	2.5
#D4D4D4	16	2	2	-1	15.5	16.5	1.5	2.5
#D3D3D3	17	2	2	-1	16.5	17.5	1.5	2.5
#D3D3D3	18	2	2	-1	17.5	18.5	1.5	2.5
#D3D3D3	19	2	2	-1	18.5	19.5	1.5	2.5
#D4D4D4	20	2	2	-1	19.5	20.5	1.5	2.5
#D4D4D4	21	2	2	-1	20.5	21.5	1.5	2.5
#D4D4D4	22	2	2	-1	21.5	22.5	1.5	2.5
#D5D5D5	23	2	2	-1	22.5	23.5	1.5	2.5
#D5D5D5	24	2	2	-1	23.5	24.5	1.5	2.5
#D5D5D5	25	2	2	-1	24.5	25.5	1.5	2.5
#000000	1	99	2	-1	0.5	1.5	98.5	99.5
#1B1B1B	2	99	2	-1	1.5	2.5	98.5	99.5
#ACACAC	3	99	2	-1	2.5	3.5	98.5	99.5
#A2A2A2	4	99	2	-1	3.5	4.5	98.5	99.5
#EAEAEA	5	99	2	-1	4.5	5.5	98.5	99.5
#EAEAEA	6	99	2	-1	5.5	6.5	98.5	99.5
#E3E3E3	7	99	2	-1	6.5	7.5	98.5	99.5
#EDEDED	8	99	2	-1	7.5	8.5	98.5	99.5
#E5E5E5	9	99	2	-1	8.5	9.5	98.5	99.5
#F2F2F2	10	99	2	-1	9.5	10.5	98.5	99.5
#F0F0F0	11	99	2	-1	10.5	11.5	98.5	99.5
#F0F0F0	12	99	2	-1	11.5	12.5	98.5	99.5
#F0F0F0	13	99	2	-1	12.5	13.5	98.5	99.5
#FDFDFD	14	99	2	-1	13.5	14.5	98.5	99.5
#FEFEFE	15	99	2	-1	14.5	15.5	98.5	99.5
#FEFEFE	16	99	2	-1	15.5	16.5	98.5	99.5
#FEFEFE	17	99	2	-1	16.5	17.5	98.5	99.5
#FDFDFD	18	99	2	-1	17.5	18.5	98.5	99.5
#FFFFFF	19	99	2	-1	18.5	19.5	98.5	99.5
#FFFFFF	20	99	2	-1	19.5	20.5	98.5	99.5
#FFFFFF	21	99	2	-1	20.5	21.5	98.5	99.5
#FFFFFF	22	99	2	-1	21.5	22.5	98.5	99.5
#FFFFFF	23	99	2	-1	22.5	23.5	98.5	99.5
#FFFFFF	24	99	2	-1	23.5	24.5	98.5	99.5
#FFFFFF	25	99	2	-1	24.5	25.5	98.5	99.5
#000000	1	60	2	-1	0.5	1.5	59.5	60.5
#ADADAD	2	60	2	-1	1.5	2.5	59.5	60.5
#B5B5B5	3	60	2	-1	2.5	3.5	59.5	60.5
#DBDBDB	4	60	2	-1	3.5	4.5	59.5	60.5
#FFFFFF	5	60	2	-1	4.5	5.5	59.5	60.5
#FEFEFE	6	60	2	-1	5.5	6.5	59.5	60.5
#FFFFFF	7	60	2	-1	6.5	7.5	59.5	60.5
#EEEEEE	8	60	2	-1	7.5	8.5	59.5	60.5
#EEEEEE	9	60	2	-1	8.5	9.5	59.5	60.5
#EDEDED	10	60	2	-1	9.5	10.5	59.5	60.5
#F3F3F3	11	60	2	-1	10.5	11.5	59.5	60.5
#F3F3F3	12	60	2	-1	11.5	12.5	59.5	60.5
#F4F4F4	13	60	2	-1	12.5	13.5	59.5	60.5
#F3F3F3	14	60	2	-1	13.5	14.5	59.5	60.5
#F3F3F3	15	60	2	-1	14.5	15.5	59.5	60.5
#F3F3F3	16	60	2	-1	15.5	16.5	59.5	60.5
#F3F3F3	17	60	2	-1	16.5	17.5	59.5	60.5
#F2F2F2	18	60	2	-1	17.5	18.5	59.5	60.5
#F2F2F2	19	60	2	-1	18.5	19.5	59.5	60.5
#F2F2F2	20	60	2	-1	19.5	20.5	59.5	60.5
#F2F2F2	21	60	2	-1	20.5	21.5	59.5	60.5
#F2F2F2	22	60	2	-1	21.5	22.5	59.5	60.5
#F2F2F2	23	60	2	-1	22.5	23.5	59.5	60.5
#F2F2F2	24	60	2	-1	23.5	24.5	59.5	60.5
#F2F2F2	25	60	2	-1	24.5	25.5	59.5	60.5
#000000	1	61	2	-1	0.5	1.5	60.5	61.5
#BEBEBE	2	61	2	-1	1.5	2.5	60.5	61.5
#A8A8A8	3	61	2	-1	2.5	3.5	60.5	61.5
#DBDBDB	4	61	2	-1	3.5	4.5	60.5	61.5
#FFFFFF	5	61	2	-1	4.5	5.5	60.5	61.5
#EDEDED	6	61	2	-1	5.5	6.5	60.5	61.5
#E8E8E8	7	61	2	-1	6.5	7.5	60.5	61.5
#E9E9E9	8	61	2	-1	7.5	8.5	60.5	61.5
#EBEBEB	9	61	2	-1	8.5	9.5	60.5	61.5
#EAEAEA	10	61	2	-1	9.5	10.5	60.5	61.5
#E6E6E6	11	61	2	-1	10.5	11.5	60.5	61.5
#E7E7E7	12	61	2	-1	11.5	12.5	60.5	61.5
#E8E8E8	13	61	2	-1	12.5	13.5	60.5	61.5
#DFDFDF	14	61	2	-1	13.5	14.5	60.5	61.5
#DEDEDE	15	61	2	-1	14.5	15.5	60.5	61.5
#DFDFDF	16	61	2	-1	15.5	16.5	60.5	61.5
#DFDFDF	17	61	2	-1	16.5	17.5	60.5	61.5
#E1E1E1	18	61	2	-1	17.5	18.5	60.5	61.5
#E1E1E1	19	61	2	-1	18.5	19.5	60.5	61.5
#DDDDDD	20	61	2	-1	19.5	20.5	60.5	61.5
#DDDDDD	21	61	2	-1	20.5	21.5	60.5	61.5
#DDDDDD	22	61	2	-1	21.5	22.5	60.5	61.5
#DDDDDD	23	61	2	-1	22.5	23.5	60.5	61.5
#DDDDDD	24	61	2	-1	23.5	24.5	60.5	61.5
#DDDDDD	25	61	2	-1	24.5	25.5	60.5	61.5
#000000	1	19	2	-1	0.5	1.5	18.5	19.5
#7B7B7B	2	19	2	-1	1.5	2.5	18.5	19.5
#FFFFFF	3	19	2	-1	2.5	3.5	18.5	19.5
#B3B3B3	4	19	2	-1	3.5	4.5	18.5	19.5
#C1C1C1	5	19	2	-1	4.5	5.5	18.5	19.5
#C4C4C4	6	19	2	-1	5.5	6.5	18.5	19.5
#BBBBBB	7	19	2	-1	6.5	7.5	18.5	19.5
#BDBDBD	8	19	2	-1	7.5	8.5	18.5	19.5
#BCBCBC	9	19	2	-1	8.5	9.5	18.5	19.5
#BCBCBC	10	19	2	-1	9.5	10.5	18.5	19.5
#BCBCBC	11	19	2	-1	10.5	11.5	18.5	19.5
#CBCBCB	12	19	2	-1	11.5	12.5	18.5	19.5
#CACACA	13	19	2	-1	12.5	13.5	18.5	19.5
#CBCBCB	14	19	2	-1	13.5	14.5	18.5	19.5
#CBCBCB	15	19	2	-1	14.5	15.5	18.5	19.5
#CBCBCB	16	19	2	-1	15.5	16.5	18.5	19.5
#CFCFCF	17	19	2	-1	16.5	17.5	18.5	19.5
#CFCFCF	18	19	2	-1	17.5	18.5	18.5	19.5
#CACACA	19	19	2	-1	18.5	19.5	18.5	19.5
#CACACA	20	19	2	-1	19.5	20.5	18.5	19.5
#CACACA	21	19	2	-1	20.5	21.5	18.5	19.5
#CACACA	22	19	2	-1	21.5	22.5	18.5	19.5
#CBCBCB	23	19	2	-1	22.5	23.5	18.5	19.5
#CACACA	24	19	2	-1	23.5	24.5	18.5	19.5
#CACACA	25	19	2	-1	24.5	25.5	18.5	19.5
#000000	1	62	2	-1	0.5	1.5	61.5	62.5
#717171	2	62	2	-1	1.5	2.5	61.5	62.5
#6F6F6F	3	62	2	-1	2.5	3.5	61.5	62.5
#B6B6B6	4	62	2	-1	3.5	4.5	61.5	62.5
#FFFFFF	5	62	2	-1	4.5	5.5	61.5	62.5
#FCFCFC	6	62	2	-1	5.5	6.5	61.5	62.5
#FCFCFC	7	62	2	-1	6.5	7.5	61.5	62.5
#FDFDFD	8	62	2	-1	7.5	8.5	61.5	62.5
#FEFEFE	9	62	2	-1	8.5	9.5	61.5	62.5
#FBFBFB	10	62	2	-1	9.5	10.5	61.5	62.5
#FBFBFB	11	62	2	-1	10.5	11.5	61.5	62.5
#FAFAFA	12	62	2	-1	11.5	12.5	61.5	62.5
#FBFBFB	13	62	2	-1	12.5	13.5	61.5	62.5
#FBFBFB	14	62	2	-1	13.5	14.5	61.5	62.5
#FAFAFA	15	62	2	-1	14.5	15.5	61.5	62.5
#F4F4F4	16	62	2	-1	15.5	16.5	61.5	62.5
#F4F4F4	17	62	2	-1	16.5	17.5	61.5	62.5
#F5F5F5	18	62	2	-1	17.5	18.5	61.5	62.5
#F5F5F5	19	62	2	-1	18.5	19.5	61.5	62.5
#F5F5F5	20	62	2	-1	19.5	20.5	61.5	62.5
#F4F4F4	21	62	2	-1	20.5	21.5	61.5	62.5
#F4F4F4	22	62	2	-1	21.5	22.5	61.5	62.5
#F4F4F4	23	62	2	-1	22.5	23.5	61.5	62.5
#F4F4F4	24	62	2	-1	23.5	24.5	61.5	62.5
#F5F5F5	25	62	2	-1	24.5	25.5	61.5	62.5
#000000	1	63	2	-1	0.5	1.5	62.5	63.5
#505050	2	63	2	-1	1.5	2.5	62.5	63.5
#7F7F7F	3	63	2	-1	2.5	3.5	62.5	63.5
#D4D4D4	4	63	2	-1	3.5	4.5	62.5	63.5
#FFFFFF	5	63	2	-1	4.5	5.5	62.5	63.5
#F1F1F1	6	63	2	-1	5.5	6.5	62.5	63.5
#FAFAFA	7	63	2	-1	6.5	7.5	62.5	63.5
#D4D4D4	8	63	2	-1	7.5	8.5	62.5	63.5
#D4D4D4	9	63	2	-1	8.5	9.5	62.5	63.5
#D4D4D4	10	63	2	-1	9.5	10.5	62.5	63.5
#CDCDCD	11	63	2	-1	10.5	11.5	62.5	63.5
#CCCCCC	12	63	2	-1	11.5	12.5	62.5	63.5
#CCCCCC	13	63	2	-1	12.5	13.5	62.5	63.5
#BFBFBF	14	63	2	-1	13.5	14.5	62.5	63.5
#BFBFBF	15	63	2	-1	14.5	15.5	62.5	63.5
#BFBFBF	16	63	2	-1	15.5	16.5	62.5	63.5
#BFBFBF	17	63	2	-1	16.5	17.5	62.5	63.5
#BBBBBB	18	63	2	-1	17.5	18.5	62.5	63.5
#BBBBBB	19	63	2	-1	18.5	19.5	62.5	63.5
#BBBBBB	20	63	2	-1	19.5	20.5	62.5	63.5
#C3C3C3	21	63	2	-1	20.5	21.5	62.5	63.5
#C2C2C2	22	63	2	-1	21.5	22.5	62.5	63.5
#C3C3C3	23	63	2	-1	22.5	23.5	62.5	63.5
#C3C3C3	24	63	2	-1	23.5	24.5	62.5	63.5
#C3C3C3	25	63	2	-1	24.5	25.5	62.5	63.5
#000000	1	94	2	-1	0.5	1.5	93.5	94.5
#D2D2D2	2	94	2	-1	1.5	2.5	93.5	94.5
#828282	3	94	2	-1	2.5	3.5	93.5	94.5
#8A8A8A	4	94	2	-1	3.5	4.5	93.5	94.5
#FAFAFA	5	94	2	-1	4.5	5.5	93.5	94.5
#F7F7F7	6	94	2	-1	5.5	6.5	93.5	94.5
#F6F6F6	7	94	2	-1	6.5	7.5	93.5	94.5
#FBFBFB	8	94	2	-1	7.5	8.5	93.5	94.5
#FBFBFB	9	94	2	-1	8.5	9.5	93.5	94.5
#FBFBFB	10	94	2	-1	9.5	10.5	93.5	94.5
#EFEFEF	11	94	2	-1	10.5	11.5	93.5	94.5
#EFEFEF	12	94	2	-1	11.5	12.5	93.5	94.5
#FDFDFD	13	94	2	-1	12.5	13.5	93.5	94.5
#FDFDFD	14	94	2	-1	13.5	14.5	93.5	94.5
#FDFDFD	15	94	2	-1	14.5	15.5	93.5	94.5
#FDFDFD	16	94	2	-1	15.5	16.5	93.5	94.5
#FAFAFA	17	94	2	-1	16.5	17.5	93.5	94.5
#FFFFFF	18	94	2	-1	17.5	18.5	93.5	94.5
#F9F9F9	19	94	2	-1	18.5	19.5	93.5	94.5
#F9F9F9	20	94	2	-1	19.5	20.5	93.5	94.5
#F9F9F9	21	94	2	-1	20.5	21.5	93.5	94.5
#F9F9F9	22	94	2	-1	21.5	22.5	93.5	94.5
#F9F9F9	23	94	2	-1	22.5	23.5	93.5	94.5
#F9F9F9	24	94	2	-1	23.5	24.5	93.5	94.5
#F9F9F9	25	94	2	-1	24.5	25.5	93.5	94.5
#000000	1	76	2	-1	0.5	1.5	75.5	76.5
#5C5C5C	2	76	2	-1	1.5	2.5	75.5	76.5
#949494	3	76	2	-1	2.5	3.5	75.5	76.5
#C1C1C1	4	76	2	-1	3.5	4.5	75.5	76.5
#FDFDFD	5	76	2	-1	4.5	5.5	75.5	76.5
#FFFFFF	6	76	2	-1	5.5	6.5	75.5	76.5
#F5F5F5	7	76	2	-1	6.5	7.5	75.5	76.5
#F4F4F4	8	76	2	-1	7.5	8.5	75.5	76.5
#F7F7F7	9	76	2	-1	8.5	9.5	75.5	76.5
#F7F7F7	10	76	2	-1	9.5	10.5	75.5	76.5
#F7F7F7	11	76	2	-1	10.5	11.5	75.5	76.5
#F7F7F7	12	76	2	-1	11.5	12.5	75.5	76.5
#F8F8F8	13	76	2	-1	12.5	13.5	75.5	76.5
#F9F9F9	14	76	2	-1	13.5	14.5	75.5	76.5
#F9F9F9	15	76	2	-1	14.5	15.5	75.5	76.5
#F9F9F9	16	76	2	-1	15.5	16.5	75.5	76.5
#F9F9F9	17	76	2	-1	16.5	17.5	75.5	76.5
#FAFAFA	18	76	2	-1	17.5	18.5	75.5	76.5
#FDFDFD	19	76	2	-1	18.5	19.5	75.5	76.5
#FDFDFD	20	76	2	-1	19.5	20.5	75.5	76.5
#FDFDFD	21	76	2	-1	20.5	21.5	75.5	76.5
#FDFDFD	22	76	2	-1	21.5	22.5	75.5	76.5
#FDFDFD	23	76	2	-1	22.5	23.5	75.5	76.5
#FDFDFD	24	76	2	-1	23.5	24.5	75.5	76.5
#FDFDFD	25	76	2	-1	24.5	25.5	75.5	76.5
#000000	1	3	2	-1	0.5	1.5	2.5	3.5
#FFFFFF	2	3	2	-1	1.5	2.5	2.5	3.5
#747474	3	3	2	-1	2.5	3.5	2.5	3.5
#727272	4	3	2	-1	3.5	4.5	2.5	3.5
#B0B0B0	5	3	2	-1	4.5	5.5	2.5	3.5
#C0C0C0	6	3	2	-1	5.5	6.5	2.5	3.5
#BEBEBE	7	3	2	-1	6.5	7.5	2.5	3.5
#BDBDBD	8	3	2	-1	7.5	8.5	2.5	3.5
#898989	9	3	2	-1	8.5	9.5	2.5	3.5
#868686	10	3	2	-1	9.5	10.5	2.5	3.5
#878787	11	3	2	-1	10.5	11.5	2.5	3.5
#878787	12	3	2	-1	11.5	12.5	2.5	3.5
#878787	13	3	2	-1	12.5	13.5	2.5	3.5
#858585	14	3	2	-1	13.5	14.5	2.5	3.5
#868686	15	3	2	-1	14.5	15.5	2.5	3.5
#868686	16	3	2	-1	15.5	16.5	2.5	3.5
#868686	17	3	2	-1	16.5	17.5	2.5	3.5
#868686	18	3	2	-1	17.5	18.5	2.5	3.5
#868686	19	3	2	-1	18.5	19.5	2.5	3.5
#868686	20	3	2	-1	19.5	20.5	2.5	3.5
#888888	21	3	2	-1	20.5	21.5	2.5	3.5
#888888	22	3	2	-1	21.5	22.5	2.5	3.5
#888888	23	3	2	-1	22.5	23.5	2.5	3.5
#888888	24	3	2	-1	23.5	24.5	2.5	3.5
#888888	25	3	2	-1	24.5	25.5	2.5	3.5
#000000	1	20	2	-1	0.5	1.5	19.5	20.5
#838383	2	20	2	-1	1.5	2.5	19.5	20.5
#FFFFFF	3	20	2	-1	2.5	3.5	19.5	20.5
#AAAAAA	4	20	2	-1	3.5	4.5	19.5	20.5
#E0E0E0	5	20	2	-1	4.5	5.5	19.5	20.5
#D8D8D8	6	20	2	-1	5.5	6.5	19.5	20.5
#CECECE	7	20	2	-1	6.5	7.5	19.5	20.5
#CCCCCC	8	20	2	-1	7.5	8.5	19.5	20.5
#CCCCCC	9	20	2	-1	8.5	9.5	19.5	20.5
#CCCCCC	10	20	2	-1	9.5	10.5	19.5	20.5
#CACACA	11	20	2	-1	10.5	11.5	19.5	20.5
#CACACA	12	20	2	-1	11.5	12.5	19.5	20.5
#CACACA	13	20	2	-1	12.5	13.5	19.5	20.5
#D7D7D7	14	20	2	-1	13.5	14.5	19.5	20.5
#D7D7D7	15	20	2	-1	14.5	15.5	19.5	20.5
#D7D7D7	16	20	2	-1	15.5	16.5	19.5	20.5
#D6D6D6	17	20	2	-1	16.5	17.5	19.5	20.5
#D6D6D6	18	20	2	-1	17.5	18.5	19.5	20.5
#D6D6D6	19	20	2	-1	18.5	19.5	19.5	20.5
#D8D8D8	20	20	2	-1	19.5	20.5	19.5	20.5
#D8D8D8	21	20	2	-1	20.5	21.5	19.5	20.5
#D8D8D8	22	20	2	-1	21.5	22.5	19.5	20.5
#D8D8D8	23	20	2	-1	22.5	23.5	19.5	20.5
#D8D8D8	24	20	2	-1	23.5	24.5	19.5	20.5
#D8D8D8	25	20	2	-1	24.5	25.5	19.5	20.5
#000000	1	64	2	-1	0.5	1.5	63.5	64.5
#5E5E5E	2	64	2	-1	1.5	2.5	63.5	64.5
#919191	3	64	2	-1	2.5	3.5	63.5	64.5
#B2B2B2	4	64	2	-1	3.5	4.5	63.5	64.5
#FFFFFF	5	64	2	-1	4.5	5.5	63.5	64.5
#FEFEFE	6	64	2	-1	5.5	6.5	63.5	64.5
#FCFCFC	7	64	2	-1	6.5	7.5	63.5	64.5
#F6F6F6	8	64	2	-1	7.5	8.5	63.5	64.5
#F3F3F3	9	64	2	-1	8.5	9.5	63.5	64.5
#F8F8F8	10	64	2	-1	9.5	10.5	63.5	64.5
#F6F6F6	11	64	2	-1	10.5	11.5	63.5	64.5
#F5F5F5	12	64	2	-1	11.5	12.5	63.5	64.5
#E6E6E6	13	64	2	-1	12.5	13.5	63.5	64.5
#E5E5E5	14	64	2	-1	13.5	14.5	63.5	64.5
#E5E5E5	15	64	2	-1	14.5	15.5	63.5	64.5
#E5E5E5	16	64	2	-1	15.5	16.5	63.5	64.5
#E5E5E5	17	64	2	-1	16.5	17.5	63.5	64.5
#E5E5E5	18	64	2	-1	17.5	18.5	63.5	64.5
#E5E5E5	19	64	2	-1	18.5	19.5	63.5	64.5
#E5E5E5	20	64	2	-1	19.5	20.5	63.5	64.5
#E5E5E5	21	64	2	-1	20.5	21.5	63.5	64.5
#E5E5E5	22	64	2	-1	21.5	22.5	63.5	64.5
#E5E5E5	23	64	2	-1	22.5	23.5	63.5	64.5
#E5E5E5	24	64	2	-1	23.5	24.5	63.5	64.5
#E5E5E5	25	64	2	-1	24.5	25.5	63.5	64.5
#000000	1	21	2	-1	0.5	1.5	20.5	21.5
#A5A5A5	2	21	2	-1	1.5	2.5	20.5	21.5
#FFFFFF	3	21	2	-1	2.5	3.5	20.5	21.5
#CFCFCF	4	21	2	-1	3.5	4.5	20.5	21.5
#BBBBBB	5	21	2	-1	4.5	5.5	20.5	21.5
#BBBBBB	6	21	2	-1	5.5	6.5	20.5	21.5
#B6B6B6	7	21	2	-1	6.5	7.5	20.5	21.5
#C3C3C3	8	21	2	-1	7.5	8.5	20.5	21.5
#C3C3C3	9	21	2	-1	8.5	9.5	20.5	21.5
#C0C0C0	10	21	2	-1	9.5	10.5	20.5	21.5
#BDBDBD	11	21	2	-1	10.5	11.5	20.5	21.5
#BEBEBE	12	21	2	-1	11.5	12.5	20.5	21.5
#BEBEBE	13	21	2	-1	12.5	13.5	20.5	21.5
#BEBEBE	14	21	2	-1	13.5	14.5	20.5	21.5
#BEBEBE	15	21	2	-1	14.5	15.5	20.5	21.5
#C0C0C0	16	21	2	-1	15.5	16.5	20.5	21.5
#BBBBBB	17	21	2	-1	16.5	17.5	20.5	21.5
#BBBBBB	18	21	2	-1	17.5	18.5	20.5	21.5
#BDBDBD	19	21	2	-1	18.5	19.5	20.5	21.5
#BDBDBD	20	21	2	-1	19.5	20.5	20.5	21.5
#BDBDBD	21	21	2	-1	20.5	21.5	20.5	21.5
#BDBDBD	22	21	2	-1	21.5	22.5	20.5	21.5
#BDBDBD	23	21	2	-1	22.5	23.5	20.5	21.5
#BDBDBD	24	21	2	-1	23.5	24.5	20.5	21.5
#BDBDBD	25	21	2	-1	24.5	25.5	20.5	21.5
#000000	1	86	2	-1	0.5	1.5	85.5	86.5
#A7A7A7	2	86	2	-1	1.5	2.5	85.5	86.5
#B5B5B5	3	86	2	-1	2.5	3.5	85.5	86.5
#B2B2B2	4	86	2	-1	3.5	4.5	85.5	86.5
#F1F1F1	5	86	2	-1	4.5	5.5	85.5	86.5
#F0F0F0	6	86	2	-1	5.5	6.5	85.5	86.5
#FFFFFF	7	86	2	-1	6.5	7.5	85.5	86.5
#FFFFFF	8	86	2	-1	7.5	8.5	85.5	86.5
#FEFEFE	9	86	2	-1	8.5	9.5	85.5	86.5
#FCFCFC	10	86	2	-1	9.5	10.5	85.5	86.5
#FCFCFC	11	86	2	-1	10.5	11.5	85.5	86.5
#FAFAFA	12	86	2	-1	11.5	12.5	85.5	86.5
#FAFAFA	13	86	2	-1	12.5	13.5	85.5	86.5
#FAFAFA	14	86	2	-1	13.5	14.5	85.5	86.5
#FAFAFA	15	86	2	-1	14.5	15.5	85.5	86.5
#F4F4F4	16	86	2	-1	15.5	16.5	85.5	86.5
#FCFCFC	17	86	2	-1	16.5	17.5	85.5	86.5
#F1F1F1	18	86	2	-1	17.5	18.5	85.5	86.5
#F1F1F1	19	86	2	-1	18.5	19.5	85.5	86.5
#F1F1F1	20	86	2	-1	19.5	20.5	85.5	86.5
#F1F1F1	21	86	2	-1	20.5	21.5	85.5	86.5
#F1F1F1	22	86	2	-1	21.5	22.5	85.5	86.5
#F1F1F1	23	86	2	-1	22.5	23.5	85.5	86.5
#F2F2F2	24	86	2	-1	23.5	24.5	85.5	86.5
#F2F2F2	25	86	2	-1	24.5	25.5	85.5	86.5
#000000	1	22	2	-1	0.5	1.5	21.5	22.5
#929292	2	22	2	-1	1.5	2.5	21.5	22.5
#FFFFFF	3	22	2	-1	2.5	3.5	21.5	22.5
#797979	4	22	2	-1	3.5	4.5	21.5	22.5
#6F6F6F	5	22	2	-1	4.5	5.5	21.5	22.5
#6F6F6F	6	22	2	-1	5.5	6.5	21.5	22.5
#5F5F5F	7	22	2	-1	6.5	7.5	21.5	22.5
#5F5F5F	8	22	2	-1	7.5	8.5	21.5	22.5
#5E5E5E	9	22	2	-1	8.5	9.5	21.5	22.5
#5E5E5E	10	22	2	-1	9.5	10.5	21.5	22.5
#5E5E5E	11	22	2	-1	10.5	11.5	21.5	22.5
#6B6B6B	12	22	2	-1	11.5	12.5	21.5	22.5
#696969	13	22	2	-1	12.5	13.5	21.5	22.5
#696969	14	22	2	-1	13.5	14.5	21.5	22.5
#696969	15	22	2	-1	14.5	15.5	21.5	22.5
#696969	16	22	2	-1	15.5	16.5	21.5	22.5
#696969	17	22	2	-1	16.5	17.5	21.5	22.5
#696969	18	22	2	-1	17.5	18.5	21.5	22.5
#696969	19	22	2	-1	18.5	19.5	21.5	22.5
#696969	20	22	2	-1	19.5	20.5	21.5	22.5
#696969	21	22	2	-1	20.5	21.5	21.5	22.5
#696969	22	22	2	-1	21.5	22.5	21.5	22.5
#6B6B6B	23	22	2	-1	22.5	23.5	21.5	22.5
#6B6B6B	24	22	2	-1	23.5	24.5	21.5	22.5
#6B6B6B	25	22	2	-1	24.5	25.5	21.5	22.5
#000000	1	65	2	-1	0.5	1.5	64.5	65.5
#E5E5E5	2	65	2	-1	1.5	2.5	64.5	65.5
#6A6A6A	3	65	2	-1	2.5	3.5	64.5	65.5
#A3A3A3	4	65	2	-1	3.5	4.5	64.5	65.5
#FFFFFF	5	65	2	-1	4.5	5.5	64.5	65.5
#FDFDFD	6	65	2	-1	5.5	6.5	64.5	65.5
#FCFCFC	7	65	2	-1	6.5	7.5	64.5	65.5
#FAFAFA	8	65	2	-1	7.5	8.5	64.5	65.5
#FAFAFA	9	65	2	-1	8.5	9.5	64.5	65.5
#F9F9F9	10	65	2	-1	9.5	10.5	64.5	65.5
#D4D4D4	11	65	2	-1	10.5	11.5	64.5	65.5
#D3D3D3	12	65	2	-1	11.5	12.5	64.5	65.5
#D4D4D4	13	65	2	-1	12.5	13.5	64.5	65.5
#D4D4D4	14	65	2	-1	13.5	14.5	64.5	65.5
#D3D3D3	15	65	2	-1	14.5	15.5	64.5	65.5
#D3D3D3	16	65	2	-1	15.5	16.5	64.5	65.5
#D4D4D4	17	65	2	-1	16.5	17.5	64.5	65.5
#D4D4D4	18	65	2	-1	17.5	18.5	64.5	65.5
#D4D4D4	19	65	2	-1	18.5	19.5	64.5	65.5
#D3D3D3	20	65	2	-1	19.5	20.5	64.5	65.5
#D4D4D4	21	65	2	-1	20.5	21.5	64.5	65.5
#D4D4D4	22	65	2	-1	21.5	22.5	64.5	65.5
#D4D4D4	23	65	2	-1	22.5	23.5	64.5	65.5
#D4D4D4	24	65	2	-1	23.5	24.5	64.5	65.5
#D4D4D4	25	65	2	-1	24.5	25.5	64.5	65.5
#000000	1	23	2	-1	0.5	1.5	22.5	23.5
#454545	2	23	2	-1	1.5	2.5	22.5	23.5
#FFFFFF	3	23	2	-1	2.5	3.5	22.5	23.5
#4C4C4C	4	23	2	-1	3.5	4.5	22.5	23.5
#767676	5	23	2	-1	4.5	5.5	22.5	23.5
#717171	6	23	2	-1	5.5	6.5	22.5	23.5
#6A6A6A	7	23	2	-1	6.5	7.5	22.5	23.5
#717171	8	23	2	-1	7.5	8.5	22.5	23.5
#707070	9	23	2	-1	8.5	9.5	22.5	23.5
#717171	10	23	2	-1	9.5	10.5	22.5	23.5
#717171	11	23	2	-1	10.5	11.5	22.5	23.5
#717171	12	23	2	-1	11.5	12.5	22.5	23.5
#8C8C8C	13	23	2	-1	12.5	13.5	22.5	23.5
#8C8C8C	14	23	2	-1	13.5	14.5	22.5	23.5
#8B8B8B	15	23	2	-1	14.5	15.5	22.5	23.5
#8B8B8B	16	23	2	-1	15.5	16.5	22.5	23.5
#8B8B8B	17	23	2	-1	16.5	17.5	22.5	23.5
#8C8C8C	18	23	2	-1	17.5	18.5	22.5	23.5
#8A8A8A	19	23	2	-1	18.5	19.5	22.5	23.5
#8B8B8B	20	23	2	-1	19.5	20.5	22.5	23.5
#8C8C8C	21	23	2	-1	20.5	21.5	22.5	23.5
#8C8C8C	22	23	2	-1	21.5	22.5	22.5	23.5
#8B8B8B	23	23	2	-1	22.5	23.5	22.5	23.5
#8B8B8B	24	23	2	-1	23.5	24.5	22.5	23.5
#8B8B8B	25	23	2	-1	24.5	25.5	22.5	23.5
#000000	1	87	2	-1	0.5	1.5	86.5	87.5
#707070	2	87	2	-1	1.5	2.5	86.5	87.5
#868686	3	87	2	-1	2.5	3.5	86.5	87.5
#A0A0A0	4	87	2	-1	3.5	4.5	86.5	87.5
#F9F9F9	5	87	2	-1	4.5	5.5	86.5	87.5
#FDFDFD	6	87	2	-1	5.5	6.5	86.5	87.5
#FAFAFA	7	87	2	-1	6.5	7.5	86.5	87.5
#FFFFFF	8	87	2	-1	7.5	8.5	86.5	87.5
#FDFDFD	9	87	2	-1	8.5	9.5	86.5	87.5
#FDFDFD	10	87	2	-1	9.5	10.5	86.5	87.5
#E8E8E8	11	87	2	-1	10.5	11.5	86.5	87.5
#E3E3E3	12	87	2	-1	11.5	12.5	86.5	87.5
#E4E4E4	13	87	2	-1	12.5	13.5	86.5	87.5
#EAEAEA	14	87	2	-1	13.5	14.5	86.5	87.5
#E9E9E9	15	87	2	-1	14.5	15.5	86.5	87.5
#E9E9E9	16	87	2	-1	15.5	16.5	86.5	87.5
#E9E9E9	17	87	2	-1	16.5	17.5	86.5	87.5
#E9E9E9	18	87	2	-1	17.5	18.5	86.5	87.5
#EAEAEA	19	87	2	-1	18.5	19.5	86.5	87.5
#EAEAEA	20	87	2	-1	19.5	20.5	86.5	87.5
#EAEAEA	21	87	2	-1	20.5	21.5	86.5	87.5
#EAEAEA	22	87	2	-1	21.5	22.5	86.5	87.5
#EAEAEA	23	87	2	-1	22.5	23.5	86.5	87.5
#EAEAEA	24	87	2	-1	23.5	24.5	86.5	87.5
#EAEAEA	25	87	2	-1	24.5	25.5	86.5	87.5
#000000	1	24	2	-1	0.5	1.5	23.5	24.5
#828282	2	24	2	-1	1.5	2.5	23.5	24.5
#FFFFFF	3	24	2	-1	2.5	3.5	23.5	24.5
#AEAEAE	4	24	2	-1	3.5	4.5	23.5	24.5
#A8A8A8	5	24	2	-1	4.5	5.5	23.5	24.5
#A7A7A7	6	24	2	-1	5.5	6.5	23.5	24.5
#A6A6A6	7	24	2	-1	6.5	7.5	23.5	24.5
#A4A4A4	8	24	2	-1	7.5	8.5	23.5	24.5
#9E9E9E	9	24	2	-1	8.5	9.5	23.5	24.5
#AAAAAA	10	24	2	-1	9.5	10.5	23.5	24.5
#AAAAAA	11	24	2	-1	10.5	11.5	23.5	24.5
#AAAAAA	12	24	2	-1	11.5	12.5	23.5	24.5
#A8A8A8	13	24	2	-1	12.5	13.5	23.5	24.5
#A9A9A9	14	24	2	-1	13.5	14.5	23.5	24.5
#A8A8A8	15	24	2	-1	14.5	15.5	23.5	24.5
#A8A8A8	16	24	2	-1	15.5	16.5	23.5	24.5
#A8A8A8	17	24	2	-1	16.5	17.5	23.5	24.5
#AEAEAE	18	24	2	-1	17.5	18.5	23.5	24.5
#AEAEAE	19	24	2	-1	18.5	19.5	23.5	24.5
#AFAFAF	20	24	2	-1	19.5	20.5	23.5	24.5
#AFAFAF	21	24	2	-1	20.5	21.5	23.5	24.5
#AFAFAF	22	24	2	-1	21.5	22.5	23.5	24.5
#AFAFAF	23	24	2	-1	22.5	23.5	23.5	24.5
#AFAFAF	24	24	2	-1	23.5	24.5	23.5	24.5
#AFAFAF	25	24	2	-1	24.5	25.5	23.5	24.5
#000000	1	83	2	-1	0.5	1.5	82.5	83.5
#787878	2	83	2	-1	1.5	2.5	82.5	83.5
#BABABA	3	83	2	-1	2.5	3.5	82.5	83.5
#ACACAC	4	83	2	-1	3.5	4.5	82.5	83.5
#FDFDFD	5	83	2	-1	4.5	5.5	82.5	83.5
#FBFBFB	6	83	2	-1	5.5	6.5	82.5	83.5
#FFFFFF	7	83	2	-1	6.5	7.5	82.5	83.5
#FEFEFE	8	83	2	-1	7.5	8.5	82.5	83.5
#E8E8E8	9	83	2	-1	8.5	9.5	82.5	83.5
#EAEAEA	10	83	2	-1	9.5	10.5	82.5	83.5
#E8E8E8	11	83	2	-1	10.5	11.5	82.5	83.5
#E8E8E8	12	83	2	-1	11.5	12.5	82.5	83.5
#E8E8E8	13	83	2	-1	12.5	13.5	82.5	83.5
#E8E8E8	14	83	2	-1	13.5	14.5	82.5	83.5
#E9E9E9	15	83	2	-1	14.5	15.5	82.5	83.5
#E9E9E9	16	83	2	-1	15.5	16.5	82.5	83.5
#EAEAEA	17	83	2	-1	16.5	17.5	82.5	83.5
#E7E7E7	18	83	2	-1	17.5	18.5	82.5	83.5
#E7E7E7	19	83	2	-1	18.5	19.5	82.5	83.5
#E7E7E7	20	83	2	-1	19.5	20.5	82.5	83.5
#E7E7E7	21	83	2	-1	20.5	21.5	82.5	83.5
#E7E7E7	22	83	2	-1	21.5	22.5	82.5	83.5
#E7E7E7	23	83	2	-1	22.5	23.5	82.5	83.5
#E8E8E8	24	83	2	-1	23.5	24.5	82.5	83.5
#E8E8E8	25	83	2	-1	24.5	25.5	82.5	83.5
#000000	1	66	2	-1	0.5	1.5	65.5	66.5
#6C6C6C	2	66	2	-1	1.5	2.5	65.5	66.5
#CCCCCC	3	66	2	-1	2.5	3.5	65.5	66.5
#D8D8D8	4	66	2	-1	3.5	4.5	65.5	66.5
#FFFFFF	5	66	2	-1	4.5	5.5	65.5	66.5
#FDFDFD	6	66	2	-1	5.5	6.5	65.5	66.5
#F3F3F3	7	66	2	-1	6.5	7.5	65.5	66.5
#FCFCFC	8	66	2	-1	7.5	8.5	65.5	66.5
#FCFCFC	9	66	2	-1	8.5	9.5	65.5	66.5
#FBFBFB	10	66	2	-1	9.5	10.5	65.5	66.5
#FBFBFB	11	66	2	-1	10.5	11.5	65.5	66.5
#FBFBFB	12	66	2	-1	11.5	12.5	65.5	66.5
#FFFFFF	13	66	2	-1	12.5	13.5	65.5	66.5
#F8F8F8	14	66	2	-1	13.5	14.5	65.5	66.5
#F8F8F8	15	66	2	-1	14.5	15.5	65.5	66.5
#F8F8F8	16	66	2	-1	15.5	16.5	65.5	66.5
#F8F8F8	17	66	2	-1	16.5	17.5	65.5	66.5
#FDFDFD	18	66	2	-1	17.5	18.5	65.5	66.5
#FDFDFD	19	66	2	-1	18.5	19.5	65.5	66.5
#FDFDFD	20	66	2	-1	19.5	20.5	65.5	66.5
#FDFDFD	21	66	2	-1	20.5	21.5	65.5	66.5
#FDFDFD	22	66	2	-1	21.5	22.5	65.5	66.5
#FDFDFD	23	66	2	-1	22.5	23.5	65.5	66.5
#FDFDFD	24	66	2	-1	23.5	24.5	65.5	66.5
#FDFDFD	25	66	2	-1	24.5	25.5	65.5	66.5
#000000	1	67	2	-1	0.5	1.5	66.5	67.5
#7A7A7A	2	67	2	-1	1.5	2.5	66.5	67.5
#C8C8C8	3	67	2	-1	2.5	3.5	66.5	67.5
#F0F0F0	4	67	2	-1	3.5	4.5	66.5	67.5
#FFFFFF	5	67	2	-1	4.5	5.5	66.5	67.5
#F2F2F2	6	67	2	-1	5.5	6.5	66.5	67.5
#EFEFEF	7	67	2	-1	6.5	7.5	66.5	67.5
#E8E8E8	8	67	2	-1	7.5	8.5	66.5	67.5
#E8E8E8	9	67	2	-1	8.5	9.5	66.5	67.5
#E6E6E6	10	67	2	-1	9.5	10.5	66.5	67.5
#E5E5E5	11	67	2	-1	10.5	11.5	66.5	67.5
#E6E6E6	12	67	2	-1	11.5	12.5	66.5	67.5
#E6E6E6	13	67	2	-1	12.5	13.5	66.5	67.5
#E6E6E6	14	67	2	-1	13.5	14.5	66.5	67.5
#E6E6E6	15	67	2	-1	14.5	15.5	66.5	67.5
#E6E6E6	16	67	2	-1	15.5	16.5	66.5	67.5
#E6E6E6	17	67	2	-1	16.5	17.5	66.5	67.5
#E6E6E6	18	67	2	-1	17.5	18.5	66.5	67.5
#E6E6E6	19	67	2	-1	18.5	19.5	66.5	67.5
#E9E9E9	20	67	2	-1	19.5	20.5	66.5	67.5
#EAEAEA	21	67	2	-1	20.5	21.5	66.5	67.5
#EAEAEA	22	67	2	-1	21.5	22.5	66.5	67.5
#EAEAEA	23	67	2	-1	22.5	23.5	66.5	67.5
#EAEAEA	24	67	2	-1	23.5	24.5	66.5	67.5
#EAEAEA	25	67	2	-1	24.5	25.5	66.5	67.5
#000000	1	84	2	-1	0.5	1.5	83.5	84.5
#676767	2	84	2	-1	1.5	2.5	83.5	84.5
#BCBCBC	3	84	2	-1	2.5	3.5	83.5	84.5
#B0B0B0	4	84	2	-1	3.5	4.5	83.5	84.5
#F6F6F6	5	84	2	-1	4.5	5.5	83.5	84.5
#F7F7F7	6	84	2	-1	5.5	6.5	83.5	84.5
#FFFFFF	7	84	2	-1	6.5	7.5	83.5	84.5
#FDFDFD	8	84	2	-1	7.5	8.5	83.5	84.5
#F9F9F9	9	84	2	-1	8.5	9.5	83.5	84.5
#F9F9F9	10	84	2	-1	9.5	10.5	83.5	84.5
#F8F8F8	11	84	2	-1	10.5	11.5	83.5	84.5
#F8F8F8	12	84	2	-1	11.5	12.5	83.5	84.5
#FCFCFC	13	84	2	-1	12.5	13.5	83.5	84.5
#F6F6F6	14	84	2	-1	13.5	14.5	83.5	84.5
#F5F5F5	15	84	2	-1	14.5	15.5	83.5	84.5
#F4F4F4	16	84	2	-1	15.5	16.5	83.5	84.5
#F4F4F4	17	84	2	-1	16.5	17.5	83.5	84.5
#FDFDFD	18	84	2	-1	17.5	18.5	83.5	84.5
#FDFDFD	19	84	2	-1	18.5	19.5	83.5	84.5
#FDFDFD	20	84	2	-1	19.5	20.5	83.5	84.5
#FDFDFD	21	84	2	-1	20.5	21.5	83.5	84.5
#FDFDFD	22	84	2	-1	21.5	22.5	83.5	84.5
#FDFDFD	23	84	2	-1	22.5	23.5	83.5	84.5
#FDFDFD	24	84	2	-1	23.5	24.5	83.5	84.5
#FEFEFE	25	84	2	-1	24.5	25.5	83.5	84.5
#000000	1	25	2	-1	0.5	1.5	24.5	25.5
#ADADAD	2	25	2	-1	1.5	2.5	24.5	25.5
#FFFFFF	3	25	2	-1	2.5	3.5	24.5	25.5
#A3A3A3	4	25	2	-1	3.5	4.5	24.5	25.5
#C4C4C4	5	25	2	-1	4.5	5.5	24.5	25.5
#BFBFBF	6	25	2	-1	5.5	6.5	24.5	25.5
#C9C9C9	7	25	2	-1	6.5	7.5	24.5	25.5
#C4C4C4	8	25	2	-1	7.5	8.5	24.5	25.5
#C0C0C0	9	25	2	-1	8.5	9.5	24.5	25.5
#BEBEBE	10	25	2	-1	9.5	10.5	24.5	25.5
#BDBDBD	11	25	2	-1	10.5	11.5	24.5	25.5
#BCBCBC	12	25	2	-1	11.5	12.5	24.5	25.5
#C2C2C2	13	25	2	-1	12.5	13.5	24.5	25.5
#C2C2C2	14	25	2	-1	13.5	14.5	24.5	25.5
#C1C1C1	15	25	2	-1	14.5	15.5	24.5	25.5
#C4C4C4	16	25	2	-1	15.5	16.5	24.5	25.5
#C4C4C4	17	25	2	-1	16.5	17.5	24.5	25.5
#C3C3C3	18	25	2	-1	17.5	18.5	24.5	25.5
#C3C3C3	19	25	2	-1	18.5	19.5	24.5	25.5
#C3C3C3	20	25	2	-1	19.5	20.5	24.5	25.5
#C4C4C4	21	25	2	-1	20.5	21.5	24.5	25.5
#C4C4C4	22	25	2	-1	21.5	22.5	24.5	25.5
#C4C4C4	23	25	2	-1	22.5	23.5	24.5	25.5
#C4C4C4	24	25	2	-1	23.5	24.5	24.5	25.5
#C4C4C4	25	25	2	-1	24.5	25.5	24.5	25.5
#000000	1	68	2	-1	0.5	1.5	67.5	68.5
#010101	2	68	2	-1	1.5	2.5	67.5	68.5
#3E3E3E	3	68	2	-1	2.5	3.5	67.5	68.5
#656565	4	68	2	-1	3.5	4.5	67.5	68.5
#FFFFFF	5	68	2	-1	4.5	5.5	67.5	68.5
#F9F9F9	6	68	2	-1	5.5	6.5	67.5	68.5
#B1B1B1	7	68	2	-1	6.5	7.5	67.5	68.5
#B3B3B3	8	68	2	-1	7.5	8.5	67.5	68.5
#ACACAC	9	68	2	-1	8.5	9.5	67.5	68.5
#ADADAD	10	68	2	-1	9.5	10.5	67.5	68.5
#B1B1B1	11	68	2	-1	10.5	11.5	67.5	68.5
#CACACA	12	68	2	-1	11.5	12.5	67.5	68.5
#C1C1C1	13	68	2	-1	12.5	13.5	67.5	68.5
#C1C1C1	14	68	2	-1	13.5	14.5	67.5	68.5
#BEBEBE	15	68	2	-1	14.5	15.5	67.5	68.5
#BEBEBE	16	68	2	-1	15.5	16.5	67.5	68.5
#BDBDBD	17	68	2	-1	16.5	17.5	67.5	68.5
#BDBDBD	18	68	2	-1	17.5	18.5	67.5	68.5
#BFBFBF	19	68	2	-1	18.5	19.5	67.5	68.5
#C0C0C0	20	68	2	-1	19.5	20.5	67.5	68.5
#C4C4C4	21	68	2	-1	20.5	21.5	67.5	68.5
#C5C5C5	22	68	2	-1	21.5	22.5	67.5	68.5
#C5C5C5	23	68	2	-1	22.5	23.5	67.5	68.5
#C5C5C5	24	68	2	-1	23.5	24.5	67.5	68.5
#C5C5C5	25	68	2	-1	24.5	25.5	67.5	68.5
#000000	1	69	2	-1	0.5	1.5	68.5	69.5
#565656	2	69	2	-1	1.5	2.5	68.5	69.5
#8B8B8B	3	69	2	-1	2.5	3.5	68.5	69.5
#9B9B9B	4	69	2	-1	3.5	4.5	68.5	69.5
#FFFFFF	5	69	2	-1	4.5	5.5	68.5	69.5
#F6F6F6	6	69	2	-1	5.5	6.5	68.5	69.5
#F7F7F7	7	69	2	-1	6.5	7.5	68.5	69.5
#F8F8F8	8	69	2	-1	7.5	8.5	68.5	69.5
#F9F9F9	9	69	2	-1	8.5	9.5	68.5	69.5
#F8F8F8	10	69	2	-1	9.5	10.5	68.5	69.5
#F9F9F9	11	69	2	-1	10.5	11.5	68.5	69.5
#F8F8F8	12	69	2	-1	11.5	12.5	68.5	69.5
#F7F7F7	13	69	2	-1	12.5	13.5	68.5	69.5
#F7F7F7	14	69	2	-1	13.5	14.5	68.5	69.5
#F7F7F7	15	69	2	-1	14.5	15.5	68.5	69.5
#F8F8F8	16	69	2	-1	15.5	16.5	68.5	69.5
#F8F8F8	17	69	2	-1	16.5	17.5	68.5	69.5
#F7F7F7	18	69	2	-1	17.5	18.5	68.5	69.5
#F8F8F8	19	69	2	-1	18.5	19.5	68.5	69.5
#F8F8F8	20	69	2	-1	19.5	20.5	68.5	69.5
#FBFBFB	21	69	2	-1	20.5	21.5	68.5	69.5
#FBFBFB	22	69	2	-1	21.5	22.5	68.5	69.5
#FBFBFB	23	69	2	-1	22.5	23.5	68.5	69.5
#FBFBFB	24	69	2	-1	23.5	24.5	68.5	69.5
#FBFBFB	25	69	2	-1	24.5	25.5	68.5	69.5
#000000	1	26	2	-1	0.5	1.5	25.5	26.5
#A7A7A7	2	26	2	-1	1.5	2.5	25.5	26.5
#FFFFFF	3	26	2	-1	2.5	3.5	25.5	26.5
#CCCCCC	4	26	2	-1	3.5	4.5	25.5	26.5
#EEEEEE	5	26	2	-1	4.5	5.5	25.5	26.5
#F3F3F3	6	26	2	-1	5.5	6.5	25.5	26.5
#F3F3F3	7	26	2	-1	6.5	7.5	25.5	26.5
#F2F2F2	8	26	2	-1	7.5	8.5	25.5	26.5
#F2F2F2	9	26	2	-1	8.5	9.5	25.5	26.5
#F9F9F9	10	26	2	-1	9.5	10.5	25.5	26.5
#E6E6E6	11	26	2	-1	10.5	11.5	25.5	26.5
#E6E6E6	12	26	2	-1	11.5	12.5	25.5	26.5
#E6E6E6	13	26	2	-1	12.5	13.5	25.5	26.5
#E4E4E4	14	26	2	-1	13.5	14.5	25.5	26.5
#E6E6E6	15	26	2	-1	14.5	15.5	25.5	26.5
#E6E6E6	16	26	2	-1	15.5	16.5	25.5	26.5
#E6E6E6	17	26	2	-1	16.5	17.5	25.5	26.5
#E3E3E3	18	26	2	-1	17.5	18.5	25.5	26.5
#E3E3E3	19	26	2	-1	18.5	19.5	25.5	26.5
#E3E3E3	20	26	2	-1	19.5	20.5	25.5	26.5
#E3E3E3	21	26	2	-1	20.5	21.5	25.5	26.5
#E3E3E3	22	26	2	-1	21.5	22.5	25.5	26.5
#E2E2E2	23	26	2	-1	22.5	23.5	25.5	26.5
#E3E3E3	24	26	2	-1	23.5	24.5	25.5	26.5
#E3E3E3	25	26	2	-1	24.5	25.5	25.5	26.5
#000000	1	100	2	-1	0.5	1.5	99.5	100.5
#868686	2	100	2	-1	1.5	2.5	99.5	100.5
#FBFBFB	3	100	2	-1	2.5	3.5	99.5	100.5
#C7C7C7	4	100	2	-1	3.5	4.5	99.5	100.5
#FEFEFE	5	100	2	-1	4.5	5.5	99.5	100.5
#F8F8F8	6	100	2	-1	5.5	6.5	99.5	100.5
#F8F8F8	7	100	2	-1	6.5	7.5	99.5	100.5
#F0F0F0	8	100	2	-1	7.5	8.5	99.5	100.5
#FDFDFD	9	100	2	-1	8.5	9.5	99.5	100.5
#FDFDFD	10	100	2	-1	9.5	10.5	99.5	100.5
#FDFDFD	11	100	2	-1	10.5	11.5	99.5	100.5
#FDFDFD	12	100	2	-1	11.5	12.5	99.5	100.5
#FCFCFC	13	100	2	-1	12.5	13.5	99.5	100.5
#FDFDFD	14	100	2	-1	13.5	14.5	99.5	100.5
#FDFDFD	15	100	2	-1	14.5	15.5	99.5	100.5
#FDFDFD	16	100	2	-1	15.5	16.5	99.5	100.5
#FEFEFE	17	100	2	-1	16.5	17.5	99.5	100.5
#FDFDFD	18	100	2	-1	17.5	18.5	99.5	100.5
#FDFDFD	19	100	2	-1	18.5	19.5	99.5	100.5
#FDFDFD	20	100	2	-1	19.5	20.5	99.5	100.5
#FFFFFF	21	100	2	-1	20.5	21.5	99.5	100.5
#FFFFFF	22	100	2	-1	21.5	22.5	99.5	100.5
#FFFFFF	23	100	2	-1	22.5	23.5	99.5	100.5
#FFFFFF	24	100	2	-1	23.5	24.5	99.5	100.5
#FFFFFF	25	100	2	-1	24.5	25.5	99.5	100.5
#000000	1	88	2	-1	0.5	1.5	87.5	88.5
#1A1A1A	2	88	2	-1	1.5	2.5	87.5	88.5
#737373	3	88	2	-1	2.5	3.5	87.5	88.5
#A3A3A3	4	88	2	-1	3.5	4.5	87.5	88.5
#FFFFFF	5	88	2	-1	4.5	5.5	87.5	88.5
#FEFEFE	6	88	2	-1	5.5	6.5	87.5	88.5
#FBFBFB	7	88	2	-1	6.5	7.5	87.5	88.5
#FFFFFF	8	88	2	-1	7.5	8.5	87.5	88.5
#E7E7E7	9	88	2	-1	8.5	9.5	87.5	88.5
#E7E7E7	10	88	2	-1	9.5	10.5	87.5	88.5
#E6E6E6	11	88	2	-1	10.5	11.5	87.5	88.5
#E4E4E4	12	88	2	-1	11.5	12.5	87.5	88.5
#E2E2E2	13	88	2	-1	12.5	13.5	87.5	88.5
#E2E2E2	14	88	2	-1	13.5	14.5	87.5	88.5
#E1E1E1	15	88	2	-1	14.5	15.5	87.5	88.5
#E2E2E2	16	88	2	-1	15.5	16.5	87.5	88.5
#E2E2E2	17	88	2	-1	16.5	17.5	87.5	88.5
#E2E2E2	18	88	2	-1	17.5	18.5	87.5	88.5
#E2E2E2	19	88	2	-1	18.5	19.5	87.5	88.5
#E2E2E2	20	88	2	-1	19.5	20.5	87.5	88.5
#E2E2E2	21	88	2	-1	20.5	21.5	87.5	88.5
#E2E2E2	22	88	2	-1	21.5	22.5	87.5	88.5
#E2E2E2	23	88	2	-1	22.5	23.5	87.5	88.5
#E2E2E2	24	88	2	-1	23.5	24.5	87.5	88.5
#E2E2E2	25	88	2	-1	24.5	25.5	87.5	88.5
#000000	1	70	2	-1	0.5	1.5	69.5	70.5
#777777	2	70	2	-1	1.5	2.5	69.5	70.5
#C2C2C2	3	70	2	-1	2.5	3.5	69.5	70.5
#F7F7F7	4	70	2	-1	3.5	4.5	69.5	70.5
#FFFFFF	5	70	2	-1	4.5	5.5	69.5	70.5
#FFFFFF	6	70	2	-1	5.5	6.5	69.5	70.5
#FCFCFC	7	70	2	-1	6.5	7.5	69.5	70.5
#FDFDFD	8	70	2	-1	7.5	8.5	69.5	70.5
#FEFEFE	9	70	2	-1	8.5	9.5	69.5	70.5
#FDFDFD	10	70	2	-1	9.5	10.5	69.5	70.5
#FCFCFC	11	70	2	-1	10.5	11.5	69.5	70.5
#F9F9F9	12	70	2	-1	11.5	12.5	69.5	70.5
#FAFAFA	13	70	2	-1	12.5	13.5	69.5	70.5
#FDFDFD	14	70	2	-1	13.5	14.5	69.5	70.5
#FDFDFD	15	70	2	-1	14.5	15.5	69.5	70.5
#FEFEFE	16	70	2	-1	15.5	16.5	69.5	70.5
#FCFCFC	17	70	2	-1	16.5	17.5	69.5	70.5
#FDFDFD	18	70	2	-1	17.5	18.5	69.5	70.5
#FDFDFD	19	70	2	-1	18.5	19.5	69.5	70.5
#FDFDFD	20	70	2	-1	19.5	20.5	69.5	70.5
#FEFEFE	21	70	2	-1	20.5	21.5	69.5	70.5
#FEFEFE	22	70	2	-1	21.5	22.5	69.5	70.5
#FEFEFE	23	70	2	-1	22.5	23.5	69.5	70.5
#FEFEFE	24	70	2	-1	23.5	24.5	69.5	70.5
#FEFEFE	25	70	2	-1	24.5	25.5	69.5	70.5
#2F2F2F	1	27	2	-1	0.5	1.5	26.5	27.5
#7A7A7A	2	27	2	-1	1.5	2.5	26.5	27.5
#FFFFFF	3	27	2	-1	2.5	3.5	26.5	27.5
#000000	4	27	2	-1	3.5	4.5	26.5	27.5
#3F3F3F	5	27	2	-1	4.5	5.5	26.5	27.5
#282828	6	27	2	-1	5.5	6.5	26.5	27.5
#282828	7	27	2	-1	6.5	7.5	26.5	27.5
#272727	8	27	2	-1	7.5	8.5	26.5	27.5
#242424	9	27	2	-1	8.5	9.5	26.5	27.5
#252525	10	27	2	-1	9.5	10.5	26.5	27.5
#252525	11	27	2	-1	10.5	11.5	26.5	27.5
#0A0A0A	12	27	2	-1	11.5	12.5	26.5	27.5
#080808	13	27	2	-1	12.5	13.5	26.5	27.5
#272727	14	27	2	-1	13.5	14.5	26.5	27.5
#272727	15	27	2	-1	14.5	15.5	26.5	27.5
#272727	16	27	2	-1	15.5	16.5	26.5	27.5
#272727	17	27	2	-1	16.5	17.5	26.5	27.5
#272727	18	27	2	-1	17.5	18.5	26.5	27.5
#272727	19	27	2	-1	18.5	19.5	26.5	27.5
#272727	20	27	2	-1	19.5	20.5	26.5	27.5
#272727	21	27	2	-1	20.5	21.5	26.5	27.5
#282828	22	27	2	-1	21.5	22.5	26.5	27.5
#282828	23	27	2	-1	22.5	23.5	26.5	27.5
#282828	24	27	2	-1	23.5	24.5	26.5	27.5
#282828	25	27	2	-1	24.5	25.5	26.5	27.5
