colour	y	x	group	key	showSelected1	showSelected2	PANEL
#66C2A5	1.31151523067384	1	1	sous-entraînement	sous-entraînement	VC à 2 blocs 32	1
#66C2A5	1.21881319251479	1	1	sous-entraînement	sous-entraînement	VC à 2 blocs 33	1
#66C2A5	1.34782572541659	1	1	sous-entraînement	sous-entraînement	VC à 2 blocs 85	1
#66C2A5	1.16844644656168	1	1	sous-entraînement	sous-entraînement	VC à 2 blocs 77	1
#66C2A5	1.15245376498768	1	1	sous-entraînement	sous-entraînement	VC à 2 blocs 4	1
#66C2A5	1.3404871044067	1	1	sous-entraînement	sous-entraînement	VC à 2 blocs 34	1
#66C2A5	1.28105626115738	1	1	sous-entraînement	sous-entraînement	VC à 2 blocs 28	1
#66C2A5	1.25360510833361	1	1	sous-entraînement	sous-entraînement	VC à 2 blocs 78	1
#66C2A5	1.25595544445926	1	1	sous-entraînement	sous-entraînement	VC à 2 blocs 35	1
#66C2A5	1.25496544351838	1	1	sous-entraînement	sous-entraînement	VC à 2 blocs 5	1
#66C2A5	1.25392655037842	1	1	sous-entraînement	sous-entraînement	VC à 2 blocs 36	1
#66C2A5	1.29729641330798	1	1	sous-entraînement	sous-entraînement	VC à 2 blocs 6	1
#66C2A5	1.08421513192192	1	1	sous-entraînement	sous-entraînement	VC à 2 blocs 37	1
#66C2A5	1.40835298517871	1	1	sous-entraînement	sous-entraînement	VC à 2 blocs 91	1
#66C2A5	1.35299531921134	1	1	sous-entraînement	sous-entraînement	VC à 2 blocs 38	1
#66C2A5	1.18279428337832	1	1	sous-entraînement	sous-entraînement	VC à 2 blocs 39	1
#66C2A5	1.22949411724159	1	1	sous-entraînement	sous-entraînement	VC à 2 blocs 7	1
#66C2A5	1.31394591231321	1	1	sous-entraînement	sous-entraînement	VC à 2 blocs 92	1
#66C2A5	1.20200913968738	1	1	sous-entraînement	sous-entraînement	VC à 2 blocs 79	1
#66C2A5	1.33947501999398	1	1	sous-entraînement	sous-entraînement	VC à 2 blocs 98	1
#66C2A5	1.28484804414781	1	1	sous-entraînement	sous-entraînement	VC à 2 blocs 40	1
#66C2A5	1.26728923053124	1	1	sous-entraînement	sous-entraînement	VC à 2 blocs 97	1
#66C2A5	1.33676613864078	1	1	sous-entraînement	sous-entraînement	VC à 2 blocs 71	1
#66C2A5	1.20471297256602	1	1	sous-entraînement	sous-entraînement	VC à 2 blocs 8	1
#66C2A5	1.31853556680794	1	1	sous-entraînement	sous-entraînement	VC à 2 blocs 41	1
#66C2A5	1.1717721664846	1	1	sous-entraînement	sous-entraînement	VC à 2 blocs 9	1
#66C2A5	1.36678014698836	1	1	sous-entraînement	sous-entraînement	VC à 2 blocs 42	1
#66C2A5	1.14319602712785	1	1	sous-entraînement	sous-entraînement	VC à 2 blocs 89	1
#66C2A5	1.14605936563646	1	1	sous-entraînement	sous-entraînement	VC à 2 blocs 29	1
#66C2A5	1.36779506671666	1	1	sous-entraînement	sous-entraînement	VC à 2 blocs 43	1
#66C2A5	1.20673725727299	1	1	sous-entraînement	sous-entraînement	VC à 2 blocs 44	1
#66C2A5	1.33395502318945	1	1	sous-entraînement	sous-entraînement	VC à 2 blocs 72	1
#66C2A5	1.16031264039642	1	1	sous-entraînement	sous-entraînement	VC à 2 blocs 95	1
#66C2A5	1.35401822357697	1	1	sous-entraînement	sous-entraînement	VC à 2 blocs 73	1
#66C2A5	1.22145875590323	1	1	sous-entraînement	sous-entraînement	VC à 2 blocs 10	1
#66C2A5	1.30722716094313	1	1	sous-entraînement	sous-entraînement	VC à 2 blocs 45	1
#66C2A5	1.26978388722685	1	1	sous-entraînement	sous-entraînement	VC à 2 blocs 46	1
#66C2A5	1.24740035131209	1	1	sous-entraînement	sous-entraînement	VC à 2 blocs 11	1
#66C2A5	1.19123818834533	1	1	sous-entraînement	sous-entraînement	VC à 2 blocs 30	1
#66C2A5	1.32394097932424	1	1	sous-entraînement	sous-entraînement	VC à 2 blocs 47	1
#66C2A5	1.12921246749596	1	1	sous-entraînement	sous-entraînement	VC à 2 blocs 48	1
#66C2A5	1.37562070123923	1	1	sous-entraînement	sous-entraînement	VC à 2 blocs 49	1
#66C2A5	1.26284851631134	1	1	sous-entraînement	sous-entraînement	VC à 2 blocs 80	1
#66C2A5	1.2736777603799	1	1	sous-entraînement	sous-entraînement	VC à 2 blocs 50	1
#66C2A5	1.29698969417502	1	1	sous-entraînement	sous-entraînement	VC à 2 blocs 51	1
#66C2A5	1.18964565504472	1	1	sous-entraînement	sous-entraînement	VC à 2 blocs 12	1
#66C2A5	1.31617847957483	1	1	sous-entraînement	sous-entraînement	VC à 2 blocs 52	1
#66C2A5	1.22178042768003	1	1	sous-entraînement	sous-entraînement	VC à 2 blocs 13	1
#66C2A5	1.30741783407541	1	1	sous-entraînement	sous-entraînement	VC à 2 blocs 14	1
#66C2A5	1.23162829389419	1	1	sous-entraînement	sous-entraînement	VC à 2 blocs 31	1
#66C2A5	1.33129291123679	1	1	sous-entraînement	sous-entraînement	VC à 2 blocs 15	1
#66C2A5	1.21302815081831	1	1	sous-entraînement	sous-entraînement	VC à 2 blocs 74	1
#66C2A5	1.27055560479069	1	1	sous-entraînement	sous-entraînement	VC à 2 blocs 81	1
#66C2A5	1.25041548231207	1	1	sous-entraînement	sous-entraînement	VC à 2 blocs 53	1
#66C2A5	1.31174611960541	1	1	sous-entraînement	sous-entraînement	VC à 2 blocs 96	1
#66C2A5	1.22489821206038	1	1	sous-entraînement	sous-entraînement	VC à 2 blocs 1	1
#66C2A5	1.23689919599265	1	1	sous-entraînement	sous-entraînement	VC à 2 blocs 16	1
#66C2A5	1.31115271029496	1	1	sous-entraînement	sous-entraînement	VC à 2 blocs 54	1
#66C2A5	1.38006953457784	1	1	sous-entraînement	sous-entraînement	VC à 2 blocs 75	1
#66C2A5	1.13452452499163	1	1	sous-entraînement	sous-entraînement	VC à 2 blocs 93	1
#66C2A5	1.35293406067475	1	1	sous-entraînement	sous-entraînement	VC à 2 blocs 55	1
#66C2A5	1.15852776425197	1	1	sous-entraînement	sous-entraînement	VC à 2 blocs 56	1
#66C2A5	1.37719193325195	1	1	sous-entraînement	sous-entraînement	VC à 2 blocs 57	1
#66C2A5	1.13250022758697	1	1	sous-entraînement	sous-entraînement	VC à 2 blocs 58	1
#66C2A5	1.29789578471595	1	1	sous-entraînement	sous-entraînement	VC à 2 blocs 17	1
#66C2A5	1.24504426284319	1	1	sous-entraînement	sous-entraînement	VC à 2 blocs 82	1
#66C2A5	1.25262804321021	1	1	sous-entraînement	sous-entraînement	VC à 2 blocs 59	1
#66C2A5	1.29755624657827	1	1	sous-entraînement	sous-entraînement	VC à 2 blocs 90	1
#66C2A5	1.3628714367892	1	1	sous-entraînement	sous-entraînement	VC à 2 blocs 18	1
#66C2A5	1.14811839629481	1	1	sous-entraînement	sous-entraînement	VC à 2 blocs 2	1
#66C2A5	1.37443974259325	1	1	sous-entraînement	sous-entraînement	VC à 2 blocs 99	1
#66C2A5	1.14024247862402	1	1	sous-entraînement	sous-entraînement	VC à 2 blocs 60	1
#66C2A5	1.25553340472904	1	1	sous-entraînement	sous-entraînement	VC à 2 blocs 61	1
#66C2A5	1.29535569630884	1	1	sous-entraînement	sous-entraînement	VC à 2 blocs 19	1
#66C2A5	1.07477598177262	1	1	sous-entraînement	sous-entraînement	VC à 2 blocs 62	1
#66C2A5	1.400501707833	1	1	sous-entraînement	sous-entraînement	VC à 2 blocs 63	1
#66C2A5	0.97817976787695	1	1	sous-entraînement	sous-entraînement	VC à 2 blocs 94	1
#66C2A5	1.37674330275876	1	1	sous-entraînement	sous-entraînement	VC à 2 blocs 76	1
#66C2A5	1.26945294496408	1	1	sous-entraînement	sous-entraînement	VC à 2 blocs 3	1
#66C2A5	1.28173515403535	1	1	sous-entraînement	sous-entraînement	VC à 2 blocs 20	1
#66C2A5	1.24553431145374	1	1	sous-entraînement	sous-entraînement	VC à 2 blocs 64	1
#66C2A5	1.28698586647254	1	1	sous-entraînement	sous-entraînement	VC à 2 blocs 21	1
#66C2A5	1.29747514104743	1	1	sous-entraînement	sous-entraînement	VC à 2 blocs 86	1
#66C2A5	1.24913305798154	1	1	sous-entraînement	sous-entraînement	VC à 2 blocs 22	1
#66C2A5	1.24862923914215	1	1	sous-entraînement	sous-entraînement	VC à 2 blocs 65	1
#66C2A5	1.29676173976467	1	1	sous-entraînement	sous-entraînement	VC à 2 blocs 23	1
#66C2A5	1.39309283703084	1	1	sous-entraînement	sous-entraînement	VC à 2 blocs 87	1
#66C2A5	1.07019557571218	1	1	sous-entraînement	sous-entraînement	VC à 2 blocs 24	1
#66C2A5	1.32340949060515	1	1	sous-entraînement	sous-entraînement	VC à 2 blocs 83	1
#66C2A5	1.18043649727616	1	1	sous-entraînement	sous-entraînement	VC à 2 blocs 66	1
#66C2A5	1.22470634795898	1	1	sous-entraînement	sous-entraînement	VC à 2 blocs 67	1
#66C2A5	1.30756857622167	1	1	sous-entraînement	sous-entraînement	VC à 2 blocs 84	1
#66C2A5	1.14268562043333	1	1	sous-entraînement	sous-entraînement	VC à 2 blocs 25	1
#66C2A5	1.37614552570542	1	1	sous-entraînement	sous-entraînement	VC à 2 blocs 68	1
#66C2A5	1.30135466360437	1	1	sous-entraînement	sous-entraînement	VC à 2 blocs 69	1
#66C2A5	1.17665724752392	1	1	sous-entraînement	sous-entraînement	VC à 2 blocs 26	1
#66C2A5	1.13081956051343	1	1	sous-entraînement	sous-entraînement	VC à 2 blocs 100	1
#66C2A5	1.38413793465016	1	1	sous-entraînement	sous-entraînement	VC à 2 blocs 88	1
#66C2A5	1.2999323052299	1	1	sous-entraînement	sous-entraînement	VC à 2 blocs 70	1
#66C2A5	1.24504617980616	1	1	sous-entraînement	sous-entraînement	VC à 2 blocs 27	1
#66C2A5	1.14383259090077	1	1	sous-entraînement	sous-entraînement	50% validation 87	1
#66C2A5	1.30241376362749	1	1	sous-entraînement	sous-entraînement	50% validation 6	1
#66C2A5	1.35081513605963	1	1	sous-entraînement	sous-entraînement	50% validation 28	1
#66C2A5	1.2563838560124	1	1	sous-entraînement	sous-entraînement	50% validation 22	1
#66C2A5	1.3112667553128	1	1	sous-entraînement	sous-entraînement	50% validation 23	1
#66C2A5	1.22226173131895	1	1	sous-entraînement	sous-entraînement	50% validation 69	1
#66C2A5	1.28109775447337	1	1	sous-entraînement	sous-entraînement	50% validation 7	1
#66C2A5	1.25640051859668	1	1	sous-entraînement	sous-entraînement	50% validation 91	1
#66C2A5	1.19791868041837	1	1	sous-entraînement	sous-entraînement	50% validation 24	1
#66C2A5	1.32622154234454	1	1	sous-entraînement	sous-entraînement	50% validation 70	1
#66C2A5	1.29437655214473	1	1	sous-entraînement	sous-entraînement	50% validation 93	1
#66C2A5	1.29442192189331	1	1	sous-entraînement	sous-entraînement	50% validation 71	1
#66C2A5	0.953052945936014	1	1	sous-entraînement	sous-entraînement	50% validation 8	1
#66C2A5	1.32938875763884	1	1	sous-entraînement	sous-entraînement	50% validation 25	1
#66C2A5	1.23523949341253	1	1	sous-entraînement	sous-entraînement	50% validation 29	1
#66C2A5	1.3086377487537	1	1	sous-entraînement	sous-entraînement	50% validation 30	1
#66C2A5	1.18536377146084	1	1	sous-entraînement	sous-entraînement	50% validation 9	1
#66C2A5	1.26238156627015	1	1	sous-entraînement	sous-entraînement	50% validation 10	1
#66C2A5	1.23713783882529	1	1	sous-entraînement	sous-entraînement	50% validation 31	1
#66C2A5	1.11076172267604	1	1	sous-entraînement	sous-entraînement	50% validation 32	1
#66C2A5	1.27125896663045	1	1	sous-entraînement	sous-entraînement	50% validation 1	1
#66C2A5	1.3549984802344	1	1	sous-entraînement	sous-entraînement	50% validation 74	1
#66C2A5	1.36025405256869	1	1	sous-entraînement	sous-entraînement	50% validation 33	1
#66C2A5	1.22053935285444	1	1	sous-entraînement	sous-entraînement	50% validation 11	1
#66C2A5	1.41720807956486	1	1	sous-entraînement	sous-entraînement	50% validation 72	1
#66C2A5	1.30044582156893	1	1	sous-entraînement	sous-entraînement	50% validation 12	1
#66C2A5	1.31350597153756	1	1	sous-entraînement	sous-entraînement	50% validation 34	1
#66C2A5	1.36370920761928	1	1	sous-entraînement	sous-entraînement	50% validation 86	1
#66C2A5	1.31592316251976	1	1	sous-entraînement	sous-entraînement	50% validation 35	1
#66C2A5	1.27158112439055	1	1	sous-entraînement	sous-entraînement	50% validation 36	1
#66C2A5	1.21820687962271	1	1	sous-entraînement	sous-entraînement	50% validation 37	1
#66C2A5	1.29849190733978	1	1	sous-entraînement	sous-entraînement	50% validation 38	1
#66C2A5	1.35544545595656	1	1	sous-entraînement	sous-entraînement	50% validation 59	1
#66C2A5	1.32325304689987	1	1	sous-entraînement	sous-entraînement	50% validation 60	1
#66C2A5	1.29480118318672	1	1	sous-entraînement	sous-entraînement	50% validation 39	1
#66C2A5	1.27523709811015	1	1	sous-entraînement	sous-entraînement	50% validation 40	1
#66C2A5	1.17811529553613	1	1	sous-entraînement	sous-entraînement	50% validation 41	1
#66C2A5	1.27785364295921	1	1	sous-entraînement	sous-entraînement	50% validation 92	1
#66C2A5	1.3751097415663	1	1	sous-entraînement	sous-entraînement	50% validation 42	1
#66C2A5	1.29596370287215	1	1	sous-entraînement	sous-entraînement	50% validation 43	1
#66C2A5	1.20357985334109	1	1	sous-entraînement	sous-entraînement	50% validation 44	1
#66C2A5	1.27842721254964	1	1	sous-entraînement	sous-entraînement	50% validation 45	1
#66C2A5	1.07433514225651	1	1	sous-entraînement	sous-entraînement	50% validation 13	1
#66C2A5	1.2174495824361	1	1	sous-entraînement	sous-entraînement	50% validation 99	1
#66C2A5	1.25225769276442	1	1	sous-entraînement	sous-entraînement	50% validation 61	1
#66C2A5	1.28655532465107	1	1	sous-entraînement	sous-entraînement	50% validation 14	1
#66C2A5	1.18319011833668	1	1	sous-entraînement	sous-entraînement	50% validation 2	1
#66C2A5	1.39895550242424	1	1	sous-entraînement	sous-entraînement	50% validation 46	1
#66C2A5	1.13812904845166	1	1	sous-entraînement	sous-entraînement	50% validation 75	1
#66C2A5	1.27769066706813	1	1	sous-entraînement	sous-entraînement	50% validation 3	1
#66C2A5	1.34474107409183	1	1	sous-entraînement	sous-entraînement	50% validation 47	1
#66C2A5	1.26718510117848	1	1	sous-entraînement	sous-entraînement	50% validation 76	1
#66C2A5	1.25670934778129	1	1	sous-entraînement	sous-entraînement	50% validation 97	1
#66C2A5	1.25990979437642	1	1	sous-entraînement	sous-entraînement	50% validation 88	1
#66C2A5	1.3102105650496	1	1	sous-entraînement	sous-entraînement	50% validation 62	1
#66C2A5	1.14569588224648	1	1	sous-entraînement	sous-entraînement	50% validation 95	1
#66C2A5	1.28206591398495	1	1	sous-entraînement	sous-entraînement	50% validation 48	1
#66C2A5	1.24616930303438	1	1	sous-entraînement	sous-entraînement	50% validation 49	1
#66C2A5	1.16663868856309	1	1	sous-entraînement	sous-entraînement	50% validation 15	1
#66C2A5	1.26693279409378	1	1	sous-entraînement	sous-entraînement	50% validation 16	1
#66C2A5	1.20229154432951	1	1	sous-entraînement	sous-entraînement	50% validation 17	1
#66C2A5	1.33205529484057	1	1	sous-entraînement	sous-entraînement	50% validation 63	1
#66C2A5	1.34168774757004	1	1	sous-entraînement	sous-entraînement	50% validation 64	1
#66C2A5	1.28833720301504	1	1	sous-entraînement	sous-entraînement	50% validation 26	1
#66C2A5	1.35674202547945	1	1	sous-entraînement	sous-entraînement	50% validation 65	1
#66C2A5	1.25181844753802	1	1	sous-entraînement	sous-entraînement	50% validation 77	1
#66C2A5	1.22640098639892	1	1	sous-entraînement	sous-entraînement	50% validation 50	1
#66C2A5	1.28073208859593	1	1	sous-entraînement	sous-entraînement	50% validation 18	1
#66C2A5	1.34775835562388	1	1	sous-entraînement	sous-entraînement	50% validation 96	1
#66C2A5	1.21196040665129	1	1	sous-entraînement	sous-entraînement	50% validation 51	1
#66C2A5	1.36894634357815	1	1	sous-entraînement	sous-entraînement	50% validation 52	1
#66C2A5	1.15221097930252	1	1	sous-entraînement	sous-entraînement	50% validation 78	1
#66C2A5	1.29936385589289	1	1	sous-entraînement	sous-entraînement	50% validation 53	1
#66C2A5	1.18646791007398	1	1	sous-entraînement	sous-entraînement	50% validation 19	1
#66C2A5	1.19151678039877	1	1	sous-entraînement	sous-entraînement	50% validation 73	1
#66C2A5	1.2406303974086	1	1	sous-entraînement	sous-entraînement	50% validation 54	1
#66C2A5	1.24855707339418	1	1	sous-entraînement	sous-entraînement	50% validation 4	1
#66C2A5	1.25533288427725	1	1	sous-entraînement	sous-entraînement	50% validation 55	1
#66C2A5	1.33374583549393	1	1	sous-entraînement	sous-entraînement	50% validation 5	1
#66C2A5	1.22188382558579	1	1	sous-entraînement	sous-entraînement	50% validation 98	1
#66C2A5	1.28354632715979	1	1	sous-entraînement	sous-entraînement	50% validation 66	1
#66C2A5	1.27641030837396	1	1	sous-entraînement	sous-entraînement	50% validation 89	1
#66C2A5	1.30590084779551	1	1	sous-entraînement	sous-entraînement	50% validation 79	1
#66C2A5	1.17580216231372	1	1	sous-entraînement	sous-entraînement	50% validation 94	1
#66C2A5	1.27695417320774	1	1	sous-entraînement	sous-entraînement	50% validation 80	1
#66C2A5	1.27301768058004	1	1	sous-entraînement	sous-entraînement	50% validation 81	1
#66C2A5	1.1240064750258	1	1	sous-entraînement	sous-entraînement	50% validation 20	1
#66C2A5	1.13628491385189	1	1	sous-entraînement	sous-entraînement	50% validation 21	1
#66C2A5	1.20567031471469	1	1	sous-entraînement	sous-entraînement	50% validation 56	1
#66C2A5	1.34228945710358	1	1	sous-entraînement	sous-entraînement	50% validation 82	1
#66C2A5	1.28983867079225	1	1	sous-entraînement	sous-entraînement	50% validation 67	1
#66C2A5	1.32038007744472	1	1	sous-entraînement	sous-entraînement	50% validation 57	1
#66C2A5	1.19306829075281	1	1	sous-entraînement	sous-entraînement	50% validation 27	1
#66C2A5	1.22496915897977	1	1	sous-entraînement	sous-entraînement	50% validation 83	1
#66C2A5	1.09262671702911	1	1	sous-entraînement	sous-entraînement	50% validation 58	1
#66C2A5	1.25751383303094	1	1	sous-entraînement	sous-entraînement	50% validation 100	1
#66C2A5	1.27696757222248	1	1	sous-entraînement	sous-entraînement	50% validation 68	1
#66C2A5	1.25669573822336	1	1	sous-entraînement	sous-entraînement	50% validation 85	1
#66C2A5	1.24694597413752	1	1	sous-entraînement	sous-entraînement	50% validation 90	1
#66C2A5	1.22992419085673	1	1	sous-entraînement	sous-entraînement	50% validation 84	1
#66C2A5	0.886186651821981	2	1	sous-entraînement	sous-entraînement	VC à 2 blocs 32	1
#66C2A5	0.830283917062728	2	1	sous-entraînement	sous-entraînement	VC à 2 blocs 33	1
#66C2A5	0.819273666223075	2	1	sous-entraînement	sous-entraînement	VC à 2 blocs 85	1
#66C2A5	0.867445612549497	2	1	sous-entraînement	sous-entraînement	VC à 2 blocs 77	1
#66C2A5	0.799821367643366	2	1	sous-entraînement	sous-entraînement	VC à 2 blocs 4	1
#66C2A5	0.903527150388874	2	1	sous-entraînement	sous-entraînement	VC à 2 blocs 34	1
#66C2A5	0.883502170161315	2	1	sous-entraînement	sous-entraînement	VC à 2 blocs 28	1
#66C2A5	0.833777939632412	2	1	sous-entraînement	sous-entraînement	VC à 2 blocs 78	1
#66C2A5	0.90522417287046	2	1	sous-entraînement	sous-entraînement	VC à 2 blocs 35	1
#66C2A5	0.736608573920658	2	1	sous-entraînement	sous-entraînement	VC à 2 blocs 5	1
#66C2A5	0.829078026364538	2	1	sous-entraînement	sous-entraînement	VC à 2 blocs 36	1
#66C2A5	0.882055348662847	2	1	sous-entraînement	sous-entraînement	VC à 2 blocs 6	1
#66C2A5	0.825806633763086	2	1	sous-entraînement	sous-entraînement	VC à 2 blocs 37	1
#66C2A5	0.746796133582172	2	1	sous-entraînement	sous-entraînement	VC à 2 blocs 91	1
#66C2A5	0.850722546482249	2	1	sous-entraînement	sous-entraînement	VC à 2 blocs 38	1
#66C2A5	0.836311464412352	2	1	sous-entraînement	sous-entraînement	VC à 2 blocs 39	1
#66C2A5	0.843337729786347	2	1	sous-entraînement	sous-entraînement	VC à 2 blocs 7	1
#66C2A5	0.867772888202861	2	1	sous-entraînement	sous-entraînement	VC à 2 blocs 92	1
#66C2A5	0.858815020022182	2	1	sous-entraînement	sous-entraînement	VC à 2 blocs 79	1
#66C2A5	0.834645241293708	2	1	sous-entraînement	sous-entraînement	VC à 2 blocs 98	1
#66C2A5	0.866673205169747	2	1	sous-entraînement	sous-entraînement	VC à 2 blocs 40	1
#66C2A5	0.852922020079368	2	1	sous-entraînement	sous-entraînement	VC à 2 blocs 97	1
#66C2A5	0.83944085312033	2	1	sous-entraînement	sous-entraînement	VC à 2 blocs 71	1
#66C2A5	0.859916565560154	2	1	sous-entraînement	sous-entraînement	VC à 2 blocs 8	1
#66C2A5	0.889993360914888	2	1	sous-entraînement	sous-entraînement	VC à 2 blocs 41	1
#66C2A5	0.817844969622911	2	1	sous-entraînement	sous-entraînement	VC à 2 blocs 9	1
#66C2A5	0.875210000164939	2	1	sous-entraînement	sous-entraînement	VC à 2 blocs 42	1
#66C2A5	0.811037198840941	2	1	sous-entraînement	sous-entraînement	VC à 2 blocs 89	1
#66C2A5	0.832228154347553	2	1	sous-entraînement	sous-entraînement	VC à 2 blocs 29	1
#66C2A5	0.833315684841179	2	1	sous-entraînement	sous-entraînement	VC à 2 blocs 43	1
#66C2A5	0.911158488648424	2	1	sous-entraînement	sous-entraînement	VC à 2 blocs 44	1
#66C2A5	0.699924026543345	2	1	sous-entraînement	sous-entraînement	VC à 2 blocs 72	1
#66C2A5	0.78916563860868	2	1	sous-entraînement	sous-entraînement	VC à 2 blocs 95	1
#66C2A5	0.848730379508836	2	1	sous-entraînement	sous-entraînement	VC à 2 blocs 73	1
#66C2A5	0.763817613130229	2	1	sous-entraînement	sous-entraînement	VC à 2 blocs 10	1
#66C2A5	0.937554979953978	2	1	sous-entraînement	sous-entraînement	VC à 2 blocs 45	1
#66C2A5	0.916352325856903	2	1	sous-entraînement	sous-entraînement	VC à 2 blocs 46	1
#66C2A5	0.785002017981599	2	1	sous-entraînement	sous-entraînement	VC à 2 blocs 11	1
#66C2A5	0.837499936294102	2	1	sous-entraînement	sous-entraînement	VC à 2 blocs 30	1
#66C2A5	0.868245011787946	2	1	sous-entraînement	sous-entraînement	VC à 2 blocs 47	1
#66C2A5	0.800885893086699	2	1	sous-entraînement	sous-entraînement	VC à 2 blocs 48	1
#66C2A5	0.858541872562007	2	1	sous-entraînement	sous-entraînement	VC à 2 blocs 49	1
#66C2A5	0.844312939158054	2	1	sous-entraînement	sous-entraînement	VC à 2 blocs 80	1
#66C2A5	0.863962071563161	2	1	sous-entraînement	sous-entraînement	VC à 2 blocs 50	1
#66C2A5	0.875633247212568	2	1	sous-entraînement	sous-entraînement	VC à 2 blocs 51	1
#66C2A5	0.799864311139853	2	1	sous-entraînement	sous-entraînement	VC à 2 blocs 12	1
#66C2A5	0.882632198977022	2	1	sous-entraînement	sous-entraînement	VC à 2 blocs 52	1
#66C2A5	0.832675156301777	2	1	sous-entraînement	sous-entraînement	VC à 2 blocs 13	1
#66C2A5	0.795445266061161	2	1	sous-entraînement	sous-entraînement	VC à 2 blocs 14	1
#66C2A5	0.879999612317674	2	1	sous-entraînement	sous-entraînement	VC à 2 blocs 31	1
#66C2A5	0.810344483078691	2	1	sous-entraînement	sous-entraînement	VC à 2 blocs 15	1
#66C2A5	0.866954387707186	2	1	sous-entraînement	sous-entraînement	VC à 2 blocs 74	1
#66C2A5	0.907238943165113	2	1	sous-entraînement	sous-entraînement	VC à 2 blocs 81	1
#66C2A5	0.792488446462874	2	1	sous-entraînement	sous-entraînement	VC à 2 blocs 53	1
#66C2A5	0.886238255659804	2	1	sous-entraînement	sous-entraînement	VC à 2 blocs 96	1
#66C2A5	0.816056857867602	2	1	sous-entraînement	sous-entraînement	VC à 2 blocs 1	1
#66C2A5	0.850816201837093	2	1	sous-entraînement	sous-entraînement	VC à 2 blocs 16	1
#66C2A5	0.860084598160184	2	1	sous-entraînement	sous-entraînement	VC à 2 blocs 54	1
#66C2A5	0.764178043445157	2	1	sous-entraînement	sous-entraînement	VC à 2 blocs 75	1
#66C2A5	0.849737848681868	2	1	sous-entraînement	sous-entraînement	VC à 2 blocs 93	1
#66C2A5	0.880577740382882	2	1	sous-entraînement	sous-entraînement	VC à 2 blocs 55	1
#66C2A5	0.752107951566495	2	1	sous-entraînement	sous-entraînement	VC à 2 blocs 56	1
#66C2A5	0.857021154299063	2	1	sous-entraînement	sous-entraînement	VC à 2 blocs 57	1
#66C2A5	0.815902078362406	2	1	sous-entraînement	sous-entraînement	VC à 2 blocs 58	1
#66C2A5	0.856843283543793	2	1	sous-entraînement	sous-entraînement	VC à 2 blocs 17	1
#66C2A5	0.859461687852324	2	1	sous-entraînement	sous-entraînement	VC à 2 blocs 82	1
#66C2A5	0.823111149824332	2	1	sous-entraînement	sous-entraînement	VC à 2 blocs 59	1
#66C2A5	0.891150067813606	2	1	sous-entraînement	sous-entraînement	VC à 2 blocs 90	1
#66C2A5	0.858010265110423	2	1	sous-entraînement	sous-entraînement	VC à 2 blocs 18	1
#66C2A5	0.826870091869988	2	1	sous-entraînement	sous-entraînement	VC à 2 blocs 2	1
#66C2A5	0.820124428669961	2	1	sous-entraînement	sous-entraînement	VC à 2 blocs 99	1
#66C2A5	0.838655761190496	2	1	sous-entraînement	sous-entraînement	VC à 2 blocs 60	1
#66C2A5	0.841425730225753	2	1	sous-entraînement	sous-entraînement	VC à 2 blocs 61	1
#66C2A5	0.872010978587655	2	1	sous-entraînement	sous-entraînement	VC à 2 blocs 19	1
#66C2A5	0.823568636641153	2	1	sous-entraînement	sous-entraînement	VC à 2 blocs 62	1
#66C2A5	0.743648940236506	2	1	sous-entraînement	sous-entraînement	VC à 2 blocs 63	1
#66C2A5	0.720132223439952	2	1	sous-entraînement	sous-entraînement	VC à 2 blocs 94	1
#66C2A5	0.83479128828022	2	1	sous-entraînement	sous-entraînement	VC à 2 blocs 76	1
#66C2A5	0.859992028812799	2	1	sous-entraînement	sous-entraînement	VC à 2 blocs 3	1
#66C2A5	0.835097028664251	2	1	sous-entraînement	sous-entraînement	VC à 2 blocs 20	1
#66C2A5	0.818153375128179	2	1	sous-entraînement	sous-entraînement	VC à 2 blocs 64	1
#66C2A5	0.89673723472494	2	1	sous-entraînement	sous-entraînement	VC à 2 blocs 21	1
#66C2A5	0.81016730631673	2	1	sous-entraînement	sous-entraînement	VC à 2 blocs 86	1
#66C2A5	0.887516141618571	2	1	sous-entraînement	sous-entraînement	VC à 2 blocs 22	1
#66C2A5	0.84747795221332	2	1	sous-entraînement	sous-entraînement	VC à 2 blocs 65	1
#66C2A5	0.859241340261848	2	1	sous-entraînement	sous-entraînement	VC à 2 blocs 23	1
#66C2A5	0.846670704583407	2	1	sous-entraînement	sous-entraînement	VC à 2 blocs 87	1
#66C2A5	0.782831661175274	2	1	sous-entraînement	sous-entraînement	VC à 2 blocs 24	1
#66C2A5	0.860821972245608	2	1	sous-entraînement	sous-entraînement	VC à 2 blocs 83	1
#66C2A5	0.738832214051194	2	1	sous-entraînement	sous-entraînement	VC à 2 blocs 66	1
#66C2A5	0.891934653014277	2	1	sous-entraînement	sous-entraînement	VC à 2 blocs 67	1
#66C2A5	0.785715040544466	2	1	sous-entraînement	sous-entraînement	VC à 2 blocs 84	1
#66C2A5	0.88267219595844	2	1	sous-entraînement	sous-entraînement	VC à 2 blocs 25	1
#66C2A5	0.737901267133177	2	1	sous-entraînement	sous-entraînement	VC à 2 blocs 68	1
#66C2A5	0.901318839014955	2	1	sous-entraînement	sous-entraînement	VC à 2 blocs 69	1
#66C2A5	0.758022276022756	2	1	sous-entraînement	sous-entraînement	VC à 2 blocs 26	1
#66C2A5	0.832356592097128	2	1	sous-entraînement	sous-entraînement	VC à 2 blocs 100	1
#66C2A5	0.751982529036017	2	1	sous-entraînement	sous-entraînement	VC à 2 blocs 88	1
#66C2A5	0.827272563114466	2	1	sous-entraînement	sous-entraînement	VC à 2 blocs 70	1
#66C2A5	0.870638491968365	2	1	sous-entraînement	sous-entraînement	VC à 2 blocs 27	1
#66C2A5	0.818869761677108	2	1	sous-entraînement	sous-entraînement	50% validation 87	1
#66C2A5	0.827141752553708	2	1	sous-entraînement	sous-entraînement	50% validation 6	1
#66C2A5	0.809816311638017	2	1	sous-entraînement	sous-entraînement	50% validation 28	1
#66C2A5	0.807156889001879	2	1	sous-entraînement	sous-entraînement	50% validation 22	1
#66C2A5	0.826281326971005	2	1	sous-entraînement	sous-entraînement	50% validation 23	1
#66C2A5	0.873352591778266	2	1	sous-entraînement	sous-entraînement	50% validation 69	1
#66C2A5	0.877498523841229	2	1	sous-entraînement	sous-entraînement	50% validation 7	1
#66C2A5	0.877282119616839	2	1	sous-entraînement	sous-entraînement	50% validation 91	1
#66C2A5	0.812502170366227	2	1	sous-entraînement	sous-entraînement	50% validation 24	1
#66C2A5	0.823131461887163	2	1	sous-entraînement	sous-entraînement	50% validation 70	1
#66C2A5	0.820363665311142	2	1	sous-entraînement	sous-entraînement	50% validation 93	1
#66C2A5	0.850772294908663	2	1	sous-entraînement	sous-entraînement	50% validation 71	1
#66C2A5	0.65390109319915	2	1	sous-entraînement	sous-entraînement	50% validation 8	1
#66C2A5	0.868305122782375	2	1	sous-entraînement	sous-entraînement	50% validation 25	1
#66C2A5	0.880006300061427	2	1	sous-entraînement	sous-entraînement	50% validation 29	1
#66C2A5	0.855237115505164	2	1	sous-entraînement	sous-entraînement	50% validation 30	1
#66C2A5	0.880661416025607	2	1	sous-entraînement	sous-entraînement	50% validation 9	1
#66C2A5	0.83252262446101	2	1	sous-entraînement	sous-entraînement	50% validation 10	1
#66C2A5	0.827017824842838	2	1	sous-entraînement	sous-entraînement	50% validation 31	1
#66C2A5	0.833804688934437	2	1	sous-entraînement	sous-entraînement	50% validation 32	1
#66C2A5	0.927091279102331	2	1	sous-entraînement	sous-entraînement	50% validation 1	1
#66C2A5	0.81455002717694	2	1	sous-entraînement	sous-entraînement	50% validation 74	1
#66C2A5	0.832767747733679	2	1	sous-entraînement	sous-entraînement	50% validation 33	1
#66C2A5	0.864041301303757	2	1	sous-entraînement	sous-entraînement	50% validation 11	1
#66C2A5	0.792394766060032	2	1	sous-entraînement	sous-entraînement	50% validation 72	1
#66C2A5	0.830378613077743	2	1	sous-entraînement	sous-entraînement	50% validation 12	1
#66C2A5	0.793890106731551	2	1	sous-entraînement	sous-entraînement	50% validation 34	1
#66C2A5	0.830055027382865	2	1	sous-entraînement	sous-entraînement	50% validation 86	1
#66C2A5	0.777224899760727	2	1	sous-entraînement	sous-entraînement	50% validation 35	1
#66C2A5	0.84026657799458	2	1	sous-entraînement	sous-entraînement	50% validation 36	1
#66C2A5	0.910444356818586	2	1	sous-entraînement	sous-entraînement	50% validation 37	1
#66C2A5	0.876988301243817	2	1	sous-entraînement	sous-entraînement	50% validation 38	1
#66C2A5	0.844404942863367	2	1	sous-entraînement	sous-entraînement	50% validation 59	1
#66C2A5	0.853798707875626	2	1	sous-entraînement	sous-entraînement	50% validation 60	1
#66C2A5	0.752138008661531	2	1	sous-entraînement	sous-entraînement	50% validation 39	1
#66C2A5	0.854520671403408	2	1	sous-entraînement	sous-entraînement	50% validation 40	1
#66C2A5	0.824368871480753	2	1	sous-entraînement	sous-entraînement	50% validation 41	1
#66C2A5	0.862933197443801	2	1	sous-entraînement	sous-entraînement	50% validation 92	1
#66C2A5	0.811780530807069	2	1	sous-entraînement	sous-entraînement	50% validation 42	1
#66C2A5	0.934635184876393	2	1	sous-entraînement	sous-entraînement	50% validation 43	1
#66C2A5	0.902107350122841	2	1	sous-entraînement	sous-entraînement	50% validation 44	1
#66C2A5	0.876207647960316	2	1	sous-entraînement	sous-entraînement	50% validation 45	1
#66C2A5	0.690428478775539	2	1	sous-entraînement	sous-entraînement	50% validation 13	1
#66C2A5	0.824569209426483	2	1	sous-entraînement	sous-entraînement	50% validation 99	1
#66C2A5	0.878393369416397	2	1	sous-entraînement	sous-entraînement	50% validation 61	1
#66C2A5	0.851972888837147	2	1	sous-entraînement	sous-entraînement	50% validation 14	1
#66C2A5	0.820189779937226	2	1	sous-entraînement	sous-entraînement	50% validation 2	1
#66C2A5	0.731609574316607	2	1	sous-entraînement	sous-entraînement	50% validation 46	1
#66C2A5	0.785973440550849	2	1	sous-entraînement	sous-entraînement	50% validation 75	1
#66C2A5	0.860177929127581	2	1	sous-entraînement	sous-entraînement	50% validation 3	1
#66C2A5	0.843539371922734	2	1	sous-entraînement	sous-entraînement	50% validation 47	1
#66C2A5	0.813526239455022	2	1	sous-entraînement	sous-entraînement	50% validation 76	1
#66C2A5	0.851839455335562	2	1	sous-entraînement	sous-entraînement	50% validation 97	1
#66C2A5	0.860416943694353	2	1	sous-entraînement	sous-entraînement	50% validation 88	1
#66C2A5	0.774153362416287	2	1	sous-entraînement	sous-entraînement	50% validation 62	1
#66C2A5	0.811545018599455	2	1	sous-entraînement	sous-entraînement	50% validation 95	1
#66C2A5	0.837780030451972	2	1	sous-entraînement	sous-entraînement	50% validation 48	1
#66C2A5	0.857938137005941	2	1	sous-entraînement	sous-entraînement	50% validation 49	1
#66C2A5	0.777756205062906	2	1	sous-entraînement	sous-entraînement	50% validation 15	1
#66C2A5	0.893572330399693	2	1	sous-entraînement	sous-entraînement	50% validation 16	1
#66C2A5	0.865946494037631	2	1	sous-entraînement	sous-entraînement	50% validation 17	1
#66C2A5	0.820777867094359	2	1	sous-entraînement	sous-entraînement	50% validation 63	1
#66C2A5	0.823889120203645	2	1	sous-entraînement	sous-entraînement	50% validation 64	1
#66C2A5	0.817203424655522	2	1	sous-entraînement	sous-entraînement	50% validation 26	1
#66C2A5	0.88348792250646	2	1	sous-entraînement	sous-entraînement	50% validation 65	1
#66C2A5	0.875681468686078	2	1	sous-entraînement	sous-entraînement	50% validation 77	1
#66C2A5	0.852741577712068	2	1	sous-entraînement	sous-entraînement	50% validation 50	1
#66C2A5	0.790801394920043	2	1	sous-entraînement	sous-entraînement	50% validation 18	1
#66C2A5	0.849421332769695	2	1	sous-entraînement	sous-entraînement	50% validation 96	1
#66C2A5	0.812894110471477	2	1	sous-entraînement	sous-entraînement	50% validation 51	1
#66C2A5	0.704084093153693	2	1	sous-entraînement	sous-entraînement	50% validation 52	1
#66C2A5	0.859554959356765	2	1	sous-entraînement	sous-entraînement	50% validation 78	1
#66C2A5	0.877023861671908	2	1	sous-entraînement	sous-entraînement	50% validation 53	1
#66C2A5	0.842805157515621	2	1	sous-entraînement	sous-entraînement	50% validation 19	1
#66C2A5	0.82765060797627	2	1	sous-entraînement	sous-entraînement	50% validation 73	1
#66C2A5	0.77498542401843	2	1	sous-entraînement	sous-entraînement	50% validation 54	1
#66C2A5	0.860086803665574	2	1	sous-entraînement	sous-entraînement	50% validation 4	1
#66C2A5	0.891267079523449	2	1	sous-entraînement	sous-entraînement	50% validation 55	1
#66C2A5	0.868936091039353	2	1	sous-entraînement	sous-entraînement	50% validation 5	1
#66C2A5	0.875301125588959	2	1	sous-entraînement	sous-entraînement	50% validation 98	1
#66C2A5	0.758626253145866	2	1	sous-entraînement	sous-entraînement	50% validation 66	1
#66C2A5	0.895639376275325	2	1	sous-entraînement	sous-entraînement	50% validation 89	1
#66C2A5	0.826930971608636	2	1	sous-entraînement	sous-entraînement	50% validation 79	1
#66C2A5	0.701981790571417	2	1	sous-entraînement	sous-entraînement	50% validation 94	1
#66C2A5	0.830524676773513	2	1	sous-entraînement	sous-entraînement	50% validation 80	1
#66C2A5	0.851128624377814	2	1	sous-entraînement	sous-entraînement	50% validation 81	1
#66C2A5	0.839904906531392	2	1	sous-entraînement	sous-entraînement	50% validation 20	1
#66C2A5	0.814332001784107	2	1	sous-entraînement	sous-entraînement	50% validation 21	1
#66C2A5	0.825335588411839	2	1	sous-entraînement	sous-entraînement	50% validation 56	1
#66C2A5	0.824169375292164	2	1	sous-entraînement	sous-entraînement	50% validation 82	1
#66C2A5	0.89564570430388	2	1	sous-entraînement	sous-entraînement	50% validation 67	1
#66C2A5	0.856686319874243	2	1	sous-entraînement	sous-entraînement	50% validation 57	1
#66C2A5	0.846234886641449	2	1	sous-entraînement	sous-entraînement	50% validation 27	1
#66C2A5	0.829733059731015	2	1	sous-entraînement	sous-entraînement	50% validation 83	1
#66C2A5	0.814717931163315	2	1	sous-entraînement	sous-entraînement	50% validation 58	1
#66C2A5	0.832031406841665	2	1	sous-entraînement	sous-entraînement	50% validation 100	1
#66C2A5	0.862160893011048	2	1	sous-entraînement	sous-entraînement	50% validation 68	1
#66C2A5	0.883815717400764	2	1	sous-entraînement	sous-entraînement	50% validation 85	1
#66C2A5	0.892571848073873	2	1	sous-entraînement	sous-entraînement	50% validation 90	1
#66C2A5	0.800701689459688	2	1	sous-entraînement	sous-entraînement	50% validation 84	1
#66C2A5	0.440168295472463	3	1	sous-entraînement	sous-entraînement	VC à 2 blocs 32	1
#66C2A5	0.569139206782553	3	1	sous-entraînement	sous-entraînement	VC à 2 blocs 33	1
#66C2A5	0.297658405362698	3	1	sous-entraînement	sous-entraînement	VC à 2 blocs 85	1
#66C2A5	0.63960921577789	3	1	sous-entraînement	sous-entraînement	VC à 2 blocs 77	1
#66C2A5	0.559791085379616	3	1	sous-entraînement	sous-entraînement	VC à 2 blocs 4	1
#66C2A5	0.452044661893743	3	1	sous-entraînement	sous-entraînement	VC à 2 blocs 34	1
#66C2A5	0.441027312604694	3	1	sous-entraînement	sous-entraînement	VC à 2 blocs 28	1
#66C2A5	0.569531780371903	3	1	sous-entraînement	sous-entraînement	VC à 2 blocs 78	1
#66C2A5	0.577301582248956	3	1	sous-entraînement	sous-entraînement	VC à 2 blocs 35	1
#66C2A5	0.260160918015815	3	1	sous-entraînement	sous-entraînement	VC à 2 blocs 5	1
#66C2A5	0.519701029555072	3	1	sous-entraînement	sous-entraînement	VC à 2 blocs 36	1
#66C2A5	0.490821963115528	3	1	sous-entraînement	sous-entraînement	VC à 2 blocs 6	1
#66C2A5	0.602673986742907	3	1	sous-entraînement	sous-entraînement	VC à 2 blocs 37	1
#66C2A5	-0.160351693411026	3	1	sous-entraînement	sous-entraînement	VC à 2 blocs 91	1
#66C2A5	0.474552022827732	3	1	sous-entraînement	sous-entraînement	VC à 2 blocs 38	1
#66C2A5	0.517293999938201	3	1	sous-entraînement	sous-entraînement	VC à 2 blocs 39	1
#66C2A5	0.574947446701463	3	1	sous-entraînement	sous-entraînement	VC à 2 blocs 7	1
#66C2A5	0.41413225423788	3	1	sous-entraînement	sous-entraînement	VC à 2 blocs 92	1
#66C2A5	0.471243052166164	3	1	sous-entraînement	sous-entraînement	VC à 2 blocs 79	1
#66C2A5	0.527439965212678	3	1	sous-entraînement	sous-entraînement	VC à 2 blocs 98	1
#66C2A5	0.499781137821111	3	1	sous-entraînement	sous-entraînement	VC à 2 blocs 40	1
#66C2A5	0.521703445439184	3	1	sous-entraînement	sous-entraînement	VC à 2 blocs 97	1
#66C2A5	0.335800745253094	3	1	sous-entraînement	sous-entraînement	VC à 2 blocs 71	1
#66C2A5	0.608676792872527	3	1	sous-entraînement	sous-entraînement	VC à 2 blocs 8	1
#66C2A5	0.362649874698549	3	1	sous-entraînement	sous-entraînement	VC à 2 blocs 41	1
#66C2A5	0.619613006734465	3	1	sous-entraînement	sous-entraînement	VC à 2 blocs 9	1
#66C2A5	0.434004006991286	3	1	sous-entraînement	sous-entraînement	VC à 2 blocs 42	1
#66C2A5	0.551931401294068	3	1	sous-entraînement	sous-entraînement	VC à 2 blocs 89	1
#66C2A5	0.543226196950615	3	1	sous-entraînement	sous-entraînement	VC à 2 blocs 29	1
#66C2A5	0.459161767324399	3	1	sous-entraînement	sous-entraînement	VC à 2 blocs 43	1
#66C2A5	0.552572592235538	3	1	sous-entraînement	sous-entraînement	VC à 2 blocs 44	1
#66C2A5	0.451455315473384	3	1	sous-entraînement	sous-entraînement	VC à 2 blocs 72	1
#66C2A5	0.454546597666362	3	1	sous-entraînement	sous-entraînement	VC à 2 blocs 95	1
#66C2A5	0.557843631963619	3	1	sous-entraînement	sous-entraînement	VC à 2 blocs 73	1
#66C2A5	0.468389986825113	3	1	sous-entraînement	sous-entraînement	VC à 2 blocs 10	1
#66C2A5	0.546109048965974	3	1	sous-entraînement	sous-entraînement	VC à 2 blocs 45	1
#66C2A5	0.437742610142101	3	1	sous-entraînement	sous-entraînement	VC à 2 blocs 46	1
#66C2A5	0.564478529848186	3	1	sous-entraînement	sous-entraînement	VC à 2 blocs 11	1
#66C2A5	0.574476334932287	3	1	sous-entraînement	sous-entraînement	VC à 2 blocs 30	1
#66C2A5	0.436079461586357	3	1	sous-entraînement	sous-entraînement	VC à 2 blocs 47	1
#66C2A5	0.533917291737194	3	1	sous-entraînement	sous-entraînement	VC à 2 blocs 48	1
#66C2A5	0.473429884366898	3	1	sous-entraînement	sous-entraînement	VC à 2 blocs 49	1
#66C2A5	0.505213369027755	3	1	sous-entraînement	sous-entraînement	VC à 2 blocs 80	1
#66C2A5	0.497354252911285	3	1	sous-entraînement	sous-entraînement	VC à 2 blocs 50	1
#66C2A5	0.470504578895219	3	1	sous-entraînement	sous-entraînement	VC à 2 blocs 51	1
#66C2A5	0.515462415319686	3	1	sous-entraînement	sous-entraînement	VC à 2 blocs 12	1
#66C2A5	0.403827995559104	3	1	sous-entraînement	sous-entraînement	VC à 2 blocs 52	1
#66C2A5	0.590501307209056	3	1	sous-entraînement	sous-entraînement	VC à 2 blocs 13	1
#66C2A5	0.341115083549472	3	1	sous-entraînement	sous-entraînement	VC à 2 blocs 14	1
#66C2A5	0.561319552369733	3	1	sous-entraînement	sous-entraînement	VC à 2 blocs 31	1
#66C2A5	0.507917245794902	3	1	sous-entraînement	sous-entraînement	VC à 2 blocs 15	1
#66C2A5	0.512990522910087	3	1	sous-entraînement	sous-entraînement	VC à 2 blocs 74	1
#66C2A5	0.553025908847993	3	1	sous-entraînement	sous-entraînement	VC à 2 blocs 81	1
#66C2A5	0.431328881972634	3	1	sous-entraînement	sous-entraînement	VC à 2 blocs 53	1
#66C2A5	0.390018605221771	3	1	sous-entraînement	sous-entraînement	VC à 2 blocs 96	1
#66C2A5	0.589123757843102	3	1	sous-entraînement	sous-entraînement	VC à 2 blocs 1	1
#66C2A5	0.46293856709639	3	1	sous-entraînement	sous-entraînement	VC à 2 blocs 16	1
#66C2A5	0.536113224791345	3	1	sous-entraînement	sous-entraînement	VC à 2 blocs 54	1
#66C2A5	0.404498308946989	3	1	sous-entraînement	sous-entraînement	VC à 2 blocs 75	1
#66C2A5	0.573182901061581	3	1	sous-entraînement	sous-entraînement	VC à 2 blocs 93	1
#66C2A5	0.599979168557694	3	1	sous-entraînement	sous-entraînement	VC à 2 blocs 55	1
#66C2A5	0.382813508854146	3	1	sous-entraînement	sous-entraînement	VC à 2 blocs 56	1
#66C2A5	0.383024469306613	3	1	sous-entraînement	sous-entraînement	VC à 2 blocs 57	1
#66C2A5	0.559538562277256	3	1	sous-entraînement	sous-entraînement	VC à 2 blocs 58	1
#66C2A5	0.462730192463989	3	1	sous-entraînement	sous-entraînement	VC à 2 blocs 17	1
#66C2A5	0.554877200332115	3	1	sous-entraînement	sous-entraînement	VC à 2 blocs 82	1
#66C2A5	0.45509790111045	3	1	sous-entraînement	sous-entraînement	VC à 2 blocs 59	1
#66C2A5	0.554736898156006	3	1	sous-entraînement	sous-entraînement	VC à 2 blocs 90	1
#66C2A5	0.29040470319347	3	1	sous-entraînement	sous-entraînement	VC à 2 blocs 18	1
#66C2A5	0.606952402523374	3	1	sous-entraînement	sous-entraînement	VC à 2 blocs 2	1
#66C2A5	0.421967228082892	3	1	sous-entraînement	sous-entraînement	VC à 2 blocs 99	1
#66C2A5	0.554660081862058	3	1	sous-entraînement	sous-entraînement	VC à 2 blocs 60	1
#66C2A5	0.428409981807566	3	1	sous-entraînement	sous-entraînement	VC à 2 blocs 61	1
#66C2A5	0.580735874242911	3	1	sous-entraînement	sous-entraînement	VC à 2 blocs 19	1
#66C2A5	0.614952187933123	3	1	sous-entraînement	sous-entraînement	VC à 2 blocs 62	1
#66C2A5	0.290347209822736	3	1	sous-entraînement	sous-entraînement	VC à 2 blocs 63	1
#66C2A5	0.544715676426574	3	1	sous-entraînement	sous-entraînement	VC à 2 blocs 94	1
#66C2A5	0.358666784079831	3	1	sous-entraînement	sous-entraînement	VC à 2 blocs 76	1
#66C2A5	0.388794981177679	3	1	sous-entraînement	sous-entraînement	VC à 2 blocs 3	1
#66C2A5	0.598068695555975	3	1	sous-entraînement	sous-entraînement	VC à 2 blocs 20	1
#66C2A5	0.528483595812723	3	1	sous-entraînement	sous-entraînement	VC à 2 blocs 64	1
#66C2A5	0.490260695676687	3	1	sous-entraînement	sous-entraînement	VC à 2 blocs 21	1
#66C2A5	0.404593168529946	3	1	sous-entraînement	sous-entraînement	VC à 2 blocs 86	1
#66C2A5	0.56157269803836	3	1	sous-entraînement	sous-entraînement	VC à 2 blocs 22	1
#66C2A5	0.321537708966591	3	1	sous-entraînement	sous-entraînement	VC à 2 blocs 65	1
#66C2A5	0.641498949372677	3	1	sous-entraînement	sous-entraînement	VC à 2 blocs 23	1
#66C2A5	0.385365029534206	3	1	sous-entraînement	sous-entraînement	VC à 2 blocs 87	1
#66C2A5	0.587380101186464	3	1	sous-entraînement	sous-entraînement	VC à 2 blocs 24	1
#66C2A5	0.603758747184045	3	1	sous-entraînement	sous-entraînement	VC à 2 blocs 83	1
#66C2A5	0.298445288372099	3	1	sous-entraînement	sous-entraînement	VC à 2 blocs 66	1
#66C2A5	0.501617020670036	3	1	sous-entraînement	sous-entraînement	VC à 2 blocs 67	1
#66C2A5	0.441546067849243	3	1	sous-entraînement	sous-entraînement	VC à 2 blocs 84	1
#66C2A5	0.645437468248796	3	1	sous-entraînement	sous-entraînement	VC à 2 blocs 25	1
#66C2A5	0.160652435764834	3	1	sous-entraînement	sous-entraînement	VC à 2 blocs 68	1
#66C2A5	0.480149288899944	3	1	sous-entraînement	sous-entraînement	VC à 2 blocs 69	1
#66C2A5	0.490754757558344	3	1	sous-entraînement	sous-entraînement	VC à 2 blocs 26	1
#66C2A5	0.513788110687493	3	1	sous-entraînement	sous-entraînement	VC à 2 blocs 100	1
#66C2A5	0.492093716989553	3	1	sous-entraînement	sous-entraînement	VC à 2 blocs 88	1
#66C2A5	0.49038749873521	3	1	sous-entraînement	sous-entraînement	VC à 2 blocs 70	1
#66C2A5	0.526664149564578	3	1	sous-entraînement	sous-entraînement	VC à 2 blocs 27	1
#66C2A5	0.515272249857157	3	1	sous-entraînement	sous-entraînement	50% validation 87	1
#66C2A5	0.571963982130177	3	1	sous-entraînement	sous-entraînement	50% validation 6	1
#66C2A5	0.343049764497712	3	1	sous-entraînement	sous-entraînement	50% validation 28	1
#66C2A5	0.400056284425173	3	1	sous-entraînement	sous-entraînement	50% validation 22	1
#66C2A5	0.457346299000223	3	1	sous-entraînement	sous-entraînement	50% validation 23	1
#66C2A5	0.526423006073729	3	1	sous-entraînement	sous-entraînement	50% validation 69	1
#66C2A5	0.598063268277336	3	1	sous-entraînement	sous-entraînement	50% validation 7	1
#66C2A5	0.581879565387965	3	1	sous-entraînement	sous-entraînement	50% validation 91	1
#66C2A5	0.439434475027199	3	1	sous-entraînement	sous-entraînement	50% validation 24	1
#66C2A5	0.46583890926993	3	1	sous-entraînement	sous-entraînement	50% validation 70	1
#66C2A5	0.383819321306027	3	1	sous-entraînement	sous-entraînement	50% validation 93	1
#66C2A5	0.477200242111857	3	1	sous-entraînement	sous-entraînement	50% validation 71	1
#66C2A5	0.501692587039848	3	1	sous-entraînement	sous-entraînement	50% validation 8	1
#66C2A5	0.526294391363441	3	1	sous-entraînement	sous-entraînement	50% validation 25	1
#66C2A5	0.476822982390348	3	1	sous-entraînement	sous-entraînement	50% validation 29	1
#66C2A5	0.459870657253862	3	1	sous-entraînement	sous-entraînement	50% validation 30	1
#66C2A5	0.634771987805343	3	1	sous-entraînement	sous-entraînement	50% validation 9	1
#66C2A5	0.564295072575435	3	1	sous-entraînement	sous-entraînement	50% validation 10	1
#66C2A5	0.644018125649602	3	1	sous-entraînement	sous-entraînement	50% validation 31	1
#66C2A5	0.547239624989875	3	1	sous-entraînement	sous-entraînement	50% validation 32	1
#66C2A5	0.381452421343786	3	1	sous-entraînement	sous-entraînement	50% validation 1	1
#66C2A5	0.499321486882118	3	1	sous-entraînement	sous-entraînement	50% validation 74	1
#66C2A5	0.566322003694864	3	1	sous-entraînement	sous-entraînement	50% validation 33	1
#66C2A5	0.590998191156411	3	1	sous-entraînement	sous-entraînement	50% validation 11	1
#66C2A5	0.417937278888797	3	1	sous-entraînement	sous-entraînement	50% validation 72	1
#66C2A5	0.580413434176726	3	1	sous-entraînement	sous-entraînement	50% validation 12	1
#66C2A5	0.465794154725964	3	1	sous-entraînement	sous-entraînement	50% validation 34	1
#66C2A5	0.418370628528308	3	1	sous-entraînement	sous-entraînement	50% validation 86	1
#66C2A5	0.538311387925847	3	1	sous-entraînement	sous-entraînement	50% validation 35	1
#66C2A5	0.576357422877485	3	1	sous-entraînement	sous-entraînement	50% validation 36	1
#66C2A5	0.550046680701285	3	1	sous-entraînement	sous-entraînement	50% validation 37	1
#66C2A5	0.483385476195265	3	1	sous-entraînement	sous-entraînement	50% validation 38	1
#66C2A5	0.465921499827583	3	1	sous-entraînement	sous-entraînement	50% validation 59	1
#66C2A5	0.430508539712123	3	1	sous-entraînement	sous-entraînement	50% validation 60	1
#66C2A5	0.474090594784481	3	1	sous-entraînement	sous-entraînement	50% validation 39	1
#66C2A5	0.415337123994084	3	1	sous-entraînement	sous-entraînement	50% validation 40	1
#66C2A5	0.515229299189578	3	1	sous-entraînement	sous-entraînement	50% validation 41	1
#66C2A5	0.565629761492333	3	1	sous-entraînement	sous-entraînement	50% validation 92	1
#66C2A5	0.351885062517832	3	1	sous-entraînement	sous-entraînement	50% validation 42	1
#66C2A5	0.570367549873667	3	1	sous-entraînement	sous-entraînement	50% validation 43	1
#66C2A5	0.545574236406705	3	1	sous-entraînement	sous-entraînement	50% validation 44	1
#66C2A5	0.475738534856533	3	1	sous-entraînement	sous-entraînement	50% validation 45	1
#66C2A5	0.404717280579145	3	1	sous-entraînement	sous-entraînement	50% validation 13	1
#66C2A5	0.423774095278914	3	1	sous-entraînement	sous-entraînement	50% validation 99	1
#66C2A5	0.482532086978412	3	1	sous-entraînement	sous-entraînement	50% validation 61	1
#66C2A5	0.496476613925235	3	1	sous-entraînement	sous-entraînement	50% validation 14	1
#66C2A5	0.571123680127027	3	1	sous-entraînement	sous-entraînement	50% validation 2	1
#66C2A5	0.452419435578028	3	1	sous-entraînement	sous-entraînement	50% validation 46	1
#66C2A5	0.497575501052925	3	1	sous-entraînement	sous-entraînement	50% validation 75	1
#66C2A5	0.390980892851282	3	1	sous-entraînement	sous-entraînement	50% validation 3	1
#66C2A5	0.472485656773517	3	1	sous-entraînement	sous-entraînement	50% validation 47	1
#66C2A5	0.51494176116373	3	1	sous-entraînement	sous-entraînement	50% validation 76	1
#66C2A5	0.596708308957487	3	1	sous-entraînement	sous-entraînement	50% validation 97	1
#66C2A5	0.422486496014708	3	1	sous-entraînement	sous-entraînement	50% validation 88	1
#66C2A5	0.0233886659740065	3	1	sous-entraînement	sous-entraînement	50% validation 62	1
#66C2A5	0.474977486902363	3	1	sous-entraînement	sous-entraînement	50% validation 95	1
#66C2A5	0.522934168568033	3	1	sous-entraînement	sous-entraînement	50% validation 48	1
#66C2A5	0.551544092494464	3	1	sous-entraînement	sous-entraînement	50% validation 49	1
#66C2A5	0.544043482944632	3	1	sous-entraînement	sous-entraînement	50% validation 15	1
#66C2A5	0.570369619754418	3	1	sous-entraînement	sous-entraînement	50% validation 16	1
#66C2A5	0.546478931421887	3	1	sous-entraînement	sous-entraînement	50% validation 17	1
#66C2A5	0.427085776124556	3	1	sous-entraînement	sous-entraînement	50% validation 63	1
#66C2A5	0.387634775463034	3	1	sous-entraînement	sous-entraînement	50% validation 64	1
#66C2A5	0.472143940435863	3	1	sous-entraînement	sous-entraînement	50% validation 26	1
#66C2A5	0.548022547366086	3	1	sous-entraînement	sous-entraînement	50% validation 65	1
#66C2A5	0.579908915120251	3	1	sous-entraînement	sous-entraînement	50% validation 77	1
#66C2A5	0.485287950618924	3	1	sous-entraînement	sous-entraînement	50% validation 50	1
#66C2A5	0.479756523947238	3	1	sous-entraînement	sous-entraînement	50% validation 18	1
#66C2A5	0.433139899820396	3	1	sous-entraînement	sous-entraînement	50% validation 96	1
#66C2A5	0.340908314918338	3	1	sous-entraînement	sous-entraînement	50% validation 51	1
#66C2A5	0.548723480636782	3	1	sous-entraînement	sous-entraînement	50% validation 52	1
#66C2A5	0.640137635039445	3	1	sous-entraînement	sous-entraînement	50% validation 78	1
#66C2A5	0.545634735776306	3	1	sous-entraînement	sous-entraînement	50% validation 53	1
#66C2A5	0.483918964335837	3	1	sous-entraînement	sous-entraînement	50% validation 19	1
#66C2A5	0.529300100671425	3	1	sous-entraînement	sous-entraînement	50% validation 73	1
#66C2A5	0.444208148914307	3	1	sous-entraînement	sous-entraînement	50% validation 54	1
#66C2A5	0.479598527575333	3	1	sous-entraînement	sous-entraînement	50% validation 4	1
#66C2A5	0.478203419421443	3	1	sous-entraînement	sous-entraînement	50% validation 55	1
#66C2A5	0.357603152743038	3	1	sous-entraînement	sous-entraînement	50% validation 5	1
#66C2A5	0.566460303570615	3	1	sous-entraînement	sous-entraînement	50% validation 98	1
#66C2A5	0.531312006995648	3	1	sous-entraînement	sous-entraînement	50% validation 66	1
#66C2A5	0.485021196061344	3	1	sous-entraînement	sous-entraînement	50% validation 89	1
#66C2A5	0.544967669333375	3	1	sous-entraînement	sous-entraînement	50% validation 79	1
#66C2A5	0.203532928563069	3	1	sous-entraînement	sous-entraînement	50% validation 94	1
#66C2A5	0.40944623967677	3	1	sous-entraînement	sous-entraînement	50% validation 80	1
#66C2A5	0.467335671156125	3	1	sous-entraînement	sous-entraînement	50% validation 81	1
#66C2A5	0.447084487715592	3	1	sous-entraînement	sous-entraînement	50% validation 20	1
#66C2A5	0.566995444525112	3	1	sous-entraînement	sous-entraînement	50% validation 21	1
#66C2A5	0.538058171333911	3	1	sous-entraînement	sous-entraînement	50% validation 56	1
#66C2A5	0.215949441256455	3	1	sous-entraînement	sous-entraînement	50% validation 82	1
#66C2A5	0.401671452929365	3	1	sous-entraînement	sous-entraînement	50% validation 67	1
#66C2A5	0.544543090175895	3	1	sous-entraînement	sous-entraînement	50% validation 57	1
#66C2A5	0.554567712113481	3	1	sous-entraînement	sous-entraînement	50% validation 27	1
#66C2A5	0.429334696357101	3	1	sous-entraînement	sous-entraînement	50% validation 83	1
#66C2A5	0.64588122793216	3	1	sous-entraînement	sous-entraînement	50% validation 58	1
#66C2A5	0.342976133051865	3	1	sous-entraînement	sous-entraînement	50% validation 100	1
#66C2A5	0.33913311756905	3	1	sous-entraînement	sous-entraînement	50% validation 68	1
#66C2A5	0.533247499727878	3	1	sous-entraînement	sous-entraînement	50% validation 85	1
#66C2A5	0.498584058978023	3	1	sous-entraînement	sous-entraînement	50% validation 90	1
#66C2A5	0.509255577494182	3	1	sous-entraînement	sous-entraînement	50% validation 84	1
#66C2A5	0.14801659982082	4	1	sous-entraînement	sous-entraînement	VC à 2 blocs 32	1
#66C2A5	0.353491875308083	4	1	sous-entraînement	sous-entraînement	VC à 2 blocs 33	1
#66C2A5	0.144003619223479	4	1	sous-entraînement	sous-entraînement	VC à 2 blocs 85	1
#66C2A5	0.283351977092118	4	1	sous-entraînement	sous-entraînement	VC à 2 blocs 77	1
#66C2A5	0.303936583156642	4	1	sous-entraînement	sous-entraînement	VC à 2 blocs 4	1
#66C2A5	0.21969042370793	4	1	sous-entraînement	sous-entraînement	VC à 2 blocs 34	1
#66C2A5	0.276520588355142	4	1	sous-entraînement	sous-entraînement	VC à 2 blocs 28	1
#66C2A5	0.248499545318439	4	1	sous-entraînement	sous-entraînement	VC à 2 blocs 78	1
#66C2A5	0.103880190697593	4	1	sous-entraînement	sous-entraînement	VC à 2 blocs 35	1
#66C2A5	0.112338413228081	4	1	sous-entraînement	sous-entraînement	VC à 2 blocs 5	1
#66C2A5	0.334371949093783	4	1	sous-entraînement	sous-entraînement	VC à 2 blocs 36	1
#66C2A5	0.185260065814427	4	1	sous-entraînement	sous-entraînement	VC à 2 blocs 6	1
#66C2A5	0.376308583042722	4	1	sous-entraînement	sous-entraînement	VC à 2 blocs 37	1
#66C2A5	-0.414649043362658	4	1	sous-entraînement	sous-entraînement	VC à 2 blocs 91	1
#66C2A5	0.149853880226872	4	1	sous-entraînement	sous-entraînement	VC à 2 blocs 38	1
#66C2A5	0.358977063239697	4	1	sous-entraînement	sous-entraînement	VC à 2 blocs 39	1
#66C2A5	0.350701848466394	4	1	sous-entraînement	sous-entraînement	VC à 2 blocs 7	1
#66C2A5	0.158482308161918	4	1	sous-entraînement	sous-entraînement	VC à 2 blocs 92	1
#66C2A5	0.242802598828328	4	1	sous-entraînement	sous-entraînement	VC à 2 blocs 79	1
#66C2A5	0.282171319174702	4	1	sous-entraînement	sous-entraînement	VC à 2 blocs 98	1
#66C2A5	0.261043661801239	4	1	sous-entraînement	sous-entraînement	VC à 2 blocs 40	1
#66C2A5	0.272324965593533	4	1	sous-entraînement	sous-entraînement	VC à 2 blocs 97	1
#66C2A5	0.182690223653621	4	1	sous-entraînement	sous-entraînement	VC à 2 blocs 71	1
#66C2A5	0.18687898215682	4	1	sous-entraînement	sous-entraînement	VC à 2 blocs 8	1
#66C2A5	0.172003854606963	4	1	sous-entraînement	sous-entraînement	VC à 2 blocs 41	1
#66C2A5	0.332143485232671	4	1	sous-entraînement	sous-entraînement	VC à 2 blocs 9	1
#66C2A5	0.185888272421096	4	1	sous-entraînement	sous-entraînement	VC à 2 blocs 42	1
#66C2A5	0.334069607336546	4	1	sous-entraînement	sous-entraînement	VC à 2 blocs 89	1
#66C2A5	0.319667106694658	4	1	sous-entraînement	sous-entraînement	VC à 2 blocs 29	1
#66C2A5	0.20600934566979	4	1	sous-entraînement	sous-entraînement	VC à 2 blocs 43	1
#66C2A5	0.242062096273219	4	1	sous-entraînement	sous-entraînement	VC à 2 blocs 44	1
#66C2A5	0.247573290273132	4	1	sous-entraînement	sous-entraînement	VC à 2 blocs 72	1
#66C2A5	0.232363473363	4	1	sous-entraînement	sous-entraînement	VC à 2 blocs 95	1
#66C2A5	0.287869621461502	4	1	sous-entraînement	sous-entraînement	VC à 2 blocs 73	1
#66C2A5	0.259572596582513	4	1	sous-entraînement	sous-entraînement	VC à 2 blocs 10	1
#66C2A5	0.233040428904124	4	1	sous-entraînement	sous-entraînement	VC à 2 blocs 45	1
#66C2A5	0.124326144826149	4	1	sous-entraînement	sous-entraînement	VC à 2 blocs 46	1
#66C2A5	0.354249170861768	4	1	sous-entraînement	sous-entraînement	VC à 2 blocs 11	1
#66C2A5	0.346316151006982	4	1	sous-entraînement	sous-entraînement	VC à 2 blocs 30	1
#66C2A5	0.162168996279679	4	1	sous-entraînement	sous-entraînement	VC à 2 blocs 47	1
#66C2A5	0.301332794962184	4	1	sous-entraînement	sous-entraînement	VC à 2 blocs 48	1
#66C2A5	0.216112900809993	4	1	sous-entraînement	sous-entraînement	VC à 2 blocs 49	1
#66C2A5	0.317058838361295	4	1	sous-entraînement	sous-entraînement	VC à 2 blocs 80	1
#66C2A5	0.176842962828285	4	1	sous-entraînement	sous-entraînement	VC à 2 blocs 50	1
#66C2A5	0.175440908120179	4	1	sous-entraînement	sous-entraînement	VC à 2 blocs 51	1
#66C2A5	0.297662121867956	4	1	sous-entraînement	sous-entraînement	VC à 2 blocs 12	1
#66C2A5	0.119527791003077	4	1	sous-entraînement	sous-entraînement	VC à 2 blocs 52	1
#66C2A5	0.374961932836818	4	1	sous-entraînement	sous-entraînement	VC à 2 blocs 13	1
#66C2A5	0.0727095725233738	4	1	sous-entraînement	sous-entraînement	VC à 2 blocs 14	1
#66C2A5	0.366883690507176	4	1	sous-entraînement	sous-entraînement	VC à 2 blocs 31	1
#66C2A5	0.299909348785016	4	1	sous-entraînement	sous-entraînement	VC à 2 blocs 15	1
#66C2A5	0.217820851929086	4	1	sous-entraînement	sous-entraînement	VC à 2 blocs 74	1
#66C2A5	0.106340372992288	4	1	sous-entraînement	sous-entraînement	VC à 2 blocs 81	1
#66C2A5	0.259170697316341	4	1	sous-entraînement	sous-entraînement	VC à 2 blocs 53	1
#66C2A5	0.0184113792931677	4	1	sous-entraînement	sous-entraînement	VC à 2 blocs 96	1
#66C2A5	0.423262986960326	4	1	sous-entraînement	sous-entraînement	VC à 2 blocs 1	1
#66C2A5	0.210615854978291	4	1	sous-entraînement	sous-entraînement	VC à 2 blocs 16	1
#66C2A5	0.310888186229745	4	1	sous-entraînement	sous-entraînement	VC à 2 blocs 54	1
#66C2A5	0.216298183624015	4	1	sous-entraînement	sous-entraînement	VC à 2 blocs 75	1
#66C2A5	0.269273320559182	4	1	sous-entraînement	sous-entraînement	VC à 2 blocs 93	1
#66C2A5	0.137166068817309	4	1	sous-entraînement	sous-entraînement	VC à 2 blocs 55	1
#66C2A5	0.252325548455169	4	1	sous-entraînement	sous-entraînement	VC à 2 blocs 56	1
#66C2A5	0.180938868768267	4	1	sous-entraînement	sous-entraînement	VC à 2 blocs 57	1
#66C2A5	0.312156334809805	4	1	sous-entraînement	sous-entraînement	VC à 2 blocs 58	1
#66C2A5	0.316173262810477	4	1	sous-entraînement	sous-entraînement	VC à 2 blocs 17	1
#66C2A5	0.16887817111674	4	1	sous-entraînement	sous-entraînement	VC à 2 blocs 82	1
#66C2A5	0.272772510599867	4	1	sous-entraînement	sous-entraînement	VC à 2 blocs 59	1
#66C2A5	0.254570818390957	4	1	sous-entraînement	sous-entraînement	VC à 2 blocs 90	1
#66C2A5	0.117234290429822	4	1	sous-entraînement	sous-entraînement	VC à 2 blocs 18	1
#66C2A5	0.312980087179418	4	1	sous-entraînement	sous-entraînement	VC à 2 blocs 2	1
#66C2A5	0.125966517168449	4	1	sous-entraînement	sous-entraînement	VC à 2 blocs 99	1
#66C2A5	0.366707829223071	4	1	sous-entraînement	sous-entraînement	VC à 2 blocs 60	1
#66C2A5	0.220245729093034	4	1	sous-entraînement	sous-entraînement	VC à 2 blocs 61	1
#66C2A5	0.301223009793378	4	1	sous-entraînement	sous-entraînement	VC à 2 blocs 19	1
#66C2A5	0.232877137861545	4	1	sous-entraînement	sous-entraînement	VC à 2 blocs 62	1
#66C2A5	0.116595325147531	4	1	sous-entraînement	sous-entraînement	VC à 2 blocs 63	1
#66C2A5	0.095842750968199	4	1	sous-entraînement	sous-entraînement	VC à 2 blocs 94	1
#66C2A5	0.0702100391680643	4	1	sous-entraînement	sous-entraînement	VC à 2 blocs 76	1
#66C2A5	0.240671682423738	4	1	sous-entraînement	sous-entraînement	VC à 2 blocs 3	1
#66C2A5	0.237401019366626	4	1	sous-entraînement	sous-entraînement	VC à 2 blocs 20	1
#66C2A5	0.269274700896281	4	1	sous-entraînement	sous-entraînement	VC à 2 blocs 64	1
#66C2A5	0.264259202737256	4	1	sous-entraînement	sous-entraînement	VC à 2 blocs 21	1
#66C2A5	0.0893806019898735	4	1	sous-entraînement	sous-entraînement	VC à 2 blocs 86	1
#66C2A5	0.389410515369341	4	1	sous-entraînement	sous-entraînement	VC à 2 blocs 22	1
#66C2A5	0.199537337201771	4	1	sous-entraînement	sous-entraînement	VC à 2 blocs 65	1
#66C2A5	0.268221932346824	4	1	sous-entraînement	sous-entraînement	VC à 2 blocs 23	1
#66C2A5	0.073165731283507	4	1	sous-entraînement	sous-entraînement	VC à 2 blocs 87	1
#66C2A5	0.398926963086212	4	1	sous-entraînement	sous-entraînement	VC à 2 blocs 24	1
#66C2A5	0.194653986173101	4	1	sous-entraînement	sous-entraînement	VC à 2 blocs 83	1
#66C2A5	0.13183340279758	4	1	sous-entraînement	sous-entraînement	VC à 2 blocs 66	1
#66C2A5	0.248509169165674	4	1	sous-entraînement	sous-entraînement	VC à 2 blocs 67	1
#66C2A5	0.231363136069142	4	1	sous-entraînement	sous-entraînement	VC à 2 blocs 84	1
#66C2A5	0.239192555042309	4	1	sous-entraînement	sous-entraînement	VC à 2 blocs 25	1
#66C2A5	0.00746386073300543	4	1	sous-entraînement	sous-entraînement	VC à 2 blocs 68	1
#66C2A5	0.119380690068731	4	1	sous-entraînement	sous-entraînement	VC à 2 blocs 69	1
#66C2A5	0.300417983141943	4	1	sous-entraînement	sous-entraînement	VC à 2 blocs 26	1
#66C2A5	0.162476719248797	4	1	sous-entraînement	sous-entraînement	VC à 2 blocs 100	1
#66C2A5	0.30292509027266	4	1	sous-entraînement	sous-entraînement	VC à 2 blocs 88	1
#66C2A5	0.272643860278662	4	1	sous-entraînement	sous-entraînement	VC à 2 blocs 70	1
#66C2A5	0.261120791163614	4	1	sous-entraînement	sous-entraînement	VC à 2 blocs 27	1
#66C2A5	0.322167728771052	4	1	sous-entraînement	sous-entraînement	50% validation 87	1
#66C2A5	0.368140857209344	4	1	sous-entraînement	sous-entraînement	50% validation 6	1
#66C2A5	0.0862089619110812	4	1	sous-entraînement	sous-entraînement	50% validation 28	1
#66C2A5	0.269442929476762	4	1	sous-entraînement	sous-entraînement	50% validation 22	1
#66C2A5	0.310443146070424	4	1	sous-entraînement	sous-entraînement	50% validation 23	1
#66C2A5	0.267778679949797	4	1	sous-entraînement	sous-entraînement	50% validation 69	1
#66C2A5	0.345756596842737	4	1	sous-entraînement	sous-entraînement	50% validation 7	1
#66C2A5	0.24476093613532	4	1	sous-entraînement	sous-entraînement	50% validation 91	1
#66C2A5	0.244979349079099	4	1	sous-entraînement	sous-entraînement	50% validation 24	1
#66C2A5	0.243813439690337	4	1	sous-entraînement	sous-entraînement	50% validation 70	1
#66C2A5	0.168062187102078	4	1	sous-entraînement	sous-entraînement	50% validation 93	1
#66C2A5	0.249495245207074	4	1	sous-entraînement	sous-entraînement	50% validation 71	1
#66C2A5	0.321435429288029	4	1	sous-entraînement	sous-entraînement	50% validation 8	1
#66C2A5	0.359844970452492	4	1	sous-entraînement	sous-entraînement	50% validation 25	1
#66C2A5	0.212167070264419	4	1	sous-entraînement	sous-entraînement	50% validation 29	1
#66C2A5	0.233570021619771	4	1	sous-entraînement	sous-entraînement	50% validation 30	1
#66C2A5	0.108533461561103	4	1	sous-entraînement	sous-entraînement	50% validation 9	1
#66C2A5	0.316652762888953	4	1	sous-entraînement	sous-entraînement	50% validation 10	1
#66C2A5	0.337353947104633	4	1	sous-entraînement	sous-entraînement	50% validation 31	1
#66C2A5	0.284712318779486	4	1	sous-entraînement	sous-entraînement	50% validation 32	1
#66C2A5	0.13787692030294	4	1	sous-entraînement	sous-entraînement	50% validation 1	1
#66C2A5	0.306046485218021	4	1	sous-entraînement	sous-entraînement	50% validation 74	1
#66C2A5	0.15301156436828	4	1	sous-entraînement	sous-entraînement	50% validation 33	1
#66C2A5	0.24904484625059	4	1	sous-entraînement	sous-entraînement	50% validation 11	1
#66C2A5	0.194429980427784	4	1	sous-entraînement	sous-entraînement	50% validation 72	1
#66C2A5	0.312556448208783	4	1	sous-entraînement	sous-entraînement	50% validation 12	1
#66C2A5	0.303561628010966	4	1	sous-entraînement	sous-entraînement	50% validation 34	1
#66C2A5	0.192103712947382	4	1	sous-entraînement	sous-entraînement	50% validation 86	1
#66C2A5	0.378960892423645	4	1	sous-entraînement	sous-entraînement	50% validation 35	1
#66C2A5	0.269639922206418	4	1	sous-entraînement	sous-entraînement	50% validation 36	1
#66C2A5	0.0933241352343985	4	1	sous-entraînement	sous-entraînement	50% validation 37	1
#66C2A5	0.25204349051879	4	1	sous-entraînement	sous-entraînement	50% validation 38	1
#66C2A5	0.110263725217524	4	1	sous-entraînement	sous-entraînement	50% validation 59	1
#66C2A5	0.239085199411129	4	1	sous-entraînement	sous-entraînement	50% validation 60	1
#66C2A5	0.290712037879423	4	1	sous-entraînement	sous-entraînement	50% validation 39	1
#66C2A5	0.203143025637458	4	1	sous-entraînement	sous-entraînement	50% validation 40	1
#66C2A5	0.20687004270899	4	1	sous-entraînement	sous-entraînement	50% validation 41	1
#66C2A5	0.319824455412734	4	1	sous-entraînement	sous-entraînement	50% validation 92	1
#66C2A5	0.234984094110365	4	1	sous-entraînement	sous-entraînement	50% validation 42	1
#66C2A5	0.0848528593525744	4	1	sous-entraînement	sous-entraînement	50% validation 43	1
#66C2A5	0.258166810082588	4	1	sous-entraînement	sous-entraînement	50% validation 44	1
#66C2A5	0.241818776339277	4	1	sous-entraînement	sous-entraînement	50% validation 45	1
#66C2A5	0.214700167724851	4	1	sous-entraînement	sous-entraînement	50% validation 13	1
#66C2A5	0.215300653375602	4	1	sous-entraînement	sous-entraînement	50% validation 99	1
#66C2A5	0.0635627558968455	4	1	sous-entraînement	sous-entraînement	50% validation 61	1
#66C2A5	0.24425130075815	4	1	sous-entraînement	sous-entraînement	50% validation 14	1
#66C2A5	0.37594349745002	4	1	sous-entraînement	sous-entraînement	50% validation 2	1
#66C2A5	0.254416698196015	4	1	sous-entraînement	sous-entraînement	50% validation 46	1
#66C2A5	0.275692131808823	4	1	sous-entraînement	sous-entraînement	50% validation 75	1
#66C2A5	0.205950968584686	4	1	sous-entraînement	sous-entraînement	50% validation 3	1
#66C2A5	0.156069448731349	4	1	sous-entraînement	sous-entraînement	50% validation 47	1
#66C2A5	0.348930079201359	4	1	sous-entraînement	sous-entraînement	50% validation 76	1
#66C2A5	0.293414387798985	4	1	sous-entraînement	sous-entraînement	50% validation 97	1
#66C2A5	0.270079595846973	4	1	sous-entraînement	sous-entraînement	50% validation 88	1
#66C2A5	-0.25897636768961	4	1	sous-entraînement	sous-entraînement	50% validation 62	1
#66C2A5	0.253754249983156	4	1	sous-entraînement	sous-entraînement	50% validation 95	1
#66C2A5	0.2252675810412	4	1	sous-entraînement	sous-entraînement	50% validation 48	1
#66C2A5	0.330261289771207	4	1	sous-entraînement	sous-entraînement	50% validation 49	1
#66C2A5	0.364276285903602	4	1	sous-entraînement	sous-entraînement	50% validation 15	1
#66C2A5	0.216838484123693	4	1	sous-entraînement	sous-entraînement	50% validation 16	1
#66C2A5	0.326371948848027	4	1	sous-entraînement	sous-entraînement	50% validation 17	1
#66C2A5	0.121280177281909	4	1	sous-entraînement	sous-entraînement	50% validation 63	1
#66C2A5	0.249856942243457	4	1	sous-entraînement	sous-entraînement	50% validation 64	1
#66C2A5	0.295103224504709	4	1	sous-entraînement	sous-entraînement	50% validation 26	1
#66C2A5	0.123665550659611	4	1	sous-entraînement	sous-entraînement	50% validation 65	1
#66C2A5	0.1574093249832	4	1	sous-entraînement	sous-entraînement	50% validation 77	1
#66C2A5	0.20119760213499	4	1	sous-entraînement	sous-entraînement	50% validation 50	1
#66C2A5	0.271030137359892	4	1	sous-entraînement	sous-entraînement	50% validation 18	1
#66C2A5	0.138960102216029	4	1	sous-entraînement	sous-entraînement	50% validation 96	1
#66C2A5	-0.0686727027202004	4	1	sous-entraînement	sous-entraînement	50% validation 51	1
#66C2A5	0.331038474346308	4	1	sous-entraînement	sous-entraînement	50% validation 52	1
#66C2A5	0.35240563459395	4	1	sous-entraînement	sous-entraînement	50% validation 78	1
#66C2A5	0.31283040912236	4	1	sous-entraînement	sous-entraînement	50% validation 53	1
#66C2A5	0.187887003797954	4	1	sous-entraînement	sous-entraînement	50% validation 19	1
#66C2A5	0.203722707948736	4	1	sous-entraînement	sous-entraînement	50% validation 73	1
#66C2A5	0.253056455708886	4	1	sous-entraînement	sous-entraînement	50% validation 54	1
#66C2A5	0.270159622999565	4	1	sous-entraînement	sous-entraînement	50% validation 4	1
#66C2A5	0.29161338109504	4	1	sous-entraînement	sous-entraînement	50% validation 55	1
#66C2A5	0.161601261940829	4	1	sous-entraînement	sous-entraînement	50% validation 5	1
#66C2A5	0.207047210529457	4	1	sous-entraînement	sous-entraînement	50% validation 98	1
#66C2A5	0.360961222959564	4	1	sous-entraînement	sous-entraînement	50% validation 66	1
#66C2A5	0.162264975873967	4	1	sous-entraînement	sous-entraînement	50% validation 89	1
#66C2A5	0.379920820087379	4	1	sous-entraînement	sous-entraînement	50% validation 79	1
#66C2A5	0.0189782218452946	4	1	sous-entraînement	sous-entraînement	50% validation 94	1
#66C2A5	0.281630118264197	4	1	sous-entraînement	sous-entraînement	50% validation 80	1
#66C2A5	0.199016627791823	4	1	sous-entraînement	sous-entraînement	50% validation 81	1
#66C2A5	0.224381232766974	4	1	sous-entraînement	sous-entraînement	50% validation 20	1
#66C2A5	0.326503656745679	4	1	sous-entraînement	sous-entraînement	50% validation 21	1
#66C2A5	0.331986961743435	4	1	sous-entraînement	sous-entraînement	50% validation 56	1
#66C2A5	-0.082067561722609	4	1	sous-entraînement	sous-entraînement	50% validation 82	1
#66C2A5	0.183310760420434	4	1	sous-entraînement	sous-entraînement	50% validation 67	1
#66C2A5	0.357495136803253	4	1	sous-entraînement	sous-entraînement	50% validation 57	1
#66C2A5	0.352028159924846	4	1	sous-entraînement	sous-entraînement	50% validation 27	1
#66C2A5	0.257142569029589	4	1	sous-entraînement	sous-entraînement	50% validation 83	1
#66C2A5	0.324235345372285	4	1	sous-entraînement	sous-entraînement	50% validation 58	1
#66C2A5	0.148263327148045	4	1	sous-entraînement	sous-entraînement	50% validation 100	1
#66C2A5	0.0559010285338059	4	1	sous-entraînement	sous-entraînement	50% validation 68	1
#66C2A5	0.286646419067316	4	1	sous-entraînement	sous-entraînement	50% validation 85	1
#66C2A5	0.00378139571382446	4	1	sous-entraînement	sous-entraînement	50% validation 90	1
#66C2A5	0.293769572836124	4	1	sous-entraînement	sous-entraînement	50% validation 84	1
#66C2A5	-0.890917280367922	5	1	sous-entraînement	sous-entraînement	VC à 2 blocs 32	1
#66C2A5	-0.806342361292425	5	1	sous-entraînement	sous-entraînement	VC à 2 blocs 33	1
#66C2A5	-0.79041537788096	5	1	sous-entraînement	sous-entraînement	VC à 2 blocs 85	1
#66C2A5	-0.814466193485389	5	1	sous-entraînement	sous-entraînement	VC à 2 blocs 77	1
#66C2A5	-0.783116310233371	5	1	sous-entraînement	sous-entraînement	VC à 2 blocs 4	1
#66C2A5	-0.919134138837199	5	1	sous-entraînement	sous-entraînement	VC à 2 blocs 34	1
#66C2A5	-0.995905457077232	5	1	sous-entraînement	sous-entraînement	VC à 2 blocs 28	1
#66C2A5	-0.713696388690019	5	1	sous-entraînement	sous-entraînement	VC à 2 blocs 78	1
#66C2A5	-0.808024223306232	5	1	sous-entraînement	sous-entraînement	VC à 2 blocs 35	1
#66C2A5	-0.822437876447006	5	1	sous-entraînement	sous-entraînement	VC à 2 blocs 5	1
#66C2A5	-0.642514744192	5	1	sous-entraînement	sous-entraînement	VC à 2 blocs 36	1
#66C2A5	-1.07272625556175	5	1	sous-entraînement	sous-entraînement	VC à 2 blocs 6	1
#66C2A5	-0.830885411151445	5	1	sous-entraînement	sous-entraînement	VC à 2 blocs 37	1
#66C2A5	-1.02962663996424	5	1	sous-entraînement	sous-entraînement	VC à 2 blocs 91	1
#66C2A5	-0.709855878433635	5	1	sous-entraînement	sous-entraînement	VC à 2 blocs 38	1
#66C2A5	-0.919957118266267	5	1	sous-entraînement	sous-entraînement	VC à 2 blocs 39	1
#66C2A5	-0.761091753441794	5	1	sous-entraînement	sous-entraînement	VC à 2 blocs 7	1
#66C2A5	-0.961263343878368	5	1	sous-entraînement	sous-entraînement	VC à 2 blocs 92	1
#66C2A5	-0.85295718937823	5	1	sous-entraînement	sous-entraînement	VC à 2 blocs 79	1
#66C2A5	-0.853989434696475	5	1	sous-entraînement	sous-entraînement	VC à 2 blocs 98	1
#66C2A5	-0.73769673045352	5	1	sous-entraînement	sous-entraînement	VC à 2 blocs 40	1
#66C2A5	-0.866144572569251	5	1	sous-entraînement	sous-entraînement	VC à 2 blocs 97	1
#66C2A5	-0.957676777554908	5	1	sous-entraînement	sous-entraînement	VC à 2 blocs 71	1
#66C2A5	-0.704430596848552	5	1	sous-entraînement	sous-entraînement	VC à 2 blocs 8	1
#66C2A5	-0.765763585926351	5	1	sous-entraînement	sous-entraînement	VC à 2 blocs 41	1
#66C2A5	-0.907233539953608	5	1	sous-entraînement	sous-entraînement	VC à 2 blocs 9	1
#66C2A5	-0.866813612564765	5	1	sous-entraînement	sous-entraînement	VC à 2 blocs 42	1
#66C2A5	-0.774133055624855	5	1	sous-entraînement	sous-entraînement	VC à 2 blocs 89	1
#66C2A5	-0.891312383735516	5	1	sous-entraînement	sous-entraînement	VC à 2 blocs 29	1
#66C2A5	-0.724955567284674	5	1	sous-entraînement	sous-entraînement	VC à 2 blocs 43	1
#66C2A5	-0.873133988943812	5	1	sous-entraînement	sous-entraînement	VC à 2 blocs 44	1
#66C2A5	-0.976507335112785	5	1	sous-entraînement	sous-entraînement	VC à 2 blocs 72	1
#66C2A5	-0.869388615298771	5	1	sous-entraînement	sous-entraînement	VC à 2 blocs 95	1
#66C2A5	-0.758618419518806	5	1	sous-entraînement	sous-entraînement	VC à 2 blocs 73	1
#66C2A5	-0.817091422902371	5	1	sous-entraînement	sous-entraînement	VC à 2 blocs 10	1
#66C2A5	-0.881995444029158	5	1	sous-entraînement	sous-entraînement	VC à 2 blocs 45	1
#66C2A5	-0.727539316964598	5	1	sous-entraînement	sous-entraînement	VC à 2 blocs 46	1
#66C2A5	-0.930851853566274	5	1	sous-entraînement	sous-entraînement	VC à 2 blocs 11	1
#66C2A5	-0.708904727146672	5	1	sous-entraînement	sous-entraînement	VC à 2 blocs 30	1
#66C2A5	-0.997607594554432	5	1	sous-entraînement	sous-entraînement	VC à 2 blocs 47	1
#66C2A5	-0.824620709383669	5	1	sous-entraînement	sous-entraînement	VC à 2 blocs 48	1
#66C2A5	-0.822503777238582	5	1	sous-entraînement	sous-entraînement	VC à 2 blocs 49	1
#66C2A5	-0.910895921936138	5	1	sous-entraînement	sous-entraînement	VC à 2 blocs 80	1
#66C2A5	-0.797202958117523	5	1	sous-entraînement	sous-entraînement	VC à 2 blocs 50	1
#66C2A5	-0.771263162334682	5	1	sous-entraînement	sous-entraînement	VC à 2 blocs 51	1
#66C2A5	-0.863336211434169	5	1	sous-entraînement	sous-entraînement	VC à 2 blocs 12	1
#66C2A5	-0.829140768839853	5	1	sous-entraînement	sous-entraînement	VC à 2 blocs 52	1
#66C2A5	-0.817127277160764	5	1	sous-entraînement	sous-entraînement	VC à 2 blocs 13	1
#66C2A5	-0.808657005408013	5	1	sous-entraînement	sous-entraînement	VC à 2 blocs 14	1
#66C2A5	-0.823812966942244	5	1	sous-entraînement	sous-entraînement	VC à 2 blocs 31	1
#66C2A5	-0.842113757245895	5	1	sous-entraînement	sous-entraînement	VC à 2 blocs 15	1
#66C2A5	-0.741966016034795	5	1	sous-entraînement	sous-entraînement	VC à 2 blocs 74	1
#66C2A5	-0.960239628837608	5	1	sous-entraînement	sous-entraînement	VC à 2 blocs 81	1
#66C2A5	-0.703488212623015	5	1	sous-entraînement	sous-entraînement	VC à 2 blocs 53	1
#66C2A5	-0.92879690291619	5	1	sous-entraînement	sous-entraînement	VC à 2 blocs 96	1
#66C2A5	-0.707044238827571	5	1	sous-entraînement	sous-entraînement	VC à 2 blocs 1	1
#66C2A5	-0.92446860986705	5	1	sous-entraînement	sous-entraînement	VC à 2 blocs 16	1
#66C2A5	-0.814877404986061	5	1	sous-entraînement	sous-entraînement	VC à 2 blocs 54	1
#66C2A5	-0.952175171180861	5	1	sous-entraînement	sous-entraînement	VC à 2 blocs 75	1
#66C2A5	-0.815258203952481	5	1	sous-entraînement	sous-entraînement	VC à 2 blocs 93	1
#66C2A5	-0.819212374243477	5	1	sous-entraînement	sous-entraînement	VC à 2 blocs 55	1
#66C2A5	-0.897288524896377	5	1	sous-entraînement	sous-entraînement	VC à 2 blocs 56	1
#66C2A5	-0.714227207802356	5	1	sous-entraînement	sous-entraînement	VC à 2 blocs 57	1
#66C2A5	-1.0343608527607	5	1	sous-entraînement	sous-entraînement	VC à 2 blocs 58	1
#66C2A5	-0.756286746443202	5	1	sous-entraînement	sous-entraînement	VC à 2 blocs 17	1
#66C2A5	-0.988214458639088	5	1	sous-entraînement	sous-entraînement	VC à 2 blocs 82	1
#66C2A5	-1.07712104614565	5	1	sous-entraînement	sous-entraînement	VC à 2 blocs 59	1
#66C2A5	-0.666125743623937	5	1	sous-entraînement	sous-entraînement	VC à 2 blocs 90	1
#66C2A5	-1.02113611968429	5	1	sous-entraînement	sous-entraînement	VC à 2 blocs 18	1
#66C2A5	-0.6734680617471	5	1	sous-entraînement	sous-entraînement	VC à 2 blocs 2	1
#66C2A5	-0.891920744491987	5	1	sous-entraînement	sous-entraînement	VC à 2 blocs 99	1
#66C2A5	-0.81564354685118	5	1	sous-entraînement	sous-entraînement	VC à 2 blocs 60	1
#66C2A5	-0.964967492627065	5	1	sous-entraînement	sous-entraînement	VC à 2 blocs 61	1
#66C2A5	-0.746983026586087	5	1	sous-entraînement	sous-entraînement	VC à 2 blocs 19	1
#66C2A5	-0.878159577348721	5	1	sous-entraînement	sous-entraînement	VC à 2 blocs 62	1
#66C2A5	-0.775668082666015	5	1	sous-entraînement	sous-entraînement	VC à 2 blocs 63	1
#66C2A5	-0.736897153020007	5	1	sous-entraînement	sous-entraînement	VC à 2 blocs 94	1
#66C2A5	-1.16221596366327	5	1	sous-entraînement	sous-entraînement	VC à 2 blocs 76	1
#66C2A5	-0.786008852265164	5	1	sous-entraînement	sous-entraînement	VC à 2 blocs 3	1
#66C2A5	-0.838163109756918	5	1	sous-entraînement	sous-entraînement	VC à 2 blocs 20	1
#66C2A5	-0.64943473352308	5	1	sous-entraînement	sous-entraînement	VC à 2 blocs 64	1
#66C2A5	-1.07943984474157	5	1	sous-entraînement	sous-entraînement	VC à 2 blocs 21	1
#66C2A5	-0.784319334622064	5	1	sous-entraînement	sous-entraînement	VC à 2 blocs 86	1
#66C2A5	-0.955789219914784	5	1	sous-entraînement	sous-entraînement	VC à 2 blocs 22	1
#66C2A5	-0.900386678393622	5	1	sous-entraînement	sous-entraînement	VC à 2 blocs 65	1
#66C2A5	-0.826068141258811	5	1	sous-entraînement	sous-entraînement	VC à 2 blocs 23	1
#66C2A5	-0.980851032846713	5	1	sous-entraînement	sous-entraînement	VC à 2 blocs 87	1
#66C2A5	-0.717162799621559	5	1	sous-entraînement	sous-entraînement	VC à 2 blocs 24	1
#66C2A5	-0.865058980912718	5	1	sous-entraînement	sous-entraînement	VC à 2 blocs 83	1
#66C2A5	-0.800341794884029	5	1	sous-entraînement	sous-entraînement	VC à 2 blocs 66	1
#66C2A5	-0.830486003980063	5	1	sous-entraînement	sous-entraînement	VC à 2 blocs 67	1
#66C2A5	-0.826899232549807	5	1	sous-entraînement	sous-entraînement	VC à 2 blocs 84	1
#66C2A5	-0.724655134333658	5	1	sous-entraînement	sous-entraînement	VC à 2 blocs 25	1
#66C2A5	-0.935691658925787	5	1	sous-entraînement	sous-entraînement	VC à 2 blocs 68	1
#66C2A5	-1.18825820416071	5	1	sous-entraînement	sous-entraînement	VC à 2 blocs 69	1
#66C2A5	-0.625845163754394	5	1	sous-entraînement	sous-entraînement	VC à 2 blocs 26	1
#66C2A5	-0.806399571217536	5	1	sous-entraînement	sous-entraînement	VC à 2 blocs 100	1
#66C2A5	-0.787871726553881	5	1	sous-entraînement	sous-entraînement	VC à 2 blocs 88	1
#66C2A5	-0.843732237542587	5	1	sous-entraînement	sous-entraînement	VC à 2 blocs 70	1
#66C2A5	-0.804558810913604	5	1	sous-entraînement	sous-entraînement	VC à 2 blocs 27	1
#66C2A5	-0.808206610740868	5	1	sous-entraînement	sous-entraînement	50% validation 87	1
#66C2A5	-0.778801313826526	5	1	sous-entraînement	sous-entraînement	50% validation 6	1
#66C2A5	-0.74207495357586	5	1	sous-entraînement	sous-entraînement	50% validation 28	1
#66C2A5	-1.32882038751462	5	1	sous-entraînement	sous-entraînement	50% validation 22	1
#66C2A5	-0.910275552852312	5	1	sous-entraînement	sous-entraînement	50% validation 23	1
#66C2A5	-0.814703816646413	5	1	sous-entraînement	sous-entraînement	50% validation 69	1
#66C2A5	-0.998435049289687	5	1	sous-entraînement	sous-entraînement	50% validation 7	1
#66C2A5	-0.685474058165795	5	1	sous-entraînement	sous-entraînement	50% validation 91	1
#66C2A5	-0.864883426665481	5	1	sous-entraînement	sous-entraînement	50% validation 24	1
#66C2A5	-0.91523948393905	5	1	sous-entraînement	sous-entraînement	50% validation 70	1
#66C2A5	-0.960840362136605	5	1	sous-entraînement	sous-entraînement	50% validation 93	1
#66C2A5	-0.93601766257511	5	1	sous-entraînement	sous-entraînement	50% validation 71	1
#66C2A5	-0.760937700248927	5	1	sous-entraînement	sous-entraînement	50% validation 8	1
#66C2A5	-0.706650789346615	5	1	sous-entraînement	sous-entraînement	50% validation 25	1
#66C2A5	-0.765679866159544	5	1	sous-entraînement	sous-entraînement	50% validation 29	1
#66C2A5	-0.750460191421482	5	1	sous-entraînement	sous-entraînement	50% validation 30	1
#66C2A5	-0.9480423905226	5	1	sous-entraînement	sous-entraînement	50% validation 9	1
#66C2A5	-0.959419493074484	5	1	sous-entraînement	sous-entraînement	50% validation 10	1
#66C2A5	-0.903123836236695	5	1	sous-entraînement	sous-entraînement	50% validation 31	1
#66C2A5	-0.767670161537816	5	1	sous-entraînement	sous-entraînement	50% validation 32	1
#66C2A5	-0.884569292702515	5	1	sous-entraînement	sous-entraînement	50% validation 1	1
#66C2A5	-0.883867737252422	5	1	sous-entraînement	sous-entraînement	50% validation 74	1
#66C2A5	-0.758221380276553	5	1	sous-entraînement	sous-entraînement	50% validation 33	1
#66C2A5	-0.92870181201779	5	1	sous-entraînement	sous-entraînement	50% validation 11	1
#66C2A5	-0.796480053996851	5	1	sous-entraînement	sous-entraînement	50% validation 72	1
#66C2A5	-0.663904034527649	5	1	sous-entraînement	sous-entraînement	50% validation 12	1
#66C2A5	-0.787771946181003	5	1	sous-entraînement	sous-entraînement	50% validation 34	1
#66C2A5	-0.799300073900967	5	1	sous-entraînement	sous-entraînement	50% validation 86	1
#66C2A5	-0.934534383812959	5	1	sous-entraînement	sous-entraînement	50% validation 35	1
#66C2A5	-0.7769923198965	5	1	sous-entraînement	sous-entraînement	50% validation 36	1
#66C2A5	-0.783714032301689	5	1	sous-entraînement	sous-entraînement	50% validation 37	1
#66C2A5	-0.938499667806549	5	1	sous-entraînement	sous-entraînement	50% validation 38	1
#66C2A5	-0.704425605040192	5	1	sous-entraînement	sous-entraînement	50% validation 59	1
#66C2A5	-0.859395715390136	5	1	sous-entraînement	sous-entraînement	50% validation 60	1
#66C2A5	-0.821809054215465	5	1	sous-entraînement	sous-entraînement	50% validation 39	1
#66C2A5	-0.756939936160355	5	1	sous-entraînement	sous-entraînement	50% validation 40	1
#66C2A5	-0.818689862767636	5	1	sous-entraînement	sous-entraînement	50% validation 41	1
#66C2A5	-0.95895399755101	5	1	sous-entraînement	sous-entraînement	50% validation 92	1
#66C2A5	-0.890649371457994	5	1	sous-entraînement	sous-entraînement	50% validation 42	1
#66C2A5	-0.881638305174807	5	1	sous-entraînement	sous-entraînement	50% validation 43	1
#66C2A5	-0.690628667446286	5	1	sous-entraînement	sous-entraînement	50% validation 44	1
#66C2A5	-0.767297215779182	5	1	sous-entraînement	sous-entraînement	50% validation 45	1
#66C2A5	-0.894924785096107	5	1	sous-entraînement	sous-entraînement	50% validation 13	1
#66C2A5	-0.733314588986364	5	1	sous-entraînement	sous-entraînement	50% validation 99	1
#66C2A5	-0.817575414934012	5	1	sous-entraînement	sous-entraînement	50% validation 61	1
#66C2A5	-1.0264226465902	5	1	sous-entraînement	sous-entraînement	50% validation 14	1
#66C2A5	-0.803697418923809	5	1	sous-entraînement	sous-entraînement	50% validation 2	1
#66C2A5	-0.622353268203936	5	1	sous-entraînement	sous-entraînement	50% validation 46	1
#66C2A5	-0.866359164768049	5	1	sous-entraînement	sous-entraînement	50% validation 75	1
#66C2A5	-0.989912258383981	5	1	sous-entraînement	sous-entraînement	50% validation 3	1
#66C2A5	-0.813140229484294	5	1	sous-entraînement	sous-entraînement	50% validation 47	1
#66C2A5	-1.13183164524145	5	1	sous-entraînement	sous-entraînement	50% validation 76	1
#66C2A5	-0.734196854461852	5	1	sous-entraînement	sous-entraînement	50% validation 97	1
#66C2A5	-0.786740502011487	5	1	sous-entraînement	sous-entraînement	50% validation 88	1
#66C2A5	-0.944292176893404	5	1	sous-entraînement	sous-entraînement	50% validation 62	1
#66C2A5	-0.843631298818059	5	1	sous-entraînement	sous-entraînement	50% validation 95	1
#66C2A5	-0.698301252306637	5	1	sous-entraînement	sous-entraînement	50% validation 48	1
#66C2A5	-0.677558163317841	5	1	sous-entraînement	sous-entraînement	50% validation 49	1
#66C2A5	-0.945701556167445	5	1	sous-entraînement	sous-entraînement	50% validation 15	1
#66C2A5	-0.931954175362296	5	1	sous-entraînement	sous-entraînement	50% validation 16	1
#66C2A5	-0.717104290559569	5	1	sous-entraînement	sous-entraînement	50% validation 17	1
#66C2A5	-0.766574228619907	5	1	sous-entraînement	sous-entraînement	50% validation 63	1
#66C2A5	-0.973257972685089	5	1	sous-entraînement	sous-entraînement	50% validation 64	1
#66C2A5	-0.951050106329043	5	1	sous-entraînement	sous-entraînement	50% validation 26	1
#66C2A5	-0.808315033784979	5	1	sous-entraînement	sous-entraînement	50% validation 65	1
#66C2A5	-0.734391871532581	5	1	sous-entraînement	sous-entraînement	50% validation 77	1
#66C2A5	-0.715448056704097	5	1	sous-entraînement	sous-entraînement	50% validation 50	1
#66C2A5	-0.942758974235879	5	1	sous-entraînement	sous-entraînement	50% validation 18	1
#66C2A5	-0.967655685699585	5	1	sous-entraînement	sous-entraînement	50% validation 96	1
#66C2A5	-0.86088048069871	5	1	sous-entraînement	sous-entraînement	50% validation 51	1
#66C2A5	-0.713573129948943	5	1	sous-entraînement	sous-entraînement	50% validation 52	1
#66C2A5	-0.811516082961809	5	1	sous-entraînement	sous-entraînement	50% validation 78	1
#66C2A5	-0.895828034271876	5	1	sous-entraînement	sous-entraînement	50% validation 53	1
#66C2A5	-0.901801380076463	5	1	sous-entraînement	sous-entraînement	50% validation 19	1
#66C2A5	-0.730365189782841	5	1	sous-entraînement	sous-entraînement	50% validation 73	1
#66C2A5	-0.751033600309454	5	1	sous-entraînement	sous-entraînement	50% validation 54	1
#66C2A5	-0.796632571164747	5	1	sous-entraînement	sous-entraînement	50% validation 4	1
#66C2A5	-0.703227248971851	5	1	sous-entraînement	sous-entraînement	50% validation 55	1
#66C2A5	-0.79164144412102	5	1	sous-entraînement	sous-entraînement	50% validation 5	1
#66C2A5	-0.813985350814967	5	1	sous-entraînement	sous-entraînement	50% validation 98	1
#66C2A5	-0.758767205783239	5	1	sous-entraînement	sous-entraînement	50% validation 66	1
#66C2A5	-0.773605906356407	5	1	sous-entraînement	sous-entraînement	50% validation 89	1
#66C2A5	-0.963883169877812	5	1	sous-entraînement	sous-entraînement	50% validation 79	1
#66C2A5	-0.977783557185813	5	1	sous-entraînement	sous-entraînement	50% validation 94	1
#66C2A5	-0.747116776013455	5	1	sous-entraînement	sous-entraînement	50% validation 80	1
#66C2A5	-0.925179573864631	5	1	sous-entraînement	sous-entraînement	50% validation 81	1
#66C2A5	-0.91834477656087	5	1	sous-entraînement	sous-entraînement	50% validation 20	1
#66C2A5	-0.767809714814725	5	1	sous-entraînement	sous-entraînement	50% validation 21	1
#66C2A5	-0.676571917822977	5	1	sous-entraînement	sous-entraînement	50% validation 56	1
#66C2A5	-0.98072038274057	5	1	sous-entraînement	sous-entraînement	50% validation 82	1
#66C2A5	-0.712868383014356	5	1	sous-entraînement	sous-entraînement	50% validation 67	1
#66C2A5	-0.79856626342495	5	1	sous-entraînement	sous-entraînement	50% validation 57	1
#66C2A5	-0.675938933145183	5	1	sous-entraînement	sous-entraînement	50% validation 27	1
#66C2A5	-1.13510541511241	5	1	sous-entraînement	sous-entraînement	50% validation 83	1
#66C2A5	-0.772603010127655	5	1	sous-entraînement	sous-entraînement	50% validation 58	1
#66C2A5	-1.12042302543984	5	1	sous-entraînement	sous-entraînement	50% validation 100	1
#66C2A5	-0.850846793062122	5	1	sous-entraînement	sous-entraînement	50% validation 68	1
#66C2A5	-0.715062437148768	5	1	sous-entraînement	sous-entraînement	50% validation 85	1
#66C2A5	-0.700887839965249	5	1	sous-entraînement	sous-entraînement	50% validation 90	1
#66C2A5	-0.846562159870626	5	1	sous-entraînement	sous-entraînement	50% validation 84	1
#66C2A5	-0.977714240959048	6	1	sous-entraînement	sous-entraînement	VC à 2 blocs 32	1
#66C2A5	-0.876168710732621	6	1	sous-entraînement	sous-entraînement	VC à 2 blocs 33	1
#66C2A5	-1.00425644041193	6	1	sous-entraînement	sous-entraînement	VC à 2 blocs 85	1
#66C2A5	-0.867777360258239	6	1	sous-entraînement	sous-entraînement	VC à 2 blocs 77	1
#66C2A5	-0.859458638691707	6	1	sous-entraînement	sous-entraînement	VC à 2 blocs 4	1
#66C2A5	-1.02257114318014	6	1	sous-entraînement	sous-entraînement	VC à 2 blocs 34	1
#66C2A5	-1.10284391575171	6	1	sous-entraînement	sous-entraînement	VC à 2 blocs 28	1
#66C2A5	-0.807097865233776	6	1	sous-entraînement	sous-entraînement	VC à 2 blocs 78	1
#66C2A5	-0.878198454341564	6	1	sous-entraînement	sous-entraînement	VC à 2 blocs 35	1
#66C2A5	-0.908749223902428	6	1	sous-entraînement	sous-entraînement	VC à 2 blocs 5	1
#66C2A5	-0.702925190267992	6	1	sous-entraînement	sous-entraînement	VC à 2 blocs 36	1
#66C2A5	-1.16156026555888	6	1	sous-entraînement	sous-entraînement	VC à 2 blocs 6	1
#66C2A5	-0.911954394290031	6	1	sous-entraînement	sous-entraînement	VC à 2 blocs 37	1
#66C2A5	-1.10188469085527	6	1	sous-entraînement	sous-entraînement	VC à 2 blocs 91	1
#66C2A5	-0.785075344242204	6	1	sous-entraînement	sous-entraînement	VC à 2 blocs 38	1
#66C2A5	-1.02488699650808	6	1	sous-entraînement	sous-entraînement	VC à 2 blocs 39	1
#66C2A5	-0.910149459104454	6	1	sous-entraînement	sous-entraînement	VC à 2 blocs 7	1
#66C2A5	-1.06459697476817	6	1	sous-entraînement	sous-entraînement	VC à 2 blocs 92	1
#66C2A5	-0.957144518027823	6	1	sous-entraînement	sous-entraînement	VC à 2 blocs 79	1
#66C2A5	-0.921962916225271	6	1	sous-entraînement	sous-entraînement	VC à 2 blocs 98	1
#66C2A5	-0.918934687525675	6	1	sous-entraînement	sous-entraînement	VC à 2 blocs 40	1
#66C2A5	-0.91261676955977	6	1	sous-entraînement	sous-entraînement	VC à 2 blocs 97	1
#66C2A5	-1.00990975924963	6	1	sous-entraînement	sous-entraînement	VC à 2 blocs 71	1
#66C2A5	-0.774752379377304	6	1	sous-entraînement	sous-entraînement	VC à 2 blocs 8	1
#66C2A5	-0.943737624878628	6	1	sous-entraînement	sous-entraînement	VC à 2 blocs 41	1
#66C2A5	-0.966913575230666	6	1	sous-entraînement	sous-entraînement	VC à 2 blocs 9	1
#66C2A5	-0.926941670484618	6	1	sous-entraînement	sous-entraînement	VC à 2 blocs 42	1
#66C2A5	-0.858646580522765	6	1	sous-entraînement	sous-entraînement	VC à 2 blocs 89	1
#66C2A5	-0.952422473622967	6	1	sous-entraînement	sous-entraînement	VC à 2 blocs 29	1
#66C2A5	-0.79252742459482	6	1	sous-entraînement	sous-entraînement	VC à 2 blocs 43	1
#66C2A5	-0.935568557896007	6	1	sous-entraînement	sous-entraînement	VC à 2 blocs 44	1
#66C2A5	-1.03950495568576	6	1	sous-entraînement	sous-entraînement	VC à 2 blocs 72	1
#66C2A5	-0.98379493293595	6	1	sous-entraînement	sous-entraînement	VC à 2 blocs 95	1
#66C2A5	-0.821875607558384	6	1	sous-entraînement	sous-entraînement	VC à 2 blocs 73	1
#66C2A5	-0.86998583327192	6	1	sous-entraînement	sous-entraînement	VC à 2 blocs 10	1
#66C2A5	-0.926065130006062	6	1	sous-entraînement	sous-entraînement	VC à 2 blocs 45	1
#66C2A5	-0.816269498331748	6	1	sous-entraînement	sous-entraînement	VC à 2 blocs 46	1
#66C2A5	-0.987127589012406	6	1	sous-entraînement	sous-entraînement	VC à 2 blocs 11	1
#66C2A5	-0.872072616732737	6	1	sous-entraînement	sous-entraînement	VC à 2 blocs 30	1
#66C2A5	-1.13939326835433	6	1	sous-entraînement	sous-entraînement	VC à 2 blocs 47	1
#66C2A5	-0.884976418818201	6	1	sous-entraînement	sous-entraînement	VC à 2 blocs 48	1
#66C2A5	-0.921725942756114	6	1	sous-entraînement	sous-entraînement	VC à 2 blocs 49	1
#66C2A5	-0.973178888394123	6	1	sous-entraînement	sous-entraînement	VC à 2 blocs 80	1
#66C2A5	-0.886149425719685	6	1	sous-entraînement	sous-entraînement	VC à 2 blocs 50	1
#66C2A5	-0.848658387915218	6	1	sous-entraînement	sous-entraînement	VC à 2 blocs 51	1
#66C2A5	-0.940898004780764	6	1	sous-entraînement	sous-entraînement	VC à 2 blocs 12	1
#66C2A5	-0.88301725338028	6	1	sous-entraînement	sous-entraînement	VC à 2 blocs 52	1
#66C2A5	-0.897990139642827	6	1	sous-entraînement	sous-entraînement	VC à 2 blocs 13	1
#66C2A5	-1.0081610367605	6	1	sous-entraînement	sous-entraînement	VC à 2 blocs 14	1
#66C2A5	-0.876755014003792	6	1	sous-entraînement	sous-entraînement	VC à 2 blocs 31	1
#66C2A5	-0.971801224163874	6	1	sous-entraînement	sous-entraînement	VC à 2 blocs 15	1
#66C2A5	-0.850311480782475	6	1	sous-entraînement	sous-entraînement	VC à 2 blocs 74	1
#66C2A5	-1.06403216231071	6	1	sous-entraînement	sous-entraînement	VC à 2 blocs 81	1
#66C2A5	-0.809007884269586	6	1	sous-entraînement	sous-entraînement	VC à 2 blocs 53	1
#66C2A5	-0.996793144941964	6	1	sous-entraînement	sous-entraînement	VC à 2 blocs 96	1
#66C2A5	-0.758860684210142	6	1	sous-entraînement	sous-entraînement	VC à 2 blocs 1	1
#66C2A5	-1.12944003831529	6	1	sous-entraînement	sous-entraînement	VC à 2 blocs 16	1
#66C2A5	-0.928346164416601	6	1	sous-entraînement	sous-entraînement	VC à 2 blocs 54	1
#66C2A5	-1.02006526671955	6	1	sous-entraînement	sous-entraînement	VC à 2 blocs 75	1
#66C2A5	-0.909138523413059	6	1	sous-entraînement	sous-entraînement	VC à 2 blocs 93	1
#66C2A5	-0.974533008491667	6	1	sous-entraînement	sous-entraînement	VC à 2 blocs 55	1
#66C2A5	-1.05541371104651	6	1	sous-entraînement	sous-entraînement	VC à 2 blocs 56	1
#66C2A5	-0.794312066374904	6	1	sous-entraînement	sous-entraînement	VC à 2 blocs 57	1
#66C2A5	-1.15028544454298	6	1	sous-entraînement	sous-entraînement	VC à 2 blocs 58	1
#66C2A5	-0.846452298678863	6	1	sous-entraînement	sous-entraînement	VC à 2 blocs 17	1
#66C2A5	-1.08823983302309	6	1	sous-entraînement	sous-entraînement	VC à 2 blocs 82	1
#66C2A5	-1.18880144286985	6	1	sous-entraînement	sous-entraînement	VC à 2 blocs 59	1
#66C2A5	-0.714800031799435	6	1	sous-entraînement	sous-entraînement	VC à 2 blocs 90	1
#66C2A5	-1.11467630380139	6	1	sous-entraînement	sous-entraînement	VC à 2 blocs 18	1
#66C2A5	-0.815911160323005	6	1	sous-entraînement	sous-entraînement	VC à 2 blocs 2	1
#66C2A5	-0.972202624539461	6	1	sous-entraînement	sous-entraînement	VC à 2 blocs 99	1
#66C2A5	-0.889512829069593	6	1	sous-entraînement	sous-entraînement	VC à 2 blocs 60	1
#66C2A5	-1.08586558055271	6	1	sous-entraînement	sous-entraînement	VC à 2 blocs 61	1
#66C2A5	-0.813281092235161	6	1	sous-entraînement	sous-entraînement	VC à 2 blocs 19	1
#66C2A5	-1.02244027601227	6	1	sous-entraînement	sous-entraînement	VC à 2 blocs 62	1
#66C2A5	-0.89854355280776	6	1	sous-entraînement	sous-entraînement	VC à 2 blocs 63	1
#66C2A5	-0.779433067964088	6	1	sous-entraînement	sous-entraînement	VC à 2 blocs 94	1
#66C2A5	-1.25247905715873	6	1	sous-entraînement	sous-entraînement	VC à 2 blocs 76	1
#66C2A5	-0.853542501242026	6	1	sous-entraînement	sous-entraînement	VC à 2 blocs 3	1
#66C2A5	-0.952858426736581	6	1	sous-entraînement	sous-entraînement	VC à 2 blocs 20	1
#66C2A5	-0.71364027034456	6	1	sous-entraînement	sous-entraînement	VC à 2 blocs 64	1
#66C2A5	-1.1490719569476	6	1	sous-entraînement	sous-entraînement	VC à 2 blocs 21	1
#66C2A5	-0.856593171692829	6	1	sous-entraînement	sous-entraînement	VC à 2 blocs 86	1
#66C2A5	-1.03234858809164	6	1	sous-entraînement	sous-entraînement	VC à 2 blocs 22	1
#66C2A5	-0.963109237602928	6	1	sous-entraînement	sous-entraînement	VC à 2 blocs 65	1
#66C2A5	-0.901254760953319	6	1	sous-entraînement	sous-entraînement	VC à 2 blocs 23	1
#66C2A5	-1.09848751828341	6	1	sous-entraînement	sous-entraînement	VC à 2 blocs 87	1
#66C2A5	-0.844526716993124	6	1	sous-entraînement	sous-entraînement	VC à 2 blocs 24	1
#66C2A5	-0.951425808490549	6	1	sous-entraînement	sous-entraînement	VC à 2 blocs 83	1
#66C2A5	-0.931599899693265	6	1	sous-entraînement	sous-entraînement	VC à 2 blocs 66	1
#66C2A5	-0.944207882090765	6	1	sous-entraînement	sous-entraînement	VC à 2 blocs 67	1
#66C2A5	-0.890549606902344	6	1	sous-entraînement	sous-entraînement	VC à 2 blocs 84	1
#66C2A5	-0.778818254700403	6	1	sous-entraînement	sous-entraînement	VC à 2 blocs 25	1
#66C2A5	-1.00826969371102	6	1	sous-entraînement	sous-entraînement	VC à 2 blocs 68	1
#66C2A5	-1.30619557694352	6	1	sous-entraînement	sous-entraînement	VC à 2 blocs 69	1
#66C2A5	-0.693443909523823	6	1	sous-entraînement	sous-entraînement	VC à 2 blocs 26	1
#66C2A5	-0.948184502049526	6	1	sous-entraînement	sous-entraînement	VC à 2 blocs 100	1
#66C2A5	-0.849257664907136	6	1	sous-entraînement	sous-entraînement	VC à 2 blocs 88	1
#66C2A5	-0.920667012015977	6	1	sous-entraînement	sous-entraînement	VC à 2 blocs 70	1
#66C2A5	-0.882580510929111	6	1	sous-entraînement	sous-entraînement	VC à 2 blocs 27	1
#66C2A5	-0.907960205182247	6	1	sous-entraînement	sous-entraînement	50% validation 87	1
#66C2A5	-0.8482562937116	6	1	sous-entraînement	sous-entraînement	50% validation 6	1
#66C2A5	-0.897265534539949	6	1	sous-entraînement	sous-entraînement	50% validation 28	1
#66C2A5	-1.44461191252024	6	1	sous-entraînement	sous-entraînement	50% validation 22	1
#66C2A5	-0.984558945906702	6	1	sous-entraînement	sous-entraînement	50% validation 23	1
#66C2A5	-0.920935248089174	6	1	sous-entraînement	sous-entraînement	50% validation 69	1
#66C2A5	-1.08847245776209	6	1	sous-entraînement	sous-entraînement	50% validation 7	1
#66C2A5	-0.742029005701174	6	1	sous-entraînement	sous-entraînement	50% validation 91	1
#66C2A5	-1.06559855539767	6	1	sous-entraînement	sous-entraînement	50% validation 24	1
#66C2A5	-0.998040899650483	6	1	sous-entraînement	sous-entraînement	50% validation 70	1
#66C2A5	-1.03434137899595	6	1	sous-entraînement	sous-entraînement	50% validation 93	1
#66C2A5	-1.0204000034647	6	1	sous-entraînement	sous-entraînement	50% validation 71	1
#66C2A5	-0.843477957960955	6	1	sous-entraînement	sous-entraînement	50% validation 8	1
#66C2A5	-0.899588756802401	6	1	sous-entraînement	sous-entraînement	50% validation 25	1
#66C2A5	-0.824828475429222	6	1	sous-entraînement	sous-entraînement	50% validation 29	1
#66C2A5	-0.826951093417765	6	1	sous-entraînement	sous-entraînement	50% validation 30	1
#66C2A5	-1.01579653341495	6	1	sous-entraînement	sous-entraînement	50% validation 9	1
#66C2A5	-1.01915322664044	6	1	sous-entraînement	sous-entraînement	50% validation 10	1
#66C2A5	-0.947653660571223	6	1	sous-entraînement	sous-entraînement	50% validation 31	1
#66C2A5	-0.852382217971627	6	1	sous-entraînement	sous-entraînement	50% validation 32	1
#66C2A5	-0.97362019102009	6	1	sous-entraînement	sous-entraînement	50% validation 1	1
#66C2A5	-0.98306936581393	6	1	sous-entraînement	sous-entraînement	50% validation 74	1
#66C2A5	-0.833416544280436	6	1	sous-entraînement	sous-entraînement	50% validation 33	1
#66C2A5	-1.01973704372943	6	1	sous-entraînement	sous-entraînement	50% validation 11	1
#66C2A5	-0.864770451954344	6	1	sous-entraînement	sous-entraînement	50% validation 72	1
#66C2A5	-0.75667895592208	6	1	sous-entraînement	sous-entraînement	50% validation 12	1
#66C2A5	-0.888451632306533	6	1	sous-entraînement	sous-entraînement	50% validation 34	1
#66C2A5	-1.00924880261507	6	1	sous-entraînement	sous-entraînement	50% validation 86	1
#66C2A5	-1.01813097615892	6	1	sous-entraînement	sous-entraînement	50% validation 35	1
#66C2A5	-0.878119016435433	6	1	sous-entraînement	sous-entraînement	50% validation 36	1
#66C2A5	-0.890154832020454	6	1	sous-entraînement	sous-entraînement	50% validation 37	1
#66C2A5	-1.05723490896193	6	1	sous-entraînement	sous-entraînement	50% validation 38	1
#66C2A5	-0.84020949049063	6	1	sous-entraînement	sous-entraînement	50% validation 59	1
#66C2A5	-0.917228635294893	6	1	sous-entraînement	sous-entraînement	50% validation 60	1
#66C2A5	-0.931047956659732	6	1	sous-entraînement	sous-entraînement	50% validation 39	1
#66C2A5	-0.817319481242435	6	1	sous-entraînement	sous-entraînement	50% validation 40	1
#66C2A5	-1.02915732603139	6	1	sous-entraînement	sous-entraînement	50% validation 41	1
#66C2A5	-1.03743282867257	6	1	sous-entraînement	sous-entraînement	50% validation 92	1
#66C2A5	-0.956142957335372	6	1	sous-entraînement	sous-entraînement	50% validation 42	1
#66C2A5	-0.990761207617155	6	1	sous-entraînement	sous-entraînement	50% validation 43	1
#66C2A5	-0.754848064196962	6	1	sous-entraînement	sous-entraînement	50% validation 44	1
#66C2A5	-0.860214119928459	6	1	sous-entraînement	sous-entraînement	50% validation 45	1
#66C2A5	-1.13165921590975	6	1	sous-entraînement	sous-entraînement	50% validation 13	1
#66C2A5	-0.835251831449824	6	1	sous-entraînement	sous-entraînement	50% validation 99	1
#66C2A5	-0.898738480634872	6	1	sous-entraînement	sous-entraînement	50% validation 61	1
#66C2A5	-1.14447227893966	6	1	sous-entraînement	sous-entraînement	50% validation 14	1
#66C2A5	-0.86195965150962	6	1	sous-entraînement	sous-entraînement	50% validation 2	1
#66C2A5	-0.731272245916473	6	1	sous-entraînement	sous-entraînement	50% validation 46	1
#66C2A5	-0.982484886916547	6	1	sous-entraînement	sous-entraînement	50% validation 75	1
#66C2A5	-1.10648785778099	6	1	sous-entraînement	sous-entraînement	50% validation 3	1
#66C2A5	-0.975837296833177	6	1	sous-entraînement	sous-entraînement	50% validation 47	1
#66C2A5	-1.31369418565474	6	1	sous-entraînement	sous-entraînement	50% validation 76	1
#66C2A5	-0.81109100699296	6	1	sous-entraînement	sous-entraînement	50% validation 97	1
#66C2A5	-0.875552051781705	6	1	sous-entraînement	sous-entraînement	50% validation 88	1
#66C2A5	-1.02751991221197	6	1	sous-entraînement	sous-entraînement	50% validation 62	1
#66C2A5	-0.9191221090166	6	1	sous-entraînement	sous-entraînement	50% validation 95	1
#66C2A5	-0.881136058133205	6	1	sous-entraînement	sous-entraînement	50% validation 48	1
#66C2A5	-0.726813699294894	6	1	sous-entraînement	sous-entraînement	50% validation 49	1
#66C2A5	-1.1058900019386	6	1	sous-entraînement	sous-entraînement	50% validation 15	1
#66C2A5	-0.985667612762829	6	1	sous-entraînement	sous-entraînement	50% validation 16	1
#66C2A5	-0.799160689320455	6	1	sous-entraînement	sous-entraînement	50% validation 17	1
#66C2A5	-0.856576994157834	6	1	sous-entraînement	sous-entraînement	50% validation 63	1
#66C2A5	-1.06650808333936	6	1	sous-entraînement	sous-entraînement	50% validation 64	1
#66C2A5	-1.06757383823883	6	1	sous-entraînement	sous-entraînement	50% validation 26	1
#66C2A5	-0.877192519284046	6	1	sous-entraînement	sous-entraînement	50% validation 65	1
#66C2A5	-0.817775542630342	6	1	sous-entraînement	sous-entraînement	50% validation 77	1
#66C2A5	-0.78465533305414	6	1	sous-entraînement	sous-entraînement	50% validation 50	1
#66C2A5	-1.09830540825216	6	1	sous-entraînement	sous-entraînement	50% validation 18	1
#66C2A5	-1.03644730790559	6	1	sous-entraînement	sous-entraînement	50% validation 96	1
#66C2A5	-0.927665649070086	6	1	sous-entraînement	sous-entraînement	50% validation 51	1
#66C2A5	-0.79860883896813	6	1	sous-entraînement	sous-entraînement	50% validation 52	1
#66C2A5	-0.857143445464301	6	1	sous-entraînement	sous-entraînement	50% validation 78	1
#66C2A5	-1.01065693440398	6	1	sous-entraînement	sous-entraînement	50% validation 53	1
#66C2A5	-1.03936600298081	6	1	sous-entraînement	sous-entraînement	50% validation 19	1
#66C2A5	-0.796509480800022	6	1	sous-entraînement	sous-entraînement	50% validation 73	1
#66C2A5	-0.848158553060158	6	1	sous-entraînement	sous-entraînement	50% validation 54	1
#66C2A5	-0.86261782455018	6	1	sous-entraînement	sous-entraînement	50% validation 4	1
#66C2A5	-0.874116169745557	6	1	sous-entraînement	sous-entraînement	50% validation 55	1
#66C2A5	-0.836889636675516	6	1	sous-entraînement	sous-entraînement	50% validation 5	1
#66C2A5	-0.873252651752244	6	1	sous-entraînement	sous-entraînement	50% validation 98	1
#66C2A5	-0.802097219993811	6	1	sous-entraînement	sous-entraînement	50% validation 66	1
#66C2A5	-0.828642416620694	6	1	sous-entraînement	sous-entraînement	50% validation 89	1
#66C2A5	-1.06252055285358	6	1	sous-entraînement	sous-entraînement	50% validation 79	1
#66C2A5	-1.05406669607123	6	1	sous-entraînement	sous-entraînement	50% validation 94	1
#66C2A5	-0.986053509159988	6	1	sous-entraînement	sous-entraînement	50% validation 80	1
#66C2A5	-1.03035171453077	6	1	sous-entraînement	sous-entraînement	50% validation 81	1
#66C2A5	-0.990255146855824	6	1	sous-entraînement	sous-entraînement	50% validation 20	1
#66C2A5	-0.847842587182814	6	1	sous-entraînement	sous-entraînement	50% validation 21	1
#66C2A5	-0.776914591555384	6	1	sous-entraînement	sous-entraînement	50% validation 56	1
#66C2A5	-1.05113185552413	6	1	sous-entraînement	sous-entraînement	50% validation 82	1
#66C2A5	-0.76400239617827	6	1	sous-entraînement	sous-entraînement	50% validation 67	1
#66C2A5	-0.876455083378216	6	1	sous-entraînement	sous-entraînement	50% validation 57	1
#66C2A5	-0.772579881112306	6	1	sous-entraînement	sous-entraînement	50% validation 27	1
#66C2A5	-1.21836304592632	6	1	sous-entraînement	sous-entraînement	50% validation 83	1
#66C2A5	-0.859712640236892	6	1	sous-entraînement	sous-entraînement	50% validation 58	1
#66C2A5	-1.19637082479143	6	1	sous-entraînement	sous-entraînement	50% validation 100	1
#66C2A5	-0.965138516104271	6	1	sous-entraînement	sous-entraînement	50% validation 68	1
#66C2A5	-0.769924042941806	6	1	sous-entraînement	sous-entraînement	50% validation 85	1
#66C2A5	-0.763129027066434	6	1	sous-entraînement	sous-entraînement	50% validation 90	1
#66C2A5	-0.8968473890211	6	1	sous-entraînement	sous-entraînement	50% validation 84	1
#66C2A5	-1.13155957725798	7	1	sous-entraînement	sous-entraînement	VC à 2 blocs 32	1
#66C2A5	-1.0971015774072	7	1	sous-entraînement	sous-entraînement	VC à 2 blocs 33	1
#66C2A5	-1.08529575486733	7	1	sous-entraînement	sous-entraînement	VC à 2 blocs 85	1
#66C2A5	-0.94216786401668	7	1	sous-entraînement	sous-entraînement	VC à 2 blocs 77	1
#66C2A5	-0.922043179391477	7	1	sous-entraînement	sous-entraînement	VC à 2 blocs 4	1
#66C2A5	-1.09075545109566	7	1	sous-entraînement	sous-entraînement	VC à 2 blocs 34	1
#66C2A5	-1.22236560907554	7	1	sous-entraînement	sous-entraînement	VC à 2 blocs 28	1
#66C2A5	-0.880509398109673	7	1	sous-entraînement	sous-entraînement	VC à 2 blocs 78	1
#66C2A5	-0.950846941895842	7	1	sous-entraînement	sous-entraînement	VC à 2 blocs 35	1
#66C2A5	-0.972657483618145	7	1	sous-entraînement	sous-entraînement	VC à 2 blocs 5	1
#66C2A5	-0.772903573680925	7	1	sous-entraînement	sous-entraînement	VC à 2 blocs 36	1
#66C2A5	-1.32206259385369	7	1	sous-entraînement	sous-entraînement	VC à 2 blocs 6	1
#66C2A5	-0.983854005776289	7	1	sous-entraînement	sous-entraînement	VC à 2 blocs 37	1
#66C2A5	-1.16636274803018	7	1	sous-entraînement	sous-entraînement	VC à 2 blocs 91	1
#66C2A5	-0.904519205333672	7	1	sous-entraînement	sous-entraînement	VC à 2 blocs 38	1
#66C2A5	-1.12399085795705	7	1	sous-entraînement	sous-entraînement	VC à 2 blocs 39	1
#66C2A5	-1.13432092642818	7	1	sous-entraînement	sous-entraînement	VC à 2 blocs 7	1
#66C2A5	-1.16089913245718	7	1	sous-entraînement	sous-entraînement	VC à 2 blocs 92	1
#66C2A5	-1.02629609993905	7	1	sous-entraînement	sous-entraînement	VC à 2 blocs 79	1
#66C2A5	-0.995861856287656	7	1	sous-entraînement	sous-entraînement	VC à 2 blocs 98	1
#66C2A5	-0.992304005446539	7	1	sous-entraînement	sous-entraînement	VC à 2 blocs 40	1
#66C2A5	-0.96287439280827	7	1	sous-entraînement	sous-entraînement	VC à 2 blocs 97	1
#66C2A5	-1.18810636232977	7	1	sous-entraînement	sous-entraînement	VC à 2 blocs 71	1
#66C2A5	-0.95564374086709	7	1	sous-entraînement	sous-entraînement	VC à 2 blocs 8	1
#66C2A5	-1.03898855281744	7	1	sous-entraînement	sous-entraînement	VC à 2 blocs 41	1
#66C2A5	-1.0188619931899	7	1	sous-entraînement	sous-entraînement	VC à 2 blocs 9	1
#66C2A5	-1.05146008694986	7	1	sous-entraînement	sous-entraînement	VC à 2 blocs 42	1
#66C2A5	-0.962186257405692	7	1	sous-entraînement	sous-entraînement	VC à 2 blocs 89	1
#66C2A5	-1.01130370484788	7	1	sous-entraînement	sous-entraînement	VC à 2 blocs 29	1
#66C2A5	-0.938714045839765	7	1	sous-entraînement	sous-entraînement	VC à 2 blocs 43	1
#66C2A5	-1.00511960534824	7	1	sous-entraînement	sous-entraînement	VC à 2 blocs 44	1
#66C2A5	-1.20807745490461	7	1	sous-entraînement	sous-entraînement	VC à 2 blocs 72	1
#66C2A5	-1.06999344431364	7	1	sous-entraînement	sous-entraînement	VC à 2 blocs 95	1
#66C2A5	-1.0063290837307	7	1	sous-entraînement	sous-entraînement	VC à 2 blocs 73	1
#66C2A5	-0.995754035540464	7	1	sous-entraînement	sous-entraînement	VC à 2 blocs 10	1
#66C2A5	-1.05541528674218	7	1	sous-entraînement	sous-entraînement	VC à 2 blocs 45	1
#66C2A5	-0.900741906503693	7	1	sous-entraînement	sous-entraînement	VC à 2 blocs 46	1
#66C2A5	-1.04796481366937	7	1	sous-entraînement	sous-entraînement	VC à 2 blocs 11	1
#66C2A5	-0.939803587204086	7	1	sous-entraînement	sous-entraînement	VC à 2 blocs 30	1
#66C2A5	-1.21920730621531	7	1	sous-entraînement	sous-entraînement	VC à 2 blocs 47	1
#66C2A5	-0.985227587287905	7	1	sous-entraînement	sous-entraînement	VC à 2 blocs 48	1
#66C2A5	-0.965175864679165	7	1	sous-entraînement	sous-entraînement	VC à 2 blocs 49	1
#66C2A5	-1.02310338812713	7	1	sous-entraînement	sous-entraînement	VC à 2 blocs 80	1
#66C2A5	-0.994452711630725	7	1	sous-entraînement	sous-entraînement	VC à 2 blocs 50	1
#66C2A5	-0.91343711380676	7	1	sous-entraînement	sous-entraînement	VC à 2 blocs 51	1
#66C2A5	-1.02311674591837	7	1	sous-entraînement	sous-entraînement	VC à 2 blocs 12	1
#66C2A5	-1.01325169608835	7	1	sous-entraînement	sous-entraînement	VC à 2 blocs 52	1
#66C2A5	-0.993994164876879	7	1	sous-entraînement	sous-entraînement	VC à 2 blocs 13	1
#66C2A5	-1.12120620746753	7	1	sous-entraînement	sous-entraînement	VC à 2 blocs 14	1
#66C2A5	-0.945603113081648	7	1	sous-entraînement	sous-entraînement	VC à 2 blocs 31	1
#66C2A5	-1.13792698708066	7	1	sous-entraînement	sous-entraînement	VC à 2 blocs 15	1
#66C2A5	-0.907456056456734	7	1	sous-entraînement	sous-entraînement	VC à 2 blocs 74	1
#66C2A5	-1.1425965609957	7	1	sous-entraînement	sous-entraînement	VC à 2 blocs 81	1
#66C2A5	-0.882501140785252	7	1	sous-entraînement	sous-entraînement	VC à 2 blocs 53	1
#66C2A5	-1.0780583348978	7	1	sous-entraînement	sous-entraînement	VC à 2 blocs 96	1
#66C2A5	-0.815563856484047	7	1	sous-entraînement	sous-entraînement	VC à 2 blocs 1	1
#66C2A5	-1.22139919413087	7	1	sous-entraînement	sous-entraînement	VC à 2 blocs 16	1
#66C2A5	-1.02094125386838	7	1	sous-entraînement	sous-entraînement	VC à 2 blocs 54	1
#66C2A5	-1.16338209211132	7	1	sous-entraînement	sous-entraînement	VC à 2 blocs 75	1
#66C2A5	-1.02733848905978	7	1	sous-entraînement	sous-entraînement	VC à 2 blocs 93	1
#66C2A5	-1.05279045500582	7	1	sous-entraînement	sous-entraînement	VC à 2 blocs 55	1
#66C2A5	-1.2501250657395	7	1	sous-entraînement	sous-entraînement	VC à 2 blocs 56	1
#66C2A5	-0.94121494113479	7	1	sous-entraînement	sous-entraînement	VC à 2 blocs 57	1
#66C2A5	-1.21548025675953	7	1	sous-entraînement	sous-entraînement	VC à 2 blocs 58	1
#66C2A5	-0.959429750297588	7	1	sous-entraînement	sous-entraînement	VC à 2 blocs 17	1
#66C2A5	-1.1738288506421	7	1	sous-entraînement	sous-entraînement	VC à 2 blocs 82	1
#66C2A5	-1.3035824488225	7	1	sous-entraînement	sous-entraînement	VC à 2 blocs 59	1
#66C2A5	-0.76617601340488	7	1	sous-entraînement	sous-entraînement	VC à 2 blocs 90	1
#66C2A5	-1.20104714631154	7	1	sous-entraînement	sous-entraînement	VC à 2 blocs 18	1
#66C2A5	-0.924340638284547	7	1	sous-entraînement	sous-entraînement	VC à 2 blocs 2	1
#66C2A5	-1.04026307239492	7	1	sous-entraînement	sous-entraînement	VC à 2 blocs 99	1
#66C2A5	-1.08947974018634	7	1	sous-entraînement	sous-entraînement	VC à 2 blocs 60	1
#66C2A5	-1.15733439271989	7	1	sous-entraînement	sous-entraînement	VC à 2 blocs 61	1
#66C2A5	-0.971168399375734	7	1	sous-entraînement	sous-entraînement	VC à 2 blocs 19	1
#66C2A5	-1.07671177419755	7	1	sous-entraînement	sous-entraînement	VC à 2 blocs 62	1
#66C2A5	-0.969671871765007	7	1	sous-entraînement	sous-entraînement	VC à 2 blocs 63	1
#66C2A5	-1.00273437721942	7	1	sous-entraînement	sous-entraînement	VC à 2 blocs 94	1
#66C2A5	-1.40058701383513	7	1	sous-entraînement	sous-entraînement	VC à 2 blocs 76	1
#66C2A5	-0.97441884661142	7	1	sous-entraînement	sous-entraînement	VC à 2 blocs 3	1
#66C2A5	-1.01625450405923	7	1	sous-entraînement	sous-entraînement	VC à 2 blocs 20	1
#66C2A5	-0.768410372523034	7	1	sous-entraînement	sous-entraînement	VC à 2 blocs 64	1
#66C2A5	-1.19995866300952	7	1	sous-entraînement	sous-entraînement	VC à 2 blocs 21	1
#66C2A5	-0.925121825690442	7	1	sous-entraînement	sous-entraînement	VC à 2 blocs 86	1
#66C2A5	-1.11988806780211	7	1	sous-entraînement	sous-entraînement	VC à 2 blocs 22	1
#66C2A5	-1.1252434366114	7	1	sous-entraînement	sous-entraînement	VC à 2 blocs 65	1
#66C2A5	-0.964054337566796	7	1	sous-entraînement	sous-entraînement	VC à 2 blocs 23	1
#66C2A5	-1.19483144717595	7	1	sous-entraînement	sous-entraînement	VC à 2 blocs 87	1
#66C2A5	-0.949367207654993	7	1	sous-entraînement	sous-entraînement	VC à 2 blocs 24	1
#66C2A5	-1.03869392729993	7	1	sous-entraînement	sous-entraînement	VC à 2 blocs 83	1
#66C2A5	-1.03317322126856	7	1	sous-entraînement	sous-entraînement	VC à 2 blocs 66	1
#66C2A5	-1.01428846011577	7	1	sous-entraînement	sous-entraînement	VC à 2 blocs 67	1
#66C2A5	-0.935436085833697	7	1	sous-entraînement	sous-entraînement	VC à 2 blocs 84	1
#66C2A5	-0.861657298692868	7	1	sous-entraînement	sous-entraînement	VC à 2 blocs 25	1
#66C2A5	-1.16567520823752	7	1	sous-entraînement	sous-entraînement	VC à 2 blocs 68	1
#66C2A5	-1.40432366912611	7	1	sous-entraînement	sous-entraînement	VC à 2 blocs 69	1
#66C2A5	-0.745400971254216	7	1	sous-entraînement	sous-entraînement	VC à 2 blocs 26	1
#66C2A5	-1.07935589431068	7	1	sous-entraînement	sous-entraînement	VC à 2 blocs 100	1
#66C2A5	-0.914631028008832	7	1	sous-entraînement	sous-entraînement	VC à 2 blocs 88	1
#66C2A5	-1.007676294635	7	1	sous-entraînement	sous-entraînement	VC à 2 blocs 70	1
#66C2A5	-0.971702117395953	7	1	sous-entraînement	sous-entraînement	VC à 2 blocs 27	1
#66C2A5	-1.02579224336714	7	1	sous-entraînement	sous-entraînement	50% validation 87	1
#66C2A5	-0.943131901254505	7	1	sous-entraînement	sous-entraînement	50% validation 6	1
#66C2A5	-1.07107983246808	7	1	sous-entraînement	sous-entraînement	50% validation 28	1
#66C2A5	-1.52968674733254	7	1	sous-entraînement	sous-entraînement	50% validation 22	1
#66C2A5	-1.06189764058259	7	1	sous-entraînement	sous-entraînement	50% validation 23	1
#66C2A5	-1.02078226909785	7	1	sous-entraînement	sous-entraînement	50% validation 69	1
#66C2A5	-1.21989382750488	7	1	sous-entraînement	sous-entraînement	50% validation 7	1
#66C2A5	-0.798909870834802	7	1	sous-entraînement	sous-entraînement	50% validation 91	1
#66C2A5	-1.20635432986495	7	1	sous-entraînement	sous-entraînement	50% validation 24	1
#66C2A5	-1.08344770299805	7	1	sous-entraînement	sous-entraînement	50% validation 70	1
#66C2A5	-1.09710729290905	7	1	sous-entraînement	sous-entraînement	50% validation 93	1
#66C2A5	-1.11847313062494	7	1	sous-entraînement	sous-entraînement	50% validation 71	1
#66C2A5	-0.97386109765985	7	1	sous-entraînement	sous-entraînement	50% validation 8	1
#66C2A5	-1.07535803490446	7	1	sous-entraînement	sous-entraînement	50% validation 25	1
#66C2A5	-0.887810134456537	7	1	sous-entraînement	sous-entraînement	50% validation 29	1
#66C2A5	-0.922338400295223	7	1	sous-entraînement	sous-entraînement	50% validation 30	1
#66C2A5	-1.08771627706226	7	1	sous-entraînement	sous-entraînement	50% validation 9	1
#66C2A5	-1.05874492502389	7	1	sous-entraînement	sous-entraînement	50% validation 10	1
#66C2A5	-0.99671157751139	7	1	sous-entraînement	sous-entraînement	50% validation 31	1
#66C2A5	-0.924695984301075	7	1	sous-entraînement	sous-entraînement	50% validation 32	1
#66C2A5	-1.14059615121895	7	1	sous-entraînement	sous-entraînement	50% validation 1	1
#66C2A5	-1.03856438316189	7	1	sous-entraînement	sous-entraînement	50% validation 74	1
#66C2A5	-0.919128207619952	7	1	sous-entraînement	sous-entraînement	50% validation 33	1
#66C2A5	-1.09968970090588	7	1	sous-entraînement	sous-entraînement	50% validation 11	1
#66C2A5	-0.919923388589323	7	1	sous-entraînement	sous-entraînement	50% validation 72	1
#66C2A5	-0.838770275374123	7	1	sous-entraînement	sous-entraînement	50% validation 12	1
#66C2A5	-1.00037788251949	7	1	sous-entraînement	sous-entraînement	50% validation 34	1
#66C2A5	-1.07520845990384	7	1	sous-entraînement	sous-entraînement	50% validation 86	1
#66C2A5	-1.08772112425969	7	1	sous-entraînement	sous-entraînement	50% validation 35	1
#66C2A5	-0.932641414661975	7	1	sous-entraînement	sous-entraînement	50% validation 36	1
#66C2A5	-1.0025830553044	7	1	sous-entraînement	sous-entraînement	50% validation 37	1
#66C2A5	-1.18423091587689	7	1	sous-entraînement	sous-entraînement	50% validation 38	1
#66C2A5	-0.921305221795333	7	1	sous-entraînement	sous-entraînement	50% validation 59	1
#66C2A5	-1.01167122949584	7	1	sous-entraînement	sous-entraînement	50% validation 60	1
#66C2A5	-1.01835429223152	7	1	sous-entraînement	sous-entraînement	50% validation 39	1
#66C2A5	-1.01444609705774	7	1	sous-entraînement	sous-entraînement	50% validation 40	1
#66C2A5	-1.11111372538142	7	1	sous-entraînement	sous-entraînement	50% validation 41	1
#66C2A5	-1.16689068559422	7	1	sous-entraînement	sous-entraînement	50% validation 92	1
#66C2A5	-1.08196046237982	7	1	sous-entraînement	sous-entraînement	50% validation 42	1
#66C2A5	-1.08217625052584	7	1	sous-entraînement	sous-entraînement	50% validation 43	1
#66C2A5	-0.838348464451917	7	1	sous-entraînement	sous-entraînement	50% validation 44	1
#66C2A5	-0.937051284097994	7	1	sous-entraînement	sous-entraînement	50% validation 45	1
#66C2A5	-1.20932679032883	7	1	sous-entraînement	sous-entraînement	50% validation 13	1
#66C2A5	-0.941840182198485	7	1	sous-entraînement	sous-entraînement	50% validation 99	1
#66C2A5	-1.03460761135768	7	1	sous-entraînement	sous-entraînement	50% validation 61	1
#66C2A5	-1.20018728012516	7	1	sous-entraînement	sous-entraînement	50% validation 14	1
#66C2A5	-0.917815053851167	7	1	sous-entraînement	sous-entraînement	50% validation 2	1
#66C2A5	-0.786321923488064	7	1	sous-entraînement	sous-entraînement	50% validation 46	1
#66C2A5	-1.12642719020046	7	1	sous-entraînement	sous-entraînement	50% validation 75	1
#66C2A5	-1.21779093855992	7	1	sous-entraînement	sous-entraînement	50% validation 3	1
#66C2A5	-1.06415627439356	7	1	sous-entraînement	sous-entraînement	50% validation 47	1
#66C2A5	-1.41272141313885	7	1	sous-entraînement	sous-entraînement	50% validation 76	1
#66C2A5	-0.918743298794148	7	1	sous-entraînement	sous-entraînement	50% validation 97	1
#66C2A5	-1.02557366425418	7	1	sous-entraînement	sous-entraînement	50% validation 88	1
#66C2A5	-1.12964480551318	7	1	sous-entraînement	sous-entraînement	50% validation 62	1
#66C2A5	-1.00456342272422	7	1	sous-entraînement	sous-entraînement	50% validation 95	1
#66C2A5	-0.99714654227033	7	1	sous-entraînement	sous-entraînement	50% validation 48	1
#66C2A5	-0.771958658498255	7	1	sous-entraînement	sous-entraînement	50% validation 49	1
#66C2A5	-1.17148879665462	7	1	sous-entraînement	sous-entraînement	50% validation 15	1
#66C2A5	-1.12223996011714	7	1	sous-entraînement	sous-entraînement	50% validation 16	1
#66C2A5	-0.856888199953908	7	1	sous-entraînement	sous-entraînement	50% validation 17	1
#66C2A5	-0.932584699433335	7	1	sous-entraînement	sous-entraînement	50% validation 63	1
#66C2A5	-1.16663065119075	7	1	sous-entraînement	sous-entraînement	50% validation 64	1
#66C2A5	-1.2031654397016	7	1	sous-entraînement	sous-entraînement	50% validation 26	1
#66C2A5	-0.946844357857512	7	1	sous-entraînement	sous-entraînement	50% validation 65	1
#66C2A5	-0.89055840139915	7	1	sous-entraînement	sous-entraînement	50% validation 77	1
#66C2A5	-0.882571099078038	7	1	sous-entraînement	sous-entraînement	50% validation 50	1
#66C2A5	-1.22206641088345	7	1	sous-entraînement	sous-entraînement	50% validation 18	1
#66C2A5	-1.11411640247919	7	1	sous-entraînement	sous-entraînement	50% validation 96	1
#66C2A5	-1.05182710011551	7	1	sous-entraînement	sous-entraînement	50% validation 51	1
#66C2A5	-0.851302071708961	7	1	sous-entraînement	sous-entraînement	50% validation 52	1
#66C2A5	-0.899008481417853	7	1	sous-entraînement	sous-entraînement	50% validation 78	1
#66C2A5	-1.07025368318083	7	1	sous-entraînement	sous-entraînement	50% validation 53	1
#66C2A5	-1.10978671116314	7	1	sous-entraînement	sous-entraînement	50% validation 19	1
#66C2A5	-0.900146639810509	7	1	sous-entraînement	sous-entraînement	50% validation 73	1
#66C2A5	-0.96683476692015	7	1	sous-entraînement	sous-entraînement	50% validation 54	1
#66C2A5	-0.967232905511507	7	1	sous-entraînement	sous-entraînement	50% validation 4	1
#66C2A5	-0.926946146911035	7	1	sous-entraînement	sous-entraînement	50% validation 55	1
#66C2A5	-0.92389123980651	7	1	sous-entraînement	sous-entraînement	50% validation 5	1
#66C2A5	-0.971913587921019	7	1	sous-entraînement	sous-entraînement	50% validation 98	1
#66C2A5	-0.849516730604401	7	1	sous-entraînement	sous-entraînement	50% validation 66	1
#66C2A5	-1.05992293602981	7	1	sous-entraînement	sous-entraînement	50% validation 89	1
#66C2A5	-1.15427131760331	7	1	sous-entraînement	sous-entraînement	50% validation 79	1
#66C2A5	-1.13832792202936	7	1	sous-entraînement	sous-entraînement	50% validation 94	1
#66C2A5	-1.09480385079358	7	1	sous-entraînement	sous-entraînement	50% validation 80	1
#66C2A5	-1.11178049905381	7	1	sous-entraînement	sous-entraînement	50% validation 81	1
#66C2A5	-1.06765472311368	7	1	sous-entraînement	sous-entraînement	50% validation 20	1
#66C2A5	-0.895623164532541	7	1	sous-entraînement	sous-entraînement	50% validation 21	1
#66C2A5	-0.831714918652624	7	1	sous-entraînement	sous-entraînement	50% validation 56	1
#66C2A5	-1.17008954807378	7	1	sous-entraînement	sous-entraînement	50% validation 82	1
#66C2A5	-0.859279314520062	7	1	sous-entraînement	sous-entraînement	50% validation 67	1
#66C2A5	-0.951690006558703	7	1	sous-entraînement	sous-entraînement	50% validation 57	1
#66C2A5	-0.869255676692315	7	1	sous-entraînement	sous-entraînement	50% validation 27	1
#66C2A5	-1.29377454894464	7	1	sous-entraînement	sous-entraînement	50% validation 83	1
#66C2A5	-0.945118284230335	7	1	sous-entraînement	sous-entraînement	50% validation 58	1
#66C2A5	-1.28922385933012	7	1	sous-entraînement	sous-entraînement	50% validation 100	1
#66C2A5	-1.05989209726061	7	1	sous-entraînement	sous-entraînement	50% validation 68	1
#66C2A5	-0.828744398804475	7	1	sous-entraînement	sous-entraînement	50% validation 85	1
#66C2A5	-0.833786658749834	7	1	sous-entraînement	sous-entraînement	50% validation 90	1
#66C2A5	-1.01650305111246	7	1	sous-entraînement	sous-entraînement	50% validation 84	1
#66C2A5	-1.25606823998635	8	1	sous-entraînement	sous-entraînement	VC à 2 blocs 32	1
#66C2A5	-1.1939245391868	8	1	sous-entraînement	sous-entraînement	VC à 2 blocs 33	1
#66C2A5	-1.14333019610466	8	1	sous-entraînement	sous-entraînement	VC à 2 blocs 85	1
#66C2A5	-1.02795336814541	8	1	sous-entraînement	sous-entraînement	VC à 2 blocs 77	1
#66C2A5	-1.24225371802974	8	1	sous-entraînement	sous-entraînement	VC à 2 blocs 4	1
#66C2A5	-1.15829477140673	8	1	sous-entraînement	sous-entraînement	VC à 2 blocs 34	1
#66C2A5	-1.36651798753692	8	1	sous-entraînement	sous-entraînement	VC à 2 blocs 28	1
#66C2A5	-0.990806598452369	8	1	sous-entraînement	sous-entraînement	VC à 2 blocs 78	1
#66C2A5	-1.10628041216524	8	1	sous-entraînement	sous-entraînement	VC à 2 blocs 35	1
#66C2A5	-1.05226033596699	8	1	sous-entraînement	sous-entraînement	VC à 2 blocs 5	1
#66C2A5	-0.846864384070076	8	1	sous-entraînement	sous-entraînement	VC à 2 blocs 36	1
#66C2A5	-1.41035567198755	8	1	sous-entraînement	sous-entraînement	VC à 2 blocs 6	1
#66C2A5	-1.03365883385721	8	1	sous-entraînement	sous-entraînement	VC à 2 blocs 37	1
#66C2A5	-1.27225095144828	8	1	sous-entraînement	sous-entraînement	VC à 2 blocs 91	1
#66C2A5	-0.956341085219326	8	1	sous-entraînement	sous-entraînement	VC à 2 blocs 38	1
#66C2A5	-1.1977587192484	8	1	sous-entraînement	sous-entraînement	VC à 2 blocs 39	1
#66C2A5	-1.22375471985809	8	1	sous-entraînement	sous-entraînement	VC à 2 blocs 7	1
#66C2A5	-1.26287867080754	8	1	sous-entraînement	sous-entraînement	VC à 2 blocs 92	1
#66C2A5	-1.09347648725478	8	1	sous-entraînement	sous-entraînement	VC à 2 blocs 79	1
#66C2A5	-1.11843033837037	8	1	sous-entraînement	sous-entraînement	VC à 2 blocs 98	1
#66C2A5	-1.06082217544874	8	1	sous-entraînement	sous-entraînement	VC à 2 blocs 40	1
#66C2A5	-1.00453633639515	8	1	sous-entraînement	sous-entraînement	VC à 2 blocs 97	1
#66C2A5	-1.27034794451629	8	1	sous-entraînement	sous-entraînement	VC à 2 blocs 71	1
#66C2A5	-1.0454668295824	8	1	sous-entraînement	sous-entraînement	VC à 2 blocs 8	1
#66C2A5	-1.09012319877009	8	1	sous-entraînement	sous-entraînement	VC à 2 blocs 41	1
#66C2A5	-1.07571941356491	8	1	sous-entraînement	sous-entraînement	VC à 2 blocs 9	1
#66C2A5	-1.09715111525276	8	1	sous-entraînement	sous-entraînement	VC à 2 blocs 42	1
#66C2A5	-1.0776375052457	8	1	sous-entraînement	sous-entraînement	VC à 2 blocs 89	1
#66C2A5	-1.11843250050704	8	1	sous-entraînement	sous-entraînement	VC à 2 blocs 29	1
#66C2A5	-1.02497540910788	8	1	sous-entraînement	sous-entraînement	VC à 2 blocs 43	1
#66C2A5	-1.08680469138645	8	1	sous-entraînement	sous-entraînement	VC à 2 blocs 44	1
#66C2A5	-1.28152980127309	8	1	sous-entraînement	sous-entraînement	VC à 2 blocs 72	1
#66C2A5	-1.15000810662949	8	1	sous-entraînement	sous-entraînement	VC à 2 blocs 95	1
#66C2A5	-1.09114954545605	8	1	sous-entraînement	sous-entraînement	VC à 2 blocs 73	1
#66C2A5	-1.07289200814231	8	1	sous-entraînement	sous-entraînement	VC à 2 blocs 10	1
#66C2A5	-1.11642862630825	8	1	sous-entraînement	sous-entraînement	VC à 2 blocs 45	1
#66C2A5	-0.948565440327969	8	1	sous-entraînement	sous-entraînement	VC à 2 blocs 46	1
#66C2A5	-1.10479023845467	8	1	sous-entraînement	sous-entraînement	VC à 2 blocs 11	1
#66C2A5	-1.0214019958652	8	1	sous-entraînement	sous-entraînement	VC à 2 blocs 30	1
#66C2A5	-1.30359170187967	8	1	sous-entraînement	sous-entraînement	VC à 2 blocs 47	1
#66C2A5	-1.05377362336619	8	1	sous-entraînement	sous-entraînement	VC à 2 blocs 48	1
#66C2A5	-1.03373120698434	8	1	sous-entraînement	sous-entraînement	VC à 2 blocs 49	1
#66C2A5	-1.16208415334876	8	1	sous-entraînement	sous-entraînement	VC à 2 blocs 80	1
#66C2A5	-1.14318980250625	8	1	sous-entraînement	sous-entraînement	VC à 2 blocs 50	1
#66C2A5	-0.975420647709936	8	1	sous-entraînement	sous-entraînement	VC à 2 blocs 51	1
#66C2A5	-1.07843169810347	8	1	sous-entraînement	sous-entraînement	VC à 2 blocs 12	1
#66C2A5	-1.08281375176967	8	1	sous-entraînement	sous-entraînement	VC à 2 blocs 52	1
#66C2A5	-1.04058161923885	8	1	sous-entraînement	sous-entraînement	VC à 2 blocs 13	1
#66C2A5	-1.21704427411964	8	1	sous-entraînement	sous-entraînement	VC à 2 blocs 14	1
#66C2A5	-1.01342504368216	8	1	sous-entraînement	sous-entraînement	VC à 2 blocs 31	1
#66C2A5	-1.24789322865915	8	1	sous-entraînement	sous-entraînement	VC à 2 blocs 15	1
#66C2A5	-0.970564475429468	8	1	sous-entraînement	sous-entraînement	VC à 2 blocs 74	1
#66C2A5	-1.21883223505207	8	1	sous-entraînement	sous-entraînement	VC à 2 blocs 81	1
#66C2A5	-0.929173964640149	8	1	sous-entraînement	sous-entraînement	VC à 2 blocs 53	1
#66C2A5	-1.15391066250972	8	1	sous-entraînement	sous-entraînement	VC à 2 blocs 96	1
#66C2A5	-0.923796708298959	8	1	sous-entraînement	sous-entraînement	VC à 2 blocs 1	1
#66C2A5	-1.32452799221004	8	1	sous-entraînement	sous-entraînement	VC à 2 blocs 16	1
#66C2A5	-1.12138245682707	8	1	sous-entraînement	sous-entraînement	VC à 2 blocs 54	1
#66C2A5	-1.23719867324217	8	1	sous-entraînement	sous-entraînement	VC à 2 blocs 75	1
#66C2A5	-1.12255645595571	8	1	sous-entraînement	sous-entraînement	VC à 2 blocs 93	1
#66C2A5	-1.14183242468513	8	1	sous-entraînement	sous-entraînement	VC à 2 blocs 55	1
#66C2A5	-1.35295887480255	8	1	sous-entraînement	sous-entraînement	VC à 2 blocs 56	1
#66C2A5	-1.01370323959168	8	1	sous-entraînement	sous-entraînement	VC à 2 blocs 57	1
#66C2A5	-1.26558470659713	8	1	sous-entraînement	sous-entraînement	VC à 2 blocs 58	1
#66C2A5	-1.07902653541592	8	1	sous-entraînement	sous-entraînement	VC à 2 blocs 17	1
#66C2A5	-1.25687714518037	8	1	sous-entraînement	sous-entraînement	VC à 2 blocs 82	1
#66C2A5	-1.35211547607935	8	1	sous-entraînement	sous-entraînement	VC à 2 blocs 59	1
#66C2A5	-0.861987804113878	8	1	sous-entraînement	sous-entraînement	VC à 2 blocs 90	1
#66C2A5	-1.28538540146326	8	1	sous-entraînement	sous-entraînement	VC à 2 blocs 18	1
#66C2A5	-0.990722102824098	8	1	sous-entraînement	sous-entraînement	VC à 2 blocs 2	1
#66C2A5	-1.17834969483182	8	1	sous-entraînement	sous-entraînement	VC à 2 blocs 99	1
#66C2A5	-1.19424831584787	8	1	sous-entraînement	sous-entraînement	VC à 2 blocs 60	1
#66C2A5	-1.22442280996344	8	1	sous-entraînement	sous-entraînement	VC à 2 blocs 61	1
#66C2A5	-1.06261466050762	8	1	sous-entraînement	sous-entraînement	VC à 2 blocs 19	1
#66C2A5	-1.13094583033674	8	1	sous-entraînement	sous-entraînement	VC à 2 blocs 62	1
#66C2A5	-1.04059694192041	8	1	sous-entraînement	sous-entraînement	VC à 2 blocs 63	1
#66C2A5	-1.08316617641335	8	1	sous-entraînement	sous-entraînement	VC à 2 blocs 94	1
#66C2A5	-1.49332768973607	8	1	sous-entraînement	sous-entraînement	VC à 2 blocs 76	1
#66C2A5	-1.04397801394199	8	1	sous-entraînement	sous-entraînement	VC à 2 blocs 3	1
#66C2A5	-1.08634031084346	8	1	sous-entraînement	sous-entraînement	VC à 2 blocs 20	1
#66C2A5	-0.938273266793872	8	1	sous-entraînement	sous-entraînement	VC à 2 blocs 64	1
#66C2A5	-1.27575857895319	8	1	sous-entraînement	sous-entraînement	VC à 2 blocs 21	1
#66C2A5	-0.97820967054801	8	1	sous-entraînement	sous-entraînement	VC à 2 blocs 86	1
#66C2A5	-1.22620208914658	8	1	sous-entraînement	sous-entraînement	VC à 2 blocs 22	1
#66C2A5	-1.21067105505914	8	1	sous-entraînement	sous-entraînement	VC à 2 blocs 65	1
#66C2A5	-1.0645206592835	8	1	sous-entraînement	sous-entraînement	VC à 2 blocs 23	1
#66C2A5	-1.31765150622542	8	1	sous-entraînement	sous-entraînement	VC à 2 blocs 87	1
#66C2A5	-1.08095639857351	8	1	sous-entraînement	sous-entraînement	VC à 2 blocs 24	1
#66C2A5	-1.12748073281744	8	1	sous-entraînement	sous-entraînement	VC à 2 blocs 83	1
#66C2A5	-1.20293095619797	8	1	sous-entraînement	sous-entraînement	VC à 2 blocs 66	1
#66C2A5	-1.08044069406003	8	1	sous-entraînement	sous-entraînement	VC à 2 blocs 67	1
#66C2A5	-1.02351459133345	8	1	sous-entraînement	sous-entraînement	VC à 2 blocs 84	1
#66C2A5	-0.934750298347652	8	1	sous-entraînement	sous-entraînement	VC à 2 blocs 25	1
#66C2A5	-1.21361871803257	8	1	sous-entraînement	sous-entraînement	VC à 2 blocs 68	1
#66C2A5	-1.57449409059025	8	1	sous-entraînement	sous-entraînement	VC à 2 blocs 69	1
#66C2A5	-0.818016815067846	8	1	sous-entraînement	sous-entraînement	VC à 2 blocs 26	1
#66C2A5	-1.16318226197168	8	1	sous-entraînement	sous-entraînement	VC à 2 blocs 100	1
#66C2A5	-0.990641740216813	8	1	sous-entraînement	sous-entraînement	VC à 2 blocs 88	1
#66C2A5	-1.11379568342964	8	1	sous-entraînement	sous-entraînement	VC à 2 blocs 70	1
#66C2A5	-1.05460215898885	8	1	sous-entraînement	sous-entraînement	VC à 2 blocs 27	1
#66C2A5	-1.09966173990063	8	1	sous-entraînement	sous-entraînement	50% validation 87	1
#66C2A5	-1.07253564047809	8	1	sous-entraînement	sous-entraînement	50% validation 6	1
#66C2A5	-1.16784994715403	8	1	sous-entraînement	sous-entraînement	50% validation 28	1
#66C2A5	-1.63118383193058	8	1	sous-entraînement	sous-entraînement	50% validation 22	1
#66C2A5	-1.17043392944096	8	1	sous-entraînement	sous-entraînement	50% validation 23	1
#66C2A5	-1.18074993405793	8	1	sous-entraînement	sous-entraînement	50% validation 69	1
#66C2A5	-1.30135647809202	8	1	sous-entraînement	sous-entraînement	50% validation 7	1
#66C2A5	-0.861504157494435	8	1	sous-entraînement	sous-entraînement	50% validation 91	1
#66C2A5	-1.30553770737393	8	1	sous-entraînement	sous-entraînement	50% validation 24	1
#66C2A5	-1.18326904522377	8	1	sous-entraînement	sous-entraînement	50% validation 70	1
#66C2A5	-1.16188270694612	8	1	sous-entraînement	sous-entraînement	50% validation 93	1
#66C2A5	-1.1995052113197	8	1	sous-entraînement	sous-entraînement	50% validation 71	1
#66C2A5	-1.02915144072277	8	1	sous-entraînement	sous-entraînement	50% validation 8	1
#66C2A5	-1.14941836260962	8	1	sous-entraînement	sous-entraînement	50% validation 25	1
#66C2A5	-0.960863863993167	8	1	sous-entraînement	sous-entraînement	50% validation 29	1
#66C2A5	-1.00432017101721	8	1	sous-entraînement	sous-entraînement	50% validation 30	1
#66C2A5	-1.15889089549228	8	1	sous-entraînement	sous-entraînement	50% validation 9	1
#66C2A5	-1.1801293873843	8	1	sous-entraînement	sous-entraînement	50% validation 10	1
#66C2A5	-1.06393343496739	8	1	sous-entraînement	sous-entraînement	50% validation 31	1
#66C2A5	-1.20188722296325	8	1	sous-entraînement	sous-entraînement	50% validation 32	1
#66C2A5	-1.29204286612933	8	1	sous-entraînement	sous-entraînement	50% validation 1	1
#66C2A5	-1.09497139445753	8	1	sous-entraînement	sous-entraînement	50% validation 74	1
#66C2A5	-0.986383057698385	8	1	sous-entraînement	sous-entraînement	50% validation 33	1
#66C2A5	-1.15425831598547	8	1	sous-entraînement	sous-entraînement	50% validation 11	1
#66C2A5	-1.0192648515529	8	1	sous-entraînement	sous-entraînement	50% validation 72	1
#66C2A5	-0.959500596478154	8	1	sous-entraînement	sous-entraînement	50% validation 12	1
#66C2A5	-1.11146477880335	8	1	sous-entraînement	sous-entraînement	50% validation 34	1
#66C2A5	-1.13252064239363	8	1	sous-entraînement	sous-entraînement	50% validation 86	1
#66C2A5	-1.16308497414167	8	1	sous-entraînement	sous-entraînement	50% validation 35	1
#66C2A5	-0.984331529780624	8	1	sous-entraînement	sous-entraînement	50% validation 36	1
#66C2A5	-1.06323635270813	8	1	sous-entraînement	sous-entraînement	50% validation 37	1
#66C2A5	-1.28741450121224	8	1	sous-entraînement	sous-entraînement	50% validation 38	1
#66C2A5	-1.00786080032207	8	1	sous-entraînement	sous-entraînement	50% validation 59	1
#66C2A5	-1.07518646026117	8	1	sous-entraînement	sous-entraînement	50% validation 60	1
#66C2A5	-1.12271834945641	8	1	sous-entraînement	sous-entraînement	50% validation 39	1
#66C2A5	-1.09865008791484	8	1	sous-entraînement	sous-entraînement	50% validation 40	1
#66C2A5	-1.26590723099001	8	1	sous-entraînement	sous-entraînement	50% validation 41	1
#66C2A5	-1.27028753131242	8	1	sous-entraînement	sous-entraînement	50% validation 92	1
#66C2A5	-1.15503007995189	8	1	sous-entraînement	sous-entraînement	50% validation 42	1
#66C2A5	-1.20270696042213	8	1	sous-entraînement	sous-entraînement	50% validation 43	1
#66C2A5	-0.898143424697939	8	1	sous-entraînement	sous-entraînement	50% validation 44	1
#66C2A5	-1.02332587436296	8	1	sous-entraînement	sous-entraînement	50% validation 45	1
#66C2A5	-1.36440217242619	8	1	sous-entraînement	sous-entraînement	50% validation 13	1
#66C2A5	-1.03414049867913	8	1	sous-entraînement	sous-entraînement	50% validation 99	1
#66C2A5	-1.11305505510319	8	1	sous-entraînement	sous-entraînement	50% validation 61	1
#66C2A5	-1.2577922329473	8	1	sous-entraînement	sous-entraînement	50% validation 14	1
#66C2A5	-1.00202823950448	8	1	sous-entraînement	sous-entraînement	50% validation 2	1
#66C2A5	-0.870754481439161	8	1	sous-entraînement	sous-entraînement	50% validation 46	1
#66C2A5	-1.24315218878061	8	1	sous-entraînement	sous-entraînement	50% validation 75	1
#66C2A5	-1.29730953731923	8	1	sous-entraînement	sous-entraînement	50% validation 3	1
#66C2A5	-1.17018283034304	8	1	sous-entraînement	sous-entraînement	50% validation 47	1
#66C2A5	-1.52339616394825	8	1	sous-entraînement	sous-entraînement	50% validation 76	1
#66C2A5	-1.02372536654444	8	1	sous-entraînement	sous-entraînement	50% validation 97	1
#66C2A5	-1.13678002844805	8	1	sous-entraînement	sous-entraînement	50% validation 88	1
#66C2A5	-1.23376425370922	8	1	sous-entraînement	sous-entraînement	50% validation 62	1
#66C2A5	-1.18684277235052	8	1	sous-entraînement	sous-entraînement	50% validation 95	1
#66C2A5	-1.13338891366146	8	1	sous-entraînement	sous-entraînement	50% validation 48	1
#66C2A5	-0.853822555648191	8	1	sous-entraînement	sous-entraînement	50% validation 49	1
#66C2A5	-1.23947736448837	8	1	sous-entraînement	sous-entraînement	50% validation 15	1
#66C2A5	-1.17447415052647	8	1	sous-entraînement	sous-entraînement	50% validation 16	1
#66C2A5	-0.919488134184996	8	1	sous-entraînement	sous-entraînement	50% validation 17	1
#66C2A5	-1.01546313413909	8	1	sous-entraînement	sous-entraînement	50% validation 63	1
#66C2A5	-1.30348180996388	8	1	sous-entraînement	sous-entraînement	50% validation 64	1
#66C2A5	-1.31313684467734	8	1	sous-entraînement	sous-entraînement	50% validation 26	1
#66C2A5	-1.02621951643898	8	1	sous-entraînement	sous-entraînement	50% validation 65	1
#66C2A5	-1.02346112630514	8	1	sous-entraînement	sous-entraînement	50% validation 77	1
#66C2A5	-0.98002306931085	8	1	sous-entraînement	sous-entraînement	50% validation 50	1
#66C2A5	-1.32073469382946	8	1	sous-entraînement	sous-entraînement	50% validation 18	1
#66C2A5	-1.17616774455104	8	1	sous-entraînement	sous-entraînement	50% validation 96	1
#66C2A5	-1.14533654147582	8	1	sous-entraînement	sous-entraînement	50% validation 51	1
#66C2A5	-0.941921280580166	8	1	sous-entraînement	sous-entraînement	50% validation 52	1
#66C2A5	-0.940630326810026	8	1	sous-entraînement	sous-entraînement	50% validation 78	1
#66C2A5	-1.2370445311436	8	1	sous-entraînement	sous-entraînement	50% validation 53	1
#66C2A5	-1.18645472654586	8	1	sous-entraînement	sous-entraînement	50% validation 19	1
#66C2A5	-0.959501964924538	8	1	sous-entraînement	sous-entraînement	50% validation 73	1
#66C2A5	-1.10741748061375	8	1	sous-entraînement	sous-entraînement	50% validation 54	1
#66C2A5	-1.02135636829326	8	1	sous-entraînement	sous-entraînement	50% validation 4	1
#66C2A5	-1.04767010347835	8	1	sous-entraînement	sous-entraînement	50% validation 55	1
#66C2A5	-0.978009826292309	8	1	sous-entraînement	sous-entraînement	50% validation 5	1
#66C2A5	-1.03960029481723	8	1	sous-entraînement	sous-entraînement	50% validation 98	1
#66C2A5	-0.96386261355819	8	1	sous-entraînement	sous-entraînement	50% validation 66	1
#66C2A5	-1.15961120094214	8	1	sous-entraînement	sous-entraînement	50% validation 89	1
#66C2A5	-1.23607862239592	8	1	sous-entraînement	sous-entraînement	50% validation 79	1
#66C2A5	-1.18220077073054	8	1	sous-entraînement	sous-entraînement	50% validation 94	1
#66C2A5	-1.2135749092984	8	1	sous-entraînement	sous-entraînement	50% validation 80	1
#66C2A5	-1.18900925223564	8	1	sous-entraînement	sous-entraînement	50% validation 81	1
#66C2A5	-1.12268130194921	8	1	sous-entraînement	sous-entraînement	50% validation 20	1
#66C2A5	-1.00968039641194	8	1	sous-entraînement	sous-entraînement	50% validation 21	1
#66C2A5	-0.915841392343271	8	1	sous-entraînement	sous-entraînement	50% validation 56	1
#66C2A5	-1.26550248049699	8	1	sous-entraînement	sous-entraînement	50% validation 82	1
#66C2A5	-0.91691207453994	8	1	sous-entraînement	sous-entraînement	50% validation 67	1
#66C2A5	-1.02017359127892	8	1	sous-entraînement	sous-entraînement	50% validation 57	1
#66C2A5	-0.932987183651593	8	1	sous-entraînement	sous-entraînement	50% validation 27	1
#66C2A5	-1.37428585578889	8	1	sous-entraînement	sous-entraînement	50% validation 83	1
#66C2A5	-1.02450514114351	8	1	sous-entraînement	sous-entraînement	50% validation 58	1
#66C2A5	-1.36025766428364	8	1	sous-entraînement	sous-entraînement	50% validation 100	1
#66C2A5	-1.18879322661331	8	1	sous-entraînement	sous-entraînement	50% validation 68	1
#66C2A5	-0.94149478316264	8	1	sous-entraînement	sous-entraînement	50% validation 85	1
#66C2A5	-1.01270501007181	8	1	sous-entraînement	sous-entraînement	50% validation 90	1
#66C2A5	-1.07573047155171	8	1	sous-entraînement	sous-entraînement	50% validation 84	1
#66C2A5	-1.32865785070842	9	1	sous-entraînement	sous-entraînement	VC à 2 blocs 32	1
#66C2A5	-1.28997545164423	9	1	sous-entraînement	sous-entraînement	VC à 2 blocs 33	1
#66C2A5	-1.30017044458725	9	1	sous-entraînement	sous-entraînement	VC à 2 blocs 85	1
#66C2A5	-1.11457053320202	9	1	sous-entraînement	sous-entraînement	VC à 2 blocs 77	1
#66C2A5	-1.35858231379132	9	1	sous-entraînement	sous-entraînement	VC à 2 blocs 4	1
#66C2A5	-1.21683777187519	9	1	sous-entraînement	sous-entraînement	VC à 2 blocs 34	1
#66C2A5	-1.51337635410813	9	1	sous-entraînement	sous-entraînement	VC à 2 blocs 28	1
#66C2A5	-1.0814957358734	9	1	sous-entraînement	sous-entraînement	VC à 2 blocs 78	1
#66C2A5	-1.22075134399284	9	1	sous-entraînement	sous-entraînement	VC à 2 blocs 35	1
#66C2A5	-1.09741286753188	9	1	sous-entraînement	sous-entraînement	VC à 2 blocs 5	1
#66C2A5	-1.00769251208737	9	1	sous-entraînement	sous-entraînement	VC à 2 blocs 36	1
#66C2A5	-1.47858345211177	9	1	sous-entraînement	sous-entraînement	VC à 2 blocs 6	1
#66C2A5	-1.08866138633858	9	1	sous-entraînement	sous-entraînement	VC à 2 blocs 37	1
#66C2A5	-1.35629247507889	9	1	sous-entraînement	sous-entraînement	VC à 2 blocs 91	1
#66C2A5	-1.01175100637777	9	1	sous-entraînement	sous-entraînement	VC à 2 blocs 38	1
#66C2A5	-1.28356767635966	9	1	sous-entraînement	sous-entraînement	VC à 2 blocs 39	1
#66C2A5	-1.32751704157124	9	1	sous-entraînement	sous-entraînement	VC à 2 blocs 7	1
#66C2A5	-1.36181519839939	9	1	sous-entraînement	sous-entraînement	VC à 2 blocs 92	1
#66C2A5	-1.17290962864474	9	1	sous-entraînement	sous-entraînement	VC à 2 blocs 79	1
#66C2A5	-1.18551445164965	9	1	sous-entraînement	sous-entraînement	VC à 2 blocs 98	1
#66C2A5	-1.23183746116967	9	1	sous-entraînement	sous-entraînement	VC à 2 blocs 40	1
#66C2A5	-1.04909772026548	9	1	sous-entraînement	sous-entraînement	VC à 2 blocs 97	1
#66C2A5	-1.44587506135534	9	1	sous-entraînement	sous-entraînement	VC à 2 blocs 71	1
#66C2A5	-1.11145720024177	9	1	sous-entraînement	sous-entraînement	VC à 2 blocs 8	1
#66C2A5	-1.18529350518276	9	1	sous-entraînement	sous-entraînement	VC à 2 blocs 41	1
#66C2A5	-1.16073848793324	9	1	sous-entraînement	sous-entraînement	VC à 2 blocs 9	1
#66C2A5	-1.14381781062854	9	1	sous-entraînement	sous-entraînement	VC à 2 blocs 42	1
#66C2A5	-1.19473561178769	9	1	sous-entraînement	sous-entraînement	VC à 2 blocs 89	1
#66C2A5	-1.19779679427713	9	1	sous-entraînement	sous-entraînement	VC à 2 blocs 29	1
#66C2A5	-1.12260190894318	9	1	sous-entraînement	sous-entraînement	VC à 2 blocs 43	1
#66C2A5	-1.14429800736291	9	1	sous-entraînement	sous-entraînement	VC à 2 blocs 44	1
#66C2A5	-1.38791354143821	9	1	sous-entraînement	sous-entraînement	VC à 2 blocs 72	1
#66C2A5	-1.23983118938561	9	1	sous-entraînement	sous-entraînement	VC à 2 blocs 95	1
#66C2A5	-1.18941477202515	9	1	sous-entraînement	sous-entraînement	VC à 2 blocs 73	1
#66C2A5	-1.13678964052547	9	1	sous-entraînement	sous-entraînement	VC à 2 blocs 10	1
#66C2A5	-1.187287362543	9	1	sous-entraînement	sous-entraînement	VC à 2 blocs 45	1
#66C2A5	-1.00053224957938	9	1	sous-entraînement	sous-entraînement	VC à 2 blocs 46	1
#66C2A5	-1.17459140907818	9	1	sous-entraînement	sous-entraînement	VC à 2 blocs 11	1
#66C2A5	-1.08586030069496	9	1	sous-entraînement	sous-entraînement	VC à 2 blocs 30	1
#66C2A5	-1.38786785320945	9	1	sous-entraînement	sous-entraînement	VC à 2 blocs 47	1
#66C2A5	-1.19255420849731	9	1	sous-entraînement	sous-entraînement	VC à 2 blocs 48	1
#66C2A5	-1.08566688571359	9	1	sous-entraînement	sous-entraînement	VC à 2 blocs 49	1
#66C2A5	-1.22854881306241	9	1	sous-entraînement	sous-entraînement	VC à 2 blocs 80	1
#66C2A5	-1.24207606982517	9	1	sous-entraînement	sous-entraînement	VC à 2 blocs 50	1
#66C2A5	-1.04174549574587	9	1	sous-entraînement	sous-entraînement	VC à 2 blocs 51	1
#66C2A5	-1.12926714365706	9	1	sous-entraînement	sous-entraînement	VC à 2 blocs 12	1
#66C2A5	-1.15155859417503	9	1	sous-entraînement	sous-entraînement	VC à 2 blocs 52	1
#66C2A5	-1.10756996485365	9	1	sous-entraînement	sous-entraînement	VC à 2 blocs 13	1
#66C2A5	-1.31901321523279	9	1	sous-entraînement	sous-entraînement	VC à 2 blocs 14	1
#66C2A5	-1.16761401418637	9	1	sous-entraînement	sous-entraînement	VC à 2 blocs 31	1
#66C2A5	-1.32943157294404	9	1	sous-entraînement	sous-entraînement	VC à 2 blocs 15	1
#66C2A5	-1.04350898474926	9	1	sous-entraînement	sous-entraînement	VC à 2 blocs 74	1
#66C2A5	-1.29227257786276	9	1	sous-entraînement	sous-entraînement	VC à 2 blocs 81	1
#66C2A5	-0.980148641686929	9	1	sous-entraînement	sous-entraînement	VC à 2 blocs 53	1
#66C2A5	-1.20350978216224	9	1	sous-entraînement	sous-entraînement	VC à 2 blocs 96	1
#66C2A5	-1.0466852904367	9	1	sous-entraînement	sous-entraînement	VC à 2 blocs 1	1
#66C2A5	-1.40078229429938	9	1	sous-entraînement	sous-entraînement	VC à 2 blocs 16	1
#66C2A5	-1.22910054381918	9	1	sous-entraînement	sous-entraînement	VC à 2 blocs 54	1
#66C2A5	-1.32615401837295	9	1	sous-entraînement	sous-entraînement	VC à 2 blocs 75	1
#66C2A5	-1.19547449252252	9	1	sous-entraînement	sous-entraînement	VC à 2 blocs 93	1
#66C2A5	-1.22877559507257	9	1	sous-entraînement	sous-entraînement	VC à 2 blocs 55	1
#66C2A5	-1.42549081686136	9	1	sous-entraînement	sous-entraînement	VC à 2 blocs 56	1
#66C2A5	-1.09503731260899	9	1	sous-entraînement	sous-entraînement	VC à 2 blocs 57	1
#66C2A5	-1.31449749896368	9	1	sous-entraînement	sous-entraînement	VC à 2 blocs 58	1
#66C2A5	-1.15078050588571	9	1	sous-entraînement	sous-entraînement	VC à 2 blocs 17	1
#66C2A5	-1.46785857142577	9	1	sous-entraînement	sous-entraînement	VC à 2 blocs 82	1
#66C2A5	-1.40347584987677	9	1	sous-entraînement	sous-entraînement	VC à 2 blocs 59	1
#66C2A5	-0.926515549076003	9	1	sous-entraînement	sous-entraînement	VC à 2 blocs 90	1
#66C2A5	-1.36669451568071	9	1	sous-entraînement	sous-entraînement	VC à 2 blocs 18	1
#66C2A5	-1.04835297678151	9	1	sous-entraînement	sous-entraînement	VC à 2 blocs 2	1
#66C2A5	-1.24609797615626	9	1	sous-entraînement	sous-entraînement	VC à 2 blocs 99	1
#66C2A5	-1.29037940994602	9	1	sous-entraînement	sous-entraînement	VC à 2 blocs 60	1
#66C2A5	-1.28002948677577	9	1	sous-entraînement	sous-entraînement	VC à 2 blocs 61	1
#66C2A5	-1.15845768943329	9	1	sous-entraînement	sous-entraînement	VC à 2 blocs 19	1
#66C2A5	-1.18914688975894	9	1	sous-entraînement	sous-entraînement	VC à 2 blocs 62	1
#66C2A5	-1.11680893733999	9	1	sous-entraînement	sous-entraînement	VC à 2 blocs 63	1
#66C2A5	-1.15010794598674	9	1	sous-entraînement	sous-entraînement	VC à 2 blocs 94	1
#66C2A5	-1.59579542409468	9	1	sous-entraînement	sous-entraînement	VC à 2 blocs 76	1
#66C2A5	-1.12620788588315	9	1	sous-entraînement	sous-entraînement	VC à 2 blocs 3	1
#66C2A5	-1.16435526924509	9	1	sous-entraînement	sous-entraînement	VC à 2 blocs 20	1
#66C2A5	-1.01999964645637	9	1	sous-entraînement	sous-entraînement	VC à 2 blocs 64	1
#66C2A5	-1.35310404304744	9	1	sous-entraînement	sous-entraînement	VC à 2 blocs 21	1
#66C2A5	-1.03380343033867	9	1	sous-entraînement	sous-entraînement	VC à 2 blocs 86	1
#66C2A5	-1.3449647693976	9	1	sous-entraînement	sous-entraînement	VC à 2 blocs 22	1
#66C2A5	-1.30199230107586	9	1	sous-entraînement	sous-entraînement	VC à 2 blocs 65	1
#66C2A5	-1.14509154615826	9	1	sous-entraînement	sous-entraînement	VC à 2 blocs 23	1
#66C2A5	-1.44458112818611	9	1	sous-entraînement	sous-entraînement	VC à 2 blocs 87	1
#66C2A5	-1.16011490181469	9	1	sous-entraînement	sous-entraînement	VC à 2 blocs 24	1
#66C2A5	-1.19496575357231	9	1	sous-entraînement	sous-entraînement	VC à 2 blocs 83	1
#66C2A5	-1.32814560618268	9	1	sous-entraînement	sous-entraînement	VC à 2 blocs 66	1
#66C2A5	-1.15166416716956	9	1	sous-entraînement	sous-entraînement	VC à 2 blocs 67	1
#66C2A5	-1.08167545983344	9	1	sous-entraînement	sous-entraînement	VC à 2 blocs 84	1
#66C2A5	-0.991652032429246	9	1	sous-entraînement	sous-entraînement	VC à 2 blocs 25	1
#66C2A5	-1.29908398909018	9	1	sous-entraînement	sous-entraînement	VC à 2 blocs 68	1
#66C2A5	-1.61633866908411	9	1	sous-entraînement	sous-entraînement	VC à 2 blocs 69	1
#66C2A5	-0.927637437995628	9	1	sous-entraînement	sous-entraînement	VC à 2 blocs 26	1
#66C2A5	-1.23230941647192	9	1	sous-entraînement	sous-entraînement	VC à 2 blocs 100	1
#66C2A5	-1.07889776875742	9	1	sous-entraînement	sous-entraînement	VC à 2 blocs 88	1
#66C2A5	-1.212758225091	9	1	sous-entraînement	sous-entraînement	VC à 2 blocs 70	1
#66C2A5	-1.26546090953794	9	1	sous-entraînement	sous-entraînement	VC à 2 blocs 27	1
#66C2A5	-1.29654171697527	9	1	sous-entraînement	sous-entraînement	50% validation 87	1
#66C2A5	-1.16168412692954	9	1	sous-entraînement	sous-entraînement	50% validation 6	1
#66C2A5	-1.24036656855602	9	1	sous-entraînement	sous-entraînement	50% validation 28	1
#66C2A5	-1.70081513066191	9	1	sous-entraînement	sous-entraînement	50% validation 22	1
#66C2A5	-1.27790560698865	9	1	sous-entraînement	sous-entraînement	50% validation 23	1
#66C2A5	-1.3085143504205	9	1	sous-entraînement	sous-entraînement	50% validation 69	1
#66C2A5	-1.36977037182919	9	1	sous-entraînement	sous-entraînement	50% validation 7	1
#66C2A5	-0.983672755109599	9	1	sous-entraînement	sous-entraînement	50% validation 91	1
#66C2A5	-1.38955706695526	9	1	sous-entraînement	sous-entraînement	50% validation 24	1
#66C2A5	-1.30821399894567	9	1	sous-entraînement	sous-entraînement	50% validation 70	1
#66C2A5	-1.20484469962521	9	1	sous-entraînement	sous-entraînement	50% validation 93	1
#66C2A5	-1.37810845259	9	1	sous-entraînement	sous-entraînement	50% validation 71	1
#66C2A5	-1.08126363016337	9	1	sous-entraînement	sous-entraînement	50% validation 8	1
#66C2A5	-1.29190839932167	9	1	sous-entraînement	sous-entraînement	50% validation 25	1
#66C2A5	-1.31724296660226	9	1	sous-entraînement	sous-entraînement	50% validation 29	1
#66C2A5	-1.08079696817835	9	1	sous-entraînement	sous-entraînement	50% validation 30	1
#66C2A5	-1.22440680765184	9	1	sous-entraînement	sous-entraînement	50% validation 9	1
#66C2A5	-1.23820826011045	9	1	sous-entraînement	sous-entraînement	50% validation 10	1
#66C2A5	-1.12455762645987	9	1	sous-entraînement	sous-entraînement	50% validation 31	1
#66C2A5	-1.29993188586749	9	1	sous-entraînement	sous-entraînement	50% validation 32	1
#66C2A5	-1.45731949884685	9	1	sous-entraînement	sous-entraînement	50% validation 1	1
#66C2A5	-1.17498230623612	9	1	sous-entraînement	sous-entraînement	50% validation 74	1
#66C2A5	-1.15178691463881	9	1	sous-entraînement	sous-entraînement	50% validation 33	1
#66C2A5	-1.25378890992637	9	1	sous-entraînement	sous-entraînement	50% validation 11	1
#66C2A5	-1.09506591360824	9	1	sous-entraînement	sous-entraînement	50% validation 72	1
#66C2A5	-1.09156076866419	9	1	sous-entraînement	sous-entraînement	50% validation 12	1
#66C2A5	-1.18896369256472	9	1	sous-entraînement	sous-entraînement	50% validation 34	1
#66C2A5	-1.4522709932419	9	1	sous-entraînement	sous-entraînement	50% validation 86	1
#66C2A5	-1.27345759433959	9	1	sous-entraînement	sous-entraînement	50% validation 35	1
#66C2A5	-1.06188338086726	9	1	sous-entraînement	sous-entraînement	50% validation 36	1
#66C2A5	-1.18607910781752	9	1	sous-entraînement	sous-entraînement	50% validation 37	1
#66C2A5	-1.38728331244845	9	1	sous-entraînement	sous-entraînement	50% validation 38	1
#66C2A5	-1.06797952093355	9	1	sous-entraînement	sous-entraînement	50% validation 59	1
#66C2A5	-1.14537909433612	9	1	sous-entraînement	sous-entraînement	50% validation 60	1
#66C2A5	-1.20280958375087	9	1	sous-entraînement	sous-entraînement	50% validation 39	1
#66C2A5	-1.20397872153991	9	1	sous-entraînement	sous-entraînement	50% validation 40	1
#66C2A5	-1.38178339760494	9	1	sous-entraînement	sous-entraînement	50% validation 41	1
#66C2A5	-1.32531154166587	9	1	sous-entraînement	sous-entraînement	50% validation 92	1
#66C2A5	-1.2323682066777	9	1	sous-entraînement	sous-entraînement	50% validation 42	1
#66C2A5	-1.29868947590836	9	1	sous-entraînement	sous-entraînement	50% validation 43	1
#66C2A5	-1.0099087607606	9	1	sous-entraînement	sous-entraînement	50% validation 44	1
#66C2A5	-1.10452398111652	9	1	sous-entraînement	sous-entraînement	50% validation 45	1
#66C2A5	-1.44628374069158	9	1	sous-entraînement	sous-entraînement	50% validation 13	1
#66C2A5	-1.10073472433343	9	1	sous-entraînement	sous-entraînement	50% validation 99	1
#66C2A5	-1.25737982872749	9	1	sous-entraînement	sous-entraînement	50% validation 61	1
#66C2A5	-1.33206271009693	9	1	sous-entraînement	sous-entraînement	50% validation 14	1
#66C2A5	-1.0639158864487	9	1	sous-entraînement	sous-entraînement	50% validation 2	1
#66C2A5	-0.923421842769035	9	1	sous-entraînement	sous-entraînement	50% validation 46	1
#66C2A5	-1.34489670075368	9	1	sous-entraînement	sous-entraînement	50% validation 75	1
#66C2A5	-1.36299421576722	9	1	sous-entraînement	sous-entraînement	50% validation 3	1
#66C2A5	-1.27750186752454	9	1	sous-entraînement	sous-entraînement	50% validation 47	1
#66C2A5	-1.63632876828121	9	1	sous-entraînement	sous-entraînement	50% validation 76	1
#66C2A5	-1.1752503759499	9	1	sous-entraînement	sous-entraînement	50% validation 97	1
#66C2A5	-1.21977528360977	9	1	sous-entraînement	sous-entraînement	50% validation 88	1
#66C2A5	-1.31310802523259	9	1	sous-entraînement	sous-entraînement	50% validation 62	1
#66C2A5	-1.30944340864668	9	1	sous-entraînement	sous-entraînement	50% validation 95	1
#66C2A5	-1.29808181006851	9	1	sous-entraînement	sous-entraînement	50% validation 48	1
#66C2A5	-0.974294014449964	9	1	sous-entraînement	sous-entraînement	50% validation 49	1
#66C2A5	-1.29901383395371	9	1	sous-entraînement	sous-entraînement	50% validation 15	1
#66C2A5	-1.22495454260281	9	1	sous-entraînement	sous-entraînement	50% validation 16	1
#66C2A5	-1.03772251402848	9	1	sous-entraînement	sous-entraînement	50% validation 17	1
#66C2A5	-1.0759139080029	9	1	sous-entraînement	sous-entraînement	50% validation 63	1
#66C2A5	-1.4109161479801	9	1	sous-entraînement	sous-entraînement	50% validation 64	1
#66C2A5	-1.39254407469906	9	1	sous-entraînement	sous-entraînement	50% validation 26	1
#66C2A5	-1.11849494600087	9	1	sous-entraînement	sous-entraînement	50% validation 65	1
#66C2A5	-1.14058985205148	9	1	sous-entraînement	sous-entraînement	50% validation 77	1
#66C2A5	-1.03615680412955	9	1	sous-entraînement	sous-entraînement	50% validation 50	1
#66C2A5	-1.39868806496776	9	1	sous-entraînement	sous-entraînement	50% validation 18	1
#66C2A5	-1.24648339326362	9	1	sous-entraînement	sous-entraînement	50% validation 96	1
#66C2A5	-1.26376147835393	9	1	sous-entraînement	sous-entraînement	50% validation 51	1
#66C2A5	-1.00490247907481	9	1	sous-entraînement	sous-entraînement	50% validation 52	1
#66C2A5	-0.985793034295162	9	1	sous-entraînement	sous-entraînement	50% validation 78	1
#66C2A5	-1.30819455539651	9	1	sous-entraînement	sous-entraînement	50% validation 53	1
#66C2A5	-1.28067630680373	9	1	sous-entraînement	sous-entraînement	50% validation 19	1
#66C2A5	-1.02305586564982	9	1	sous-entraînement	sous-entraînement	50% validation 73	1
#66C2A5	-1.31350805258709	9	1	sous-entraînement	sous-entraînement	50% validation 54	1
#66C2A5	-1.09775629355848	9	1	sous-entraînement	sous-entraînement	50% validation 4	1
#66C2A5	-1.10687176230456	9	1	sous-entraînement	sous-entraînement	50% validation 55	1
#66C2A5	-1.14779596502	9	1	sous-entraînement	sous-entraînement	50% validation 5	1
#66C2A5	-1.16911870482021	9	1	sous-entraînement	sous-entraînement	50% validation 98	1
#66C2A5	-1.12633819071731	9	1	sous-entraînement	sous-entraînement	50% validation 66	1
#66C2A5	-1.22303099891359	9	1	sous-entraînement	sous-entraînement	50% validation 89	1
#66C2A5	-1.34127858942172	9	1	sous-entraînement	sous-entraînement	50% validation 79	1
#66C2A5	-1.33142491785519	9	1	sous-entraînement	sous-entraînement	50% validation 94	1
#66C2A5	-1.31480821776225	9	1	sous-entraînement	sous-entraînement	50% validation 80	1
#66C2A5	-1.28250784223627	9	1	sous-entraînement	sous-entraînement	50% validation 81	1
#66C2A5	-1.17477269785027	9	1	sous-entraînement	sous-entraînement	50% validation 20	1
#66C2A5	-1.05543295871243	9	1	sous-entraînement	sous-entraînement	50% validation 21	1
#66C2A5	-1.05816578585909	9	1	sous-entraînement	sous-entraînement	50% validation 56	1
#66C2A5	-1.38083648259286	9	1	sous-entraînement	sous-entraînement	50% validation 82	1
#66C2A5	-0.983976361744388	9	1	sous-entraînement	sous-entraînement	50% validation 67	1
#66C2A5	-1.1330719749143	9	1	sous-entraînement	sous-entraînement	50% validation 57	1
#66C2A5	-0.986293884555506	9	1	sous-entraînement	sous-entraînement	50% validation 27	1
#66C2A5	-1.46733267662422	9	1	sous-entraînement	sous-entraînement	50% validation 83	1
#66C2A5	-1.09599638535628	9	1	sous-entraînement	sous-entraînement	50% validation 58	1
#66C2A5	-1.43009987705858	9	1	sous-entraînement	sous-entraînement	50% validation 100	1
#66C2A5	-1.28358329269412	9	1	sous-entraînement	sous-entraînement	50% validation 68	1
#66C2A5	-1.02498871456371	9	1	sous-entraînement	sous-entraînement	50% validation 85	1
#66C2A5	-1.10207492473135	9	1	sous-entraînement	sous-entraînement	50% validation 90	1
#66C2A5	-1.14637758637094	9	1	sous-entraînement	sous-entraînement	50% validation 84	1
#66C2A5	-1.4496313401908	10	1	sous-entraînement	sous-entraînement	VC à 2 blocs 32	1
#66C2A5	-1.33383090083719	10	1	sous-entraînement	sous-entraînement	VC à 2 blocs 33	1
#66C2A5	-1.3737923737123	10	1	sous-entraînement	sous-entraînement	VC à 2 blocs 85	1
#66C2A5	-1.21295993096065	10	1	sous-entraînement	sous-entraînement	VC à 2 blocs 77	1
#66C2A5	-1.44820214379774	10	1	sous-entraînement	sous-entraînement	VC à 2 blocs 4	1
#66C2A5	-1.36794299593972	10	1	sous-entraînement	sous-entraînement	VC à 2 blocs 34	1
#66C2A5	-1.56857791224932	10	1	sous-entraînement	sous-entraînement	VC à 2 blocs 28	1
#66C2A5	-1.19288494809734	10	1	sous-entraînement	sous-entraînement	VC à 2 blocs 78	1
#66C2A5	-1.33092798679103	10	1	sous-entraînement	sous-entraînement	VC à 2 blocs 35	1
#66C2A5	-1.14174122661758	10	1	sous-entraînement	sous-entraînement	VC à 2 blocs 5	1
#66C2A5	-1.11181025453435	10	1	sous-entraînement	sous-entraînement	VC à 2 blocs 36	1
#66C2A5	-1.58129204633807	10	1	sous-entraînement	sous-entraînement	VC à 2 blocs 6	1
#66C2A5	-1.14887510650978	10	1	sous-entraînement	sous-entraînement	VC à 2 blocs 37	1
#66C2A5	-1.40276736401869	10	1	sous-entraînement	sous-entraînement	VC à 2 blocs 91	1
#66C2A5	-1.07171187568126	10	1	sous-entraînement	sous-entraînement	VC à 2 blocs 38	1
#66C2A5	-1.38652280897462	10	1	sous-entraînement	sous-entraînement	VC à 2 blocs 39	1
#66C2A5	-1.40855527569385	10	1	sous-entraînement	sous-entraînement	VC à 2 blocs 7	1
#66C2A5	-1.46537519318043	10	1	sous-entraînement	sous-entraînement	VC à 2 blocs 92	1
#66C2A5	-1.26714850630585	10	1	sous-entraînement	sous-entraînement	VC à 2 blocs 79	1
#66C2A5	-1.26484737641251	10	1	sous-entraînement	sous-entraînement	VC à 2 blocs 98	1
#66C2A5	-1.34802955321086	10	1	sous-entraînement	sous-entraînement	VC à 2 blocs 40	1
#66C2A5	-1.09324720216935	10	1	sous-entraînement	sous-entraînement	VC à 2 blocs 97	1
#66C2A5	-1.5867016917864	10	1	sous-entraînement	sous-entraînement	VC à 2 blocs 71	1
#66C2A5	-1.18754657025284	10	1	sous-entraînement	sous-entraînement	VC à 2 blocs 8	1
#66C2A5	-1.28758260720938	10	1	sous-entraînement	sous-entraînement	VC à 2 blocs 41	1
#66C2A5	-1.32087389154054	10	1	sous-entraînement	sous-entraînement	VC à 2 blocs 9	1
#66C2A5	-1.27557661252606	10	1	sous-entraînement	sous-entraînement	VC à 2 blocs 42	1
#66C2A5	-1.28676566089439	10	1	sous-entraînement	sous-entraînement	VC à 2 blocs 89	1
#66C2A5	-1.28781036865113	10	1	sous-entraînement	sous-entraînement	VC à 2 blocs 29	1
#66C2A5	-1.18897501395001	10	1	sous-entraînement	sous-entraînement	VC à 2 blocs 43	1
#66C2A5	-1.20811084159045	10	1	sous-entraînement	sous-entraînement	VC à 2 blocs 44	1
#66C2A5	-1.48394535569114	10	1	sous-entraînement	sous-entraînement	VC à 2 blocs 72	1
#66C2A5	-1.29462737433071	10	1	sous-entraînement	sous-entraînement	VC à 2 blocs 95	1
#66C2A5	-1.2520100836483	10	1	sous-entraînement	sous-entraînement	VC à 2 blocs 73	1
#66C2A5	-1.20954230847299	10	1	sous-entraînement	sous-entraînement	VC à 2 blocs 10	1
#66C2A5	-1.26389557874634	10	1	sous-entraînement	sous-entraînement	VC à 2 blocs 45	1
#66C2A5	-1.05343567241859	10	1	sous-entraînement	sous-entraînement	VC à 2 blocs 46	1
#66C2A5	-1.3410490638051	10	1	sous-entraînement	sous-entraînement	VC à 2 blocs 11	1
#66C2A5	-1.23407180769553	10	1	sous-entraînement	sous-entraînement	VC à 2 blocs 30	1
#66C2A5	-1.47554641242663	10	1	sous-entraînement	sous-entraînement	VC à 2 blocs 47	1
#66C2A5	-1.2738260179095	10	1	sous-entraînement	sous-entraînement	VC à 2 blocs 48	1
#66C2A5	-1.142190961385	10	1	sous-entraînement	sous-entraînement	VC à 2 blocs 49	1
#66C2A5	-1.32427972787231	10	1	sous-entraînement	sous-entraînement	VC à 2 blocs 80	1
#66C2A5	-1.33000532069821	10	1	sous-entraînement	sous-entraînement	VC à 2 blocs 50	1
#66C2A5	-1.11258643376249	10	1	sous-entraînement	sous-entraînement	VC à 2 blocs 51	1
#66C2A5	-1.18599072861757	10	1	sous-entraînement	sous-entraînement	VC à 2 blocs 12	1
#66C2A5	-1.39183467526512	10	1	sous-entraînement	sous-entraînement	VC à 2 blocs 52	1
#66C2A5	-1.1441399743379	10	1	sous-entraînement	sous-entraînement	VC à 2 blocs 13	1
#66C2A5	-1.42079094164853	10	1	sous-entraînement	sous-entraînement	VC à 2 blocs 14	1
#66C2A5	-1.24614498466397	10	1	sous-entraînement	sous-entraînement	VC à 2 blocs 31	1
#66C2A5	-1.39983480129431	10	1	sous-entraînement	sous-entraînement	VC à 2 blocs 15	1
#66C2A5	-1.16814457669088	10	1	sous-entraînement	sous-entraînement	VC à 2 blocs 74	1
#66C2A5	-1.35560857262699	10	1	sous-entraînement	sous-entraînement	VC à 2 blocs 81	1
#66C2A5	-1.03601555035573	10	1	sous-entraînement	sous-entraînement	VC à 2 blocs 53	1
#66C2A5	-1.26820733506867	10	1	sous-entraînement	sous-entraînement	VC à 2 blocs 96	1
#66C2A5	-1.11115964789758	10	1	sous-entraînement	sous-entraînement	VC à 2 blocs 1	1
#66C2A5	-1.48137822686135	10	1	sous-entraînement	sous-entraînement	VC à 2 blocs 16	1
#66C2A5	-1.30560088138153	10	1	sous-entraînement	sous-entraînement	VC à 2 blocs 54	1
#66C2A5	-1.40989421376772	10	1	sous-entraînement	sous-entraînement	VC à 2 blocs 75	1
#66C2A5	-1.26972174531238	10	1	sous-entraînement	sous-entraînement	VC à 2 blocs 93	1
#66C2A5	-1.3365785081038	10	1	sous-entraînement	sous-entraînement	VC à 2 blocs 55	1
#66C2A5	-1.51218732447611	10	1	sous-entraînement	sous-entraînement	VC à 2 blocs 56	1
#66C2A5	-1.14510984474946	10	1	sous-entraînement	sous-entraînement	VC à 2 blocs 57	1
#66C2A5	-1.36707860530051	10	1	sous-entraînement	sous-entraînement	VC à 2 blocs 58	1
#66C2A5	-1.21780324851743	10	1	sous-entraînement	sous-entraînement	VC à 2 blocs 17	1
#66C2A5	-1.5746261506682	10	1	sous-entraînement	sous-entraînement	VC à 2 blocs 82	1
#66C2A5	-1.55871072240065	10	1	sous-entraînement	sous-entraînement	VC à 2 blocs 59	1
#66C2A5	-1.01526479224054	10	1	sous-entraînement	sous-entraînement	VC à 2 blocs 90	1
#66C2A5	-1.44141025446846	10	1	sous-entraînement	sous-entraînement	VC à 2 blocs 18	1
#66C2A5	-1.10360014374138	10	1	sous-entraînement	sous-entraînement	VC à 2 blocs 2	1
#66C2A5	-1.36748995540447	10	1	sous-entraînement	sous-entraînement	VC à 2 blocs 99	1
#66C2A5	-1.36258890975166	10	1	sous-entraînement	sous-entraînement	VC à 2 blocs 60	1
#66C2A5	-1.33749424168696	10	1	sous-entraînement	sous-entraînement	VC à 2 blocs 61	1
#66C2A5	-1.2654431013739	10	1	sous-entraînement	sous-entraînement	VC à 2 blocs 19	1
#66C2A5	-1.22721286596776	10	1	sous-entraînement	sous-entraînement	VC à 2 blocs 62	1
#66C2A5	-1.31766249713507	10	1	sous-entraînement	sous-entraînement	VC à 2 blocs 63	1
#66C2A5	-1.2857435925954	10	1	sous-entraînement	sous-entraînement	VC à 2 blocs 94	1
#66C2A5	-1.69242830670098	10	1	sous-entraînement	sous-entraînement	VC à 2 blocs 76	1
#66C2A5	-1.2048797627141	10	1	sous-entraînement	sous-entraînement	VC à 2 blocs 3	1
#66C2A5	-1.25654624134073	10	1	sous-entraînement	sous-entraînement	VC à 2 blocs 20	1
#66C2A5	-1.11493928513083	10	1	sous-entraînement	sous-entraînement	VC à 2 blocs 64	1
#66C2A5	-1.42669994830688	10	1	sous-entraînement	sous-entraînement	VC à 2 blocs 21	1
#66C2A5	-1.14744120546425	10	1	sous-entraînement	sous-entraînement	VC à 2 blocs 86	1
#66C2A5	-1.4273655388148	10	1	sous-entraînement	sous-entraînement	VC à 2 blocs 22	1
#66C2A5	-1.43038897676784	10	1	sous-entraînement	sous-entraînement	VC à 2 blocs 65	1
#66C2A5	-1.21188761371985	10	1	sous-entraînement	sous-entraînement	VC à 2 blocs 23	1
#66C2A5	-1.53561393301419	10	1	sous-entraînement	sous-entraînement	VC à 2 blocs 87	1
#66C2A5	-1.40682338126939	10	1	sous-entraînement	sous-entraînement	VC à 2 blocs 24	1
#66C2A5	-1.26766572200518	10	1	sous-entraînement	sous-entraînement	VC à 2 blocs 83	1
#66C2A5	-1.42345850273286	10	1	sous-entraînement	sous-entraînement	VC à 2 blocs 66	1
#66C2A5	-1.23785989060352	10	1	sous-entraînement	sous-entraînement	VC à 2 blocs 67	1
#66C2A5	-1.14868704481217	10	1	sous-entraînement	sous-entraînement	VC à 2 blocs 84	1
#66C2A5	-1.18644560301573	10	1	sous-entraînement	sous-entraînement	VC à 2 blocs 25	1
#66C2A5	-1.39511605567219	10	1	sous-entraînement	sous-entraînement	VC à 2 blocs 68	1
#66C2A5	-1.66024237699861	10	1	sous-entraînement	sous-entraînement	VC à 2 blocs 69	1
#66C2A5	-1.01046881503219	10	1	sous-entraînement	sous-entraînement	VC à 2 blocs 26	1
#66C2A5	-1.30166876071478	10	1	sous-entraînement	sous-entraînement	VC à 2 blocs 100	1
#66C2A5	-1.18212503989493	10	1	sous-entraînement	sous-entraînement	VC à 2 blocs 88	1
#66C2A5	-1.31224839960082	10	1	sous-entraînement	sous-entraînement	VC à 2 blocs 70	1
#66C2A5	-1.38882439602473	10	1	sous-entraînement	sous-entraînement	VC à 2 blocs 27	1
#66C2A5	-1.44369045508643	10	1	sous-entraînement	sous-entraînement	50% validation 87	1
#66C2A5	-1.32224184663544	10	1	sous-entraînement	sous-entraînement	50% validation 6	1
#66C2A5	-1.32488971405452	10	1	sous-entraînement	sous-entraînement	50% validation 28	1
#66C2A5	-1.75944891990262	10	1	sous-entraînement	sous-entraînement	50% validation 22	1
#66C2A5	-1.41671041205875	10	1	sous-entraînement	sous-entraînement	50% validation 23	1
#66C2A5	-1.41279357116456	10	1	sous-entraînement	sous-entraînement	50% validation 69	1
#66C2A5	-1.44695233160561	10	1	sous-entraînement	sous-entraînement	50% validation 7	1
#66C2A5	-1.1280827477192	10	1	sous-entraînement	sous-entraînement	50% validation 91	1
#66C2A5	-1.45145393129322	10	1	sous-entraînement	sous-entraînement	50% validation 24	1
#66C2A5	-1.39633475551921	10	1	sous-entraînement	sous-entraînement	50% validation 70	1
#66C2A5	-1.27802675602534	10	1	sous-entraînement	sous-entraînement	50% validation 93	1
#66C2A5	-1.52792857552478	10	1	sous-entraînement	sous-entraînement	50% validation 71	1
#66C2A5	-1.16053282261226	10	1	sous-entraînement	sous-entraînement	50% validation 8	1
#66C2A5	-1.36527254244945	10	1	sous-entraînement	sous-entraînement	50% validation 25	1
#66C2A5	-1.48117109225871	10	1	sous-entraînement	sous-entraînement	50% validation 29	1
#66C2A5	-1.24722179051785	10	1	sous-entraînement	sous-entraînement	50% validation 30	1
#66C2A5	-1.29805913760422	10	1	sous-entraînement	sous-entraînement	50% validation 9	1
#66C2A5	-1.31040905976262	10	1	sous-entraînement	sous-entraînement	50% validation 10	1
#66C2A5	-1.1947443588859	10	1	sous-entraînement	sous-entraînement	50% validation 31	1
#66C2A5	-1.39982210226513	10	1	sous-entraînement	sous-entraînement	50% validation 32	1
#66C2A5	-1.56615235523276	10	1	sous-entraînement	sous-entraînement	50% validation 1	1
#66C2A5	-1.25348600872019	10	1	sous-entraînement	sous-entraînement	50% validation 74	1
#66C2A5	-1.25453560334526	10	1	sous-entraînement	sous-entraînement	50% validation 33	1
#66C2A5	-1.32886840589519	10	1	sous-entraînement	sous-entraînement	50% validation 11	1
#66C2A5	-1.18107789442881	10	1	sous-entraînement	sous-entraînement	50% validation 72	1
#66C2A5	-1.18251570053459	10	1	sous-entraînement	sous-entraînement	50% validation 12	1
#66C2A5	-1.26544340806716	10	1	sous-entraînement	sous-entraînement	50% validation 34	1
#66C2A5	-1.53999058678489	10	1	sous-entraînement	sous-entraînement	50% validation 86	1
#66C2A5	-1.37113706743159	10	1	sous-entraînement	sous-entraînement	50% validation 35	1
#66C2A5	-1.14783675208133	10	1	sous-entraînement	sous-entraînement	50% validation 36	1
#66C2A5	-1.27765960766311	10	1	sous-entraînement	sous-entraînement	50% validation 37	1
#66C2A5	-1.46615043746717	10	1	sous-entraînement	sous-entraînement	50% validation 38	1
#66C2A5	-1.12218457045184	10	1	sous-entraînement	sous-entraînement	50% validation 59	1
#66C2A5	-1.21272528712601	10	1	sous-entraînement	sous-entraînement	50% validation 60	1
#66C2A5	-1.27902860176546	10	1	sous-entraînement	sous-entraînement	50% validation 39	1
#66C2A5	-1.29054783089027	10	1	sous-entraînement	sous-entraînement	50% validation 40	1
#66C2A5	-1.46635338456359	10	1	sous-entraînement	sous-entraînement	50% validation 41	1
#66C2A5	-1.37791806083544	10	1	sous-entraînement	sous-entraînement	50% validation 92	1
#66C2A5	-1.39010351385181	10	1	sous-entraînement	sous-entraînement	50% validation 42	1
#66C2A5	-1.3692968874653	10	1	sous-entraînement	sous-entraînement	50% validation 43	1
#66C2A5	-1.1950021663834	10	1	sous-entraînement	sous-entraînement	50% validation 44	1
#66C2A5	-1.19154211981801	10	1	sous-entraînement	sous-entraînement	50% validation 45	1
#66C2A5	-1.49859174017871	10	1	sous-entraînement	sous-entraînement	50% validation 13	1
#66C2A5	-1.18607471347695	10	1	sous-entraînement	sous-entraînement	50% validation 99	1
#66C2A5	-1.46867596913154	10	1	sous-entraînement	sous-entraînement	50% validation 61	1
#66C2A5	-1.40487848715037	10	1	sous-entraînement	sous-entraînement	50% validation 14	1
#66C2A5	-1.11802077212463	10	1	sous-entraînement	sous-entraînement	50% validation 2	1
#66C2A5	-1.00646762660202	10	1	sous-entraînement	sous-entraînement	50% validation 46	1
#66C2A5	-1.44726703471148	10	1	sous-entraînement	sous-entraînement	50% validation 75	1
#66C2A5	-1.42454717307305	10	1	sous-entraînement	sous-entraînement	50% validation 3	1
#66C2A5	-1.3969863589492	10	1	sous-entraînement	sous-entraînement	50% validation 47	1
#66C2A5	-1.78565982866814	10	1	sous-entraînement	sous-entraînement	50% validation 76	1
#66C2A5	-1.27248727912617	10	1	sous-entraînement	sous-entraînement	50% validation 97	1
#66C2A5	-1.31630515879923	10	1	sous-entraînement	sous-entraînement	50% validation 88	1
#66C2A5	-1.4003515388158	10	1	sous-entraînement	sous-entraînement	50% validation 62	1
#66C2A5	-1.42451248690453	10	1	sous-entraînement	sous-entraînement	50% validation 95	1
#66C2A5	-1.3828941293667	10	1	sous-entraînement	sous-entraînement	50% validation 48	1
#66C2A5	-1.04920660100483	10	1	sous-entraînement	sous-entraînement	50% validation 49	1
#66C2A5	-1.35578061692723	10	1	sous-entraînement	sous-entraînement	50% validation 15	1
#66C2A5	-1.29870818053861	10	1	sous-entraînement	sous-entraînement	50% validation 16	1
#66C2A5	-1.2383548918048	10	1	sous-entraînement	sous-entraînement	50% validation 17	1
#66C2A5	-1.26274004147009	10	1	sous-entraînement	sous-entraînement	50% validation 63	1
#66C2A5	-1.52703637981316	10	1	sous-entraînement	sous-entraînement	50% validation 64	1
#66C2A5	-1.48186650844615	10	1	sous-entraînement	sous-entraînement	50% validation 26	1
#66C2A5	-1.23160401132409	10	1	sous-entraînement	sous-entraînement	50% validation 65	1
#66C2A5	-1.24039801331797	10	1	sous-entraînement	sous-entraînement	50% validation 77	1
#66C2A5	-1.09931836282785	10	1	sous-entraînement	sous-entraînement	50% validation 50	1
#66C2A5	-1.4703550554552	10	1	sous-entraînement	sous-entraînement	50% validation 18	1
#66C2A5	-1.32842214412462	10	1	sous-entraînement	sous-entraînement	50% validation 96	1
#66C2A5	-1.32875221006616	10	1	sous-entraînement	sous-entraînement	50% validation 51	1
#66C2A5	-1.19568447467895	10	1	sous-entraînement	sous-entraînement	50% validation 52	1
#66C2A5	-1.03125459039011	10	1	sous-entraînement	sous-entraînement	50% validation 78	1
#66C2A5	-1.38736192971486	10	1	sous-entraînement	sous-entraînement	50% validation 53	1
#66C2A5	-1.34456539972509	10	1	sous-entraînement	sous-entraînement	50% validation 19	1
#66C2A5	-1.19280402730982	10	1	sous-entraînement	sous-entraînement	50% validation 73	1
#66C2A5	-1.405614998923	10	1	sous-entraînement	sous-entraînement	50% validation 54	1
#66C2A5	-1.23250647426478	10	1	sous-entraînement	sous-entraînement	50% validation 4	1
#66C2A5	-1.15545039813594	10	1	sous-entraînement	sous-entraînement	50% validation 55	1
#66C2A5	-1.22837459534568	10	1	sous-entraînement	sous-entraînement	50% validation 5	1
#66C2A5	-1.27843124866883	10	1	sous-entraînement	sous-entraînement	50% validation 98	1
#66C2A5	-1.18178975376085	10	1	sous-entraînement	sous-entraînement	50% validation 66	1
#66C2A5	-1.29642952858325	10	1	sous-entraînement	sous-entraînement	50% validation 89	1
#66C2A5	-1.4501571391033	10	1	sous-entraînement	sous-entraînement	50% validation 79	1
#66C2A5	-1.38272987631201	10	1	sous-entraînement	sous-entraînement	50% validation 94	1
#66C2A5	-1.43142510890494	10	1	sous-entraînement	sous-entraînement	50% validation 80	1
#66C2A5	-1.33545346103564	10	1	sous-entraînement	sous-entraînement	50% validation 81	1
#66C2A5	-1.2949205119033	10	1	sous-entraînement	sous-entraînement	50% validation 20	1
#66C2A5	-1.11058361843113	10	1	sous-entraînement	sous-entraînement	50% validation 21	1
#66C2A5	-1.16530678364709	10	1	sous-entraînement	sous-entraînement	50% validation 56	1
#66C2A5	-1.51574396675744	10	1	sous-entraînement	sous-entraînement	50% validation 82	1
#66C2A5	-1.05669016704475	10	1	sous-entraînement	sous-entraînement	50% validation 67	1
#66C2A5	-1.21340723986484	10	1	sous-entraînement	sous-entraînement	50% validation 57	1
#66C2A5	-1.04524453502129	10	1	sous-entraînement	sous-entraînement	50% validation 27	1
#66C2A5	-1.55411763563582	10	1	sous-entraînement	sous-entraînement	50% validation 83	1
#66C2A5	-1.23010807933185	10	1	sous-entraînement	sous-entraînement	50% validation 58	1
#66C2A5	-1.51219521370743	10	1	sous-entraînement	sous-entraînement	50% validation 100	1
#66C2A5	-1.36891170616663	10	1	sous-entraînement	sous-entraînement	50% validation 68	1
#66C2A5	-1.12698941308186	10	1	sous-entraînement	sous-entraînement	50% validation 85	1
#66C2A5	-1.20075099337318	10	1	sous-entraînement	sous-entraînement	50% validation 90	1
#66C2A5	-1.20668686072204	10	1	sous-entraînement	sous-entraînement	50% validation 84	1
#66C2A5	-1.54502885122278	11	1	sous-entraînement	sous-entraînement	VC à 2 blocs 32	1
#66C2A5	-1.36973736695231	11	1	sous-entraînement	sous-entraînement	VC à 2 blocs 33	1
#66C2A5	-1.45690360159251	11	1	sous-entraînement	sous-entraînement	VC à 2 blocs 85	1
#66C2A5	-1.32335211143878	11	1	sous-entraînement	sous-entraînement	VC à 2 blocs 77	1
#66C2A5	-1.53399164728882	11	1	sous-entraînement	sous-entraînement	VC à 2 blocs 4	1
#66C2A5	-1.4268469663793	11	1	sous-entraînement	sous-entraînement	VC à 2 blocs 34	1
#66C2A5	-1.69055294730271	11	1	sous-entraînement	sous-entraînement	VC à 2 blocs 28	1
#66C2A5	-1.30484473690201	11	1	sous-entraînement	sous-entraînement	VC à 2 blocs 78	1
#66C2A5	-1.47399998287782	11	1	sous-entraînement	sous-entraînement	VC à 2 blocs 35	1
#66C2A5	-1.20166632651302	11	1	sous-entraînement	sous-entraînement	VC à 2 blocs 5	1
#66C2A5	-1.20796354895704	11	1	sous-entraînement	sous-entraînement	VC à 2 blocs 36	1
#66C2A5	-1.6565956588301	11	1	sous-entraînement	sous-entraînement	VC à 2 blocs 6	1
#66C2A5	-1.25472476277998	11	1	sous-entraînement	sous-entraînement	VC à 2 blocs 37	1
#66C2A5	-1.46052808117819	11	1	sous-entraînement	sous-entraînement	VC à 2 blocs 91	1
#66C2A5	-1.12363632997012	11	1	sous-entraînement	sous-entraînement	VC à 2 blocs 38	1
#66C2A5	-1.47871440277589	11	1	sous-entraînement	sous-entraînement	VC à 2 blocs 39	1
#66C2A5	-1.5054256373886	11	1	sous-entraînement	sous-entraînement	VC à 2 blocs 7	1
#66C2A5	-1.57902041667796	11	1	sous-entraînement	sous-entraînement	VC à 2 blocs 92	1
#66C2A5	-1.38340496247068	11	1	sous-entraînement	sous-entraînement	VC à 2 blocs 79	1
#66C2A5	-1.34906235870057	11	1	sous-entraînement	sous-entraînement	VC à 2 blocs 98	1
#66C2A5	-1.52163087286729	11	1	sous-entraînement	sous-entraînement	VC à 2 blocs 40	1
#66C2A5	-1.13761099571276	11	1	sous-entraînement	sous-entraînement	VC à 2 blocs 97	1
#66C2A5	-1.68952924832042	11	1	sous-entraînement	sous-entraînement	VC à 2 blocs 71	1
#66C2A5	-1.248888627974	11	1	sous-entraînement	sous-entraînement	VC à 2 blocs 8	1
#66C2A5	-1.38111618446749	11	1	sous-entraînement	sous-entraînement	VC à 2 blocs 41	1
#66C2A5	-1.43662863492469	11	1	sous-entraînement	sous-entraînement	VC à 2 blocs 9	1
#66C2A5	-1.49867715303078	11	1	sous-entraînement	sous-entraînement	VC à 2 blocs 42	1
#66C2A5	-1.33912471886726	11	1	sous-entraînement	sous-entraînement	VC à 2 blocs 89	1
#66C2A5	-1.39323646727358	11	1	sous-entraînement	sous-entraînement	VC à 2 blocs 29	1
#66C2A5	-1.25856847108529	11	1	sous-entraînement	sous-entraînement	VC à 2 blocs 43	1
#66C2A5	-1.29936694139803	11	1	sous-entraînement	sous-entraînement	VC à 2 blocs 44	1
#66C2A5	-1.58664894720169	11	1	sous-entraînement	sous-entraînement	VC à 2 blocs 72	1
#66C2A5	-1.34372710778506	11	1	sous-entraînement	sous-entraînement	VC à 2 blocs 95	1
#66C2A5	-1.33184963574153	11	1	sous-entraînement	sous-entraînement	VC à 2 blocs 73	1
#66C2A5	-1.27116971315676	11	1	sous-entraînement	sous-entraînement	VC à 2 blocs 10	1
#66C2A5	-1.33779124091566	11	1	sous-entraînement	sous-entraînement	VC à 2 blocs 45	1
#66C2A5	-1.10987852742585	11	1	sous-entraînement	sous-entraînement	VC à 2 blocs 46	1
#66C2A5	-1.3941152892502	11	1	sous-entraînement	sous-entraînement	VC à 2 blocs 11	1
#66C2A5	-1.31137860170755	11	1	sous-entraînement	sous-entraînement	VC à 2 blocs 30	1
#66C2A5	-1.58114822110912	11	1	sous-entraînement	sous-entraînement	VC à 2 blocs 47	1
#66C2A5	-1.37240128015809	11	1	sous-entraînement	sous-entraînement	VC à 2 blocs 48	1
#66C2A5	-1.20709553526548	11	1	sous-entraînement	sous-entraînement	VC à 2 blocs 49	1
#66C2A5	-1.38945576117829	11	1	sous-entraînement	sous-entraînement	VC à 2 blocs 80	1
#66C2A5	-1.43043493930954	11	1	sous-entraînement	sous-entraînement	VC à 2 blocs 50	1
#66C2A5	-1.18979709266502	11	1	sous-entraînement	sous-entraînement	VC à 2 blocs 51	1
#66C2A5	-1.24780804669795	11	1	sous-entraînement	sous-entraînement	VC à 2 blocs 12	1
#66C2A5	-1.53572230521733	11	1	sous-entraînement	sous-entraînement	VC à 2 blocs 52	1
#66C2A5	-1.18262775982108	11	1	sous-entraînement	sous-entraînement	VC à 2 blocs 13	1
#66C2A5	-1.53036766240889	11	1	sous-entraînement	sous-entraînement	VC à 2 blocs 14	1
#66C2A5	-1.33750779914314	11	1	sous-entraînement	sous-entraînement	VC à 2 blocs 31	1
#66C2A5	-1.48624989415329	11	1	sous-entraînement	sous-entraînement	VC à 2 blocs 15	1
#66C2A5	-1.24811219911722	11	1	sous-entraînement	sous-entraînement	VC à 2 blocs 74	1
#66C2A5	-1.45059640972826	11	1	sous-entraînement	sous-entraînement	VC à 2 blocs 81	1
#66C2A5	-1.11529264999201	11	1	sous-entraînement	sous-entraînement	VC à 2 blocs 53	1
#66C2A5	-1.33179186789756	11	1	sous-entraînement	sous-entraînement	VC à 2 blocs 96	1
#66C2A5	-1.36272365846505	11	1	sous-entraînement	sous-entraînement	VC à 2 blocs 1	1
#66C2A5	-1.57907286269234	11	1	sous-entraînement	sous-entraînement	VC à 2 blocs 16	1
#66C2A5	-1.46745006021142	11	1	sous-entraînement	sous-entraînement	VC à 2 blocs 54	1
#66C2A5	-1.49177799845693	11	1	sous-entraînement	sous-entraînement	VC à 2 blocs 75	1
#66C2A5	-1.35920266374841	11	1	sous-entraînement	sous-entraînement	VC à 2 blocs 93	1
#66C2A5	-1.42752070894528	11	1	sous-entraînement	sous-entraînement	VC à 2 blocs 55	1
#66C2A5	-1.5998715362983	11	1	sous-entraînement	sous-entraînement	VC à 2 blocs 56	1
#66C2A5	-1.47898618489537	11	1	sous-entraînement	sous-entraînement	VC à 2 blocs 57	1
#66C2A5	-1.42211295903105	11	1	sous-entraînement	sous-entraînement	VC à 2 blocs 58	1
#66C2A5	-1.28592263438382	11	1	sous-entraînement	sous-entraînement	VC à 2 blocs 17	1
#66C2A5	-1.66988160570374	11	1	sous-entraînement	sous-entraînement	VC à 2 blocs 82	1
#66C2A5	-1.63569866733427	11	1	sous-entraînement	sous-entraînement	VC à 2 blocs 59	1
#66C2A5	-1.10586532354952	11	1	sous-entraînement	sous-entraînement	VC à 2 blocs 90	1
#66C2A5	-1.52438149306623	11	1	sous-entraînement	sous-entraînement	VC à 2 blocs 18	1
#66C2A5	-1.16592187864753	11	1	sous-entraînement	sous-entraînement	VC à 2 blocs 2	1
#66C2A5	-1.4521099163797	11	1	sous-entraînement	sous-entraînement	VC à 2 blocs 99	1
#66C2A5	-1.44779008146708	11	1	sous-entraînement	sous-entraînement	VC à 2 blocs 60	1
#66C2A5	-1.39225958024621	11	1	sous-entraînement	sous-entraînement	VC à 2 blocs 61	1
#66C2A5	-1.38117743682193	11	1	sous-entraînement	sous-entraînement	VC à 2 blocs 19	1
#66C2A5	-1.26853470528577	11	1	sous-entraînement	sous-entraînement	VC à 2 blocs 62	1
#66C2A5	-1.44770026492736	11	1	sous-entraînement	sous-entraînement	VC à 2 blocs 63	1
#66C2A5	-1.35410126437718	11	1	sous-entraînement	sous-entraînement	VC à 2 blocs 94	1
#66C2A5	-1.80701508753153	11	1	sous-entraînement	sous-entraînement	VC à 2 blocs 76	1
#66C2A5	-1.26882325762568	11	1	sous-entraînement	sous-entraînement	VC à 2 blocs 3	1
#66C2A5	-1.36959965486009	11	1	sous-entraînement	sous-entraînement	VC à 2 blocs 20	1
#66C2A5	-1.22218289887257	11	1	sous-entraînement	sous-entraînement	VC à 2 blocs 64	1
#66C2A5	-1.49245819602719	11	1	sous-entraînement	sous-entraînement	VC à 2 blocs 21	1
#66C2A5	-1.23177106102191	11	1	sous-entraînement	sous-entraînement	VC à 2 blocs 86	1
#66C2A5	-1.51967251592571	11	1	sous-entraînement	sous-entraînement	VC à 2 blocs 22	1
#66C2A5	-1.54211148622982	11	1	sous-entraînement	sous-entraînement	VC à 2 blocs 65	1
#66C2A5	-1.3167165555405	11	1	sous-entraînement	sous-entraînement	VC à 2 blocs 23	1
#66C2A5	-1.64485783311603	11	1	sous-entraînement	sous-entraînement	VC à 2 blocs 87	1
#66C2A5	-1.56003943811356	11	1	sous-entraînement	sous-entraînement	VC à 2 blocs 24	1
#66C2A5	-1.34954454481144	11	1	sous-entraînement	sous-entraînement	VC à 2 blocs 83	1
#66C2A5	-1.51990202733879	11	1	sous-entraînement	sous-entraînement	VC à 2 blocs 66	1
#66C2A5	-1.31665980756596	11	1	sous-entraînement	sous-entraînement	VC à 2 blocs 67	1
#66C2A5	-1.28539294954898	11	1	sous-entraînement	sous-entraînement	VC à 2 blocs 84	1
#66C2A5	-1.5061546770106	11	1	sous-entraînement	sous-entraînement	VC à 2 blocs 25	1
#66C2A5	-1.49997280512529	11	1	sous-entraînement	sous-entraînement	VC à 2 blocs 68	1
#66C2A5	-1.70744845301233	11	1	sous-entraînement	sous-entraînement	VC à 2 blocs 69	1
#66C2A5	-1.10630014321083	11	1	sous-entraînement	sous-entraînement	VC à 2 blocs 26	1
#66C2A5	-1.36513315801276	11	1	sous-entraînement	sous-entraînement	VC à 2 blocs 100	1
#66C2A5	-1.28211272592064	11	1	sous-entraînement	sous-entraînement	VC à 2 blocs 88	1
#66C2A5	-1.42755850901092	11	1	sous-entraînement	sous-entraînement	VC à 2 blocs 70	1
#66C2A5	-1.50085906662303	11	1	sous-entraînement	sous-entraînement	VC à 2 blocs 27	1
#66C2A5	-1.51019430257378	11	1	sous-entraînement	sous-entraînement	50% validation 87	1
#66C2A5	-1.48869181462937	11	1	sous-entraînement	sous-entraînement	50% validation 6	1
#66C2A5	-1.412353451405	11	1	sous-entraînement	sous-entraînement	50% validation 28	1
#66C2A5	-1.85020262741175	11	1	sous-entraînement	sous-entraînement	50% validation 22	1
#66C2A5	-1.54862478943942	11	1	sous-entraînement	sous-entraînement	50% validation 23	1
#66C2A5	-1.50826148379317	11	1	sous-entraînement	sous-entraînement	50% validation 69	1
#66C2A5	-1.52837370899536	11	1	sous-entraînement	sous-entraînement	50% validation 7	1
#66C2A5	-1.25205368942847	11	1	sous-entraînement	sous-entraînement	50% validation 91	1
#66C2A5	-1.49834220801231	11	1	sous-entraînement	sous-entraînement	50% validation 24	1
#66C2A5	-1.50328400434746	11	1	sous-entraînement	sous-entraînement	50% validation 70	1
#66C2A5	-1.33357506801235	11	1	sous-entraînement	sous-entraînement	50% validation 93	1
#66C2A5	-1.62995802822503	11	1	sous-entraînement	sous-entraînement	50% validation 71	1
#66C2A5	-1.21229163126552	11	1	sous-entraînement	sous-entraînement	50% validation 8	1
#66C2A5	-1.45137114085088	11	1	sous-entraînement	sous-entraînement	50% validation 25	1
#66C2A5	-1.58468266295063	11	1	sous-entraînement	sous-entraînement	50% validation 29	1
#66C2A5	-1.31009196349931	11	1	sous-entraînement	sous-entraînement	50% validation 30	1
#66C2A5	-1.394292045123	11	1	sous-entraînement	sous-entraînement	50% validation 9	1
#66C2A5	-1.36341518765761	11	1	sous-entraînement	sous-entraînement	50% validation 10	1
#66C2A5	-1.27387854416057	11	1	sous-entraînement	sous-entraînement	50% validation 31	1
#66C2A5	-1.47452365090847	11	1	sous-entraînement	sous-entraînement	50% validation 32	1
#66C2A5	-1.7048779536686	11	1	sous-entraînement	sous-entraînement	50% validation 1	1
#66C2A5	-1.39011985655287	11	1	sous-entraînement	sous-entraînement	50% validation 74	1
#66C2A5	-1.38864700796776	11	1	sous-entraînement	sous-entraînement	50% validation 33	1
#66C2A5	-1.38432935501773	11	1	sous-entraînement	sous-entraînement	50% validation 11	1
#66C2A5	-1.28053786925865	11	1	sous-entraînement	sous-entraînement	50% validation 72	1
#66C2A5	-1.28672848717908	11	1	sous-entraînement	sous-entraînement	50% validation 12	1
#66C2A5	-1.32872810060923	11	1	sous-entraînement	sous-entraînement	50% validation 34	1
#66C2A5	-1.63069679984357	11	1	sous-entraînement	sous-entraînement	50% validation 86	1
#66C2A5	-1.4585322137154	11	1	sous-entraînement	sous-entraînement	50% validation 35	1
#66C2A5	-1.21208104973851	11	1	sous-entraînement	sous-entraînement	50% validation 36	1
#66C2A5	-1.39167591966206	11	1	sous-entraînement	sous-entraînement	50% validation 37	1
#66C2A5	-1.52427795600875	11	1	sous-entraînement	sous-entraînement	50% validation 38	1
#66C2A5	-1.22098149693704	11	1	sous-entraînement	sous-entraînement	50% validation 59	1
#66C2A5	-1.40359398590395	11	1	sous-entraînement	sous-entraînement	50% validation 60	1
#66C2A5	-1.49665947070866	11	1	sous-entraînement	sous-entraînement	50% validation 39	1
#66C2A5	-1.38019516000215	11	1	sous-entraînement	sous-entraînement	50% validation 40	1
#66C2A5	-1.53092020975868	11	1	sous-entraînement	sous-entraînement	50% validation 41	1
#66C2A5	-1.42013048502919	11	1	sous-entraînement	sous-entraînement	50% validation 92	1
#66C2A5	-1.46973817147372	11	1	sous-entraînement	sous-entraînement	50% validation 42	1
#66C2A5	-1.44082342621346	11	1	sous-entraînement	sous-entraînement	50% validation 43	1
#66C2A5	-1.30037763229455	11	1	sous-entraînement	sous-entraînement	50% validation 44	1
#66C2A5	-1.50429375731885	11	1	sous-entraînement	sous-entraînement	50% validation 45	1
#66C2A5	-1.60009693372255	11	1	sous-entraînement	sous-entraînement	50% validation 13	1
#66C2A5	-1.35800198003196	11	1	sous-entraînement	sous-entraînement	50% validation 99	1
#66C2A5	-1.5576340004973	11	1	sous-entraînement	sous-entraînement	50% validation 61	1
#66C2A5	-1.56946802495445	11	1	sous-entraînement	sous-entraînement	50% validation 14	1
#66C2A5	-1.21025045987353	11	1	sous-entraînement	sous-entraînement	50% validation 2	1
#66C2A5	-1.0750618280037	11	1	sous-entraînement	sous-entraînement	50% validation 46	1
#66C2A5	-1.55872847234031	11	1	sous-entraînement	sous-entraînement	50% validation 75	1
#66C2A5	-1.48789605205162	11	1	sous-entraînement	sous-entraînement	50% validation 3	1
#66C2A5	-1.46757780973763	11	1	sous-entraînement	sous-entraînement	50% validation 47	1
#66C2A5	-1.93738697043491	11	1	sous-entraînement	sous-entraînement	50% validation 76	1
#66C2A5	-1.38718568704317	11	1	sous-entraînement	sous-entraînement	50% validation 97	1
#66C2A5	-1.3993767392655	11	1	sous-entraînement	sous-entraînement	50% validation 88	1
#66C2A5	-1.46652794042559	11	1	sous-entraînement	sous-entraînement	50% validation 62	1
#66C2A5	-1.50702788283506	11	1	sous-entraînement	sous-entraînement	50% validation 95	1
#66C2A5	-1.45728082402396	11	1	sous-entraînement	sous-entraînement	50% validation 48	1
#66C2A5	-1.13448938243	11	1	sous-entraînement	sous-entraînement	50% validation 49	1
#66C2A5	-1.41368463192391	11	1	sous-entraînement	sous-entraînement	50% validation 15	1
#66C2A5	-1.39510223513509	11	1	sous-entraînement	sous-entraînement	50% validation 16	1
#66C2A5	-1.3301726163347	11	1	sous-entraînement	sous-entraînement	50% validation 17	1
#66C2A5	-1.34389559241979	11	1	sous-entraînement	sous-entraînement	50% validation 63	1
#66C2A5	-1.63059484295206	11	1	sous-entraînement	sous-entraînement	50% validation 64	1
#66C2A5	-1.54887668295588	11	1	sous-entraînement	sous-entraînement	50% validation 26	1
#66C2A5	-1.30945283208423	11	1	sous-entraînement	sous-entraînement	50% validation 65	1
#66C2A5	-1.34248008332281	11	1	sous-entraînement	sous-entraînement	50% validation 77	1
#66C2A5	-1.15333408327756	11	1	sous-entraînement	sous-entraînement	50% validation 50	1
#66C2A5	-1.50545254078338	11	1	sous-entraînement	sous-entraînement	50% validation 18	1
#66C2A5	-1.42545911467827	11	1	sous-entraînement	sous-entraînement	50% validation 96	1
#66C2A5	-1.41741932183554	11	1	sous-entraînement	sous-entraînement	50% validation 51	1
#66C2A5	-1.52567285626994	11	1	sous-entraînement	sous-entraînement	50% validation 52	1
#66C2A5	-1.10958447771945	11	1	sous-entraînement	sous-entraînement	50% validation 78	1
#66C2A5	-1.47506976617422	11	1	sous-entraînement	sous-entraînement	50% validation 53	1
#66C2A5	-1.40028992304711	11	1	sous-entraînement	sous-entraînement	50% validation 19	1
#66C2A5	-1.28510009747767	11	1	sous-entraînement	sous-entraînement	50% validation 73	1
#66C2A5	-1.48263415361883	11	1	sous-entraînement	sous-entraînement	50% validation 54	1
#66C2A5	-1.30244550645527	11	1	sous-entraînement	sous-entraînement	50% validation 4	1
#66C2A5	-1.28349034525439	11	1	sous-entraînement	sous-entraînement	50% validation 55	1
#66C2A5	-1.35011840471212	11	1	sous-entraînement	sous-entraînement	50% validation 5	1
#66C2A5	-1.41078550420539	11	1	sous-entraînement	sous-entraînement	50% validation 98	1
#66C2A5	-1.3022729191657	11	1	sous-entraînement	sous-entraînement	50% validation 66	1
#66C2A5	-1.39225915201326	11	1	sous-entraînement	sous-entraînement	50% validation 89	1
#66C2A5	-1.57149353727366	11	1	sous-entraînement	sous-entraînement	50% validation 79	1
#66C2A5	-1.43591073437608	11	1	sous-entraînement	sous-entraînement	50% validation 94	1
#66C2A5	-1.51717453865483	11	1	sous-entraînement	sous-entraînement	50% validation 80	1
#66C2A5	-1.47598346190858	11	1	sous-entraînement	sous-entraînement	50% validation 81	1
#66C2A5	-1.36283788692082	11	1	sous-entraînement	sous-entraînement	50% validation 20	1
#66C2A5	-1.1688787756189	11	1	sous-entraînement	sous-entraînement	50% validation 21	1
#66C2A5	-1.24470292235872	11	1	sous-entraînement	sous-entraînement	50% validation 56	1
#66C2A5	-1.62519387074349	11	1	sous-entraînement	sous-entraînement	50% validation 82	1
#66C2A5	-1.13653819692918	11	1	sous-entraînement	sous-entraînement	50% validation 67	1
#66C2A5	-1.29428797292104	11	1	sous-entraînement	sous-entraînement	50% validation 57	1
#66C2A5	-1.11119843796003	11	1	sous-entraînement	sous-entraînement	50% validation 27	1
#66C2A5	-1.63386598044157	11	1	sous-entraînement	sous-entraînement	50% validation 83	1
#66C2A5	-1.33331245909231	11	1	sous-entraînement	sous-entraînement	50% validation 58	1
#66C2A5	-1.58230790562691	11	1	sous-entraînement	sous-entraînement	50% validation 100	1
#66C2A5	-1.44700666555595	11	1	sous-entraînement	sous-entraînement	50% validation 68	1
#66C2A5	-1.21345358010459	11	1	sous-entraînement	sous-entraînement	50% validation 85	1
#66C2A5	-1.26691810428051	11	1	sous-entraînement	sous-entraînement	50% validation 90	1
#66C2A5	-1.33499225475696	11	1	sous-entraînement	sous-entraînement	50% validation 84	1
#66C2A5	-1.69440528132723	12	1	sous-entraînement	sous-entraînement	VC à 2 blocs 32	1
#66C2A5	-1.40044442712028	12	1	sous-entraînement	sous-entraînement	VC à 2 blocs 33	1
#66C2A5	-1.5236576010452	12	1	sous-entraînement	sous-entraînement	VC à 2 blocs 85	1
#66C2A5	-1.45200540057591	12	1	sous-entraînement	sous-entraînement	VC à 2 blocs 77	1
#66C2A5	-1.61870939048715	12	1	sous-entraînement	sous-entraînement	VC à 2 blocs 4	1
#66C2A5	-1.48235131025022	12	1	sous-entraînement	sous-entraînement	VC à 2 blocs 34	1
#66C2A5	-1.83061970789378	12	1	sous-entraînement	sous-entraînement	VC à 2 blocs 28	1
#66C2A5	-1.43336017367359	12	1	sous-entraînement	sous-entraînement	VC à 2 blocs 78	1
#66C2A5	-1.68030694774383	12	1	sous-entraînement	sous-entraînement	VC à 2 blocs 35	1
#66C2A5	-1.2521573764442	12	1	sous-entraînement	sous-entraînement	VC à 2 blocs 5	1
#66C2A5	-1.32426279944993	12	1	sous-entraînement	sous-entraînement	VC à 2 blocs 36	1
#66C2A5	-1.72592112305539	12	1	sous-entraînement	sous-entraînement	VC à 2 blocs 6	1
#66C2A5	-1.38645551386115	12	1	sous-entraînement	sous-entraînement	VC à 2 blocs 37	1
#66C2A5	-1.50595667798452	12	1	sous-entraînement	sous-entraînement	VC à 2 blocs 91	1
#66C2A5	-1.39902697969592	12	1	sous-entraînement	sous-entraînement	VC à 2 blocs 38	1
#66C2A5	-1.56773052833395	12	1	sous-entraînement	sous-entraînement	VC à 2 blocs 39	1
#66C2A5	-1.57453887209113	12	1	sous-entraînement	sous-entraînement	VC à 2 blocs 7	1
#66C2A5	-1.66689759641044	12	1	sous-entraînement	sous-entraînement	VC à 2 blocs 92	1
#66C2A5	-1.53366241392394	12	1	sous-entraînement	sous-entraînement	VC à 2 blocs 79	1
#66C2A5	-1.50964176980563	12	1	sous-entraînement	sous-entraînement	VC à 2 blocs 98	1
#66C2A5	-1.65749748492718	12	1	sous-entraînement	sous-entraînement	VC à 2 blocs 40	1
#66C2A5	-1.19272939496144	12	1	sous-entraînement	sous-entraînement	VC à 2 blocs 97	1
#66C2A5	-1.75866321857669	12	1	sous-entraînement	sous-entraînement	VC à 2 blocs 71	1
#66C2A5	-1.31005740203724	12	1	sous-entraînement	sous-entraînement	VC à 2 blocs 8	1
#66C2A5	-1.54057952347622	12	1	sous-entraînement	sous-entraînement	VC à 2 blocs 41	1
#66C2A5	-1.49515721655013	12	1	sous-entraînement	sous-entraînement	VC à 2 blocs 9	1
#66C2A5	-1.56213140685596	12	1	sous-entraînement	sous-entraînement	VC à 2 blocs 42	1
#66C2A5	-1.39119971475817	12	1	sous-entraînement	sous-entraînement	VC à 2 blocs 89	1
#66C2A5	-1.52905900387822	12	1	sous-entraînement	sous-entraînement	VC à 2 blocs 29	1
#66C2A5	-1.3345558949163	12	1	sous-entraînement	sous-entraînement	VC à 2 blocs 43	1
#66C2A5	-1.36976759444488	12	1	sous-entraînement	sous-entraînement	VC à 2 blocs 44	1
#66C2A5	-1.68211195370347	12	1	sous-entraînement	sous-entraînement	VC à 2 blocs 72	1
#66C2A5	-1.43734239661809	12	1	sous-entraînement	sous-entraînement	VC à 2 blocs 95	1
#66C2A5	-1.41875760601729	12	1	sous-entraînement	sous-entraînement	VC à 2 blocs 73	1
#66C2A5	-1.32791814178809	12	1	sous-entraînement	sous-entraînement	VC à 2 blocs 10	1
#66C2A5	-1.52606291463521	12	1	sous-entraînement	sous-entraînement	VC à 2 blocs 45	1
#66C2A5	-1.22487246192973	12	1	sous-entraînement	sous-entraînement	VC à 2 blocs 46	1
#66C2A5	-1.44824627436676	12	1	sous-entraînement	sous-entraînement	VC à 2 blocs 11	1
#66C2A5	-1.40320250641805	12	1	sous-entraînement	sous-entraînement	VC à 2 blocs 30	1
#66C2A5	-1.67526952022649	12	1	sous-entraînement	sous-entraînement	VC à 2 blocs 47	1
#66C2A5	-1.46945153953716	12	1	sous-entraînement	sous-entraînement	VC à 2 blocs 48	1
#66C2A5	-1.26547794716825	12	1	sous-entraînement	sous-entraînement	VC à 2 blocs 49	1
#66C2A5	-1.45984019883579	12	1	sous-entraînement	sous-entraînement	VC à 2 blocs 80	1
#66C2A5	-1.52009265355026	12	1	sous-entraînement	sous-entraînement	VC à 2 blocs 50	1
#66C2A5	-1.28483236731721	12	1	sous-entraînement	sous-entraînement	VC à 2 blocs 51	1
#66C2A5	-1.31596542218433	12	1	sous-entraînement	sous-entraînement	VC à 2 blocs 12	1
#66C2A5	-1.70107158826089	12	1	sous-entraînement	sous-entraînement	VC à 2 blocs 52	1
#66C2A5	-1.2916575892078	12	1	sous-entraînement	sous-entraînement	VC à 2 blocs 13	1
#66C2A5	-1.63369192336682	12	1	sous-entraînement	sous-entraînement	VC à 2 blocs 14	1
#66C2A5	-1.62034008258906	12	1	sous-entraînement	sous-entraînement	VC à 2 blocs 31	1
#66C2A5	-1.69416915824838	12	1	sous-entraînement	sous-entraînement	VC à 2 blocs 15	1
#66C2A5	-1.33545500622085	12	1	sous-entraînement	sous-entraînement	VC à 2 blocs 74	1
#66C2A5	-1.542952197775	12	1	sous-entraînement	sous-entraînement	VC à 2 blocs 81	1
#66C2A5	-1.2566023722709	12	1	sous-entraînement	sous-entraînement	VC à 2 blocs 53	1
#66C2A5	-1.40851027725972	12	1	sous-entraînement	sous-entraînement	VC à 2 blocs 96	1
#66C2A5	-1.43586195486469	12	1	sous-entraînement	sous-entraînement	VC à 2 blocs 1	1
#66C2A5	-1.65861102590052	12	1	sous-entraînement	sous-entraînement	VC à 2 blocs 16	1
#66C2A5	-1.60590699129956	12	1	sous-entraînement	sous-entraînement	VC à 2 blocs 54	1
#66C2A5	-1.57456454203786	12	1	sous-entraînement	sous-entraînement	VC à 2 blocs 75	1
#66C2A5	-1.45039970501558	12	1	sous-entraînement	sous-entraînement	VC à 2 blocs 93	1
#66C2A5	-1.52303354213404	12	1	sous-entraînement	sous-entraînement	VC à 2 blocs 55	1
#66C2A5	-1.6686509614724	12	1	sous-entraînement	sous-entraînement	VC à 2 blocs 56	1
#66C2A5	-1.57851973225391	12	1	sous-entraînement	sous-entraînement	VC à 2 blocs 57	1
#66C2A5	-1.48269693260453	12	1	sous-entraînement	sous-entraînement	VC à 2 blocs 58	1
#66C2A5	-1.41122700934449	12	1	sous-entraînement	sous-entraînement	VC à 2 blocs 17	1
#66C2A5	-1.77281033479553	12	1	sous-entraînement	sous-entraînement	VC à 2 blocs 82	1
#66C2A5	-1.71048493384933	12	1	sous-entraînement	sous-entraînement	VC à 2 blocs 59	1
#66C2A5	-1.2409337068312	12	1	sous-entraînement	sous-entraînement	VC à 2 blocs 90	1
#66C2A5	-1.61485390404816	12	1	sous-entraînement	sous-entraînement	VC à 2 blocs 18	1
#66C2A5	-1.4516145835708	12	1	sous-entraînement	sous-entraînement	VC à 2 blocs 2	1
#66C2A5	-1.55188517901264	12	1	sous-entraînement	sous-entraînement	VC à 2 blocs 99	1
#66C2A5	-1.5423969592077	12	1	sous-entraînement	sous-entraînement	VC à 2 blocs 60	1
#66C2A5	-1.4544043507222	12	1	sous-entraînement	sous-entraînement	VC à 2 blocs 61	1
#66C2A5	-1.48513422636247	12	1	sous-entraînement	sous-entraînement	VC à 2 blocs 19	1
#66C2A5	-1.41278625144368	12	1	sous-entraînement	sous-entraînement	VC à 2 blocs 62	1
#66C2A5	-1.54484897019127	12	1	sous-entraînement	sous-entraînement	VC à 2 blocs 63	1
#66C2A5	-1.42073334996882	12	1	sous-entraînement	sous-entraînement	VC à 2 blocs 94	1
#66C2A5	-1.90959091496604	12	1	sous-entraînement	sous-entraînement	VC à 2 blocs 76	1
#66C2A5	-1.33406420682721	12	1	sous-entraînement	sous-entraînement	VC à 2 blocs 3	1
#66C2A5	-1.45763619829549	12	1	sous-entraînement	sous-entraînement	VC à 2 blocs 20	1
#66C2A5	-1.35385364039287	12	1	sous-entraînement	sous-entraînement	VC à 2 blocs 64	1
#66C2A5	-1.56758763616448	12	1	sous-entraînement	sous-entraînement	VC à 2 blocs 21	1
#66C2A5	-1.33772242218217	12	1	sous-entraînement	sous-entraînement	VC à 2 blocs 86	1
#66C2A5	-1.59694812813581	12	1	sous-entraînement	sous-entraînement	VC à 2 blocs 22	1
#66C2A5	-1.68086303633405	12	1	sous-entraînement	sous-entraînement	VC à 2 blocs 65	1
#66C2A5	-1.3988662329895	12	1	sous-entraînement	sous-entraînement	VC à 2 blocs 23	1
#66C2A5	-1.77506877247899	12	1	sous-entraînement	sous-entraînement	VC à 2 blocs 87	1
#66C2A5	-1.66471372791986	12	1	sous-entraînement	sous-entraînement	VC à 2 blocs 24	1
#66C2A5	-1.4258631824133	12	1	sous-entraînement	sous-entraînement	VC à 2 blocs 83	1
#66C2A5	-1.60668411740645	12	1	sous-entraînement	sous-entraînement	VC à 2 blocs 66	1
#66C2A5	-1.51745371945738	12	1	sous-entraînement	sous-entraînement	VC à 2 blocs 67	1
#66C2A5	-1.37884148060434	12	1	sous-entraînement	sous-entraînement	VC à 2 blocs 84	1
#66C2A5	-1.72877576978885	12	1	sous-entraînement	sous-entraînement	VC à 2 blocs 25	1
#66C2A5	-1.57633285612025	12	1	sous-entraînement	sous-entraînement	VC à 2 blocs 68	1
#66C2A5	-1.84861558180346	12	1	sous-entraînement	sous-entraînement	VC à 2 blocs 69	1
#66C2A5	-1.19496394956365	12	1	sous-entraînement	sous-entraînement	VC à 2 blocs 26	1
#66C2A5	-1.43549730611542	12	1	sous-entraînement	sous-entraînement	VC à 2 blocs 100	1
#66C2A5	-1.39416731564913	12	1	sous-entraînement	sous-entraînement	VC à 2 blocs 88	1
#66C2A5	-1.54773216059989	12	1	sous-entraînement	sous-entraînement	VC à 2 blocs 70	1
#66C2A5	-1.6194712399137	12	1	sous-entraînement	sous-entraînement	VC à 2 blocs 27	1
#66C2A5	-1.58839421102606	12	1	sous-entraînement	sous-entraînement	50% validation 87	1
#66C2A5	-1.56311360144292	12	1	sous-entraînement	sous-entraînement	50% validation 6	1
#66C2A5	-1.51060562152726	12	1	sous-entraînement	sous-entraînement	50% validation 28	1
#66C2A5	-1.91849676789799	12	1	sous-entraînement	sous-entraînement	50% validation 22	1
#66C2A5	-1.71207738825764	12	1	sous-entraînement	sous-entraînement	50% validation 23	1
#66C2A5	-1.58733471063838	12	1	sous-entraînement	sous-entraînement	50% validation 69	1
#66C2A5	-1.58989710743579	12	1	sous-entraînement	sous-entraînement	50% validation 7	1
#66C2A5	-1.36002493230204	12	1	sous-entraînement	sous-entraînement	50% validation 91	1
#66C2A5	-1.55295680434404	12	1	sous-entraînement	sous-entraînement	50% validation 24	1
#66C2A5	-1.58936410303807	12	1	sous-entraînement	sous-entraînement	50% validation 70	1
#66C2A5	-1.39054293752006	12	1	sous-entraînement	sous-entraînement	50% validation 93	1
#66C2A5	-1.69130005289219	12	1	sous-entraînement	sous-entraînement	50% validation 71	1
#66C2A5	-1.28307804716212	12	1	sous-entraînement	sous-entraînement	50% validation 8	1
#66C2A5	-1.55342117228313	12	1	sous-entraînement	sous-entraînement	50% validation 25	1
#66C2A5	-1.64701960390662	12	1	sous-entraînement	sous-entraînement	50% validation 29	1
#66C2A5	-1.35797039399275	12	1	sous-entraînement	sous-entraînement	50% validation 30	1
#66C2A5	-1.50703570617331	12	1	sous-entraînement	sous-entraînement	50% validation 9	1
#66C2A5	-1.42165233872643	12	1	sous-entraînement	sous-entraînement	50% validation 10	1
#66C2A5	-1.34373254952043	12	1	sous-entraînement	sous-entraînement	50% validation 31	1
#66C2A5	-1.56291542658569	12	1	sous-entraînement	sous-entraînement	50% validation 32	1
#66C2A5	-1.80629154137866	12	1	sous-entraînement	sous-entraînement	50% validation 1	1
#66C2A5	-1.51858859680437	12	1	sous-entraînement	sous-entraînement	50% validation 74	1
#66C2A5	-1.49231795208865	12	1	sous-entraînement	sous-entraînement	50% validation 33	1
#66C2A5	-1.44508354214702	12	1	sous-entraînement	sous-entraînement	50% validation 11	1
#66C2A5	-1.38706326885859	12	1	sous-entraînement	sous-entraînement	50% validation 72	1
#66C2A5	-1.40917633063423	12	1	sous-entraînement	sous-entraînement	50% validation 12	1
#66C2A5	-1.38258451060427	12	1	sous-entraînement	sous-entraînement	50% validation 34	1
#66C2A5	-1.72211002532262	12	1	sous-entraînement	sous-entraînement	50% validation 86	1
#66C2A5	-1.55932769687117	12	1	sous-entraînement	sous-entraînement	50% validation 35	1
#66C2A5	-1.32772198874396	12	1	sous-entraînement	sous-entraînement	50% validation 36	1
#66C2A5	-1.51289286910538	12	1	sous-entraînement	sous-entraînement	50% validation 37	1
#66C2A5	-1.58689142516776	12	1	sous-entraînement	sous-entraînement	50% validation 38	1
#66C2A5	-1.41093132617594	12	1	sous-entraînement	sous-entraînement	50% validation 59	1
#66C2A5	-1.47681446417607	12	1	sous-entraînement	sous-entraînement	50% validation 60	1
#66C2A5	-1.56815306188096	12	1	sous-entraînement	sous-entraînement	50% validation 39	1
#66C2A5	-1.44960900304443	12	1	sous-entraînement	sous-entraînement	50% validation 40	1
#66C2A5	-1.59879712551362	12	1	sous-entraînement	sous-entraînement	50% validation 41	1
#66C2A5	-1.46520747650568	12	1	sous-entraînement	sous-entraînement	50% validation 92	1
#66C2A5	-1.55673798611414	12	1	sous-entraînement	sous-entraînement	50% validation 42	1
#66C2A5	-1.57572325310486	12	1	sous-entraînement	sous-entraînement	50% validation 43	1
#66C2A5	-1.3959228854724	12	1	sous-entraînement	sous-entraînement	50% validation 44	1
#66C2A5	-1.68061740719304	12	1	sous-entraînement	sous-entraînement	50% validation 45	1
#66C2A5	-1.72266660783844	12	1	sous-entraînement	sous-entraînement	50% validation 13	1
#66C2A5	-1.45386149035169	12	1	sous-entraînement	sous-entraînement	50% validation 99	1
#66C2A5	-1.66858330192984	12	1	sous-entraînement	sous-entraînement	50% validation 61	1
#66C2A5	-1.67017454379853	12	1	sous-entraînement	sous-entraînement	50% validation 14	1
#66C2A5	-1.33273324502519	12	1	sous-entraînement	sous-entraînement	50% validation 2	1
#66C2A5	-1.21124817268009	12	1	sous-entraînement	sous-entraînement	50% validation 46	1
#66C2A5	-1.66820575884095	12	1	sous-entraînement	sous-entraînement	50% validation 75	1
#66C2A5	-1.59292142498639	12	1	sous-entraînement	sous-entraînement	50% validation 3	1
#66C2A5	-1.54228022076424	12	1	sous-entraînement	sous-entraînement	50% validation 47	1
#66C2A5	-2.04403867610707	12	1	sous-entraînement	sous-entraînement	50% validation 76	1
#66C2A5	-1.47616195822404	12	1	sous-entraînement	sous-entraînement	50% validation 97	1
#66C2A5	-1.49107278527833	12	1	sous-entraînement	sous-entraînement	50% validation 88	1
#66C2A5	-1.5341696895995	12	1	sous-entraînement	sous-entraînement	50% validation 62	1
#66C2A5	-1.60275101114326	12	1	sous-entraînement	sous-entraînement	50% validation 95	1
#66C2A5	-1.52197805231251	12	1	sous-entraînement	sous-entraînement	50% validation 48	1
#66C2A5	-1.2783894711398	12	1	sous-entraînement	sous-entraînement	50% validation 49	1
#66C2A5	-1.48388042390583	12	1	sous-entraînement	sous-entraînement	50% validation 15	1
#66C2A5	-1.48129396600496	12	1	sous-entraînement	sous-entraînement	50% validation 16	1
#66C2A5	-1.41341690094239	12	1	sous-entraînement	sous-entraînement	50% validation 17	1
#66C2A5	-1.43829616012686	12	1	sous-entraînement	sous-entraînement	50% validation 63	1
#66C2A5	-1.72322280630648	12	1	sous-entraînement	sous-entraînement	50% validation 64	1
#66C2A5	-1.62628932460371	12	1	sous-entraînement	sous-entraînement	50% validation 26	1
#66C2A5	-1.40186745453369	12	1	sous-entraînement	sous-entraînement	50% validation 65	1
#66C2A5	-1.41722471293172	12	1	sous-entraînement	sous-entraînement	50% validation 77	1
#66C2A5	-1.220061918954	12	1	sous-entraînement	sous-entraînement	50% validation 50	1
#66C2A5	-1.65371266243274	12	1	sous-entraînement	sous-entraînement	50% validation 18	1
#66C2A5	-1.48968832754696	12	1	sous-entraînement	sous-entraînement	50% validation 96	1
#66C2A5	-1.47972512165808	12	1	sous-entraînement	sous-entraînement	50% validation 51	1
#66C2A5	-1.59473131377417	12	1	sous-entraînement	sous-entraînement	50% validation 52	1
#66C2A5	-1.24871892225253	12	1	sous-entraînement	sous-entraînement	50% validation 78	1
#66C2A5	-1.54699203213805	12	1	sous-entraînement	sous-entraînement	50% validation 53	1
#66C2A5	-1.46261596014936	12	1	sous-entraînement	sous-entraînement	50% validation 19	1
#66C2A5	-1.35189756833919	12	1	sous-entraînement	sous-entraînement	50% validation 73	1
#66C2A5	-1.54020362054032	12	1	sous-entraînement	sous-entraînement	50% validation 54	1
#66C2A5	-1.36324628406059	12	1	sous-entraînement	sous-entraînement	50% validation 4	1
#66C2A5	-1.39890218103011	12	1	sous-entraînement	sous-entraînement	50% validation 55	1
#66C2A5	-1.40382524140274	12	1	sous-entraînement	sous-entraînement	50% validation 5	1
#66C2A5	-1.47848492198261	12	1	sous-entraînement	sous-entraînement	50% validation 98	1
#66C2A5	-1.37172004405591	12	1	sous-entraînement	sous-entraînement	50% validation 66	1
#66C2A5	-1.47782923050744	12	1	sous-entraînement	sous-entraînement	50% validation 89	1
#66C2A5	-1.72920483019679	12	1	sous-entraînement	sous-entraînement	50% validation 79	1
#66C2A5	-1.48082026472587	12	1	sous-entraînement	sous-entraînement	50% validation 94	1
#66C2A5	-1.60869522915978	12	1	sous-entraînement	sous-entraînement	50% validation 80	1
#66C2A5	-1.54888844455413	12	1	sous-entraînement	sous-entraînement	50% validation 81	1
#66C2A5	-1.48949319075434	12	1	sous-entraînement	sous-entraînement	50% validation 20	1
#66C2A5	-1.21128714372261	12	1	sous-entraînement	sous-entraînement	50% validation 21	1
#66C2A5	-1.3297526015368	12	1	sous-entraînement	sous-entraînement	50% validation 56	1
#66C2A5	-1.68930772533278	12	1	sous-entraînement	sous-entraînement	50% validation 82	1
#66C2A5	-1.35607326984249	12	1	sous-entraînement	sous-entraînement	50% validation 67	1
#66C2A5	-1.38432584231128	12	1	sous-entraînement	sous-entraînement	50% validation 57	1
#66C2A5	-1.18103439971693	12	1	sous-entraînement	sous-entraînement	50% validation 27	1
#66C2A5	-1.71321138901733	12	1	sous-entraînement	sous-entraînement	50% validation 83	1
#66C2A5	-1.45116813177428	12	1	sous-entraînement	sous-entraînement	50% validation 58	1
#66C2A5	-1.6841939707847	12	1	sous-entraînement	sous-entraînement	50% validation 100	1
#66C2A5	-1.64229573219925	12	1	sous-entraînement	sous-entraînement	50% validation 68	1
#66C2A5	-1.3078090972253	12	1	sous-entraînement	sous-entraînement	50% validation 85	1
#66C2A5	-1.34452048555799	12	1	sous-entraînement	sous-entraînement	50% validation 90	1
#66C2A5	-1.42414198150951	12	1	sous-entraînement	sous-entraînement	50% validation 84	1
#66C2A5	-1.86083886594584	13	1	sous-entraînement	sous-entraînement	VC à 2 blocs 32	1
#66C2A5	-1.4539295899876	13	1	sous-entraînement	sous-entraînement	VC à 2 blocs 33	1
#66C2A5	-1.64212948337013	13	1	sous-entraînement	sous-entraînement	VC à 2 blocs 85	1
#66C2A5	-1.62864297386135	13	1	sous-entraînement	sous-entraînement	VC à 2 blocs 77	1
#66C2A5	-1.71148524732017	13	1	sous-entraînement	sous-entraînement	VC à 2 blocs 4	1
#66C2A5	-1.57800914109134	13	1	sous-entraînement	sous-entraînement	VC à 2 blocs 34	1
#66C2A5	-1.90202228861934	13	1	sous-entraînement	sous-entraînement	VC à 2 blocs 28	1
#66C2A5	-1.55110579132383	13	1	sous-entraînement	sous-entraînement	VC à 2 blocs 78	1
#66C2A5	-1.83343595422528	13	1	sous-entraînement	sous-entraînement	VC à 2 blocs 35	1
#66C2A5	-1.42699284768749	13	1	sous-entraînement	sous-entraînement	VC à 2 blocs 5	1
#66C2A5	-1.45967118658063	13	1	sous-entraînement	sous-entraînement	VC à 2 blocs 36	1
#66C2A5	-1.80499542947115	13	1	sous-entraînement	sous-entraînement	VC à 2 blocs 6	1
#66C2A5	-1.47020858471084	13	1	sous-entraînement	sous-entraînement	VC à 2 blocs 37	1
#66C2A5	-1.54923135160141	13	1	sous-entraînement	sous-entraînement	VC à 2 blocs 91	1
#66C2A5	-1.49635767457272	13	1	sous-entraînement	sous-entraînement	VC à 2 blocs 38	1
#66C2A5	-1.64919936120738	13	1	sous-entraînement	sous-entraînement	VC à 2 blocs 39	1
#66C2A5	-1.66883103889563	13	1	sous-entraînement	sous-entraînement	VC à 2 blocs 7	1
#66C2A5	-1.75107516488654	13	1	sous-entraînement	sous-entraînement	VC à 2 blocs 92	1
#66C2A5	-1.66506968741652	13	1	sous-entraînement	sous-entraînement	VC à 2 blocs 79	1
#66C2A5	-1.61122907140059	13	1	sous-entraînement	sous-entraînement	VC à 2 blocs 98	1
#66C2A5	-1.79652405921697	13	1	sous-entraînement	sous-entraînement	VC à 2 blocs 40	1
#66C2A5	-1.24431523406467	13	1	sous-entraînement	sous-entraînement	VC à 2 blocs 97	1
#66C2A5	-1.82633465498042	13	1	sous-entraînement	sous-entraînement	VC à 2 blocs 71	1
#66C2A5	-1.39481206648782	13	1	sous-entraînement	sous-entraînement	VC à 2 blocs 8	1
#66C2A5	-1.62014862229429	13	1	sous-entraînement	sous-entraînement	VC à 2 blocs 41	1
#66C2A5	-1.56625907865512	13	1	sous-entraînement	sous-entraînement	VC à 2 blocs 9	1
#66C2A5	-1.60558571915951	13	1	sous-entraînement	sous-entraînement	VC à 2 blocs 42	1
#66C2A5	-1.46475693245289	13	1	sous-entraînement	sous-entraînement	VC à 2 blocs 89	1
#66C2A5	-1.64240174826118	13	1	sous-entraînement	sous-entraînement	VC à 2 blocs 29	1
#66C2A5	-1.40354155508321	13	1	sous-entraînement	sous-entraînement	VC à 2 blocs 43	1
#66C2A5	-1.44139915309773	13	1	sous-entraînement	sous-entraînement	VC à 2 blocs 44	1
#66C2A5	-1.79260214912522	13	1	sous-entraînement	sous-entraînement	VC à 2 blocs 72	1
#66C2A5	-1.58503638634799	13	1	sous-entraînement	sous-entraînement	VC à 2 blocs 95	1
#66C2A5	-1.5121416746347	13	1	sous-entraînement	sous-entraînement	VC à 2 blocs 73	1
#66C2A5	-1.47673507034563	13	1	sous-entraînement	sous-entraînement	VC à 2 blocs 10	1
#66C2A5	-1.61019384251105	13	1	sous-entraînement	sous-entraînement	VC à 2 blocs 45	1
#66C2A5	-1.30850610529784	13	1	sous-entraînement	sous-entraînement	VC à 2 blocs 46	1
#66C2A5	-1.50867948733438	13	1	sous-entraînement	sous-entraînement	VC à 2 blocs 11	1
#66C2A5	-1.52999502195924	13	1	sous-entraînement	sous-entraînement	VC à 2 blocs 30	1
#66C2A5	-1.79468166548089	13	1	sous-entraînement	sous-entraînement	VC à 2 blocs 47	1
#66C2A5	-1.56100813450345	13	1	sous-entraînement	sous-entraînement	VC à 2 blocs 48	1
#66C2A5	-1.36537859566832	13	1	sous-entraînement	sous-entraînement	VC à 2 blocs 49	1
#66C2A5	-1.69714197850813	13	1	sous-entraînement	sous-entraînement	VC à 2 blocs 80	1
#66C2A5	-1.66694567838574	13	1	sous-entraînement	sous-entraînement	VC à 2 blocs 50	1
#66C2A5	-1.37133054158999	13	1	sous-entraînement	sous-entraînement	VC à 2 blocs 51	1
#66C2A5	-1.52628066645228	13	1	sous-entraînement	sous-entraînement	VC à 2 blocs 12	1
#66C2A5	-1.80262151748683	13	1	sous-entraînement	sous-entraînement	VC à 2 blocs 52	1
#66C2A5	-1.38587123948605	13	1	sous-entraînement	sous-entraînement	VC à 2 blocs 13	1
#66C2A5	-1.74124753755976	13	1	sous-entraînement	sous-entraînement	VC à 2 blocs 14	1
#66C2A5	-1.68427592561731	13	1	sous-entraînement	sous-entraînement	VC à 2 blocs 31	1
#66C2A5	-1.85657783313078	13	1	sous-entraînement	sous-entraînement	VC à 2 blocs 15	1
#66C2A5	-1.41940753152712	13	1	sous-entraînement	sous-entraînement	VC à 2 blocs 74	1
#66C2A5	-1.61659846499988	13	1	sous-entraînement	sous-entraînement	VC à 2 blocs 81	1
#66C2A5	-1.32760964268192	13	1	sous-entraînement	sous-entraînement	VC à 2 blocs 53	1
#66C2A5	-1.46709412178399	13	1	sous-entraînement	sous-entraînement	VC à 2 blocs 96	1
#66C2A5	-1.51569311767245	13	1	sous-entraînement	sous-entraînement	VC à 2 blocs 1	1
#66C2A5	-1.74376308312328	13	1	sous-entraînement	sous-entraînement	VC à 2 blocs 16	1
#66C2A5	-1.83050994437595	13	1	sous-entraînement	sous-entraînement	VC à 2 blocs 54	1
#66C2A5	-1.65745697211865	13	1	sous-entraînement	sous-entraînement	VC à 2 blocs 75	1
#66C2A5	-1.51894007478245	13	1	sous-entraînement	sous-entraînement	VC à 2 blocs 93	1
#66C2A5	-1.67107544232275	13	1	sous-entraînement	sous-entraînement	VC à 2 blocs 55	1
#66C2A5	-1.74076822446054	13	1	sous-entraînement	sous-entraînement	VC à 2 blocs 56	1
#66C2A5	-1.75518219747529	13	1	sous-entraînement	sous-entraînement	VC à 2 blocs 57	1
#66C2A5	-1.54762279570756	13	1	sous-entraînement	sous-entraînement	VC à 2 blocs 58	1
#66C2A5	-1.52072427907795	13	1	sous-entraînement	sous-entraînement	VC à 2 blocs 17	1
#66C2A5	-1.89044485460521	13	1	sous-entraînement	sous-entraînement	VC à 2 blocs 82	1
#66C2A5	-1.89060842693883	13	1	sous-entraînement	sous-entraînement	VC à 2 blocs 59	1
#66C2A5	-1.3678991959429	13	1	sous-entraînement	sous-entraînement	VC à 2 blocs 90	1
#66C2A5	-1.71401930812637	13	1	sous-entraînement	sous-entraînement	VC à 2 blocs 18	1
#66C2A5	-1.53296854358387	13	1	sous-entraînement	sous-entraînement	VC à 2 blocs 2	1
#66C2A5	-1.71576935361155	13	1	sous-entraînement	sous-entraînement	VC à 2 blocs 99	1
#66C2A5	-1.65979773439896	13	1	sous-entraînement	sous-entraînement	VC à 2 blocs 60	1
#66C2A5	-1.5187966369658	13	1	sous-entraînement	sous-entraînement	VC à 2 blocs 61	1
#66C2A5	-1.56733500072558	13	1	sous-entraînement	sous-entraînement	VC à 2 blocs 19	1
#66C2A5	-1.4743817073798	13	1	sous-entraînement	sous-entraînement	VC à 2 blocs 62	1
#66C2A5	-1.64796526846099	13	1	sous-entraînement	sous-entraînement	VC à 2 blocs 63	1
#66C2A5	-1.48111117472168	13	1	sous-entraînement	sous-entraînement	VC à 2 blocs 94	1
#66C2A5	-2.01990466844275	13	1	sous-entraînement	sous-entraînement	VC à 2 blocs 76	1
#66C2A5	-1.3952089477275	13	1	sous-entraînement	sous-entraînement	VC à 2 blocs 3	1
#66C2A5	-1.58201959695388	13	1	sous-entraînement	sous-entraînement	VC à 2 blocs 20	1
#66C2A5	-1.52726484910963	13	1	sous-entraînement	sous-entraînement	VC à 2 blocs 64	1
#66C2A5	-1.63657271846869	13	1	sous-entraînement	sous-entraînement	VC à 2 blocs 21	1
#66C2A5	-1.47328092167781	13	1	sous-entraînement	sous-entraînement	VC à 2 blocs 86	1
#66C2A5	-1.68897051432132	13	1	sous-entraînement	sous-entraînement	VC à 2 blocs 22	1
#66C2A5	-1.80446663942947	13	1	sous-entraînement	sous-entraînement	VC à 2 blocs 65	1
#66C2A5	-1.48717693147666	13	1	sous-entraînement	sous-entraînement	VC à 2 blocs 23	1
#66C2A5	-1.9259488175839	13	1	sous-entraînement	sous-entraînement	VC à 2 blocs 87	1
#66C2A5	-1.7817273194721	13	1	sous-entraînement	sous-entraînement	VC à 2 blocs 24	1
#66C2A5	-1.54304588071258	13	1	sous-entraînement	sous-entraînement	VC à 2 blocs 83	1
#66C2A5	-1.70482698179538	13	1	sous-entraînement	sous-entraînement	VC à 2 blocs 66	1
#66C2A5	-1.62957244006948	13	1	sous-entraînement	sous-entraînement	VC à 2 blocs 67	1
#66C2A5	-1.46584780843286	13	1	sous-entraînement	sous-entraînement	VC à 2 blocs 84	1
#66C2A5	-1.83390943849394	13	1	sous-entraînement	sous-entraînement	VC à 2 blocs 25	1
#66C2A5	-1.66044264594087	13	1	sous-entraînement	sous-entraînement	VC à 2 blocs 68	1
#66C2A5	-1.98755360283912	13	1	sous-entraînement	sous-entraînement	VC à 2 blocs 69	1
#66C2A5	-1.37633227275468	13	1	sous-entraînement	sous-entraînement	VC à 2 blocs 26	1
#66C2A5	-1.52180922038992	13	1	sous-entraînement	sous-entraînement	VC à 2 blocs 100	1
#66C2A5	-1.48686699686249	13	1	sous-entraînement	sous-entraînement	VC à 2 blocs 88	1
#66C2A5	-1.62518675415695	13	1	sous-entraînement	sous-entraînement	VC à 2 blocs 70	1
#66C2A5	-1.72682827025656	13	1	sous-entraînement	sous-entraînement	VC à 2 blocs 27	1
#66C2A5	-1.65130686017063	13	1	sous-entraînement	sous-entraînement	50% validation 87	1
#66C2A5	-1.65188463613497	13	1	sous-entraînement	sous-entraînement	50% validation 6	1
#66C2A5	-1.65408514779485	13	1	sous-entraînement	sous-entraînement	50% validation 28	1
#66C2A5	-2.10772519011694	13	1	sous-entraînement	sous-entraînement	50% validation 22	1
#66C2A5	-1.87843652178418	13	1	sous-entraînement	sous-entraînement	50% validation 23	1
#66C2A5	-1.6829664726278	13	1	sous-entraînement	sous-entraînement	50% validation 69	1
#66C2A5	-1.68468375612558	13	1	sous-entraînement	sous-entraînement	50% validation 7	1
#66C2A5	-1.45362474700617	13	1	sous-entraînement	sous-entraînement	50% validation 91	1
#66C2A5	-1.60206718290717	13	1	sous-entraînement	sous-entraînement	50% validation 24	1
#66C2A5	-1.68777650215794	13	1	sous-entraînement	sous-entraînement	50% validation 70	1
#66C2A5	-1.47472686366546	13	1	sous-entraînement	sous-entraînement	50% validation 93	1
#66C2A5	-1.91230700093048	13	1	sous-entraînement	sous-entraînement	50% validation 71	1
#66C2A5	-1.37523844677592	13	1	sous-entraînement	sous-entraînement	50% validation 8	1
#66C2A5	-1.71488379042853	13	1	sous-entraînement	sous-entraînement	50% validation 25	1
#66C2A5	-1.72044518325112	13	1	sous-entraînement	sous-entraînement	50% validation 29	1
#66C2A5	-1.40971824642389	13	1	sous-entraînement	sous-entraînement	50% validation 30	1
#66C2A5	-1.61183587363058	13	1	sous-entraînement	sous-entraînement	50% validation 9	1
#66C2A5	-1.48571809473433	13	1	sous-entraînement	sous-entraînement	50% validation 10	1
#66C2A5	-1.41871280016871	13	1	sous-entraînement	sous-entraînement	50% validation 31	1
#66C2A5	-1.61131658842853	13	1	sous-entraînement	sous-entraînement	50% validation 32	1
#66C2A5	-1.866285335711	13	1	sous-entraînement	sous-entraînement	50% validation 1	1
#66C2A5	-1.60027013294431	13	1	sous-entraînement	sous-entraînement	50% validation 74	1
#66C2A5	-1.64230548730821	13	1	sous-entraînement	sous-entraînement	50% validation 33	1
#66C2A5	-1.51594383359075	13	1	sous-entraînement	sous-entraînement	50% validation 11	1
#66C2A5	-1.51476076219685	13	1	sous-entraînement	sous-entraînement	50% validation 72	1
#66C2A5	-1.57576070316684	13	1	sous-entraînement	sous-entraînement	50% validation 12	1
#66C2A5	-1.43975682134923	13	1	sous-entraînement	sous-entraînement	50% validation 34	1
#66C2A5	-1.8140835008463	13	1	sous-entraînement	sous-entraînement	50% validation 86	1
#66C2A5	-1.72781955569586	13	1	sous-entraînement	sous-entraînement	50% validation 35	1
#66C2A5	-1.5897165370818	13	1	sous-entraînement	sous-entraînement	50% validation 36	1
#66C2A5	-1.59199185041139	13	1	sous-entraînement	sous-entraînement	50% validation 37	1
#66C2A5	-1.63127690238161	13	1	sous-entraînement	sous-entraînement	50% validation 38	1
#66C2A5	-1.50040175441515	13	1	sous-entraînement	sous-entraînement	50% validation 59	1
#66C2A5	-1.56069365862145	13	1	sous-entraînement	sous-entraînement	50% validation 60	1
#66C2A5	-1.61056952151294	13	1	sous-entraînement	sous-entraînement	50% validation 39	1
#66C2A5	-1.52901542543979	13	1	sous-entraînement	sous-entraînement	50% validation 40	1
#66C2A5	-1.67201100879256	13	1	sous-entraînement	sous-entraînement	50% validation 41	1
#66C2A5	-1.56020117765278	13	1	sous-entraînement	sous-entraînement	50% validation 92	1
#66C2A5	-1.64450309156759	13	1	sous-entraînement	sous-entraînement	50% validation 42	1
#66C2A5	-1.66480937545101	13	1	sous-entraînement	sous-entraînement	50% validation 43	1
#66C2A5	-1.54798426645683	13	1	sous-entraînement	sous-entraînement	50% validation 44	1
#66C2A5	-1.92695325806718	13	1	sous-entraînement	sous-entraînement	50% validation 45	1
#66C2A5	-1.81921548272596	13	1	sous-entraînement	sous-entraînement	50% validation 13	1
#66C2A5	-1.55002235663445	13	1	sous-entraînement	sous-entraînement	50% validation 99	1
#66C2A5	-1.78493707572677	13	1	sous-entraînement	sous-entraînement	50% validation 61	1
#66C2A5	-1.73488067430077	13	1	sous-entraînement	sous-entraînement	50% validation 14	1
#66C2A5	-1.42498951009508	13	1	sous-entraînement	sous-entraînement	50% validation 2	1
#66C2A5	-1.31169605649919	13	1	sous-entraînement	sous-entraînement	50% validation 46	1
#66C2A5	-1.78630487471243	13	1	sous-entraînement	sous-entraînement	50% validation 75	1
#66C2A5	-1.6884489208351	13	1	sous-entraînement	sous-entraînement	50% validation 3	1
#66C2A5	-1.62409888405044	13	1	sous-entraînement	sous-entraînement	50% validation 47	1
#66C2A5	-2.23999971215033	13	1	sous-entraînement	sous-entraînement	50% validation 76	1
#66C2A5	-1.58395679764076	13	1	sous-entraînement	sous-entraînement	50% validation 97	1
#66C2A5	-1.62713849247782	13	1	sous-entraînement	sous-entraînement	50% validation 88	1
#66C2A5	-1.59903132196958	13	1	sous-entraînement	sous-entraînement	50% validation 62	1
#66C2A5	-1.6937948347085	13	1	sous-entraînement	sous-entraînement	50% validation 95	1
#66C2A5	-1.58892260510805	13	1	sous-entraînement	sous-entraînement	50% validation 48	1
#66C2A5	-1.35533745363781	13	1	sous-entraînement	sous-entraînement	50% validation 49	1
#66C2A5	-1.55740874423351	13	1	sous-entraînement	sous-entraînement	50% validation 15	1
#66C2A5	-1.61629271385316	13	1	sous-entraînement	sous-entraînement	50% validation 16	1
#66C2A5	-1.47271394266391	13	1	sous-entraînement	sous-entraînement	50% validation 17	1
#66C2A5	-1.52426404179469	13	1	sous-entraînement	sous-entraînement	50% validation 63	1
#66C2A5	-1.9100417673293	13	1	sous-entraînement	sous-entraînement	50% validation 64	1
#66C2A5	-1.725512855565	13	1	sous-entraînement	sous-entraînement	50% validation 26	1
#66C2A5	-1.50318116343349	13	1	sous-entraînement	sous-entraînement	50% validation 65	1
#66C2A5	-1.58762366055066	13	1	sous-entraînement	sous-entraînement	50% validation 77	1
#66C2A5	-1.2794353862373	13	1	sous-entraînement	sous-entraînement	50% validation 50	1
#66C2A5	-1.70313643499995	13	1	sous-entraînement	sous-entraînement	50% validation 18	1
#66C2A5	-1.61001487940238	13	1	sous-entraînement	sous-entraînement	50% validation 96	1
#66C2A5	-1.54476181781942	13	1	sous-entraînement	sous-entraînement	50% validation 51	1
#66C2A5	-1.65143400752739	13	1	sous-entraînement	sous-entraînement	50% validation 52	1
#66C2A5	-1.30829453848738	13	1	sous-entraînement	sous-entraînement	50% validation 78	1
#66C2A5	-1.60859587532689	13	1	sous-entraînement	sous-entraînement	50% validation 53	1
#66C2A5	-1.51725752866115	13	1	sous-entraînement	sous-entraînement	50% validation 19	1
#66C2A5	-1.42884551737367	13	1	sous-entraînement	sous-entraînement	50% validation 73	1
#66C2A5	-1.61983190305577	13	1	sous-entraînement	sous-entraînement	50% validation 54	1
#66C2A5	-1.4240937451536	13	1	sous-entraînement	sous-entraînement	50% validation 4	1
#66C2A5	-1.48012057973983	13	1	sous-entraînement	sous-entraînement	50% validation 55	1
#66C2A5	-1.45037987234011	13	1	sous-entraînement	sous-entraînement	50% validation 5	1
#66C2A5	-1.55269633225199	13	1	sous-entraînement	sous-entraînement	50% validation 98	1
#66C2A5	-1.44743739413241	13	1	sous-entraînement	sous-entraînement	50% validation 66	1
#66C2A5	-1.61157165207334	13	1	sous-entraînement	sous-entraînement	50% validation 89	1
#66C2A5	-1.90308706475332	13	1	sous-entraînement	sous-entraînement	50% validation 79	1
#66C2A5	-1.53062592671171	13	1	sous-entraînement	sous-entraînement	50% validation 94	1
#66C2A5	-1.71759185651872	13	1	sous-entraînement	sous-entraînement	50% validation 80	1
#66C2A5	-1.63531737177753	13	1	sous-entraînement	sous-entraînement	50% validation 81	1
#66C2A5	-1.59495653006168	13	1	sous-entraînement	sous-entraînement	50% validation 20	1
#66C2A5	-1.32861209994809	13	1	sous-entraînement	sous-entraînement	50% validation 21	1
#66C2A5	-1.40701694365189	13	1	sous-entraînement	sous-entraînement	50% validation 56	1
#66C2A5	-1.76142590961204	13	1	sous-entraînement	sous-entraînement	50% validation 82	1
#66C2A5	-1.47524289567286	13	1	sous-entraînement	sous-entraînement	50% validation 67	1
#66C2A5	-1.45107643774558	13	1	sous-entraînement	sous-entraînement	50% validation 57	1
#66C2A5	-1.33549654040155	13	1	sous-entraînement	sous-entraînement	50% validation 27	1
#66C2A5	-1.78407075431658	13	1	sous-entraînement	sous-entraînement	50% validation 83	1
#66C2A5	-1.55137121661964	13	1	sous-entraînement	sous-entraînement	50% validation 58	1
#66C2A5	-1.78754570300817	13	1	sous-entraînement	sous-entraînement	50% validation 100	1
#66C2A5	-1.75474340139967	13	1	sous-entraînement	sous-entraînement	50% validation 68	1
#66C2A5	-1.3978908522556	13	1	sous-entraînement	sous-entraînement	50% validation 85	1
#66C2A5	-1.40624796610607	13	1	sous-entraînement	sous-entraînement	50% validation 90	1
#66C2A5	-1.51273772997879	13	1	sous-entraînement	sous-entraînement	50% validation 84	1
#66C2A5	-2.01761817132482	14	1	sous-entraînement	sous-entraînement	VC à 2 blocs 32	1
#66C2A5	-1.48446862486139	14	1	sous-entraînement	sous-entraînement	VC à 2 blocs 33	1
#66C2A5	-1.72315042896935	14	1	sous-entraînement	sous-entraînement	VC à 2 blocs 85	1
#66C2A5	-1.83856087071819	14	1	sous-entraînement	sous-entraînement	VC à 2 blocs 77	1
#66C2A5	-1.80820993428235	14	1	sous-entraînement	sous-entraînement	VC à 2 blocs 4	1
#66C2A5	-1.67137418313225	14	1	sous-entraînement	sous-entraînement	VC à 2 blocs 34	1
#66C2A5	-1.97914436678352	14	1	sous-entraînement	sous-entraînement	VC à 2 blocs 28	1
#66C2A5	-1.68648677077781	14	1	sous-entraînement	sous-entraînement	VC à 2 blocs 78	1
#66C2A5	-1.98854120772224	14	1	sous-entraînement	sous-entraînement	VC à 2 blocs 35	1
#66C2A5	-1.51472217935002	14	1	sous-entraînement	sous-entraînement	VC à 2 blocs 5	1
#66C2A5	-1.624553071532	14	1	sous-entraînement	sous-entraînement	VC à 2 blocs 36	1
#66C2A5	-1.89941988019561	14	1	sous-entraînement	sous-entraînement	VC à 2 blocs 6	1
#66C2A5	-1.56894054819084	14	1	sous-entraînement	sous-entraînement	VC à 2 blocs 37	1
#66C2A5	-1.63753300053923	14	1	sous-entraînement	sous-entraînement	VC à 2 blocs 91	1
#66C2A5	-1.59183840119285	14	1	sous-entraînement	sous-entraînement	VC à 2 blocs 38	1
#66C2A5	-1.73235198509955	14	1	sous-entraînement	sous-entraînement	VC à 2 blocs 39	1
#66C2A5	-1.74782482525724	14	1	sous-entraînement	sous-entraînement	VC à 2 blocs 7	1
#66C2A5	-1.85179988143602	14	1	sous-entraînement	sous-entraînement	VC à 2 blocs 92	1
#66C2A5	-1.78296914424489	14	1	sous-entraînement	sous-entraînement	VC à 2 blocs 79	1
#66C2A5	-1.68903457606509	14	1	sous-entraînement	sous-entraînement	VC à 2 blocs 98	1
#66C2A5	-1.96682055249482	14	1	sous-entraînement	sous-entraînement	VC à 2 blocs 40	1
#66C2A5	-1.35108041579057	14	1	sous-entraînement	sous-entraînement	VC à 2 blocs 97	1
#66C2A5	-1.93422769104775	14	1	sous-entraînement	sous-entraînement	VC à 2 blocs 71	1
#66C2A5	-1.47106923249062	14	1	sous-entraînement	sous-entraînement	VC à 2 blocs 8	1
#66C2A5	-1.6889526000457	14	1	sous-entraînement	sous-entraînement	VC à 2 blocs 41	1
#66C2A5	-1.62785223140656	14	1	sous-entraînement	sous-entraînement	VC à 2 blocs 9	1
#66C2A5	-1.76790965121769	14	1	sous-entraînement	sous-entraînement	VC à 2 blocs 42	1
#66C2A5	-1.53484750834913	14	1	sous-entraînement	sous-entraînement	VC à 2 blocs 89	1
#66C2A5	-1.76140333081846	14	1	sous-entraînement	sous-entraînement	VC à 2 blocs 29	1
#66C2A5	-1.51333196196511	14	1	sous-entraînement	sous-entraînement	VC à 2 blocs 43	1
#66C2A5	-1.52668035733843	14	1	sous-entraînement	sous-entraînement	VC à 2 blocs 44	1
#66C2A5	-1.93955250835901	14	1	sous-entraînement	sous-entraînement	VC à 2 blocs 72	1
#66C2A5	-1.68010387272751	14	1	sous-entraînement	sous-entraînement	VC à 2 blocs 95	1
#66C2A5	-1.65583632797924	14	1	sous-entraînement	sous-entraînement	VC à 2 blocs 73	1
#66C2A5	-1.57139089680679	14	1	sous-entraînement	sous-entraînement	VC à 2 blocs 10	1
#66C2A5	-1.69757416377624	14	1	sous-entraînement	sous-entraînement	VC à 2 blocs 45	1
#66C2A5	-1.40848237095879	14	1	sous-entraînement	sous-entraînement	VC à 2 blocs 46	1
#66C2A5	-1.56720960203081	14	1	sous-entraînement	sous-entraînement	VC à 2 blocs 11	1
#66C2A5	-1.63034274204656	14	1	sous-entraînement	sous-entraînement	VC à 2 blocs 30	1
#66C2A5	-2.01143031817512	14	1	sous-entraînement	sous-entraînement	VC à 2 blocs 47	1
#66C2A5	-1.65722141372702	14	1	sous-entraînement	sous-entraînement	VC à 2 blocs 48	1
#66C2A5	-1.47950723636528	14	1	sous-entraînement	sous-entraînement	VC à 2 blocs 49	1
#66C2A5	-1.84315459004377	14	1	sous-entraînement	sous-entraînement	VC à 2 blocs 80	1
#66C2A5	-1.80465670232165	14	1	sous-entraînement	sous-entraînement	VC à 2 blocs 50	1
#66C2A5	-1.45668826921041	14	1	sous-entraînement	sous-entraînement	VC à 2 blocs 51	1
#66C2A5	-1.58997985293498	14	1	sous-entraînement	sous-entraînement	VC à 2 blocs 12	1
#66C2A5	-1.91196099328542	14	1	sous-entraînement	sous-entraînement	VC à 2 blocs 52	1
#66C2A5	-1.44869130210384	14	1	sous-entraînement	sous-entraînement	VC à 2 blocs 13	1
#66C2A5	-1.87881734324713	14	1	sous-entraînement	sous-entraînement	VC à 2 blocs 14	1
#66C2A5	-1.75393840919474	14	1	sous-entraînement	sous-entraînement	VC à 2 blocs 31	1
#66C2A5	-2.11024283741274	14	1	sous-entraînement	sous-entraînement	VC à 2 blocs 15	1
#66C2A5	-1.48465694754489	14	1	sous-entraînement	sous-entraînement	VC à 2 blocs 74	1
#66C2A5	-1.71555450386444	14	1	sous-entraînement	sous-entraînement	VC à 2 blocs 81	1
#66C2A5	-1.41001718338851	14	1	sous-entraînement	sous-entraînement	VC à 2 blocs 53	1
#66C2A5	-1.52188278999197	14	1	sous-entraînement	sous-entraînement	VC à 2 blocs 96	1
#66C2A5	-1.61259396572689	14	1	sous-entraînement	sous-entraînement	VC à 2 blocs 1	1
#66C2A5	-1.82761789180542	14	1	sous-entraînement	sous-entraînement	VC à 2 blocs 16	1
#66C2A5	-1.99776323224519	14	1	sous-entraînement	sous-entraînement	VC à 2 blocs 54	1
#66C2A5	-1.75216662623503	14	1	sous-entraînement	sous-entraînement	VC à 2 blocs 75	1
#66C2A5	-1.62080995519561	14	1	sous-entraînement	sous-entraînement	VC à 2 blocs 93	1
#66C2A5	-1.80397211846969	14	1	sous-entraînement	sous-entraînement	VC à 2 blocs 55	1
#66C2A5	-1.81762802988329	14	1	sous-entraînement	sous-entraînement	VC à 2 blocs 56	1
#66C2A5	-1.81549061443461	14	1	sous-entraînement	sous-entraînement	VC à 2 blocs 57	1
#66C2A5	-1.65861240786675	14	1	sous-entraînement	sous-entraînement	VC à 2 blocs 58	1
#66C2A5	-1.57842775327412	14	1	sous-entraînement	sous-entraînement	VC à 2 blocs 17	1
#66C2A5	-1.96063483873396	14	1	sous-entraînement	sous-entraînement	VC à 2 blocs 82	1
#66C2A5	-2.14007833480016	14	1	sous-entraînement	sous-entraînement	VC à 2 blocs 59	1
#66C2A5	-1.45178437631947	14	1	sous-entraînement	sous-entraînement	VC à 2 blocs 90	1
#66C2A5	-1.85785656291679	14	1	sous-entraînement	sous-entraînement	VC à 2 blocs 18	1
#66C2A5	-1.64399653517161	14	1	sous-entraînement	sous-entraînement	VC à 2 blocs 2	1
#66C2A5	-1.81740754869315	14	1	sous-entraînement	sous-entraînement	VC à 2 blocs 99	1
#66C2A5	-1.7907366741838	14	1	sous-entraînement	sous-entraînement	VC à 2 blocs 60	1
#66C2A5	-1.59228575835016	14	1	sous-entraînement	sous-entraînement	VC à 2 blocs 61	1
#66C2A5	-1.66839232166713	14	1	sous-entraînement	sous-entraînement	VC à 2 blocs 19	1
#66C2A5	-1.53688683585321	14	1	sous-entraînement	sous-entraînement	VC à 2 blocs 62	1
#66C2A5	-1.7728607853291	14	1	sous-entraînement	sous-entraînement	VC à 2 blocs 63	1
#66C2A5	-1.53211840251303	14	1	sous-entraînement	sous-entraînement	VC à 2 blocs 94	1
#66C2A5	-2.14110120265608	14	1	sous-entraînement	sous-entraînement	VC à 2 blocs 76	1
#66C2A5	-1.59053508085167	14	1	sous-entraînement	sous-entraînement	VC à 2 blocs 3	1
#66C2A5	-1.69105712358735	14	1	sous-entraînement	sous-entraînement	VC à 2 blocs 20	1
#66C2A5	-1.68472356689106	14	1	sous-entraînement	sous-entraînement	VC à 2 blocs 64	1
#66C2A5	-1.73382853180836	14	1	sous-entraînement	sous-entraînement	VC à 2 blocs 21	1
#66C2A5	-1.58067838311507	14	1	sous-entraînement	sous-entraînement	VC à 2 blocs 86	1
#66C2A5	-1.78032288123133	14	1	sous-entraînement	sous-entraînement	VC à 2 blocs 22	1
#66C2A5	-1.92315417252631	14	1	sous-entraînement	sous-entraînement	VC à 2 blocs 65	1
#66C2A5	-1.60157966471458	14	1	sous-entraînement	sous-entraînement	VC à 2 blocs 23	1
#66C2A5	-2.09052692754194	14	1	sous-entraînement	sous-entraînement	VC à 2 blocs 87	1
#66C2A5	-1.85984771698667	14	1	sous-entraînement	sous-entraînement	VC à 2 blocs 24	1
#66C2A5	-1.63000796224782	14	1	sous-entraînement	sous-entraînement	VC à 2 blocs 83	1
#66C2A5	-1.85045207165614	14	1	sous-entraînement	sous-entraînement	VC à 2 blocs 66	1
#66C2A5	-1.75700385861711	14	1	sous-entraînement	sous-entraînement	VC à 2 blocs 67	1
#66C2A5	-1.59298906518669	14	1	sous-entraînement	sous-entraînement	VC à 2 blocs 84	1
#66C2A5	-1.90895567657967	14	1	sous-entraînement	sous-entraînement	VC à 2 blocs 25	1
#66C2A5	-1.72485754358916	14	1	sous-entraînement	sous-entraînement	VC à 2 blocs 68	1
#66C2A5	-2.11406332012107	14	1	sous-entraînement	sous-entraînement	VC à 2 blocs 69	1
#66C2A5	-1.44269037704254	14	1	sous-entraînement	sous-entraînement	VC à 2 blocs 26	1
#66C2A5	-1.60271159532691	14	1	sous-entraînement	sous-entraînement	VC à 2 blocs 100	1
#66C2A5	-1.55663132786204	14	1	sous-entraînement	sous-entraînement	VC à 2 blocs 88	1
#66C2A5	-1.69338765019191	14	1	sous-entraînement	sous-entraînement	VC à 2 blocs 70	1
#66C2A5	-1.85914441603455	14	1	sous-entraînement	sous-entraînement	VC à 2 blocs 27	1
#66C2A5	-1.72552679507195	14	1	sous-entraînement	sous-entraînement	50% validation 87	1
#66C2A5	-1.7302510272509	14	1	sous-entraînement	sous-entraînement	50% validation 6	1
#66C2A5	-1.81419270650252	14	1	sous-entraînement	sous-entraînement	50% validation 28	1
#66C2A5	-2.40943063294094	14	1	sous-entraînement	sous-entraînement	50% validation 22	1
#66C2A5	-2.01454383180568	14	1	sous-entraînement	sous-entraînement	50% validation 23	1
#66C2A5	-1.77634016674444	14	1	sous-entraînement	sous-entraînement	50% validation 69	1
#66C2A5	-1.79592186818561	14	1	sous-entraînement	sous-entraînement	50% validation 7	1
#66C2A5	-1.55840337927579	14	1	sous-entraînement	sous-entraînement	50% validation 91	1
#66C2A5	-1.64831395950885	14	1	sous-entraînement	sous-entraînement	50% validation 24	1
#66C2A5	-1.81452573271767	14	1	sous-entraînement	sous-entraînement	50% validation 70	1
#66C2A5	-1.54376578976975	14	1	sous-entraînement	sous-entraînement	50% validation 93	1
#66C2A5	-2.02064565384628	14	1	sous-entraînement	sous-entraînement	50% validation 71	1
#66C2A5	-1.44547716273035	14	1	sous-entraînement	sous-entraînement	50% validation 8	1
#66C2A5	-1.77782734328189	14	1	sous-entraînement	sous-entraînement	50% validation 25	1
#66C2A5	-1.75797854099491	14	1	sous-entraînement	sous-entraînement	50% validation 29	1
#66C2A5	-1.46509076951189	14	1	sous-entraînement	sous-entraînement	50% validation 30	1
#66C2A5	-1.71372121557673	14	1	sous-entraînement	sous-entraînement	50% validation 9	1
#66C2A5	-1.55924781108077	14	1	sous-entraînement	sous-entraînement	50% validation 10	1
#66C2A5	-1.58982854321671	14	1	sous-entraînement	sous-entraînement	50% validation 31	1
#66C2A5	-1.71002662651197	14	1	sous-entraînement	sous-entraînement	50% validation 32	1
#66C2A5	-1.896916634945	14	1	sous-entraînement	sous-entraînement	50% validation 1	1
#66C2A5	-1.69444504054752	14	1	sous-entraînement	sous-entraînement	50% validation 74	1
#66C2A5	-1.78295275842097	14	1	sous-entraînement	sous-entraînement	50% validation 33	1
#66C2A5	-1.59708009836442	14	1	sous-entraînement	sous-entraînement	50% validation 11	1
#66C2A5	-1.668417158574	14	1	sous-entraînement	sous-entraînement	50% validation 72	1
#66C2A5	-1.74719254237324	14	1	sous-entraînement	sous-entraînement	50% validation 12	1
#66C2A5	-1.50514201615418	14	1	sous-entraînement	sous-entraînement	50% validation 34	1
#66C2A5	-1.93583792549154	14	1	sous-entraînement	sous-entraînement	50% validation 86	1
#66C2A5	-1.93139653668271	14	1	sous-entraînement	sous-entraînement	50% validation 35	1
#66C2A5	-1.73162761220484	14	1	sous-entraînement	sous-entraînement	50% validation 36	1
#66C2A5	-1.66397842916716	14	1	sous-entraînement	sous-entraînement	50% validation 37	1
#66C2A5	-1.69697298135405	14	1	sous-entraînement	sous-entraînement	50% validation 38	1
#66C2A5	-1.6395775378373	14	1	sous-entraînement	sous-entraînement	50% validation 59	1
#66C2A5	-1.62462121908594	14	1	sous-entraînement	sous-entraînement	50% validation 60	1
#66C2A5	-1.67297569209493	14	1	sous-entraînement	sous-entraînement	50% validation 39	1
#66C2A5	-1.62336118144282	14	1	sous-entraînement	sous-entraînement	50% validation 40	1
#66C2A5	-1.7263607221692	14	1	sous-entraînement	sous-entraînement	50% validation 41	1
#66C2A5	-1.64940160112559	14	1	sous-entraînement	sous-entraînement	50% validation 92	1
#66C2A5	-1.78599376975588	14	1	sous-entraînement	sous-entraînement	50% validation 42	1
#66C2A5	-1.73897691627657	14	1	sous-entraînement	sous-entraînement	50% validation 43	1
#66C2A5	-1.70709443410009	14	1	sous-entraînement	sous-entraînement	50% validation 44	1
#66C2A5	-2.15474635923468	14	1	sous-entraînement	sous-entraînement	50% validation 45	1
#66C2A5	-1.9014544360809	14	1	sous-entraînement	sous-entraînement	50% validation 13	1
#66C2A5	-1.62765889851045	14	1	sous-entraînement	sous-entraînement	50% validation 99	1
#66C2A5	-1.93604622618466	14	1	sous-entraînement	sous-entraînement	50% validation 61	1
#66C2A5	-1.87882761665973	14	1	sous-entraînement	sous-entraînement	50% validation 14	1
#66C2A5	-1.5304667136813	14	1	sous-entraînement	sous-entraînement	50% validation 2	1
#66C2A5	-1.44166727706058	14	1	sous-entraînement	sous-entraînement	50% validation 46	1
#66C2A5	-1.89017007514685	14	1	sous-entraînement	sous-entraînement	50% validation 75	1
#66C2A5	-1.80199902197977	14	1	sous-entraînement	sous-entraînement	50% validation 3	1
#66C2A5	-1.72337342119064	14	1	sous-entraînement	sous-entraînement	50% validation 47	1
#66C2A5	-2.33824101847061	14	1	sous-entraînement	sous-entraînement	50% validation 76	1
#66C2A5	-1.7757336722519	14	1	sous-entraînement	sous-entraînement	50% validation 97	1
#66C2A5	-1.76734769139693	14	1	sous-entraînement	sous-entraînement	50% validation 88	1
#66C2A5	-1.6451000629837	14	1	sous-entraînement	sous-entraînement	50% validation 62	1
#66C2A5	-1.80649420641673	14	1	sous-entraînement	sous-entraînement	50% validation 95	1
#66C2A5	-1.71368532246752	14	1	sous-entraînement	sous-entraînement	50% validation 48	1
#66C2A5	-1.42800332694608	14	1	sous-entraînement	sous-entraînement	50% validation 49	1
#66C2A5	-1.63677799879353	14	1	sous-entraînement	sous-entraînement	50% validation 15	1
#66C2A5	-1.68180626858101	14	1	sous-entraînement	sous-entraînement	50% validation 16	1
#66C2A5	-1.53994227226245	14	1	sous-entraînement	sous-entraînement	50% validation 17	1
#66C2A5	-1.61470925468229	14	1	sous-entraînement	sous-entraînement	50% validation 63	1
#66C2A5	-2.05538868954301	14	1	sous-entraînement	sous-entraînement	50% validation 64	1
#66C2A5	-1.84248858599389	14	1	sous-entraînement	sous-entraînement	50% validation 26	1
#66C2A5	-1.60053361497666	14	1	sous-entraînement	sous-entraînement	50% validation 65	1
#66C2A5	-1.71864586347537	14	1	sous-entraînement	sous-entraînement	50% validation 77	1
#66C2A5	-1.370739093116	14	1	sous-entraînement	sous-entraînement	50% validation 50	1
#66C2A5	-1.9564792184296	14	1	sous-entraînement	sous-entraînement	50% validation 18	1
#66C2A5	-1.71261197937792	14	1	sous-entraînement	sous-entraînement	50% validation 96	1
#66C2A5	-1.59115770576695	14	1	sous-entraînement	sous-entraînement	50% validation 51	1
#66C2A5	-1.8715021402362	14	1	sous-entraînement	sous-entraînement	50% validation 52	1
#66C2A5	-1.53014305387296	14	1	sous-entraînement	sous-entraînement	50% validation 78	1
#66C2A5	-1.67889017596467	14	1	sous-entraînement	sous-entraînement	50% validation 53	1
#66C2A5	-1.54953322211252	14	1	sous-entraînement	sous-entraînement	50% validation 19	1
#66C2A5	-1.50252420076787	14	1	sous-entraînement	sous-entraînement	50% validation 73	1
#66C2A5	-1.69668107629833	14	1	sous-entraînement	sous-entraînement	50% validation 54	1
#66C2A5	-1.58599076898638	14	1	sous-entraînement	sous-entraînement	50% validation 4	1
#66C2A5	-1.55425038181841	14	1	sous-entraînement	sous-entraînement	50% validation 55	1
#66C2A5	-1.56516062126202	14	1	sous-entraînement	sous-entraînement	50% validation 5	1
#66C2A5	-1.63425643889234	14	1	sous-entraînement	sous-entraînement	50% validation 98	1
#66C2A5	-1.57072104630907	14	1	sous-entraînement	sous-entraînement	50% validation 66	1
#66C2A5	-1.67821128546791	14	1	sous-entraînement	sous-entraînement	50% validation 89	1
#66C2A5	-1.97262437772819	14	1	sous-entraînement	sous-entraînement	50% validation 79	1
#66C2A5	-1.64097387802937	14	1	sous-entraînement	sous-entraînement	50% validation 94	1
#66C2A5	-1.82682935033265	14	1	sous-entraînement	sous-entraînement	50% validation 80	1
#66C2A5	-1.69647565268936	14	1	sous-entraînement	sous-entraînement	50% validation 81	1
#66C2A5	-1.71877792216119	14	1	sous-entraînement	sous-entraînement	50% validation 20	1
#66C2A5	-1.4322724060989	14	1	sous-entraînement	sous-entraînement	50% validation 21	1
#66C2A5	-1.49165595659407	14	1	sous-entraînement	sous-entraînement	50% validation 56	1
#66C2A5	-1.84155934713086	14	1	sous-entraînement	sous-entraînement	50% validation 82	1
#66C2A5	-1.56916692698719	14	1	sous-entraînement	sous-entraînement	50% validation 67	1
#66C2A5	-1.51881470309413	14	1	sous-entraînement	sous-entraînement	50% validation 57	1
#66C2A5	-1.45346492147595	14	1	sous-entraînement	sous-entraînement	50% validation 27	1
#66C2A5	-1.92691305130181	14	1	sous-entraînement	sous-entraînement	50% validation 83	1
#66C2A5	-1.64832781114766	14	1	sous-entraînement	sous-entraînement	50% validation 58	1
#66C2A5	-1.91026752132427	14	1	sous-entraînement	sous-entraînement	50% validation 100	1
#66C2A5	-1.85891082490991	14	1	sous-entraînement	sous-entraînement	50% validation 68	1
#66C2A5	-1.50363821333432	14	1	sous-entraînement	sous-entraînement	50% validation 85	1
#66C2A5	-1.50520237026089	14	1	sous-entraînement	sous-entraînement	50% validation 90	1
#66C2A5	-1.62018915519584	14	1	sous-entraînement	sous-entraînement	50% validation 84	1
#66C2A5	-2.17140093868612	15	1	sous-entraînement	sous-entraînement	VC à 2 blocs 32	1
#66C2A5	-1.61944267748692	15	1	sous-entraînement	sous-entraînement	VC à 2 blocs 33	1
#66C2A5	-1.81484834416372	15	1	sous-entraînement	sous-entraînement	VC à 2 blocs 85	1
#66C2A5	-1.93388108329589	15	1	sous-entraînement	sous-entraînement	VC à 2 blocs 77	1
#66C2A5	-1.90600696121434	15	1	sous-entraînement	sous-entraînement	VC à 2 blocs 4	1
#66C2A5	-1.77343959179062	15	1	sous-entraînement	sous-entraînement	VC à 2 blocs 34	1
#66C2A5	-2.17965429829061	15	1	sous-entraînement	sous-entraînement	VC à 2 blocs 28	1
#66C2A5	-1.8449832020694	15	1	sous-entraînement	sous-entraînement	VC à 2 blocs 78	1
#66C2A5	-2.09538530030681	15	1	sous-entraînement	sous-entraînement	VC à 2 blocs 35	1
#66C2A5	-1.59560792401371	15	1	sous-entraînement	sous-entraînement	VC à 2 blocs 5	1
#66C2A5	-1.82775351711948	15	1	sous-entraînement	sous-entraînement	VC à 2 blocs 36	1
#66C2A5	-1.96079049119455	15	1	sous-entraînement	sous-entraînement	VC à 2 blocs 6	1
#66C2A5	-1.65639036643723	15	1	sous-entraînement	sous-entraînement	VC à 2 blocs 37	1
#66C2A5	-1.70681645657965	15	1	sous-entraînement	sous-entraînement	VC à 2 blocs 91	1
#66C2A5	-1.7096778353782	15	1	sous-entraînement	sous-entraînement	VC à 2 blocs 38	1
#66C2A5	-1.9921261861687	15	1	sous-entraînement	sous-entraînement	VC à 2 blocs 39	1
#66C2A5	-1.84416578366755	15	1	sous-entraînement	sous-entraînement	VC à 2 blocs 7	1
#66C2A5	-1.96185679264788	15	1	sous-entraînement	sous-entraînement	VC à 2 blocs 92	1
#66C2A5	-1.92861219495175	15	1	sous-entraînement	sous-entraînement	VC à 2 blocs 79	1
#66C2A5	-1.74303448851378	15	1	sous-entraînement	sous-entraînement	VC à 2 blocs 98	1
#66C2A5	-2.14093590129847	15	1	sous-entraînement	sous-entraînement	VC à 2 blocs 40	1
#66C2A5	-1.41489206011039	15	1	sous-entraînement	sous-entraînement	VC à 2 blocs 97	1
#66C2A5	-2.03915091767317	15	1	sous-entraînement	sous-entraînement	VC à 2 blocs 71	1
#66C2A5	-1.6175319380923	15	1	sous-entraînement	sous-entraînement	VC à 2 blocs 8	1
#66C2A5	-1.76888493305221	15	1	sous-entraînement	sous-entraînement	VC à 2 blocs 41	1
#66C2A5	-1.6998863184633	15	1	sous-entraînement	sous-entraînement	VC à 2 blocs 9	1
#66C2A5	-1.81574960621691	15	1	sous-entraînement	sous-entraînement	VC à 2 blocs 42	1
#66C2A5	-1.61514109039923	15	1	sous-entraînement	sous-entraînement	VC à 2 blocs 89	1
#66C2A5	-1.89440982798682	15	1	sous-entraînement	sous-entraînement	VC à 2 blocs 29	1
#66C2A5	-1.61309018247172	15	1	sous-entraînement	sous-entraînement	VC à 2 blocs 43	1
#66C2A5	-1.63589357886266	15	1	sous-entraînement	sous-entraînement	VC à 2 blocs 44	1
#66C2A5	-2.04680892998201	15	1	sous-entraînement	sous-entraînement	VC à 2 blocs 72	1
#66C2A5	-1.77279373171592	15	1	sous-entraînement	sous-entraînement	VC à 2 blocs 95	1
#66C2A5	-1.77884376327169	15	1	sous-entraînement	sous-entraînement	VC à 2 blocs 73	1
#66C2A5	-1.68825446596146	15	1	sous-entraînement	sous-entraînement	VC à 2 blocs 10	1
#66C2A5	-1.91834551030893	15	1	sous-entraînement	sous-entraînement	VC à 2 blocs 45	1
#66C2A5	-1.53046408467	15	1	sous-entraînement	sous-entraînement	VC à 2 blocs 46	1
#66C2A5	-1.72696411958626	15	1	sous-entraînement	sous-entraînement	VC à 2 blocs 11	1
#66C2A5	-1.73339199962238	15	1	sous-entraînement	sous-entraînement	VC à 2 blocs 30	1
#66C2A5	-2.18979847453974	15	1	sous-entraînement	sous-entraînement	VC à 2 blocs 47	1
#66C2A5	-1.76475302715962	15	1	sous-entraînement	sous-entraînement	VC à 2 blocs 48	1
#66C2A5	-1.60910503900229	15	1	sous-entraînement	sous-entraînement	VC à 2 blocs 49	1
#66C2A5	-2.04382339195473	15	1	sous-entraînement	sous-entraînement	VC à 2 blocs 80	1
#66C2A5	-1.97598878909937	15	1	sous-entraînement	sous-entraînement	VC à 2 blocs 50	1
#66C2A5	-1.58075776294453	15	1	sous-entraînement	sous-entraînement	VC à 2 blocs 51	1
#66C2A5	-1.71912754537173	15	1	sous-entraînement	sous-entraînement	VC à 2 blocs 12	1
#66C2A5	-2.03119106317608	15	1	sous-entraînement	sous-entraînement	VC à 2 blocs 52	1
#66C2A5	-1.51339778824439	15	1	sous-entraînement	sous-entraînement	VC à 2 blocs 13	1
#66C2A5	-2.06033470443995	15	1	sous-entraînement	sous-entraînement	VC à 2 blocs 14	1
#66C2A5	-1.94257647791183	15	1	sous-entraînement	sous-entraînement	VC à 2 blocs 31	1
#66C2A5	-2.32789785710485	15	1	sous-entraînement	sous-entraînement	VC à 2 blocs 15	1
#66C2A5	-1.54186219952186	15	1	sous-entraînement	sous-entraînement	VC à 2 blocs 74	1
#66C2A5	-1.80088039112426	15	1	sous-entraînement	sous-entraînement	VC à 2 blocs 81	1
#66C2A5	-1.5608531224066	15	1	sous-entraînement	sous-entraînement	VC à 2 blocs 53	1
#66C2A5	-1.65643445277734	15	1	sous-entraînement	sous-entraînement	VC à 2 blocs 96	1
#66C2A5	-1.78488006847451	15	1	sous-entraînement	sous-entraînement	VC à 2 blocs 1	1
#66C2A5	-2.20983318880744	15	1	sous-entraînement	sous-entraînement	VC à 2 blocs 16	1
#66C2A5	-2.07471081213793	15	1	sous-entraînement	sous-entraînement	VC à 2 blocs 54	1
#66C2A5	-1.85460050773384	15	1	sous-entraînement	sous-entraînement	VC à 2 blocs 75	1
#66C2A5	-1.72509939317448	15	1	sous-entraînement	sous-entraînement	VC à 2 blocs 93	1
#66C2A5	-1.97497349157615	15	1	sous-entraînement	sous-entraînement	VC à 2 blocs 55	1
#66C2A5	-2.0145329654262	15	1	sous-entraînement	sous-entraînement	VC à 2 blocs 56	1
#66C2A5	-1.87083382641883	15	1	sous-entraînement	sous-entraînement	VC à 2 blocs 57	1
#66C2A5	-1.75865179806001	15	1	sous-entraînement	sous-entraînement	VC à 2 blocs 58	1
#66C2A5	-1.61946089850646	15	1	sous-entraînement	sous-entraînement	VC à 2 blocs 17	1
#66C2A5	-2.01117297519357	15	1	sous-entraînement	sous-entraînement	VC à 2 blocs 82	1
#66C2A5	-2.25317870497643	15	1	sous-entraînement	sous-entraînement	VC à 2 blocs 59	1
#66C2A5	-1.54022964686687	15	1	sous-entraînement	sous-entraînement	VC à 2 blocs 90	1
#66C2A5	-2.04837876427689	15	1	sous-entraînement	sous-entraînement	VC à 2 blocs 18	1
#66C2A5	-1.74510048444646	15	1	sous-entraînement	sous-entraînement	VC à 2 blocs 2	1
#66C2A5	-1.93246553263632	15	1	sous-entraînement	sous-entraînement	VC à 2 blocs 99	1
#66C2A5	-1.94486191313165	15	1	sous-entraînement	sous-entraînement	VC à 2 blocs 60	1
#66C2A5	-1.67869890792992	15	1	sous-entraînement	sous-entraînement	VC à 2 blocs 61	1
#66C2A5	-1.78942815043119	15	1	sous-entraînement	sous-entraînement	VC à 2 blocs 19	1
#66C2A5	-1.649062916492	15	1	sous-entraînement	sous-entraînement	VC à 2 blocs 62	1
#66C2A5	-1.8863508261283	15	1	sous-entraînement	sous-entraînement	VC à 2 blocs 63	1
#66C2A5	-1.64289905855601	15	1	sous-entraînement	sous-entraînement	VC à 2 blocs 94	1
#66C2A5	-2.28311790253911	15	1	sous-entraînement	sous-entraînement	VC à 2 blocs 76	1
#66C2A5	-1.80385957650364	15	1	sous-entraînement	sous-entraînement	VC à 2 blocs 3	1
#66C2A5	-1.99918767856251	15	1	sous-entraînement	sous-entraînement	VC à 2 blocs 20	1
#66C2A5	-1.92401751969559	15	1	sous-entraînement	sous-entraînement	VC à 2 blocs 64	1
#66C2A5	-1.84519030299959	15	1	sous-entraînement	sous-entraînement	VC à 2 blocs 21	1
#66C2A5	-1.70665069551267	15	1	sous-entraînement	sous-entraînement	VC à 2 blocs 86	1
#66C2A5	-1.88903034453292	15	1	sous-entraînement	sous-entraînement	VC à 2 blocs 22	1
#66C2A5	-2.02592569819602	15	1	sous-entraînement	sous-entraînement	VC à 2 blocs 65	1
#66C2A5	-1.72264227857268	15	1	sous-entraînement	sous-entraînement	VC à 2 blocs 23	1
#66C2A5	-2.21445894362121	15	1	sous-entraînement	sous-entraînement	VC à 2 blocs 87	1
#66C2A5	-2.0210855515724	15	1	sous-entraînement	sous-entraînement	VC à 2 blocs 24	1
#66C2A5	-1.73682791699069	15	1	sous-entraînement	sous-entraînement	VC à 2 blocs 83	1
#66C2A5	-2.02154441172771	15	1	sous-entraînement	sous-entraînement	VC à 2 blocs 66	1
#66C2A5	-1.90059512672181	15	1	sous-entraînement	sous-entraînement	VC à 2 blocs 67	1
#66C2A5	-1.73311326190083	15	1	sous-entraînement	sous-entraînement	VC à 2 blocs 84	1
#66C2A5	-2.12481474445758	15	1	sous-entraînement	sous-entraînement	VC à 2 blocs 25	1
#66C2A5	-1.81814806391986	15	1	sous-entraînement	sous-entraînement	VC à 2 blocs 68	1
#66C2A5	-2.21419591628105	15	1	sous-entraînement	sous-entraînement	VC à 2 blocs 69	1
#66C2A5	-1.51490124057246	15	1	sous-entraînement	sous-entraînement	VC à 2 blocs 26	1
#66C2A5	-1.69558999507259	15	1	sous-entraînement	sous-entraînement	VC à 2 blocs 100	1
#66C2A5	-1.63664443722279	15	1	sous-entraînement	sous-entraînement	VC à 2 blocs 88	1
#66C2A5	-2.01591009838692	15	1	sous-entraînement	sous-entraînement	VC à 2 blocs 70	1
#66C2A5	-2.04852963866412	15	1	sous-entraînement	sous-entraînement	VC à 2 blocs 27	1
#66C2A5	-1.78888560977699	15	1	sous-entraînement	sous-entraînement	50% validation 87	1
#66C2A5	-1.8144911463987	15	1	sous-entraînement	sous-entraînement	50% validation 6	1
#66C2A5	-1.9794919451156	15	1	sous-entraînement	sous-entraînement	50% validation 28	1
#66C2A5	-2.55723152988654	15	1	sous-entraînement	sous-entraînement	50% validation 22	1
#66C2A5	-2.17634846759105	15	1	sous-entraînement	sous-entraînement	50% validation 23	1
#66C2A5	-1.87797406430664	15	1	sous-entraînement	sous-entraînement	50% validation 69	1
#66C2A5	-1.86597606713324	15	1	sous-entraînement	sous-entraînement	50% validation 7	1
#66C2A5	-1.64719493404565	15	1	sous-entraînement	sous-entraînement	50% validation 91	1
#66C2A5	-1.75281170519643	15	1	sous-entraînement	sous-entraînement	50% validation 24	1
#66C2A5	-1.98291208778623	15	1	sous-entraînement	sous-entraînement	50% validation 70	1
#66C2A5	-1.62411445341613	15	1	sous-entraînement	sous-entraînement	50% validation 93	1
#66C2A5	-2.0980026952904	15	1	sous-entraînement	sous-entraînement	50% validation 71	1
#66C2A5	-1.51532332891829	15	1	sous-entraînement	sous-entraînement	50% validation 8	1
#66C2A5	-1.94425915361239	15	1	sous-entraînement	sous-entraînement	50% validation 25	1
#66C2A5	-1.86915098069383	15	1	sous-entraînement	sous-entraînement	50% validation 29	1
#66C2A5	-1.50721118800918	15	1	sous-entraînement	sous-entraînement	50% validation 30	1
#66C2A5	-1.81107746447221	15	1	sous-entraînement	sous-entraînement	50% validation 9	1
#66C2A5	-1.64466853350249	15	1	sous-entraînement	sous-entraînement	50% validation 10	1
#66C2A5	-1.68783256575531	15	1	sous-entraînement	sous-entraînement	50% validation 31	1
#66C2A5	-1.90841650537158	15	1	sous-entraînement	sous-entraînement	50% validation 32	1
#66C2A5	-2.06413520226951	15	1	sous-entraînement	sous-entraînement	50% validation 1	1
#66C2A5	-1.812825246737	15	1	sous-entraînement	sous-entraînement	50% validation 74	1
#66C2A5	-1.92026047730445	15	1	sous-entraînement	sous-entraînement	50% validation 33	1
#66C2A5	-1.69117916993689	15	1	sous-entraînement	sous-entraînement	50% validation 11	1
#66C2A5	-1.81948090033245	15	1	sous-entraînement	sous-entraînement	50% validation 72	1
#66C2A5	-1.93672507345416	15	1	sous-entraînement	sous-entraînement	50% validation 12	1
#66C2A5	-1.60298857412998	15	1	sous-entraînement	sous-entraînement	50% validation 34	1
#66C2A5	-2.03822835990726	15	1	sous-entraînement	sous-entraînement	50% validation 86	1
#66C2A5	-2.0604439471206	15	1	sous-entraînement	sous-entraînement	50% validation 35	1
#66C2A5	-1.93674545952568	15	1	sous-entraînement	sous-entraînement	50% validation 36	1
#66C2A5	-1.87481901867517	15	1	sous-entraînement	sous-entraînement	50% validation 37	1
#66C2A5	-1.74677126489834	15	1	sous-entraînement	sous-entraînement	50% validation 38	1
#66C2A5	-1.75113463561447	15	1	sous-entraînement	sous-entraînement	50% validation 59	1
#66C2A5	-1.71892819142454	15	1	sous-entraînement	sous-entraînement	50% validation 60	1
#66C2A5	-1.72241231280893	15	1	sous-entraînement	sous-entraînement	50% validation 39	1
#66C2A5	-1.71725228187766	15	1	sous-entraînement	sous-entraînement	50% validation 40	1
#66C2A5	-1.77856982363106	15	1	sous-entraînement	sous-entraînement	50% validation 41	1
#66C2A5	-1.72462142649411	15	1	sous-entraînement	sous-entraînement	50% validation 92	1
#66C2A5	-1.89925617239444	15	1	sous-entraînement	sous-entraînement	50% validation 42	1
#66C2A5	-1.81909481548257	15	1	sous-entraînement	sous-entraînement	50% validation 43	1
#66C2A5	-1.89809990591558	15	1	sous-entraînement	sous-entraînement	50% validation 44	1
#66C2A5	-2.25255871471069	15	1	sous-entraînement	sous-entraînement	50% validation 45	1
#66C2A5	-1.9529150035834	15	1	sous-entraînement	sous-entraînement	50% validation 13	1
#66C2A5	-1.7272346647384	15	1	sous-entraînement	sous-entraînement	50% validation 99	1
#66C2A5	-2.12120633816638	15	1	sous-entraînement	sous-entraînement	50% validation 61	1
#66C2A5	-2.00784760111278	15	1	sous-entraînement	sous-entraînement	50% validation 14	1
#66C2A5	-1.66776535379582	15	1	sous-entraînement	sous-entraînement	50% validation 2	1
#66C2A5	-1.59178640063665	15	1	sous-entraînement	sous-entraînement	50% validation 46	1
#66C2A5	-2.02820656332795	15	1	sous-entraînement	sous-entraînement	50% validation 75	1
#66C2A5	-1.87326647587002	15	1	sous-entraînement	sous-entraînement	50% validation 3	1
#66C2A5	-1.81260943830294	15	1	sous-entraînement	sous-entraînement	50% validation 47	1
#66C2A5	-2.47022575628494	15	1	sous-entraînement	sous-entraînement	50% validation 76	1
#66C2A5	-2.17044517507005	15	1	sous-entraînement	sous-entraînement	50% validation 97	1
#66C2A5	-1.94056847980975	15	1	sous-entraînement	sous-entraînement	50% validation 88	1
#66C2A5	-1.67596254888078	15	1	sous-entraînement	sous-entraînement	50% validation 62	1
#66C2A5	-1.87874552745855	15	1	sous-entraînement	sous-entraînement	50% validation 95	1
#66C2A5	-1.81409068307092	15	1	sous-entraînement	sous-entraînement	50% validation 48	1
#66C2A5	-1.54509253669201	15	1	sous-entraînement	sous-entraînement	50% validation 49	1
#66C2A5	-1.73318965538104	15	1	sous-entraînement	sous-entraînement	50% validation 15	1
#66C2A5	-1.73970035508148	15	1	sous-entraînement	sous-entraînement	50% validation 16	1
#66C2A5	-1.61816339491726	15	1	sous-entraînement	sous-entraînement	50% validation 17	1
#66C2A5	-1.71318315701095	15	1	sous-entraînement	sous-entraînement	50% validation 63	1
#66C2A5	-2.26465112894593	15	1	sous-entraînement	sous-entraînement	50% validation 64	1
#66C2A5	-1.98407003056244	15	1	sous-entraînement	sous-entraînement	50% validation 26	1
#66C2A5	-1.68571052398119	15	1	sous-entraînement	sous-entraînement	50% validation 65	1
#66C2A5	-1.87901687022634	15	1	sous-entraînement	sous-entraînement	50% validation 77	1
#66C2A5	-1.44019276390237	15	1	sous-entraînement	sous-entraînement	50% validation 50	1
#66C2A5	-2.05688029492066	15	1	sous-entraînement	sous-entraînement	50% validation 18	1
#66C2A5	-1.82641904786869	15	1	sous-entraînement	sous-entraînement	50% validation 96	1
#66C2A5	-1.66587457243759	15	1	sous-entraînement	sous-entraînement	50% validation 51	1
#66C2A5	-1.95239499673278	15	1	sous-entraînement	sous-entraînement	50% validation 52	1
#66C2A5	-1.70432722768228	15	1	sous-entraînement	sous-entraînement	50% validation 78	1
#66C2A5	-1.75288306477519	15	1	sous-entraînement	sous-entraînement	50% validation 53	1
#66C2A5	-1.71087669470368	15	1	sous-entraînement	sous-entraînement	50% validation 19	1
#66C2A5	-1.67591327836999	15	1	sous-entraînement	sous-entraînement	50% validation 73	1
#66C2A5	-1.90755319384359	15	1	sous-entraînement	sous-entraînement	50% validation 54	1
#66C2A5	-1.681292120205	15	1	sous-entraînement	sous-entraînement	50% validation 4	1
#66C2A5	-1.63487862837471	15	1	sous-entraînement	sous-entraînement	50% validation 55	1
#66C2A5	-1.62809989543342	15	1	sous-entraînement	sous-entraînement	50% validation 5	1
#66C2A5	-1.71672691137319	15	1	sous-entraînement	sous-entraînement	50% validation 98	1
#66C2A5	-1.69339330248037	15	1	sous-entraînement	sous-entraînement	50% validation 66	1
#66C2A5	-1.75763500444939	15	1	sous-entraînement	sous-entraînement	50% validation 89	1
#66C2A5	-2.1965987861055	15	1	sous-entraînement	sous-entraînement	50% validation 79	1
#66C2A5	-1.70901862875078	15	1	sous-entraînement	sous-entraînement	50% validation 94	1
#66C2A5	-1.95893188681804	15	1	sous-entraînement	sous-entraînement	50% validation 80	1
#66C2A5	-1.8173893354675	15	1	sous-entraînement	sous-entraînement	50% validation 81	1
#66C2A5	-1.83529539592439	15	1	sous-entraînement	sous-entraînement	50% validation 20	1
#66C2A5	-1.51328909406072	15	1	sous-entraînement	sous-entraînement	50% validation 21	1
#66C2A5	-1.56201998299742	15	1	sous-entraînement	sous-entraînement	50% validation 56	1
#66C2A5	-2.24371533644384	15	1	sous-entraînement	sous-entraînement	50% validation 82	1
#66C2A5	-1.65486462379439	15	1	sous-entraînement	sous-entraînement	50% validation 67	1
#66C2A5	-1.57755310947253	15	1	sous-entraînement	sous-entraînement	50% validation 57	1
#66C2A5	-1.59058977523236	15	1	sous-entraînement	sous-entraînement	50% validation 27	1
#66C2A5	-2.03371906334931	15	1	sous-entraînement	sous-entraînement	50% validation 83	1
#66C2A5	-1.76039714935156	15	1	sous-entraînement	sous-entraînement	50% validation 58	1
#66C2A5	-2.0314189737978	15	1	sous-entraînement	sous-entraînement	50% validation 100	1
#66C2A5	-1.96795488197649	15	1	sous-entraînement	sous-entraînement	50% validation 68	1
#66C2A5	-1.60470538003367	15	1	sous-entraînement	sous-entraînement	50% validation 85	1
#66C2A5	-1.59135099853535	15	1	sous-entraînement	sous-entraînement	50% validation 90	1
#66C2A5	-1.74788782857893	15	1	sous-entraînement	sous-entraînement	50% validation 84	1
#66C2A5	-2.33091695542356	16	1	sous-entraînement	sous-entraînement	VC à 2 blocs 32	1
#66C2A5	-1.66440828047836	16	1	sous-entraînement	sous-entraînement	VC à 2 blocs 33	1
#66C2A5	-1.87473076973013	16	1	sous-entraînement	sous-entraînement	VC à 2 blocs 85	1
#66C2A5	-2.03899857321279	16	1	sous-entraînement	sous-entraînement	VC à 2 blocs 77	1
#66C2A5	-2.3779597614127	16	1	sous-entraînement	sous-entraînement	VC à 2 blocs 4	1
#66C2A5	-1.8722377408924	16	1	sous-entraînement	sous-entraînement	VC à 2 blocs 34	1
#66C2A5	-2.29025111714519	16	1	sous-entraînement	sous-entraînement	VC à 2 blocs 28	1
#66C2A5	-1.97579564719616	16	1	sous-entraînement	sous-entraînement	VC à 2 blocs 78	1
#66C2A5	-2.22353781821699	16	1	sous-entraînement	sous-entraînement	VC à 2 blocs 35	1
#66C2A5	-1.67134701668085	16	1	sous-entraînement	sous-entraînement	VC à 2 blocs 5	1
#66C2A5	-2.09064947355965	16	1	sous-entraînement	sous-entraînement	VC à 2 blocs 36	1
#66C2A5	-2.01387778835731	16	1	sous-entraînement	sous-entraînement	VC à 2 blocs 6	1
#66C2A5	-1.72631578915444	16	1	sous-entraînement	sous-entraînement	VC à 2 blocs 37	1
#66C2A5	-1.74697013566998	16	1	sous-entraînement	sous-entraînement	VC à 2 blocs 91	1
#66C2A5	-1.92140053399042	16	1	sous-entraînement	sous-entraînement	VC à 2 blocs 38	1
#66C2A5	-2.17928679899363	16	1	sous-entraînement	sous-entraînement	VC à 2 blocs 39	1
#66C2A5	-2.46557807345193	16	1	sous-entraînement	sous-entraînement	VC à 2 blocs 7	1
#66C2A5	-2.09812097365166	16	1	sous-entraînement	sous-entraînement	VC à 2 blocs 92	1
#66C2A5	-2.09764266618121	16	1	sous-entraînement	sous-entraînement	VC à 2 blocs 79	1
#66C2A5	-1.83006062281805	16	1	sous-entraînement	sous-entraînement	VC à 2 blocs 98	1
#66C2A5	-2.38132128638147	16	1	sous-entraînement	sous-entraînement	VC à 2 blocs 40	1
#66C2A5	-1.47380565604264	16	1	sous-entraînement	sous-entraînement	VC à 2 blocs 97	1
#66C2A5	-2.28147552307039	16	1	sous-entraînement	sous-entraînement	VC à 2 blocs 71	1
#66C2A5	-1.73907808720658	16	1	sous-entraînement	sous-entraînement	VC à 2 blocs 8	1
#66C2A5	-1.92586493588154	16	1	sous-entraînement	sous-entraînement	VC à 2 blocs 41	1
#66C2A5	-1.77960916723311	16	1	sous-entraînement	sous-entraînement	VC à 2 blocs 9	1
#66C2A5	-1.97971273470325	16	1	sous-entraînement	sous-entraînement	VC à 2 blocs 42	1
#66C2A5	-1.7098749935507	16	1	sous-entraînement	sous-entraînement	VC à 2 blocs 89	1
#66C2A5	-2.19644360850991	16	1	sous-entraînement	sous-entraînement	VC à 2 blocs 29	1
#66C2A5	-1.74034748538047	16	1	sous-entraînement	sous-entraînement	VC à 2 blocs 43	1
#66C2A5	-1.75312712557448	16	1	sous-entraînement	sous-entraînement	VC à 2 blocs 44	1
#66C2A5	-2.24435757265813	16	1	sous-entraînement	sous-entraînement	VC à 2 blocs 72	1
#66C2A5	-1.88626374937782	16	1	sous-entraînement	sous-entraînement	VC à 2 blocs 95	1
#66C2A5	-1.91463339991179	16	1	sous-entraînement	sous-entraînement	VC à 2 blocs 73	1
#66C2A5	-1.84126733236773	16	1	sous-entraînement	sous-entraînement	VC à 2 blocs 10	1
#66C2A5	-2.08678011030885	16	1	sous-entraînement	sous-entraînement	VC à 2 blocs 45	1
#66C2A5	-1.68120618861995	16	1	sous-entraînement	sous-entraînement	VC à 2 blocs 46	1
#66C2A5	-1.8256789176569	16	1	sous-entraînement	sous-entraînement	VC à 2 blocs 11	1
#66C2A5	-1.88513080098084	16	1	sous-entraînement	sous-entraînement	VC à 2 blocs 30	1
#66C2A5	-2.36855880874904	16	1	sous-entraînement	sous-entraînement	VC à 2 blocs 47	1
#66C2A5	-1.86683821685014	16	1	sous-entraînement	sous-entraînement	VC à 2 blocs 48	1
#66C2A5	-1.72415388806882	16	1	sous-entraînement	sous-entraînement	VC à 2 blocs 49	1
#66C2A5	-2.24197005690524	16	1	sous-entraînement	sous-entraînement	VC à 2 blocs 80	1
#66C2A5	-2.22853739772357	16	1	sous-entraînement	sous-entraînement	VC à 2 blocs 50	1
#66C2A5	-1.66063216033306	16	1	sous-entraînement	sous-entraînement	VC à 2 blocs 51	1
#66C2A5	-1.88881700384199	16	1	sous-entraînement	sous-entraînement	VC à 2 blocs 12	1
#66C2A5	-2.16725500377962	16	1	sous-entraînement	sous-entraînement	VC à 2 blocs 52	1
#66C2A5	-1.58304699383504	16	1	sous-entraînement	sous-entraînement	VC à 2 blocs 13	1
#66C2A5	-2.27873493337283	16	1	sous-entraînement	sous-entraînement	VC à 2 blocs 14	1
#66C2A5	-2.05988943803414	16	1	sous-entraînement	sous-entraînement	VC à 2 blocs 31	1
#66C2A5	-2.49134158814007	16	1	sous-entraînement	sous-entraînement	VC à 2 blocs 15	1
#66C2A5	-1.68390359412888	16	1	sous-entraînement	sous-entraînement	VC à 2 blocs 74	1
#66C2A5	-1.87198230196409	16	1	sous-entraînement	sous-entraînement	VC à 2 blocs 81	1
#66C2A5	-1.75635102896535	16	1	sous-entraînement	sous-entraînement	VC à 2 blocs 53	1
#66C2A5	-1.73795301316224	16	1	sous-entraînement	sous-entraînement	VC à 2 blocs 96	1
#66C2A5	-1.94696089602127	16	1	sous-entraînement	sous-entraînement	VC à 2 blocs 1	1
#66C2A5	-2.44749932188312	16	1	sous-entraînement	sous-entraînement	VC à 2 blocs 16	1
#66C2A5	-2.34621913342924	16	1	sous-entraînement	sous-entraînement	VC à 2 blocs 54	1
#66C2A5	-2.18932606323317	16	1	sous-entraînement	sous-entraînement	VC à 2 blocs 75	1
#66C2A5	-1.83073221151714	16	1	sous-entraînement	sous-entraînement	VC à 2 blocs 93	1
#66C2A5	-2.24665545477741	16	1	sous-entraînement	sous-entraînement	VC à 2 blocs 55	1
#66C2A5	-2.34619114211873	16	1	sous-entraînement	sous-entraînement	VC à 2 blocs 56	1
#66C2A5	-1.92416435680333	16	1	sous-entraînement	sous-entraînement	VC à 2 blocs 57	1
#66C2A5	-1.85802130164635	16	1	sous-entraînement	sous-entraînement	VC à 2 blocs 58	1
#66C2A5	-1.81373433463064	16	1	sous-entraînement	sous-entraînement	VC à 2 blocs 17	1
#66C2A5	-2.05278672089471	16	1	sous-entraînement	sous-entraînement	VC à 2 blocs 82	1
#66C2A5	-2.38284508521045	16	1	sous-entraînement	sous-entraînement	VC à 2 blocs 59	1
#66C2A5	-1.62162441539647	16	1	sous-entraînement	sous-entraînement	VC à 2 blocs 90	1
#66C2A5	-2.19174130428641	16	1	sous-entraînement	sous-entraînement	VC à 2 blocs 18	1
#66C2A5	-1.8448065946419	16	1	sous-entraînement	sous-entraînement	VC à 2 blocs 2	1
#66C2A5	-2.37051672736223	16	1	sous-entraînement	sous-entraînement	VC à 2 blocs 99	1
#66C2A5	-2.05787226040358	16	1	sous-entraînement	sous-entraînement	VC à 2 blocs 60	1
#66C2A5	-1.79246075694191	16	1	sous-entraînement	sous-entraînement	VC à 2 blocs 61	1
#66C2A5	-1.94641557083513	16	1	sous-entraînement	sous-entraînement	VC à 2 blocs 19	1
#66C2A5	-1.70248261478863	16	1	sous-entraînement	sous-entraînement	VC à 2 blocs 62	1
#66C2A5	-1.97980196019483	16	1	sous-entraînement	sous-entraînement	VC à 2 blocs 63	1
#66C2A5	-1.76611955310844	16	1	sous-entraînement	sous-entraînement	VC à 2 blocs 94	1
#66C2A5	-2.40955886880267	16	1	sous-entraînement	sous-entraînement	VC à 2 blocs 76	1
#66C2A5	-1.99268067448479	16	1	sous-entraînement	sous-entraînement	VC à 2 blocs 3	1
#66C2A5	-2.2930753601403	16	1	sous-entraînement	sous-entraînement	VC à 2 blocs 20	1
#66C2A5	-2.12512537861463	16	1	sous-entraînement	sous-entraînement	VC à 2 blocs 64	1
#66C2A5	-1.96643743457238	16	1	sous-entraînement	sous-entraînement	VC à 2 blocs 21	1
#66C2A5	-1.83546073830595	16	1	sous-entraînement	sous-entraînement	VC à 2 blocs 86	1
#66C2A5	-1.98671022266941	16	1	sous-entraînement	sous-entraînement	VC à 2 blocs 22	1
#66C2A5	-2.21188675337617	16	1	sous-entraînement	sous-entraînement	VC à 2 blocs 65	1
#66C2A5	-1.85347716465497	16	1	sous-entraînement	sous-entraînement	VC à 2 blocs 23	1
#66C2A5	-2.30402257651121	16	1	sous-entraînement	sous-entraînement	VC à 2 blocs 87	1
#66C2A5	-2.15422317560313	16	1	sous-entraînement	sous-entraînement	VC à 2 blocs 24	1
#66C2A5	-1.87276204817825	16	1	sous-entraînement	sous-entraînement	VC à 2 blocs 83	1
#66C2A5	-2.3647422071357	16	1	sous-entraînement	sous-entraînement	VC à 2 blocs 66	1
#66C2A5	-2.09755408875731	16	1	sous-entraînement	sous-entraînement	VC à 2 blocs 67	1
#66C2A5	-1.91153428011258	16	1	sous-entraînement	sous-entraînement	VC à 2 blocs 84	1
#66C2A5	-2.25150687266107	16	1	sous-entraînement	sous-entraînement	VC à 2 blocs 25	1
#66C2A5	-1.91146411937175	16	1	sous-entraînement	sous-entraînement	VC à 2 blocs 68	1
#66C2A5	-2.33108000732143	16	1	sous-entraînement	sous-entraînement	VC à 2 blocs 69	1
#66C2A5	-1.58598353089551	16	1	sous-entraînement	sous-entraînement	VC à 2 blocs 26	1
#66C2A5	-1.833121383465	16	1	sous-entraînement	sous-entraînement	VC à 2 blocs 100	1
#66C2A5	-1.70949340307283	16	1	sous-entraînement	sous-entraînement	VC à 2 blocs 88	1
#66C2A5	-2.19470772842931	16	1	sous-entraînement	sous-entraînement	VC à 2 blocs 70	1
#66C2A5	-2.22710791023745	16	1	sous-entraînement	sous-entraînement	VC à 2 blocs 27	1
#66C2A5	-2.02383352196473	16	1	sous-entraînement	sous-entraînement	50% validation 87	1
#66C2A5	-1.91700249040884	16	1	sous-entraînement	sous-entraînement	50% validation 6	1
#66C2A5	-2.18915479262929	16	1	sous-entraînement	sous-entraînement	50% validation 28	1
#66C2A5	-2.66563274247742	16	1	sous-entraînement	sous-entraînement	50% validation 22	1
#66C2A5	-2.41966897942582	16	1	sous-entraînement	sous-entraînement	50% validation 23	1
#66C2A5	-1.96311123112468	16	1	sous-entraînement	sous-entraînement	50% validation 69	1
#66C2A5	-1.92248828724785	16	1	sous-entraînement	sous-entraînement	50% validation 7	1
#66C2A5	-1.75433981375041	16	1	sous-entraînement	sous-entraînement	50% validation 91	1
#66C2A5	-1.91374939451249	16	1	sous-entraînement	sous-entraînement	50% validation 24	1
#66C2A5	-2.10786336367222	16	1	sous-entraînement	sous-entraînement	50% validation 70	1
#66C2A5	-1.72170698773942	16	1	sous-entraînement	sous-entraînement	50% validation 93	1
#66C2A5	-2.18936609254724	16	1	sous-entraînement	sous-entraînement	50% validation 71	1
#66C2A5	-1.60109915804038	16	1	sous-entraînement	sous-entraînement	50% validation 8	1
#66C2A5	-2.04367505423403	16	1	sous-entraînement	sous-entraînement	50% validation 25	1
#66C2A5	-2.25379138871831	16	1	sous-entraînement	sous-entraînement	50% validation 29	1
#66C2A5	-1.64979234461311	16	1	sous-entraînement	sous-entraînement	50% validation 30	1
#66C2A5	-1.88401860590846	16	1	sous-entraînement	sous-entraînement	50% validation 9	1
#66C2A5	-1.74351430927236	16	1	sous-entraînement	sous-entraînement	50% validation 10	1
#66C2A5	-1.81225151008694	16	1	sous-entraînement	sous-entraînement	50% validation 31	1
#66C2A5	-2.07222497013666	16	1	sous-entraînement	sous-entraînement	50% validation 32	1
#66C2A5	-2.32611161671974	16	1	sous-entraînement	sous-entraînement	50% validation 1	1
#66C2A5	-1.96991264755651	16	1	sous-entraînement	sous-entraînement	50% validation 74	1
#66C2A5	-2.14940652302539	16	1	sous-entraînement	sous-entraînement	50% validation 33	1
#66C2A5	-1.80329113727504	16	1	sous-entraînement	sous-entraînement	50% validation 11	1
#66C2A5	-1.98057215037967	16	1	sous-entraînement	sous-entraînement	50% validation 72	1
#66C2A5	-2.21485967911141	16	1	sous-entraînement	sous-entraînement	50% validation 12	1
#66C2A5	-1.69852927438534	16	1	sous-entraînement	sous-entraînement	50% validation 34	1
#66C2A5	-2.19381713880784	16	1	sous-entraînement	sous-entraînement	50% validation 86	1
#66C2A5	-2.38390017985537	16	1	sous-entraînement	sous-entraînement	50% validation 35	1
#66C2A5	-2.24416898043474	16	1	sous-entraînement	sous-entraînement	50% validation 36	1
#66C2A5	-2.00917998678426	16	1	sous-entraînement	sous-entraînement	50% validation 37	1
#66C2A5	-2.03808180470374	16	1	sous-entraînement	sous-entraînement	50% validation 38	1
#66C2A5	-1.88529467703607	16	1	sous-entraînement	sous-entraînement	50% validation 59	1
#66C2A5	-1.80259110583384	16	1	sous-entraînement	sous-entraînement	50% validation 60	1
#66C2A5	-1.77430062654482	16	1	sous-entraînement	sous-entraînement	50% validation 39	1
#66C2A5	-1.82198011345829	16	1	sous-entraînement	sous-entraînement	50% validation 40	1
#66C2A5	-1.94096568111987	16	1	sous-entraînement	sous-entraînement	50% validation 41	1
#66C2A5	-1.78906053135778	16	1	sous-entraînement	sous-entraînement	50% validation 92	1
#66C2A5	-2.24278461598948	16	1	sous-entraînement	sous-entraînement	50% validation 42	1
#66C2A5	-1.90190163104096	16	1	sous-entraînement	sous-entraînement	50% validation 43	1
#66C2A5	-2.04453261417857	16	1	sous-entraînement	sous-entraînement	50% validation 44	1
#66C2A5	-2.37205548364178	16	1	sous-entraînement	sous-entraînement	50% validation 45	1
#66C2A5	-1.99060972146861	16	1	sous-entraînement	sous-entraînement	50% validation 13	1
#66C2A5	-1.80321951568182	16	1	sous-entraînement	sous-entraînement	50% validation 99	1
#66C2A5	-2.38455582890599	16	1	sous-entraînement	sous-entraînement	50% validation 61	1
#66C2A5	-2.12557791552477	16	1	sous-entraînement	sous-entraînement	50% validation 14	1
#66C2A5	-1.83062293144261	16	1	sous-entraînement	sous-entraînement	50% validation 2	1
#66C2A5	-1.77051629517956	16	1	sous-entraînement	sous-entraînement	50% validation 46	1
#66C2A5	-2.20465844649082	16	1	sous-entraînement	sous-entraînement	50% validation 75	1
#66C2A5	-2.33408738450298	16	1	sous-entraînement	sous-entraînement	50% validation 3	1
#66C2A5	-1.92081657879095	16	1	sous-entraînement	sous-entraînement	50% validation 47	1
#66C2A5	-2.60850239562403	16	1	sous-entraînement	sous-entraînement	50% validation 76	1
#66C2A5	-2.71585412527783	16	1	sous-entraînement	sous-entraînement	50% validation 97	1
#66C2A5	-2.17956456630875	16	1	sous-entraînement	sous-entraînement	50% validation 88	1
#66C2A5	-1.76759322586094	16	1	sous-entraînement	sous-entraînement	50% validation 62	1
#66C2A5	-1.95148563698617	16	1	sous-entraînement	sous-entraînement	50% validation 95	1
#66C2A5	-1.96547673148468	16	1	sous-entraînement	sous-entraînement	50% validation 48	1
#66C2A5	-1.62368215341899	16	1	sous-entraînement	sous-entraînement	50% validation 49	1
#66C2A5	-1.87659464077628	16	1	sous-entraînement	sous-entraînement	50% validation 15	1
#66C2A5	-1.92132813361092	16	1	sous-entraînement	sous-entraînement	50% validation 16	1
#66C2A5	-1.68886191612051	16	1	sous-entraînement	sous-entraînement	50% validation 17	1
#66C2A5	-1.83206891034738	16	1	sous-entraînement	sous-entraînement	50% validation 63	1
#66C2A5	-2.39415215917575	16	1	sous-entraînement	sous-entraînement	50% validation 64	1
#66C2A5	-2.15335898119649	16	1	sous-entraînement	sous-entraînement	50% validation 26	1
#66C2A5	-1.80427349732029	16	1	sous-entraînement	sous-entraînement	50% validation 65	1
#66C2A5	-2.08136348736854	16	1	sous-entraînement	sous-entraînement	50% validation 77	1
#66C2A5	-1.50062347275098	16	1	sous-entraînement	sous-entraînement	50% validation 50	1
#66C2A5	-2.51743364096993	16	1	sous-entraînement	sous-entraînement	50% validation 18	1
#66C2A5	-2.00055406777685	16	1	sous-entraînement	sous-entraînement	50% validation 96	1
#66C2A5	-1.75261613636806	16	1	sous-entraînement	sous-entraînement	50% validation 51	1
#66C2A5	-2.05174007793485	16	1	sous-entraînement	sous-entraînement	50% validation 52	1
#66C2A5	-1.83683177233478	16	1	sous-entraînement	sous-entraînement	50% validation 78	1
#66C2A5	-1.83814761773926	16	1	sous-entraînement	sous-entraînement	50% validation 53	1
#66C2A5	-1.75835938145001	16	1	sous-entraînement	sous-entraînement	50% validation 19	1
#66C2A5	-1.79871443793502	16	1	sous-entraînement	sous-entraînement	50% validation 73	1
#66C2A5	-2.2063992857913	16	1	sous-entraînement	sous-entraînement	50% validation 54	1
#66C2A5	-1.76195454246957	16	1	sous-entraînement	sous-entraînement	50% validation 4	1
#66C2A5	-1.73159572134878	16	1	sous-entraînement	sous-entraînement	50% validation 55	1
#66C2A5	-1.69940636319608	16	1	sous-entraînement	sous-entraînement	50% validation 5	1
#66C2A5	-1.783022781986	16	1	sous-entraînement	sous-entraînement	50% validation 98	1
#66C2A5	-1.82206268679632	16	1	sous-entraînement	sous-entraînement	50% validation 66	1
#66C2A5	-1.84241326345408	16	1	sous-entraînement	sous-entraînement	50% validation 89	1
#66C2A5	-2.43682612596941	16	1	sous-entraînement	sous-entraînement	50% validation 79	1
#66C2A5	-1.80879310230503	16	1	sous-entraînement	sous-entraînement	50% validation 94	1
#66C2A5	-2.07177592660867	16	1	sous-entraînement	sous-entraînement	50% validation 80	1
#66C2A5	-1.89622714134767	16	1	sous-entraînement	sous-entraînement	50% validation 81	1
#66C2A5	-2.09693151234661	16	1	sous-entraînement	sous-entraînement	50% validation 20	1
#66C2A5	-1.96271845141611	16	1	sous-entraînement	sous-entraînement	50% validation 21	1
#66C2A5	-1.61534377284735	16	1	sous-entraînement	sous-entraînement	50% validation 56	1
#66C2A5	-2.41173370364029	16	1	sous-entraînement	sous-entraînement	50% validation 82	1
#66C2A5	-1.74823411571072	16	1	sous-entraînement	sous-entraînement	50% validation 67	1
#66C2A5	-1.62691669829271	16	1	sous-entraînement	sous-entraînement	50% validation 57	1
#66C2A5	-1.69793613794621	16	1	sous-entraînement	sous-entraînement	50% validation 27	1
#66C2A5	-2.1636779500053	16	1	sous-entraînement	sous-entraînement	50% validation 83	1
#66C2A5	-1.89956602983689	16	1	sous-entraînement	sous-entraînement	50% validation 58	1
#66C2A5	-2.13886793984977	16	1	sous-entraînement	sous-entraînement	50% validation 100	1
#66C2A5	-2.10641796533561	16	1	sous-entraînement	sous-entraînement	50% validation 68	1
#66C2A5	-1.72878841051086	16	1	sous-entraînement	sous-entraînement	50% validation 85	1
#66C2A5	-1.68407527757308	16	1	sous-entraînement	sous-entraînement	50% validation 90	1
#66C2A5	-1.91188024993199	16	1	sous-entraînement	sous-entraînement	50% validation 84	1
#66C2A5	-2.46033005123222	17	1	sous-entraînement	sous-entraînement	VC à 2 blocs 32	1
#66C2A5	-1.75020574734849	17	1	sous-entraînement	sous-entraînement	VC à 2 blocs 33	1
#66C2A5	-2.13937167347429	17	1	sous-entraînement	sous-entraînement	VC à 2 blocs 85	1
#66C2A5	-2.16652432360389	17	1	sous-entraînement	sous-entraînement	VC à 2 blocs 77	1
#66C2A5	-2.5549742523451	17	1	sous-entraînement	sous-entraînement	VC à 2 blocs 4	1
#66C2A5	-2.11500342761396	17	1	sous-entraînement	sous-entraînement	VC à 2 blocs 34	1
#66C2A5	-2.41943035933943	17	1	sous-entraînement	sous-entraînement	VC à 2 blocs 28	1
#66C2A5	-2.12935055373579	17	1	sous-entraînement	sous-entraînement	VC à 2 blocs 78	1
#66C2A5	-2.42157989555496	17	1	sous-entraînement	sous-entraînement	VC à 2 blocs 35	1
#66C2A5	-1.83264761708825	17	1	sous-entraînement	sous-entraînement	VC à 2 blocs 5	1
#66C2A5	-2.4316813152594	17	1	sous-entraînement	sous-entraînement	VC à 2 blocs 36	1
#66C2A5	-2.20906676713209	17	1	sous-entraînement	sous-entraînement	VC à 2 blocs 6	1
#66C2A5	-1.7924918890055	17	1	sous-entraînement	sous-entraînement	VC à 2 blocs 37	1
#66C2A5	-1.92710946231749	17	1	sous-entraînement	sous-entraînement	VC à 2 blocs 91	1
#66C2A5	-2.08625308231161	17	1	sous-entraînement	sous-entraînement	VC à 2 blocs 38	1
#66C2A5	-2.28144258140132	17	1	sous-entraînement	sous-entraînement	VC à 2 blocs 39	1
#66C2A5	-2.68227249352587	17	1	sous-entraînement	sous-entraînement	VC à 2 blocs 7	1
#66C2A5	-2.27769892951243	17	1	sous-entraînement	sous-entraînement	VC à 2 blocs 92	1
#66C2A5	-2.30803101447921	17	1	sous-entraînement	sous-entraînement	VC à 2 blocs 79	1
#66C2A5	-1.89920456785859	17	1	sous-entraînement	sous-entraînement	VC à 2 blocs 98	1
#66C2A5	-2.50517161617546	17	1	sous-entraînement	sous-entraînement	VC à 2 blocs 40	1
#66C2A5	-1.59701988382192	17	1	sous-entraînement	sous-entraînement	VC à 2 blocs 97	1
#66C2A5	-2.46101640569826	17	1	sous-entraînement	sous-entraînement	VC à 2 blocs 71	1
#66C2A5	-1.87584214267522	17	1	sous-entraînement	sous-entraînement	VC à 2 blocs 8	1
#66C2A5	-2.1287433938569	17	1	sous-entraînement	sous-entraînement	VC à 2 blocs 41	1
#66C2A5	-1.87643550010072	17	1	sous-entraînement	sous-entraînement	VC à 2 blocs 9	1
#66C2A5	-2.30041292573823	17	1	sous-entraînement	sous-entraînement	VC à 2 blocs 42	1
#66C2A5	-1.8238204701765	17	1	sous-entraînement	sous-entraînement	VC à 2 blocs 89	1
#66C2A5	-2.47450008962183	17	1	sous-entraînement	sous-entraînement	VC à 2 blocs 29	1
#66C2A5	-1.90099836691349	17	1	sous-entraînement	sous-entraînement	VC à 2 blocs 43	1
#66C2A5	-1.91113522976753	17	1	sous-entraînement	sous-entraînement	VC à 2 blocs 44	1
#66C2A5	-2.43694630976836	17	1	sous-entraînement	sous-entraînement	VC à 2 blocs 72	1
#66C2A5	-2.00621164849337	17	1	sous-entraînement	sous-entraînement	VC à 2 blocs 95	1
#66C2A5	-2.13991164430204	17	1	sous-entraînement	sous-entraînement	VC à 2 blocs 73	1
#66C2A5	-1.94782696385146	17	1	sous-entraînement	sous-entraînement	VC à 2 blocs 10	1
#66C2A5	-2.25272487479206	17	1	sous-entraînement	sous-entraînement	VC à 2 blocs 45	1
#66C2A5	-1.84814888793655	17	1	sous-entraînement	sous-entraînement	VC à 2 blocs 46	1
#66C2A5	-1.91813278425498	17	1	sous-entraînement	sous-entraînement	VC à 2 blocs 11	1
#66C2A5	-2.0387952550882	17	1	sous-entraînement	sous-entraînement	VC à 2 blocs 30	1
#66C2A5	-2.55386250410854	17	1	sous-entraînement	sous-entraînement	VC à 2 blocs 47	1
#66C2A5	-1.92193422904717	17	1	sous-entraînement	sous-entraînement	VC à 2 blocs 48	1
#66C2A5	-1.87191232859731	17	1	sous-entraînement	sous-entraînement	VC à 2 blocs 49	1
#66C2A5	-2.52709599170041	17	1	sous-entraînement	sous-entraînement	VC à 2 blocs 80	1
#66C2A5	-2.3928408100506	17	1	sous-entraînement	sous-entraînement	VC à 2 blocs 50	1
#66C2A5	-1.77855399648534	17	1	sous-entraînement	sous-entraînement	VC à 2 blocs 51	1
#66C2A5	-2.02907352708455	17	1	sous-entraînement	sous-entraînement	VC à 2 blocs 12	1
#66C2A5	-2.28753327998326	17	1	sous-entraînement	sous-entraînement	VC à 2 blocs 52	1
#66C2A5	-1.64660090469984	17	1	sous-entraînement	sous-entraînement	VC à 2 blocs 13	1
#66C2A5	-2.49351295757107	17	1	sous-entraînement	sous-entraînement	VC à 2 blocs 14	1
#66C2A5	-2.20669412795179	17	1	sous-entraînement	sous-entraînement	VC à 2 blocs 31	1
#66C2A5	-2.68515575267639	17	1	sous-entraînement	sous-entraînement	VC à 2 blocs 15	1
#66C2A5	-1.77750237001166	17	1	sous-entraînement	sous-entraînement	VC à 2 blocs 74	1
#66C2A5	-2.08376547096109	17	1	sous-entraînement	sous-entraînement	VC à 2 blocs 81	1
#66C2A5	-1.94958501556823	17	1	sous-entraînement	sous-entraînement	VC à 2 blocs 53	1
#66C2A5	-1.82612533633292	17	1	sous-entraînement	sous-entraînement	VC à 2 blocs 96	1
#66C2A5	-2.07648562292451	17	1	sous-entraînement	sous-entraînement	VC à 2 blocs 1	1
#66C2A5	-2.68150330545604	17	1	sous-entraînement	sous-entraînement	VC à 2 blocs 16	1
#66C2A5	-2.53945798479919	17	1	sous-entraînement	sous-entraînement	VC à 2 blocs 54	1
#66C2A5	-2.54273764644093	17	1	sous-entraînement	sous-entraînement	VC à 2 blocs 75	1
#66C2A5	-2.09841106976763	17	1	sous-entraînement	sous-entraînement	VC à 2 blocs 93	1
#66C2A5	-2.33735937722655	17	1	sous-entraînement	sous-entraînement	VC à 2 blocs 55	1
#66C2A5	-2.39371596544996	17	1	sous-entraînement	sous-entraînement	VC à 2 blocs 56	1
#66C2A5	-1.98062847816734	17	1	sous-entraînement	sous-entraînement	VC à 2 blocs 57	1
#66C2A5	-1.94929591272539	17	1	sous-entraînement	sous-entraînement	VC à 2 blocs 58	1
#66C2A5	-1.85570008233739	17	1	sous-entraînement	sous-entraînement	VC à 2 blocs 17	1
#66C2A5	-2.09772669504721	17	1	sous-entraînement	sous-entraînement	VC à 2 blocs 82	1
#66C2A5	-2.53184150296071	17	1	sous-entraînement	sous-entraînement	VC à 2 blocs 59	1
#66C2A5	-1.71477156421101	17	1	sous-entraînement	sous-entraînement	VC à 2 blocs 90	1
#66C2A5	-2.501769451447	17	1	sous-entraînement	sous-entraînement	VC à 2 blocs 18	1
#66C2A5	-2.20150407945706	17	1	sous-entraînement	sous-entraînement	VC à 2 blocs 2	1
#66C2A5	-2.4833040852793	17	1	sous-entraînement	sous-entraînement	VC à 2 blocs 99	1
#66C2A5	-2.4630886559192	17	1	sous-entraînement	sous-entraînement	VC à 2 blocs 60	1
#66C2A5	-1.84043876326222	17	1	sous-entraînement	sous-entraînement	VC à 2 blocs 61	1
#66C2A5	-2.18765906520329	17	1	sous-entraînement	sous-entraînement	VC à 2 blocs 19	1
#66C2A5	-1.86597418195236	17	1	sous-entraînement	sous-entraînement	VC à 2 blocs 62	1
#66C2A5	-2.14298280288193	17	1	sous-entraînement	sous-entraînement	VC à 2 blocs 63	1
#66C2A5	-1.83116292585115	17	1	sous-entraînement	sous-entraînement	VC à 2 blocs 94	1
#66C2A5	-2.50872353883583	17	1	sous-entraînement	sous-entraînement	VC à 2 blocs 76	1
#66C2A5	-2.32800775430823	17	1	sous-entraînement	sous-entraînement	VC à 2 blocs 3	1
#66C2A5	-2.53703279077348	17	1	sous-entraînement	sous-entraînement	VC à 2 blocs 20	1
#66C2A5	-2.45812694187473	17	1	sous-entraînement	sous-entraînement	VC à 2 blocs 64	1
#66C2A5	-2.13684596960168	17	1	sous-entraînement	sous-entraînement	VC à 2 blocs 21	1
#66C2A5	-2.04196932915816	17	1	sous-entraînement	sous-entraînement	VC à 2 blocs 86	1
#66C2A5	-2.10815028774119	17	1	sous-entraînement	sous-entraînement	VC à 2 blocs 22	1
#66C2A5	-2.40234251046172	17	1	sous-entraînement	sous-entraînement	VC à 2 blocs 65	1
#66C2A5	-1.9943720308062	17	1	sous-entraînement	sous-entraînement	VC à 2 blocs 23	1
#66C2A5	-2.41103440485357	17	1	sous-entraînement	sous-entraînement	VC à 2 blocs 87	1
#66C2A5	-2.42833047471341	17	1	sous-entraînement	sous-entraînement	VC à 2 blocs 24	1
#66C2A5	-1.95074007693477	17	1	sous-entraînement	sous-entraînement	VC à 2 blocs 83	1
#66C2A5	-2.64259832092826	17	1	sous-entraînement	sous-entraînement	VC à 2 blocs 66	1
#66C2A5	-2.59910992131636	17	1	sous-entraînement	sous-entraînement	VC à 2 blocs 67	1
#66C2A5	-2.21580997578978	17	1	sous-entraînement	sous-entraînement	VC à 2 blocs 84	1
#66C2A5	-2.37759877489829	17	1	sous-entraînement	sous-entraînement	VC à 2 blocs 25	1
#66C2A5	-2.22494960730865	17	1	sous-entraînement	sous-entraînement	VC à 2 blocs 68	1
#66C2A5	-2.46376261343202	17	1	sous-entraînement	sous-entraînement	VC à 2 blocs 69	1
#66C2A5	-1.67543777366254	17	1	sous-entraînement	sous-entraînement	VC à 2 blocs 26	1
#66C2A5	-1.96784491326486	17	1	sous-entraînement	sous-entraînement	VC à 2 blocs 100	1
#66C2A5	-1.79487143321203	17	1	sous-entraînement	sous-entraînement	VC à 2 blocs 88	1
#66C2A5	-2.53837794584889	17	1	sous-entraînement	sous-entraînement	VC à 2 blocs 70	1
#66C2A5	-2.38651517601626	17	1	sous-entraînement	sous-entraînement	VC à 2 blocs 27	1
#66C2A5	-2.2086393719768	17	1	sous-entraînement	sous-entraînement	50% validation 87	1
#66C2A5	-2.04754105789627	17	1	sous-entraînement	sous-entraînement	50% validation 6	1
#66C2A5	-2.33648175262065	17	1	sous-entraînement	sous-entraînement	50% validation 28	1
#66C2A5	-2.78938167169719	17	1	sous-entraînement	sous-entraînement	50% validation 22	1
#66C2A5	-2.830095117222	17	1	sous-entraînement	sous-entraînement	50% validation 23	1
#66C2A5	-2.36913636731994	17	1	sous-entraînement	sous-entraînement	50% validation 69	1
#66C2A5	-1.98458032378193	17	1	sous-entraînement	sous-entraînement	50% validation 7	1
#66C2A5	-1.88304739058269	17	1	sous-entraînement	sous-entraînement	50% validation 91	1
#66C2A5	-2.08002328248493	17	1	sous-entraînement	sous-entraînement	50% validation 24	1
#66C2A5	-2.2759315660553	17	1	sous-entraînement	sous-entraînement	50% validation 70	1
#66C2A5	-1.82958865738046	17	1	sous-entraînement	sous-entraînement	50% validation 93	1
#66C2A5	-2.61186910849615	17	1	sous-entraînement	sous-entraînement	50% validation 71	1
#66C2A5	-1.67694455649213	17	1	sous-entraînement	sous-entraînement	50% validation 8	1
#66C2A5	-2.37539893343022	17	1	sous-entraînement	sous-entraînement	50% validation 25	1
#66C2A5	-2.60174740176233	17	1	sous-entraînement	sous-entraînement	50% validation 29	1
#66C2A5	-1.71334931007789	17	1	sous-entraînement	sous-entraînement	50% validation 30	1
#66C2A5	-2.10354072965501	17	1	sous-entraînement	sous-entraînement	50% validation 9	1
#66C2A5	-1.87873003926534	17	1	sous-entraînement	sous-entraînement	50% validation 10	1
#66C2A5	-1.93047212790987	17	1	sous-entraînement	sous-entraînement	50% validation 31	1
#66C2A5	-2.22379162919643	17	1	sous-entraînement	sous-entraînement	50% validation 32	1
#66C2A5	-2.4458604858419	17	1	sous-entraînement	sous-entraînement	50% validation 1	1
#66C2A5	-2.15027539427507	17	1	sous-entraînement	sous-entraînement	50% validation 74	1
#66C2A5	-2.39616258011879	17	1	sous-entraînement	sous-entraînement	50% validation 33	1
#66C2A5	-1.91874590133919	17	1	sous-entraînement	sous-entraînement	50% validation 11	1
#66C2A5	-2.18771263200442	17	1	sous-entraînement	sous-entraînement	50% validation 72	1
#66C2A5	-2.84559116707864	17	1	sous-entraînement	sous-entraînement	50% validation 12	1
#66C2A5	-1.76683760513701	17	1	sous-entraînement	sous-entraînement	50% validation 34	1
#66C2A5	-2.29109425417486	17	1	sous-entraînement	sous-entraînement	50% validation 86	1
#66C2A5	-2.7434226917632	17	1	sous-entraînement	sous-entraînement	50% validation 35	1
#66C2A5	-2.66002458102582	17	1	sous-entraînement	sous-entraînement	50% validation 36	1
#66C2A5	-2.11936137529735	17	1	sous-entraînement	sous-entraînement	50% validation 37	1
#66C2A5	-2.13784662442729	17	1	sous-entraînement	sous-entraînement	50% validation 38	1
#66C2A5	-1.9952887765843	17	1	sous-entraînement	sous-entraînement	50% validation 59	1
#66C2A5	-1.8606903857708	17	1	sous-entraînement	sous-entraînement	50% validation 60	1
#66C2A5	-1.99127760137854	17	1	sous-entraînement	sous-entraînement	50% validation 39	1
#66C2A5	-1.95128557412494	17	1	sous-entraînement	sous-entraînement	50% validation 40	1
#66C2A5	-2.12068994531136	17	1	sous-entraînement	sous-entraînement	50% validation 41	1
#66C2A5	-1.85018811960483	17	1	sous-entraînement	sous-entraînement	50% validation 92	1
#66C2A5	-2.73568261341577	17	1	sous-entraînement	sous-entraînement	50% validation 42	1
#66C2A5	-2.35502925868177	17	1	sous-entraînement	sous-entraînement	50% validation 43	1
#66C2A5	-2.27783529118851	17	1	sous-entraînement	sous-entraînement	50% validation 44	1
#66C2A5	-2.5335939055345	17	1	sous-entraînement	sous-entraînement	50% validation 45	1
#66C2A5	-2.20994571885586	17	1	sous-entraînement	sous-entraînement	50% validation 13	1
#66C2A5	-1.88094285445625	17	1	sous-entraînement	sous-entraînement	50% validation 99	1
#66C2A5	-2.68096857912333	17	1	sous-entraînement	sous-entraînement	50% validation 61	1
#66C2A5	-2.3199183926942	17	1	sous-entraînement	sous-entraînement	50% validation 14	1
#66C2A5	-2.01884729043617	17	1	sous-entraînement	sous-entraînement	50% validation 2	1
#66C2A5	-1.91602897088755	17	1	sous-entraînement	sous-entraînement	50% validation 46	1
#66C2A5	-2.4990063397036	17	1	sous-entraînement	sous-entraînement	50% validation 75	1
#66C2A5	-2.54325064253679	17	1	sous-entraînement	sous-entraînement	50% validation 3	1
#66C2A5	-2.49764952920437	17	1	sous-entraînement	sous-entraînement	50% validation 47	1
#66C2A5	-2.75999510296453	17	1	sous-entraînement	sous-entraînement	50% validation 76	1
#66C2A5	-2.86379772120644	17	1	sous-entraînement	sous-entraînement	50% validation 97	1
#66C2A5	-2.49617659212378	17	1	sous-entraînement	sous-entraînement	50% validation 88	1
#66C2A5	-2.05337882014915	17	1	sous-entraînement	sous-entraînement	50% validation 62	1
#66C2A5	-2.13655057159131	17	1	sous-entraînement	sous-entraînement	50% validation 95	1
#66C2A5	-2.06427368586191	17	1	sous-entraînement	sous-entraînement	50% validation 48	1
#66C2A5	-1.87840628802224	17	1	sous-entraînement	sous-entraînement	50% validation 49	1
#66C2A5	-2.05696320046418	17	1	sous-entraînement	sous-entraînement	50% validation 15	1
#66C2A5	-2.19122660008795	17	1	sous-entraînement	sous-entraînement	50% validation 16	1
#66C2A5	-1.77676805566497	17	1	sous-entraînement	sous-entraînement	50% validation 17	1
#66C2A5	-2.05294322103118	17	1	sous-entraînement	sous-entraînement	50% validation 63	1
#66C2A5	-2.54786256437599	17	1	sous-entraînement	sous-entraînement	50% validation 64	1
#66C2A5	-2.48812680243903	17	1	sous-entraînement	sous-entraînement	50% validation 26	1
#66C2A5	-1.87394222516517	17	1	sous-entraînement	sous-entraînement	50% validation 65	1
#66C2A5	-2.30008742455394	17	1	sous-entraînement	sous-entraînement	50% validation 77	1
#66C2A5	-1.57029068173421	17	1	sous-entraînement	sous-entraînement	50% validation 50	1
#66C2A5	-2.66809912972738	17	1	sous-entraînement	sous-entraînement	50% validation 18	1
#66C2A5	-2.15525952982383	17	1	sous-entraînement	sous-entraînement	50% validation 96	1
#66C2A5	-1.86023880366447	17	1	sous-entraînement	sous-entraînement	50% validation 51	1
#66C2A5	-2.50275295258233	17	1	sous-entraînement	sous-entraînement	50% validation 52	1
#66C2A5	-2.02707964440849	17	1	sous-entraînement	sous-entraînement	50% validation 78	1
#66C2A5	-1.94027140883924	17	1	sous-entraînement	sous-entraînement	50% validation 53	1
#66C2A5	-1.92385641150725	17	1	sous-entraînement	sous-entraînement	50% validation 19	1
#66C2A5	-1.95980844861481	17	1	sous-entraînement	sous-entraînement	50% validation 73	1
#66C2A5	-2.63124023338023	17	1	sous-entraînement	sous-entraînement	50% validation 54	1
#66C2A5	-1.91595111252684	17	1	sous-entraînement	sous-entraînement	50% validation 4	1
#66C2A5	-1.83432968402909	17	1	sous-entraînement	sous-entraînement	50% validation 55	1
#66C2A5	-1.78283711558875	17	1	sous-entraînement	sous-entraînement	50% validation 5	1
#66C2A5	-1.85760404492255	17	1	sous-entraînement	sous-entraînement	50% validation 98	1
#66C2A5	-1.91912668729099	17	1	sous-entraînement	sous-entraînement	50% validation 66	1
#66C2A5	-2.1203003793922	17	1	sous-entraînement	sous-entraînement	50% validation 89	1
#66C2A5	-2.72436608078745	17	1	sous-entraînement	sous-entraînement	50% validation 79	1
#66C2A5	-2.13680237510174	17	1	sous-entraînement	sous-entraînement	50% validation 94	1
#66C2A5	-2.28438438023549	17	1	sous-entraînement	sous-entraînement	50% validation 80	1
#66C2A5	-2.33911043223137	17	1	sous-entraînement	sous-entraînement	50% validation 81	1
#66C2A5	-2.2246975368268	17	1	sous-entraînement	sous-entraînement	50% validation 20	1
#66C2A5	-2.23770337693807	17	1	sous-entraînement	sous-entraînement	50% validation 21	1
#66C2A5	-1.80847121245117	17	1	sous-entraînement	sous-entraînement	50% validation 56	1
#66C2A5	-2.56262218561803	17	1	sous-entraînement	sous-entraînement	50% validation 82	1
#66C2A5	-1.81417146237296	17	1	sous-entraînement	sous-entraînement	50% validation 67	1
#66C2A5	-1.72473287179876	17	1	sous-entraînement	sous-entraînement	50% validation 57	1
#66C2A5	-1.81192061805884	17	1	sous-entraînement	sous-entraînement	50% validation 27	1
#66C2A5	-2.34993967802281	17	1	sous-entraînement	sous-entraînement	50% validation 83	1
#66C2A5	-2.04143356707563	17	1	sous-entraînement	sous-entraînement	50% validation 58	1
#66C2A5	-2.47063027859742	17	1	sous-entraînement	sous-entraînement	50% validation 100	1
#66C2A5	-2.81735970584404	17	1	sous-entraînement	sous-entraînement	50% validation 68	1
#66C2A5	-1.8418938863738	17	1	sous-entraînement	sous-entraînement	50% validation 85	1
#66C2A5	-1.79672483482998	17	1	sous-entraînement	sous-entraînement	50% validation 90	1
#66C2A5	-2.15460272925466	17	1	sous-entraînement	sous-entraînement	50% validation 84	1
#66C2A5	-2.63059466070089	18	1	sous-entraînement	sous-entraînement	VC à 2 blocs 32	1
#66C2A5	-1.85505666025828	18	1	sous-entraînement	sous-entraînement	VC à 2 blocs 33	1
#66C2A5	-2.47204191152063	18	1	sous-entraînement	sous-entraînement	VC à 2 blocs 85	1
#66C2A5	-2.34384603415222	18	1	sous-entraînement	sous-entraînement	VC à 2 blocs 77	1
#66C2A5	-2.73554897716337	18	1	sous-entraînement	sous-entraînement	VC à 2 blocs 4	1
#66C2A5	-2.45608163785993	18	1	sous-entraînement	sous-entraînement	VC à 2 blocs 34	1
#66C2A5	-2.58433697924493	18	1	sous-entraînement	sous-entraînement	VC à 2 blocs 28	1
#66C2A5	-2.30900160225614	18	1	sous-entraînement	sous-entraînement	VC à 2 blocs 78	1
#66C2A5	-2.58748290940614	18	1	sous-entraînement	sous-entraînement	VC à 2 blocs 35	1
#66C2A5	-2.06925994364649	18	1	sous-entraînement	sous-entraînement	VC à 2 blocs 5	1
#66C2A5	-2.57351956091481	18	1	sous-entraînement	sous-entraînement	VC à 2 blocs 36	1
#66C2A5	-2.45873979819448	18	1	sous-entraînement	sous-entraînement	VC à 2 blocs 6	1
#66C2A5	-2.14120904547364	18	1	sous-entraînement	sous-entraînement	VC à 2 blocs 37	1
#66C2A5	-2.09975887033854	18	1	sous-entraînement	sous-entraînement	VC à 2 blocs 91	1
#66C2A5	-2.30826009583062	18	1	sous-entraînement	sous-entraînement	VC à 2 blocs 38	1
#66C2A5	-3.32841870794231	18	1	sous-entraînement	sous-entraînement	VC à 2 blocs 39	1
#66C2A5	-2.8398777365433	18	1	sous-entraînement	sous-entraînement	VC à 2 blocs 7	1
#66C2A5	-2.42699475573231	18	1	sous-entraînement	sous-entraînement	VC à 2 blocs 92	1
#66C2A5	-2.51972883561582	18	1	sous-entraînement	sous-entraînement	VC à 2 blocs 79	1
#66C2A5	-2.41371427198396	18	1	sous-entraînement	sous-entraînement	VC à 2 blocs 98	1
#66C2A5	-2.63658313792867	18	1	sous-entraînement	sous-entraînement	VC à 2 blocs 40	1
#66C2A5	-1.68189705145671	18	1	sous-entraînement	sous-entraînement	VC à 2 blocs 97	1
#66C2A5	-2.6418760398684	18	1	sous-entraînement	sous-entraînement	VC à 2 blocs 71	1
#66C2A5	-2.07625880318599	18	1	sous-entraînement	sous-entraînement	VC à 2 blocs 8	1
#66C2A5	-2.26808643956913	18	1	sous-entraînement	sous-entraînement	VC à 2 blocs 41	1
#66C2A5	-2.09169554657717	18	1	sous-entraînement	sous-entraînement	VC à 2 blocs 9	1
#66C2A5	-2.46666255768297	18	1	sous-entraînement	sous-entraînement	VC à 2 blocs 42	1
#66C2A5	-1.90006186268782	18	1	sous-entraînement	sous-entraînement	VC à 2 blocs 89	1
#66C2A5	-2.65438910250203	18	1	sous-entraînement	sous-entraînement	VC à 2 blocs 29	1
#66C2A5	-2.11724500264094	18	1	sous-entraînement	sous-entraînement	VC à 2 blocs 43	1
#66C2A5	-2.13405112798976	18	1	sous-entraînement	sous-entraînement	VC à 2 blocs 44	1
#66C2A5	-2.68960992644202	18	1	sous-entraînement	sous-entraînement	VC à 2 blocs 72	1
#66C2A5	-2.78781528823654	18	1	sous-entraînement	sous-entraînement	VC à 2 blocs 95	1
#66C2A5	-2.38689465898971	18	1	sous-entraînement	sous-entraînement	VC à 2 blocs 73	1
#66C2A5	-2.5159186170371	18	1	sous-entraînement	sous-entraînement	VC à 2 blocs 10	1
#66C2A5	-2.42335841802703	18	1	sous-entraînement	sous-entraînement	VC à 2 blocs 45	1
#66C2A5	-2.10281361021313	18	1	sous-entraînement	sous-entraînement	VC à 2 blocs 46	1
#66C2A5	-2.16241978967778	18	1	sous-entraînement	sous-entraînement	VC à 2 blocs 11	1
#66C2A5	-2.19906532561843	18	1	sous-entraînement	sous-entraînement	VC à 2 blocs 30	1
#66C2A5	-2.81703734491501	18	1	sous-entraînement	sous-entraînement	VC à 2 blocs 47	1
#66C2A5	-2.12763221167376	18	1	sous-entraînement	sous-entraînement	VC à 2 blocs 48	1
#66C2A5	-2.06506616798195	18	1	sous-entraînement	sous-entraînement	VC à 2 blocs 49	1
#66C2A5	-2.78397344716918	18	1	sous-entraînement	sous-entraînement	VC à 2 blocs 80	1
#66C2A5	-2.56163206604385	18	1	sous-entraînement	sous-entraînement	VC à 2 blocs 50	1
#66C2A5	-1.85693997212241	18	1	sous-entraînement	sous-entraînement	VC à 2 blocs 51	1
#66C2A5	-2.21473287323701	18	1	sous-entraînement	sous-entraînement	VC à 2 blocs 12	1
#66C2A5	-2.44092895715084	18	1	sous-entraînement	sous-entraînement	VC à 2 blocs 52	1
#66C2A5	-1.93293574932394	18	1	sous-entraînement	sous-entraînement	VC à 2 blocs 13	1
#66C2A5	-2.76363393899134	18	1	sous-entraînement	sous-entraînement	VC à 2 blocs 14	1
#66C2A5	-2.55443581055631	18	1	sous-entraînement	sous-entraînement	VC à 2 blocs 31	1
#66C2A5	-2.78307354155235	18	1	sous-entraînement	sous-entraînement	VC à 2 blocs 15	1
#66C2A5	-1.87775126311193	18	1	sous-entraînement	sous-entraînement	VC à 2 blocs 74	1
#66C2A5	-2.20701168269028	18	1	sous-entraînement	sous-entraînement	VC à 2 blocs 81	1
#66C2A5	-2.29447850062621	18	1	sous-entraînement	sous-entraînement	VC à 2 blocs 53	1
#66C2A5	-1.98548926752725	18	1	sous-entraînement	sous-entraînement	VC à 2 blocs 96	1
#66C2A5	-2.42285712957782	18	1	sous-entraînement	sous-entraînement	VC à 2 blocs 1	1
#66C2A5	-2.80617600381435	18	1	sous-entraînement	sous-entraînement	VC à 2 blocs 16	1
#66C2A5	-2.77343068720076	18	1	sous-entraînement	sous-entraînement	VC à 2 blocs 54	1
#66C2A5	-2.69244999032514	18	1	sous-entraînement	sous-entraînement	VC à 2 blocs 75	1
#66C2A5	-2.37042749657086	18	1	sous-entraînement	sous-entraînement	VC à 2 blocs 93	1
#66C2A5	-2.44078178872496	18	1	sous-entraînement	sous-entraînement	VC à 2 blocs 55	1
#66C2A5	-2.62101672684217	18	1	sous-entraînement	sous-entraînement	VC à 2 blocs 56	1
#66C2A5	-2.23482298466209	18	1	sous-entraînement	sous-entraînement	VC à 2 blocs 57	1
#66C2A5	-2.6562373595912	18	1	sous-entraînement	sous-entraînement	VC à 2 blocs 58	1
#66C2A5	-2.01508611282478	18	1	sous-entraînement	sous-entraînement	VC à 2 blocs 17	1
#66C2A5	-2.39842984834649	18	1	sous-entraînement	sous-entraînement	VC à 2 blocs 82	1
#66C2A5	-2.7387316679127	18	1	sous-entraînement	sous-entraînement	VC à 2 blocs 59	1
#66C2A5	-1.83994555223287	18	1	sous-entraînement	sous-entraînement	VC à 2 blocs 90	1
#66C2A5	-2.69634669478145	18	1	sous-entraînement	sous-entraînement	VC à 2 blocs 18	1
#66C2A5	-2.48415027815383	18	1	sous-entraînement	sous-entraînement	VC à 2 blocs 2	1
#66C2A5	-2.63292769806844	18	1	sous-entraînement	sous-entraînement	VC à 2 blocs 99	1
#66C2A5	-2.67443109682087	18	1	sous-entraînement	sous-entraînement	VC à 2 blocs 60	1
#66C2A5	-1.89396928012451	18	1	sous-entraînement	sous-entraînement	VC à 2 blocs 61	1
#66C2A5	-2.40995145414552	18	1	sous-entraînement	sous-entraînement	VC à 2 blocs 19	1
#66C2A5	-2.09325267609413	18	1	sous-entraînement	sous-entraînement	VC à 2 blocs 62	1
#66C2A5	-2.2878366832286	18	1	sous-entraînement	sous-entraînement	VC à 2 blocs 63	1
#66C2A5	-2.07413514687609	18	1	sous-entraînement	sous-entraînement	VC à 2 blocs 94	1
#66C2A5	-2.63254520809836	18	1	sous-entraînement	sous-entraînement	VC à 2 blocs 76	1
#66C2A5	-2.80797373788315	18	1	sous-entraînement	sous-entraînement	VC à 2 blocs 3	1
#66C2A5	-2.71460131016882	18	1	sous-entraînement	sous-entraînement	VC à 2 blocs 20	1
#66C2A5	-2.59610506740774	18	1	sous-entraînement	sous-entraînement	VC à 2 blocs 64	1
#66C2A5	-2.29602647610218	18	1	sous-entraînement	sous-entraînement	VC à 2 blocs 21	1
#66C2A5	-2.34072498647675	18	1	sous-entraînement	sous-entraînement	VC à 2 blocs 86	1
#66C2A5	-2.34540803154894	18	1	sous-entraînement	sous-entraînement	VC à 2 blocs 22	1
#66C2A5	-2.60675660447387	18	1	sous-entraînement	sous-entraînement	VC à 2 blocs 65	1
#66C2A5	-2.13856518027519	18	1	sous-entraînement	sous-entraînement	VC à 2 blocs 23	1
#66C2A5	-2.62075801315546	18	1	sous-entraînement	sous-entraînement	VC à 2 blocs 87	1
#66C2A5	-2.68114577620096	18	1	sous-entraînement	sous-entraînement	VC à 2 blocs 24	1
#66C2A5	-2.23534259170335	18	1	sous-entraînement	sous-entraînement	VC à 2 blocs 83	1
#66C2A5	-3.19974251875231	18	1	sous-entraînement	sous-entraînement	VC à 2 blocs 66	1
#66C2A5	-2.76925537972647	18	1	sous-entraînement	sous-entraînement	VC à 2 blocs 67	1
#66C2A5	-2.37118437582237	18	1	sous-entraînement	sous-entraînement	VC à 2 blocs 84	1
#66C2A5	-2.54560029099619	18	1	sous-entraînement	sous-entraînement	VC à 2 blocs 25	1
#66C2A5	-2.40851293569312	18	1	sous-entraînement	sous-entraînement	VC à 2 blocs 68	1
#66C2A5	-2.65077959057659	18	1	sous-entraînement	sous-entraînement	VC à 2 blocs 69	1
#66C2A5	-1.77994402069322	18	1	sous-entraînement	sous-entraînement	VC à 2 blocs 26	1
#66C2A5	-2.11287930350999	18	1	sous-entraînement	sous-entraînement	VC à 2 blocs 100	1
#66C2A5	-2.13225941292685	18	1	sous-entraînement	sous-entraînement	VC à 2 blocs 88	1
#66C2A5	-2.64265982916802	18	1	sous-entraînement	sous-entraînement	VC à 2 blocs 70	1
#66C2A5	-2.6109062211676	18	1	sous-entraînement	sous-entraînement	VC à 2 blocs 27	1
#66C2A5	-2.43391478260092	18	1	sous-entraînement	sous-entraînement	50% validation 87	1
#66C2A5	-2.21133293918172	18	1	sous-entraînement	sous-entraînement	50% validation 6	1
#66C2A5	-2.50668841494712	18	1	sous-entraînement	sous-entraînement	50% validation 28	1
#66C2A5	-3.08138925342758	18	1	sous-entraînement	sous-entraînement	50% validation 22	1
#66C2A5	-2.98730633470106	18	1	sous-entraînement	sous-entraînement	50% validation 23	1
#66C2A5	-2.70186669781428	18	1	sous-entraînement	sous-entraînement	50% validation 69	1
#66C2A5	-2.05970478336741	18	1	sous-entraînement	sous-entraînement	50% validation 7	1
#66C2A5	-2.04059093454958	18	1	sous-entraînement	sous-entraînement	50% validation 91	1
#66C2A5	-2.23641807129833	18	1	sous-entraînement	sous-entraînement	50% validation 24	1
#66C2A5	-2.47330139718334	18	1	sous-entraînement	sous-entraînement	50% validation 70	1
#66C2A5	-1.95889995468185	18	1	sous-entraînement	sous-entraînement	50% validation 93	1
#66C2A5	-2.87927677581564	18	1	sous-entraînement	sous-entraînement	50% validation 71	1
#66C2A5	-1.75993871134766	18	1	sous-entraînement	sous-entraînement	50% validation 8	1
#66C2A5	-2.53961998489298	18	1	sous-entraînement	sous-entraînement	50% validation 25	1
#66C2A5	-2.77316351182428	18	1	sous-entraînement	sous-entraînement	50% validation 29	1
#66C2A5	-1.79403954391628	18	1	sous-entraînement	sous-entraînement	50% validation 30	1
#66C2A5	-2.24418450469964	18	1	sous-entraînement	sous-entraînement	50% validation 9	1
#66C2A5	-1.99259771076042	18	1	sous-entraînement	sous-entraînement	50% validation 10	1
#66C2A5	-2.05627594722559	18	1	sous-entraînement	sous-entraînement	50% validation 31	1
#66C2A5	-2.42094232013986	18	1	sous-entraînement	sous-entraînement	50% validation 32	1
#66C2A5	-2.55484722570253	18	1	sous-entraînement	sous-entraînement	50% validation 1	1
#66C2A5	-2.3891313804299	18	1	sous-entraînement	sous-entraînement	50% validation 74	1
#66C2A5	-2.77201157939892	18	1	sous-entraînement	sous-entraînement	50% validation 33	1
#66C2A5	-2.00637053936272	18	1	sous-entraînement	sous-entraînement	50% validation 11	1
#66C2A5	-2.29102352141291	18	1	sous-entraînement	sous-entraînement	50% validation 72	1
#66C2A5	-3.0999581447262	18	1	sous-entraînement	sous-entraînement	50% validation 12	1
#66C2A5	-1.90314924893223	18	1	sous-entraînement	sous-entraînement	50% validation 34	1
#66C2A5	-2.40332185400581	18	1	sous-entraînement	sous-entraînement	50% validation 86	1
#66C2A5	-2.9955055435283	18	1	sous-entraînement	sous-entraînement	50% validation 35	1
#66C2A5	-2.99595057964969	18	1	sous-entraînement	sous-entraînement	50% validation 36	1
#66C2A5	-2.34445779600136	18	1	sous-entraînement	sous-entraînement	50% validation 37	1
#66C2A5	-2.43913846398306	18	1	sous-entraînement	sous-entraînement	50% validation 38	1
#66C2A5	-2.25957285774456	18	1	sous-entraînement	sous-entraînement	50% validation 59	1
#66C2A5	-2.11388840914855	18	1	sous-entraînement	sous-entraînement	50% validation 60	1
#66C2A5	-2.32274117216079	18	1	sous-entraînement	sous-entraînement	50% validation 39	1
#66C2A5	-2.08743246196197	18	1	sous-entraînement	sous-entraînement	50% validation 40	1
#66C2A5	-2.25689010417649	18	1	sous-entraînement	sous-entraînement	50% validation 41	1
#66C2A5	-2.12453170928655	18	1	sous-entraînement	sous-entraînement	50% validation 92	1
#66C2A5	-2.93370537050363	18	1	sous-entraînement	sous-entraînement	50% validation 42	1
#66C2A5	-2.54051656101468	18	1	sous-entraînement	sous-entraînement	50% validation 43	1
#66C2A5	-2.52480597979828	18	1	sous-entraînement	sous-entraînement	50% validation 44	1
#66C2A5	-2.75311463740131	18	1	sous-entraînement	sous-entraînement	50% validation 45	1
#66C2A5	-2.64607631998335	18	1	sous-entraînement	sous-entraînement	50% validation 13	1
#66C2A5	-1.99951466150127	18	1	sous-entraînement	sous-entraînement	50% validation 99	1
#66C2A5	-2.88953547388936	18	1	sous-entraînement	sous-entraînement	50% validation 61	1
#66C2A5	-2.56119667034062	18	1	sous-entraînement	sous-entraînement	50% validation 14	1
#66C2A5	-2.21530294212142	18	1	sous-entraînement	sous-entraînement	50% validation 2	1
#66C2A5	-2.12710456080315	18	1	sous-entraînement	sous-entraînement	50% validation 46	1
#66C2A5	-2.66992423091523	18	1	sous-entraînement	sous-entraînement	50% validation 75	1
#66C2A5	-2.92014003760635	18	1	sous-entraînement	sous-entraînement	50% validation 3	1
#66C2A5	-2.77331578182704	18	1	sous-entraînement	sous-entraînement	50% validation 47	1
#66C2A5	-2.92721770861878	18	1	sous-entraînement	sous-entraînement	50% validation 76	1
#66C2A5	-2.95962321428386	18	1	sous-entraînement	sous-entraînement	50% validation 97	1
#66C2A5	-2.59206858707937	18	1	sous-entraînement	sous-entraînement	50% validation 88	1
#66C2A5	-2.23877117033959	18	1	sous-entraînement	sous-entraînement	50% validation 62	1
#66C2A5	-2.23072772977878	18	1	sous-entraînement	sous-entraînement	50% validation 95	1
#66C2A5	-2.48949382369598	18	1	sous-entraînement	sous-entraînement	50% validation 48	1
#66C2A5	-2.01091501274388	18	1	sous-entraînement	sous-entraînement	50% validation 49	1
#66C2A5	-2.28558087295725	18	1	sous-entraînement	sous-entraînement	50% validation 15	1
#66C2A5	-2.36594770128254	18	1	sous-entraînement	sous-entraînement	50% validation 16	1
#66C2A5	-1.86377523820406	18	1	sous-entraînement	sous-entraînement	50% validation 17	1
#66C2A5	-2.31534392169476	18	1	sous-entraînement	sous-entraînement	50% validation 63	1
#66C2A5	-2.73171918699408	18	1	sous-entraînement	sous-entraînement	50% validation 64	1
#66C2A5	-2.75365472038234	18	1	sous-entraînement	sous-entraînement	50% validation 26	1
#66C2A5	-1.92540822386743	18	1	sous-entraînement	sous-entraînement	50% validation 65	1
#66C2A5	-2.61777256401816	18	1	sous-entraînement	sous-entraînement	50% validation 77	1
#66C2A5	-1.68458169385977	18	1	sous-entraînement	sous-entraînement	50% validation 50	1
#66C2A5	-2.81547971965039	18	1	sous-entraînement	sous-entraînement	50% validation 18	1
#66C2A5	-2.31743305833673	18	1	sous-entraînement	sous-entraînement	50% validation 96	1
#66C2A5	-1.95565842987871	18	1	sous-entraînement	sous-entraînement	50% validation 51	1
#66C2A5	-2.72751108287072	18	1	sous-entraînement	sous-entraînement	50% validation 52	1
#66C2A5	-2.21835417402836	18	1	sous-entraînement	sous-entraînement	50% validation 78	1
#66C2A5	-2.18137600646122	18	1	sous-entraînement	sous-entraînement	50% validation 53	1
#66C2A5	-2.13072305049746	18	1	sous-entraînement	sous-entraînement	50% validation 19	1
#66C2A5	-2.20000697226915	18	1	sous-entraînement	sous-entraînement	50% validation 73	1
#66C2A5	-2.85707765762807	18	1	sous-entraînement	sous-entraînement	50% validation 54	1
#66C2A5	-2.12479303786897	18	1	sous-entraînement	sous-entraînement	50% validation 4	1
#66C2A5	-2.20017633346586	18	1	sous-entraînement	sous-entraînement	50% validation 55	1
#66C2A5	-1.87240698871218	18	1	sous-entraînement	sous-entraînement	50% validation 5	1
#66C2A5	-1.92659787385073	18	1	sous-entraînement	sous-entraînement	50% validation 98	1
#66C2A5	-2.04118409724761	18	1	sous-entraînement	sous-entraînement	50% validation 66	1
#66C2A5	-2.30277249703328	18	1	sous-entraînement	sous-entraînement	50% validation 89	1
#66C2A5	-2.94667969575633	18	1	sous-entraînement	sous-entraînement	50% validation 79	1
#66C2A5	-2.37415676314577	18	1	sous-entraînement	sous-entraînement	50% validation 94	1
#66C2A5	-2.5053181745545	18	1	sous-entraînement	sous-entraînement	50% validation 80	1
#66C2A5	-2.59743996731466	18	1	sous-entraînement	sous-entraînement	50% validation 81	1
#66C2A5	-2.68172143245803	18	1	sous-entraînement	sous-entraînement	50% validation 20	1
#66C2A5	-2.49686131773893	18	1	sous-entraînement	sous-entraînement	50% validation 21	1
#66C2A5	-1.8996260591005	18	1	sous-entraînement	sous-entraînement	50% validation 56	1
#66C2A5	-2.73350033877927	18	1	sous-entraînement	sous-entraînement	50% validation 82	1
#66C2A5	-1.91869499249506	18	1	sous-entraînement	sous-entraînement	50% validation 67	1
#66C2A5	-1.7900793246161	18	1	sous-entraînement	sous-entraînement	50% validation 57	1
#66C2A5	-1.91682732681729	18	1	sous-entraînement	sous-entraînement	50% validation 27	1
#66C2A5	-2.92585322813485	18	1	sous-entraînement	sous-entraînement	50% validation 83	1
#66C2A5	-2.24098550717744	18	1	sous-entraînement	sous-entraînement	50% validation 58	1
#66C2A5	-2.67489066156143	18	1	sous-entraînement	sous-entraînement	50% validation 100	1
#66C2A5	-3.15063644324225	18	1	sous-entraînement	sous-entraînement	50% validation 68	1
#66C2A5	-2.10138411556824	18	1	sous-entraînement	sous-entraînement	50% validation 85	1
#66C2A5	-1.94866901228435	18	1	sous-entraînement	sous-entraînement	50% validation 90	1
#66C2A5	-2.35604137308694	18	1	sous-entraînement	sous-entraînement	50% validation 84	1
#66C2A5	-2.85515607378863	19	1	sous-entraînement	sous-entraînement	VC à 2 blocs 32	1
#66C2A5	-1.95478176057471	19	1	sous-entraînement	sous-entraînement	VC à 2 blocs 33	1
#66C2A5	-2.70717142749372	19	1	sous-entraînement	sous-entraînement	VC à 2 blocs 85	1
#66C2A5	-2.52349038734562	19	1	sous-entraînement	sous-entraînement	VC à 2 blocs 77	1
#66C2A5	-2.94954007784997	19	1	sous-entraînement	sous-entraînement	VC à 2 blocs 4	1
#66C2A5	-2.63193205301254	19	1	sous-entraînement	sous-entraînement	VC à 2 blocs 34	1
#66C2A5	-2.81360766459297	19	1	sous-entraînement	sous-entraînement	VC à 2 blocs 28	1
#66C2A5	-2.78840594337389	19	1	sous-entraînement	sous-entraînement	VC à 2 blocs 78	1
#66C2A5	-2.77940969456167	19	1	sous-entraînement	sous-entraînement	VC à 2 blocs 35	1
#66C2A5	-2.31739491534116	19	1	sous-entraînement	sous-entraînement	VC à 2 blocs 5	1
#66C2A5	-2.73190699241299	19	1	sous-entraînement	sous-entraînement	VC à 2 blocs 36	1
#66C2A5	-2.58721456705774	19	1	sous-entraînement	sous-entraînement	VC à 2 blocs 6	1
#66C2A5	-2.67514830624921	19	1	sous-entraînement	sous-entraînement	VC à 2 blocs 37	1
#66C2A5	-2.37295231490015	19	1	sous-entraînement	sous-entraînement	VC à 2 blocs 91	1
#66C2A5	-2.75239573646892	19	1	sous-entraînement	sous-entraînement	VC à 2 blocs 38	1
#66C2A5	-3.55653985027337	19	1	sous-entraînement	sous-entraînement	VC à 2 blocs 39	1
#66C2A5	-3.05625407821278	19	1	sous-entraînement	sous-entraînement	VC à 2 blocs 7	1
#66C2A5	-2.58438426443829	19	1	sous-entraînement	sous-entraînement	VC à 2 blocs 92	1
#66C2A5	-2.72479568016875	19	1	sous-entraînement	sous-entraînement	VC à 2 blocs 79	1
#66C2A5	-2.74070000636729	19	1	sous-entraînement	sous-entraînement	VC à 2 blocs 98	1
#66C2A5	-2.80035599331713	19	1	sous-entraînement	sous-entraînement	VC à 2 blocs 40	1
#66C2A5	-1.8449340507568	19	1	sous-entraînement	sous-entraînement	VC à 2 blocs 97	1
#66C2A5	-2.83552380914017	19	1	sous-entraînement	sous-entraînement	VC à 2 blocs 71	1
#66C2A5	-2.5463762654883	19	1	sous-entraînement	sous-entraînement	VC à 2 blocs 8	1
#66C2A5	-2.40306199290404	19	1	sous-entraînement	sous-entraînement	VC à 2 blocs 41	1
#66C2A5	-2.36999204686193	19	1	sous-entraînement	sous-entraînement	VC à 2 blocs 9	1
#66C2A5	-2.75234335148134	19	1	sous-entraînement	sous-entraînement	VC à 2 blocs 42	1
#66C2A5	-2.24456364488879	19	1	sous-entraînement	sous-entraînement	VC à 2 blocs 89	1
#66C2A5	-2.82362780432337	19	1	sous-entraînement	sous-entraînement	VC à 2 blocs 29	1
#66C2A5	-2.28054118061778	19	1	sous-entraînement	sous-entraînement	VC à 2 blocs 43	1
#66C2A5	-2.27527847883446	19	1	sous-entraînement	sous-entraînement	VC à 2 blocs 44	1
#66C2A5	-2.80727189116055	19	1	sous-entraînement	sous-entraînement	VC à 2 blocs 72	1
#66C2A5	-3.03869765655315	19	1	sous-entraînement	sous-entraînement	VC à 2 blocs 95	1
#66C2A5	-2.71892881062522	19	1	sous-entraînement	sous-entraînement	VC à 2 blocs 73	1
#66C2A5	-2.65164933897782	19	1	sous-entraînement	sous-entraînement	VC à 2 blocs 10	1
#66C2A5	-2.58314474201615	19	1	sous-entraînement	sous-entraînement	VC à 2 blocs 45	1
#66C2A5	-2.39964736508282	19	1	sous-entraînement	sous-entraînement	VC à 2 blocs 46	1
#66C2A5	-2.34021305233204	19	1	sous-entraînement	sous-entraînement	VC à 2 blocs 11	1
#66C2A5	-2.61807229753344	19	1	sous-entraînement	sous-entraînement	VC à 2 blocs 30	1
#66C2A5	-3.0192771771381	19	1	sous-entraînement	sous-entraînement	VC à 2 blocs 47	1
#66C2A5	-2.51901105466275	19	1	sous-entraînement	sous-entraînement	VC à 2 blocs 48	1
#66C2A5	-2.22126473640393	19	1	sous-entraînement	sous-entraînement	VC à 2 blocs 49	1
#66C2A5	-2.9727228283543	19	1	sous-entraînement	sous-entraînement	VC à 2 blocs 80	1
#66C2A5	-2.81215621655874	19	1	sous-entraînement	sous-entraînement	VC à 2 blocs 50	1
#66C2A5	-2.46902714339339	19	1	sous-entraînement	sous-entraînement	VC à 2 blocs 51	1
#66C2A5	-2.58385716171129	19	1	sous-entraînement	sous-entraînement	VC à 2 blocs 12	1
#66C2A5	-2.60454776180484	19	1	sous-entraînement	sous-entraînement	VC à 2 blocs 52	1
#66C2A5	-2.0692024614441	19	1	sous-entraînement	sous-entraînement	VC à 2 blocs 13	1
#66C2A5	-3.03230835525145	19	1	sous-entraînement	sous-entraînement	VC à 2 blocs 14	1
#66C2A5	-2.83469454502477	19	1	sous-entraînement	sous-entraînement	VC à 2 blocs 31	1
#66C2A5	-3.06911724468139	19	1	sous-entraînement	sous-entraînement	VC à 2 blocs 15	1
#66C2A5	-2.09225107903281	19	1	sous-entraînement	sous-entraînement	VC à 2 blocs 74	1
#66C2A5	-2.51960537450164	19	1	sous-entraînement	sous-entraînement	VC à 2 blocs 81	1
#66C2A5	-2.55417383065316	19	1	sous-entraînement	sous-entraînement	VC à 2 blocs 53	1
#66C2A5	-2.31259039036592	19	1	sous-entraînement	sous-entraînement	VC à 2 blocs 96	1
#66C2A5	-2.89494022578494	19	1	sous-entraînement	sous-entraînement	VC à 2 blocs 1	1
#66C2A5	-2.94090708925749	19	1	sous-entraînement	sous-entraînement	VC à 2 blocs 16	1
#66C2A5	-2.88338725945123	19	1	sous-entraînement	sous-entraînement	VC à 2 blocs 54	1
#66C2A5	-2.83478121912309	19	1	sous-entraînement	sous-entraînement	VC à 2 blocs 75	1
#66C2A5	-2.75835008066636	19	1	sous-entraînement	sous-entraînement	VC à 2 blocs 93	1
#66C2A5	-2.53374573032866	19	1	sous-entraînement	sous-entraînement	VC à 2 blocs 55	1
#66C2A5	-3.04254736606647	19	1	sous-entraînement	sous-entraînement	VC à 2 blocs 56	1
#66C2A5	-2.49175946164578	19	1	sous-entraînement	sous-entraînement	VC à 2 blocs 57	1
#66C2A5	-2.80840677548528	19	1	sous-entraînement	sous-entraînement	VC à 2 blocs 58	1
#66C2A5	-2.14609151496022	19	1	sous-entraînement	sous-entraînement	VC à 2 blocs 17	1
#66C2A5	-2.88815921979578	19	1	sous-entraînement	sous-entraînement	VC à 2 blocs 82	1
#66C2A5	-2.92354980777714	19	1	sous-entraînement	sous-entraînement	VC à 2 blocs 59	1
#66C2A5	-1.94126020012097	19	1	sous-entraînement	sous-entraînement	VC à 2 blocs 90	1
#66C2A5	-2.84019857873645	19	1	sous-entraînement	sous-entraînement	VC à 2 blocs 18	1
#66C2A5	-3.10984065431775	19	1	sous-entraînement	sous-entraînement	VC à 2 blocs 2	1
#66C2A5	-2.76543039693043	19	1	sous-entraînement	sous-entraînement	VC à 2 blocs 99	1
#66C2A5	-3.00923638495984	19	1	sous-entraînement	sous-entraînement	VC à 2 blocs 60	1
#66C2A5	-2.0897730925503	19	1	sous-entraînement	sous-entraînement	VC à 2 blocs 61	1
#66C2A5	-2.73274939862204	19	1	sous-entraînement	sous-entraînement	VC à 2 blocs 19	1
#66C2A5	-2.23175962700388	19	1	sous-entraînement	sous-entraînement	VC à 2 blocs 62	1
#66C2A5	-2.50324428246086	19	1	sous-entraînement	sous-entraînement	VC à 2 blocs 63	1
#66C2A5	-2.32606493683018	19	1	sous-entraînement	sous-entraînement	VC à 2 blocs 94	1
#66C2A5	-2.75370035376243	19	1	sous-entraînement	sous-entraînement	VC à 2 blocs 76	1
#66C2A5	-3.09269929948634	19	1	sous-entraînement	sous-entraînement	VC à 2 blocs 3	1
#66C2A5	-2.91576130680645	19	1	sous-entraînement	sous-entraînement	VC à 2 blocs 20	1
#66C2A5	-2.78409675090719	19	1	sous-entraînement	sous-entraînement	VC à 2 blocs 64	1
#66C2A5	-2.48988668619022	19	1	sous-entraînement	sous-entraînement	VC à 2 blocs 21	1
#66C2A5	-2.56329298152598	19	1	sous-entraînement	sous-entraînement	VC à 2 blocs 86	1
#66C2A5	-2.5617259374659	19	1	sous-entraînement	sous-entraînement	VC à 2 blocs 22	1
#66C2A5	-2.75752268785552	19	1	sous-entraînement	sous-entraînement	VC à 2 blocs 65	1
#66C2A5	-2.50037496974016	19	1	sous-entraînement	sous-entraînement	VC à 2 blocs 23	1
#66C2A5	-2.79597877979955	19	1	sous-entraînement	sous-entraînement	VC à 2 blocs 87	1
#66C2A5	-2.99325031821715	19	1	sous-entraînement	sous-entraînement	VC à 2 blocs 24	1
#66C2A5	-2.44035420875247	19	1	sous-entraînement	sous-entraînement	VC à 2 blocs 83	1
#66C2A5	-3.49950501583704	19	1	sous-entraînement	sous-entraînement	VC à 2 blocs 66	1
#66C2A5	-2.94545606582161	19	1	sous-entraînement	sous-entraînement	VC à 2 blocs 67	1
#66C2A5	-2.60499418693878	19	1	sous-entraînement	sous-entraînement	VC à 2 blocs 84	1
#66C2A5	-2.81489054708505	19	1	sous-entraînement	sous-entraînement	VC à 2 blocs 25	1
#66C2A5	-2.64914228046785	19	1	sous-entraînement	sous-entraînement	VC à 2 blocs 68	1
#66C2A5	-2.79529394910991	19	1	sous-entraînement	sous-entraînement	VC à 2 blocs 69	1
#66C2A5	-1.8667784111395	19	1	sous-entraînement	sous-entraînement	VC à 2 blocs 26	1
#66C2A5	-2.25827538171478	19	1	sous-entraînement	sous-entraînement	VC à 2 blocs 100	1
#66C2A5	-2.31340838518048	19	1	sous-entraînement	sous-entraînement	VC à 2 blocs 88	1
#66C2A5	-2.74669011214347	19	1	sous-entraînement	sous-entraînement	VC à 2 blocs 70	1
#66C2A5	-2.88197027419273	19	1	sous-entraînement	sous-entraînement	VC à 2 blocs 27	1
#66C2A5	-2.59436174893456	19	1	sous-entraînement	sous-entraînement	50% validation 87	1
#66C2A5	-2.67118152313878	19	1	sous-entraînement	sous-entraînement	50% validation 6	1
#66C2A5	-2.75221732261991	19	1	sous-entraînement	sous-entraînement	50% validation 28	1
#66C2A5	-3.41833604799566	19	1	sous-entraînement	sous-entraînement	50% validation 22	1
#66C2A5	-3.37446271210501	19	1	sous-entraînement	sous-entraînement	50% validation 23	1
#66C2A5	-3.17321421587773	19	1	sous-entraînement	sous-entraînement	50% validation 69	1
#66C2A5	-2.11742881226808	19	1	sous-entraînement	sous-entraînement	50% validation 7	1
#66C2A5	-2.20803235973028	19	1	sous-entraînement	sous-entraînement	50% validation 91	1
#66C2A5	-2.59846689438363	19	1	sous-entraînement	sous-entraînement	50% validation 24	1
#66C2A5	-2.56148327868645	19	1	sous-entraînement	sous-entraînement	50% validation 70	1
#66C2A5	-2.09001353985234	19	1	sous-entraînement	sous-entraînement	50% validation 93	1
#66C2A5	-3.03306112178846	19	1	sous-entraînement	sous-entraînement	50% validation 71	1
#66C2A5	-1.96785547159993	19	1	sous-entraînement	sous-entraînement	50% validation 8	1
#66C2A5	-2.77370836797004	19	1	sous-entraînement	sous-entraînement	50% validation 25	1
#66C2A5	-2.89648297147643	19	1	sous-entraînement	sous-entraînement	50% validation 29	1
#66C2A5	-1.86365999785966	19	1	sous-entraînement	sous-entraînement	50% validation 30	1
#66C2A5	-2.37544210052502	19	1	sous-entraînement	sous-entraînement	50% validation 9	1
#66C2A5	-2.16170493552657	19	1	sous-entraînement	sous-entraînement	50% validation 10	1
#66C2A5	-2.35957027724474	19	1	sous-entraînement	sous-entraînement	50% validation 31	1
#66C2A5	-2.63693223387876	19	1	sous-entraînement	sous-entraînement	50% validation 32	1
#66C2A5	-2.66257482532287	19	1	sous-entraînement	sous-entraînement	50% validation 1	1
#66C2A5	-2.69007008467888	19	1	sous-entraînement	sous-entraînement	50% validation 74	1
#66C2A5	-3.05823325305176	19	1	sous-entraînement	sous-entraînement	50% validation 33	1
#66C2A5	-2.34971725354428	19	1	sous-entraînement	sous-entraînement	50% validation 11	1
#66C2A5	-2.42344961624141	19	1	sous-entraînement	sous-entraînement	50% validation 72	1
#66C2A5	-3.64384703421242	19	1	sous-entraînement	sous-entraînement	50% validation 12	1
#66C2A5	-2.00176984355332	19	1	sous-entraînement	sous-entraînement	50% validation 34	1
#66C2A5	-2.56098557530523	19	1	sous-entraînement	sous-entraînement	50% validation 86	1
#66C2A5	-3.3419591739343	19	1	sous-entraînement	sous-entraînement	50% validation 35	1
#66C2A5	-3.23787434919401	19	1	sous-entraînement	sous-entraînement	50% validation 36	1
#66C2A5	-2.4684583688473	19	1	sous-entraînement	sous-entraînement	50% validation 37	1
#66C2A5	-2.75032929237692	19	1	sous-entraînement	sous-entraînement	50% validation 38	1
#66C2A5	-2.49265101649988	19	1	sous-entraînement	sous-entraînement	50% validation 59	1
#66C2A5	-2.4189632876938	19	1	sous-entraînement	sous-entraînement	50% validation 60	1
#66C2A5	-2.47572633288244	19	1	sous-entraînement	sous-entraînement	50% validation 39	1
#66C2A5	-2.44283109138134	19	1	sous-entraînement	sous-entraînement	50% validation 40	1
#66C2A5	-2.78115969652824	19	1	sous-entraînement	sous-entraînement	50% validation 41	1
#66C2A5	-2.68605956444678	19	1	sous-entraînement	sous-entraînement	50% validation 92	1
#66C2A5	-3.22360561240036	19	1	sous-entraînement	sous-entraînement	50% validation 42	1
#66C2A5	-2.68513856169538	19	1	sous-entraînement	sous-entraînement	50% validation 43	1
#66C2A5	-2.78462938665196	19	1	sous-entraînement	sous-entraînement	50% validation 44	1
#66C2A5	-2.94019863717617	19	1	sous-entraînement	sous-entraînement	50% validation 45	1
#66C2A5	-2.95010921429296	19	1	sous-entraînement	sous-entraînement	50% validation 13	1
#66C2A5	-2.15486082114333	19	1	sous-entraînement	sous-entraînement	50% validation 99	1
#66C2A5	-3.04775318073585	19	1	sous-entraînement	sous-entraînement	50% validation 61	1
#66C2A5	-2.75224948440155	19	1	sous-entraînement	sous-entraînement	50% validation 14	1
#66C2A5	-2.56006278142702	19	1	sous-entraînement	sous-entraînement	50% validation 2	1
#66C2A5	-2.46245922778767	19	1	sous-entraînement	sous-entraînement	50% validation 46	1
#66C2A5	-2.90384625943918	19	1	sous-entraînement	sous-entraînement	50% validation 75	1
#66C2A5	-3.19325692125381	19	1	sous-entraînement	sous-entraînement	50% validation 3	1
#66C2A5	-3.06075775890247	19	1	sous-entraînement	sous-entraînement	50% validation 47	1
#66C2A5	-3.00747751991502	19	1	sous-entraînement	sous-entraînement	50% validation 76	1
#66C2A5	-3.06614769605296	19	1	sous-entraînement	sous-entraînement	50% validation 97	1
#66C2A5	-2.71214482982682	19	1	sous-entraînement	sous-entraînement	50% validation 88	1
#66C2A5	-2.36813452994882	19	1	sous-entraînement	sous-entraînement	50% validation 62	1
#66C2A5	-2.72962938135334	19	1	sous-entraînement	sous-entraînement	50% validation 95	1
#66C2A5	-2.8330672112092	19	1	sous-entraînement	sous-entraînement	50% validation 48	1
#66C2A5	-2.20443176001449	19	1	sous-entraînement	sous-entraînement	50% validation 49	1
#66C2A5	-2.80123148501455	19	1	sous-entraînement	sous-entraînement	50% validation 15	1
#66C2A5	-2.50723618798014	19	1	sous-entraînement	sous-entraînement	50% validation 16	1
#66C2A5	-2.08548422609036	19	1	sous-entraînement	sous-entraînement	50% validation 17	1
#66C2A5	-2.52179991548035	19	1	sous-entraînement	sous-entraînement	50% validation 63	1
#66C2A5	-2.95606235221436	19	1	sous-entraînement	sous-entraînement	50% validation 64	1
#66C2A5	-3.07578014440935	19	1	sous-entraînement	sous-entraînement	50% validation 26	1
#66C2A5	-2.19747019694026	19	1	sous-entraînement	sous-entraînement	50% validation 65	1
#66C2A5	-2.96036346231658	19	1	sous-entraînement	sous-entraînement	50% validation 77	1
#66C2A5	-1.82027293260814	19	1	sous-entraînement	sous-entraînement	50% validation 50	1
#66C2A5	-3.01396733155859	19	1	sous-entraînement	sous-entraînement	50% validation 18	1
#66C2A5	-2.47779996541065	19	1	sous-entraînement	sous-entraînement	50% validation 96	1
#66C2A5	-2.16798020113499	19	1	sous-entraînement	sous-entraînement	50% validation 51	1
#66C2A5	-2.96747157012306	19	1	sous-entraînement	sous-entraînement	50% validation 52	1
#66C2A5	-2.42436171998235	19	1	sous-entraînement	sous-entraînement	50% validation 78	1
#66C2A5	-2.3141346891962	19	1	sous-entraînement	sous-entraînement	50% validation 53	1
#66C2A5	-2.4533302192409	19	1	sous-entraînement	sous-entraînement	50% validation 19	1
#66C2A5	-2.51873361489679	19	1	sous-entraînement	sous-entraînement	50% validation 73	1
#66C2A5	-3.03221522373756	19	1	sous-entraînement	sous-entraînement	50% validation 54	1
#66C2A5	-2.36054149298255	19	1	sous-entraînement	sous-entraînement	50% validation 4	1
#66C2A5	-2.3539001300313	19	1	sous-entraînement	sous-entraînement	50% validation 55	1
#66C2A5	-1.95722282739233	19	1	sous-entraînement	sous-entraînement	50% validation 5	1
#66C2A5	-2.0989977639562	19	1	sous-entraînement	sous-entraînement	50% validation 98	1
#66C2A5	-2.32974353203321	19	1	sous-entraînement	sous-entraînement	50% validation 66	1
#66C2A5	-2.54141918343235	19	1	sous-entraînement	sous-entraînement	50% validation 89	1
#66C2A5	-3.16547057223041	19	1	sous-entraînement	sous-entraînement	50% validation 79	1
#66C2A5	-2.52812131651299	19	1	sous-entraînement	sous-entraînement	50% validation 94	1
#66C2A5	-2.71646401047637	19	1	sous-entraînement	sous-entraînement	50% validation 80	1
#66C2A5	-2.98288713734946	19	1	sous-entraînement	sous-entraînement	50% validation 81	1
#66C2A5	-3.03634679415467	19	1	sous-entraînement	sous-entraînement	50% validation 20	1
#66C2A5	-2.73254192871727	19	1	sous-entraînement	sous-entraînement	50% validation 21	1
#66C2A5	-2.40695509892641	19	1	sous-entraînement	sous-entraînement	50% validation 56	1
#66C2A5	-2.95009558748422	19	1	sous-entraînement	sous-entraînement	50% validation 82	1
#66C2A5	-2.01974478486942	19	1	sous-entraînement	sous-entraînement	50% validation 67	1
#66C2A5	-2.0917136490645	19	1	sous-entraînement	sous-entraînement	50% validation 57	1
#66C2A5	-2.18288472713875	19	1	sous-entraînement	sous-entraînement	50% validation 27	1
#66C2A5	-3.27255618923659	19	1	sous-entraînement	sous-entraînement	50% validation 83	1
#66C2A5	-2.70633563353393	19	1	sous-entraînement	sous-entraînement	50% validation 58	1
#66C2A5	-3.04035321980779	19	1	sous-entraînement	sous-entraînement	50% validation 100	1
#66C2A5	-3.45346123451557	19	1	sous-entraînement	sous-entraînement	50% validation 68	1
#66C2A5	-2.24229244971847	19	1	sous-entraînement	sous-entraînement	50% validation 85	1
#66C2A5	-2.17869753430563	19	1	sous-entraînement	sous-entraînement	50% validation 90	1
#66C2A5	-2.56163338170544	19	1	sous-entraînement	sous-entraînement	50% validation 84	1
#66C2A5	-3.08169265830529	20	1	sous-entraînement	sous-entraînement	VC à 2 blocs 32	1
#66C2A5	-2.22894583692593	20	1	sous-entraînement	sous-entraînement	VC à 2 blocs 33	1
#66C2A5	-2.84553452288923	20	1	sous-entraînement	sous-entraînement	VC à 2 blocs 85	1
#66C2A5	-2.77942553813292	20	1	sous-entraînement	sous-entraînement	VC à 2 blocs 77	1
#66C2A5	-3.24577742707128	20	1	sous-entraînement	sous-entraînement	VC à 2 blocs 4	1
#66C2A5	-2.94650999681314	20	1	sous-entraînement	sous-entraînement	VC à 2 blocs 34	1
#66C2A5	-3.13018737463558	20	1	sous-entraînement	sous-entraînement	VC à 2 blocs 28	1
#66C2A5	-3.15225376150689	20	1	sous-entraînement	sous-entraînement	VC à 2 blocs 78	1
#66C2A5	-3.06206570905349	20	1	sous-entraînement	sous-entraînement	VC à 2 blocs 35	1
#66C2A5	-2.64180431360731	20	1	sous-entraînement	sous-entraînement	VC à 2 blocs 5	1
#66C2A5	-2.97513884673765	20	1	sous-entraînement	sous-entraînement	VC à 2 blocs 36	1
#66C2A5	-2.69473546437804	20	1	sous-entraînement	sous-entraînement	VC à 2 blocs 6	1
#66C2A5	-3.10858905451153	20	1	sous-entraînement	sous-entraînement	VC à 2 blocs 37	1
#66C2A5	-2.5264053973752	20	1	sous-entraînement	sous-entraînement	VC à 2 blocs 91	1
#66C2A5	-3.07314104935218	20	1	sous-entraînement	sous-entraînement	VC à 2 blocs 38	1
#66C2A5	-3.83706448090049	20	1	sous-entraînement	sous-entraînement	VC à 2 blocs 39	1
#66C2A5	-3.49061379904021	20	1	sous-entraînement	sous-entraînement	VC à 2 blocs 7	1
#66C2A5	-2.77459863099086	20	1	sous-entraînement	sous-entraînement	VC à 2 blocs 92	1
#66C2A5	-2.97927458405835	20	1	sous-entraînement	sous-entraînement	VC à 2 blocs 79	1
#66C2A5	-2.99065250667225	20	1	sous-entraînement	sous-entraînement	VC à 2 blocs 98	1
#66C2A5	-3.01048187228077	20	1	sous-entraînement	sous-entraînement	VC à 2 blocs 40	1
#66C2A5	-2.03717353870797	20	1	sous-entraînement	sous-entraînement	VC à 2 blocs 97	1
#66C2A5	-3.12774150061739	20	1	sous-entraînement	sous-entraînement	VC à 2 blocs 71	1
#66C2A5	-2.78535587654285	20	1	sous-entraînement	sous-entraînement	VC à 2 blocs 8	1
#66C2A5	-2.56061202581694	20	1	sous-entraînement	sous-entraînement	VC à 2 blocs 41	1
#66C2A5	-2.61342187448876	20	1	sous-entraînement	sous-entraînement	VC à 2 blocs 9	1
#66C2A5	-3.01157635314918	20	1	sous-entraînement	sous-entraînement	VC à 2 blocs 42	1
#66C2A5	-2.74124124822349	20	1	sous-entraînement	sous-entraînement	VC à 2 blocs 89	1
#66C2A5	-3.07125537829063	20	1	sous-entraînement	sous-entraînement	VC à 2 blocs 29	1
#66C2A5	-2.70768806477826	20	1	sous-entraînement	sous-entraînement	VC à 2 blocs 43	1
#66C2A5	-2.84597150838826	20	1	sous-entraînement	sous-entraînement	VC à 2 blocs 44	1
#66C2A5	-3.23353638306675	20	1	sous-entraînement	sous-entraînement	VC à 2 blocs 72	1
#66C2A5	-3.30990842667789	20	1	sous-entraînement	sous-entraînement	VC à 2 blocs 95	1
#66C2A5	-3.02888278371122	20	1	sous-entraînement	sous-entraînement	VC à 2 blocs 73	1
#66C2A5	-2.81958855007256	20	1	sous-entraînement	sous-entraînement	VC à 2 blocs 10	1
#66C2A5	-2.7642744073981	20	1	sous-entraînement	sous-entraînement	VC à 2 blocs 45	1
#66C2A5	-2.58155003844426	20	1	sous-entraînement	sous-entraînement	VC à 2 blocs 46	1
#66C2A5	-2.88815633055091	20	1	sous-entraînement	sous-entraînement	VC à 2 blocs 11	1
#66C2A5	-2.85061881360799	20	1	sous-entraînement	sous-entraînement	VC à 2 blocs 30	1
#66C2A5	-3.35949760645005	20	1	sous-entraînement	sous-entraînement	VC à 2 blocs 47	1
#66C2A5	-2.72364529732601	20	1	sous-entraînement	sous-entraînement	VC à 2 blocs 48	1
#66C2A5	-2.45533824403724	20	1	sous-entraînement	sous-entraînement	VC à 2 blocs 49	1
#66C2A5	-3.29036090681169	20	1	sous-entraînement	sous-entraînement	VC à 2 blocs 80	1
#66C2A5	-3.04162701001661	20	1	sous-entraînement	sous-entraînement	VC à 2 blocs 50	1
#66C2A5	-2.60110030397046	20	1	sous-entraînement	sous-entraînement	VC à 2 blocs 51	1
#66C2A5	-2.68003899892956	20	1	sous-entraînement	sous-entraînement	VC à 2 blocs 12	1
#66C2A5	-2.75190875899878	20	1	sous-entraînement	sous-entraînement	VC à 2 blocs 52	1
#66C2A5	-2.25371954928695	20	1	sous-entraînement	sous-entraînement	VC à 2 blocs 13	1
#66C2A5	-3.50812876156237	20	1	sous-entraînement	sous-entraînement	VC à 2 blocs 14	1
#66C2A5	-3.0803219468635	20	1	sous-entraînement	sous-entraînement	VC à 2 blocs 31	1
#66C2A5	-3.22584944729489	20	1	sous-entraînement	sous-entraînement	VC à 2 blocs 15	1
#66C2A5	-2.43657945720192	20	1	sous-entraînement	sous-entraînement	VC à 2 blocs 74	1
#66C2A5	-2.73994167502559	20	1	sous-entraînement	sous-entraînement	VC à 2 blocs 81	1
#66C2A5	-2.8318971969423	20	1	sous-entraînement	sous-entraînement	VC à 2 blocs 53	1
#66C2A5	-2.7457112393455	20	1	sous-entraînement	sous-entraînement	VC à 2 blocs 96	1
#66C2A5	-3.21609727945399	20	1	sous-entraînement	sous-entraînement	VC à 2 blocs 1	1
#66C2A5	-3.45500907145383	20	1	sous-entraînement	sous-entraînement	VC à 2 blocs 16	1
#66C2A5	-3.12169194076744	20	1	sous-entraînement	sous-entraînement	VC à 2 blocs 54	1
#66C2A5	-3.02532637539675	20	1	sous-entraînement	sous-entraînement	VC à 2 blocs 75	1
#66C2A5	-3.21673045888002	20	1	sous-entraînement	sous-entraînement	VC à 2 blocs 93	1
#66C2A5	-2.8381008881715	20	1	sous-entraînement	sous-entraînement	VC à 2 blocs 55	1
#66C2A5	-3.31712479154945	20	1	sous-entraînement	sous-entraînement	VC à 2 blocs 56	1
#66C2A5	-2.69462681079343	20	1	sous-entraînement	sous-entraînement	VC à 2 blocs 57	1
#66C2A5	-3.02846169246393	20	1	sous-entraînement	sous-entraînement	VC à 2 blocs 58	1
#66C2A5	-2.41316850312787	20	1	sous-entraînement	sous-entraînement	VC à 2 blocs 17	1
#66C2A5	-3.16656643768027	20	1	sous-entraînement	sous-entraînement	VC à 2 blocs 82	1
#66C2A5	-3.19578849092805	20	1	sous-entraînement	sous-entraînement	VC à 2 blocs 59	1
#66C2A5	-2.07017304326134	20	1	sous-entraînement	sous-entraînement	VC à 2 blocs 90	1
#66C2A5	-3.04127850806345	20	1	sous-entraînement	sous-entraînement	VC à 2 blocs 18	1
#66C2A5	-3.65529300694516	20	1	sous-entraînement	sous-entraînement	VC à 2 blocs 2	1
#66C2A5	-2.93972971769064	20	1	sous-entraînement	sous-entraînement	VC à 2 blocs 99	1
#66C2A5	-3.30839567438904	20	1	sous-entraînement	sous-entraînement	VC à 2 blocs 60	1
#66C2A5	-2.44165574882473	20	1	sous-entraînement	sous-entraînement	VC à 2 blocs 61	1
#66C2A5	-2.89177413304844	20	1	sous-entraînement	sous-entraînement	VC à 2 blocs 19	1
#66C2A5	-3.31876947158793	20	1	sous-entraînement	sous-entraînement	VC à 2 blocs 62	1
#66C2A5	-2.63009256390427	20	1	sous-entraînement	sous-entraînement	VC à 2 blocs 63	1
#66C2A5	-2.78325626733539	20	1	sous-entraînement	sous-entraînement	VC à 2 blocs 94	1
#66C2A5	-2.89340254740073	20	1	sous-entraînement	sous-entraînement	VC à 2 blocs 76	1
#66C2A5	-3.69820395334103	20	1	sous-entraînement	sous-entraînement	VC à 2 blocs 3	1
#66C2A5	-3.18132278268579	20	1	sous-entraînement	sous-entraînement	VC à 2 blocs 20	1
#66C2A5	-2.9888262602184	20	1	sous-entraînement	sous-entraînement	VC à 2 blocs 64	1
#66C2A5	-2.6916428237407	20	1	sous-entraînement	sous-entraînement	VC à 2 blocs 21	1
#66C2A5	-2.71725507062084	20	1	sous-entraînement	sous-entraînement	VC à 2 blocs 86	1
#66C2A5	-2.71034610669934	20	1	sous-entraînement	sous-entraînement	VC à 2 blocs 22	1
#66C2A5	-2.89868407018452	20	1	sous-entraînement	sous-entraînement	VC à 2 blocs 65	1
#66C2A5	-2.62625424514532	20	1	sous-entraînement	sous-entraînement	VC à 2 blocs 23	1
#66C2A5	-2.95286536734468	20	1	sous-entraînement	sous-entraînement	VC à 2 blocs 87	1
#66C2A5	-3.20509720537222	20	1	sous-entraînement	sous-entraînement	VC à 2 blocs 24	1
#66C2A5	-2.59459359527315	20	1	sous-entraînement	sous-entraînement	VC à 2 blocs 83	1
#66C2A5	-3.67735446924698	20	1	sous-entraînement	sous-entraînement	VC à 2 blocs 66	1
#66C2A5	-3.23773585464876	20	1	sous-entraînement	sous-entraînement	VC à 2 blocs 67	1
#66C2A5	-2.76072536232479	20	1	sous-entraînement	sous-entraînement	VC à 2 blocs 84	1
#66C2A5	-3.15750499157005	20	1	sous-entraînement	sous-entraînement	VC à 2 blocs 25	1
#66C2A5	-3.12113342604569	20	1	sous-entraînement	sous-entraînement	VC à 2 blocs 68	1
#66C2A5	-2.98513423427518	20	1	sous-entraînement	sous-entraînement	VC à 2 blocs 69	1
#66C2A5	-1.93489373642245	20	1	sous-entraînement	sous-entraînement	VC à 2 blocs 26	1
#66C2A5	-2.61180279049913	20	1	sous-entraînement	sous-entraînement	VC à 2 blocs 100	1
#66C2A5	-2.80183425234426	20	1	sous-entraînement	sous-entraînement	VC à 2 blocs 88	1
#66C2A5	-3.08757821786906	20	1	sous-entraînement	sous-entraînement	VC à 2 blocs 70	1
#66C2A5	-3.12787207516536	20	1	sous-entraînement	sous-entraînement	VC à 2 blocs 27	1
#66C2A5	-2.74008567674752	20	1	sous-entraînement	sous-entraînement	50% validation 87	1
#66C2A5	-2.80553694368245	20	1	sous-entraînement	sous-entraînement	50% validation 6	1
#66C2A5	-3.09978845930141	20	1	sous-entraînement	sous-entraînement	50% validation 28	1
#66C2A5	-3.72162701572215	20	1	sous-entraînement	sous-entraînement	50% validation 22	1
#66C2A5	-3.69154648909876	20	1	sous-entraînement	sous-entraînement	50% validation 23	1
#66C2A5	-3.38433803809953	20	1	sous-entraînement	sous-entraînement	50% validation 69	1
#66C2A5	-2.41388218353321	20	1	sous-entraînement	sous-entraînement	50% validation 7	1
#66C2A5	-2.79978032563951	20	1	sous-entraînement	sous-entraînement	50% validation 91	1
#66C2A5	-2.88007881966261	20	1	sous-entraînement	sous-entraînement	50% validation 24	1
#66C2A5	-2.66204190023734	20	1	sous-entraînement	sous-entraînement	50% validation 70	1
#66C2A5	-2.53261755708546	20	1	sous-entraînement	sous-entraînement	50% validation 93	1
#66C2A5	-3.32950897536397	20	1	sous-entraînement	sous-entraînement	50% validation 71	1
#66C2A5	-2.28846036482933	20	1	sous-entraînement	sous-entraînement	50% validation 8	1
#66C2A5	-2.95215448851489	20	1	sous-entraînement	sous-entraînement	50% validation 25	1
#66C2A5	-3.32408569085007	20	1	sous-entraînement	sous-entraînement	50% validation 29	1
#66C2A5	-2.2988263096825	20	1	sous-entraînement	sous-entraînement	50% validation 30	1
#66C2A5	-2.56247395274265	20	1	sous-entraînement	sous-entraînement	50% validation 9	1
#66C2A5	-2.4120825244954	20	1	sous-entraînement	sous-entraînement	50% validation 10	1
#66C2A5	-2.50747396694089	20	1	sous-entraînement	sous-entraînement	50% validation 31	1
#66C2A5	-2.99412920851774	20	1	sous-entraînement	sous-entraînement	50% validation 32	1
#66C2A5	-2.79385146277647	20	1	sous-entraînement	sous-entraînement	50% validation 1	1
#66C2A5	-3.07641579552517	20	1	sous-entraînement	sous-entraînement	50% validation 74	1
#66C2A5	-3.51261326157631	20	1	sous-entraînement	sous-entraînement	50% validation 33	1
#66C2A5	-2.55226806457469	20	1	sous-entraînement	sous-entraînement	50% validation 11	1
#66C2A5	-2.59022521375664	20	1	sous-entraînement	sous-entraînement	50% validation 72	1
#66C2A5	-3.87471704454525	20	1	sous-entraînement	sous-entraînement	50% validation 12	1
#66C2A5	-3.43780146031484	20	1	sous-entraînement	sous-entraînement	50% validation 34	1
#66C2A5	-2.78934119461782	20	1	sous-entraînement	sous-entraînement	50% validation 86	1
#66C2A5	-3.57968846506168	20	1	sous-entraînement	sous-entraînement	50% validation 35	1
#66C2A5	-3.44430975615673	20	1	sous-entraînement	sous-entraînement	50% validation 36	1
#66C2A5	-2.625379040588	20	1	sous-entraînement	sous-entraînement	50% validation 37	1
#66C2A5	-3.00792473344085	20	1	sous-entraînement	sous-entraînement	50% validation 38	1
#66C2A5	-2.58775816730844	20	1	sous-entraînement	sous-entraînement	50% validation 59	1
#66C2A5	-2.70321398267526	20	1	sous-entraînement	sous-entraînement	50% validation 60	1
#66C2A5	-2.6722517381798	20	1	sous-entraînement	sous-entraînement	50% validation 39	1
#66C2A5	-2.70993012781816	20	1	sous-entraînement	sous-entraînement	50% validation 40	1
#66C2A5	-3.13568543651903	20	1	sous-entraînement	sous-entraînement	50% validation 41	1
#66C2A5	-2.95369702372873	20	1	sous-entraînement	sous-entraînement	50% validation 92	1
#66C2A5	-3.46953636959791	20	1	sous-entraînement	sous-entraînement	50% validation 42	1
#66C2A5	-2.88059374401863	20	1	sous-entraînement	sous-entraînement	50% validation 43	1
#66C2A5	-3.03780945242178	20	1	sous-entraînement	sous-entraînement	50% validation 44	1
#66C2A5	-3.23635472197085	20	1	sous-entraînement	sous-entraînement	50% validation 45	1
#66C2A5	-3.15684910997476	20	1	sous-entraînement	sous-entraînement	50% validation 13	1
#66C2A5	-2.61415245177832	20	1	sous-entraînement	sous-entraînement	50% validation 99	1
#66C2A5	-3.35908284980071	20	1	sous-entraînement	sous-entraînement	50% validation 61	1
#66C2A5	-3.0998600622581	20	1	sous-entraînement	sous-entraînement	50% validation 14	1
#66C2A5	-2.96130754582722	20	1	sous-entraînement	sous-entraînement	50% validation 2	1
#66C2A5	-2.67714761352794	20	1	sous-entraînement	sous-entraînement	50% validation 46	1
#66C2A5	-3.36457329121155	20	1	sous-entraînement	sous-entraînement	50% validation 75	1
#66C2A5	-3.34773908096631	20	1	sous-entraînement	sous-entraînement	50% validation 3	1
#66C2A5	-3.51088734135172	20	1	sous-entraînement	sous-entraînement	50% validation 47	1
#66C2A5	-3.37480768440456	20	1	sous-entraînement	sous-entraînement	50% validation 76	1
#66C2A5	-3.36265669881568	20	1	sous-entraînement	sous-entraînement	50% validation 97	1
#66C2A5	-2.83706461001018	20	1	sous-entraînement	sous-entraînement	50% validation 88	1
#66C2A5	-2.54618842436863	20	1	sous-entraînement	sous-entraînement	50% validation 62	1
#66C2A5	-3.42350848365324	20	1	sous-entraînement	sous-entraînement	50% validation 95	1
#66C2A5	-3.26343890599753	20	1	sous-entraînement	sous-entraînement	50% validation 48	1
#66C2A5	-2.42686964844852	20	1	sous-entraînement	sous-entraînement	50% validation 49	1
#66C2A5	-2.9892618701052	20	1	sous-entraînement	sous-entraînement	50% validation 15	1
#66C2A5	-2.67049710112912	20	1	sous-entraînement	sous-entraînement	50% validation 16	1
#66C2A5	-2.24426778495846	20	1	sous-entraînement	sous-entraînement	50% validation 17	1
#66C2A5	-2.61258824382531	20	1	sous-entraînement	sous-entraînement	50% validation 63	1
#66C2A5	-3.18840502401947	20	1	sous-entraînement	sous-entraînement	50% validation 64	1
#66C2A5	-3.24596073721026	20	1	sous-entraînement	sous-entraînement	50% validation 26	1
#66C2A5	-2.73734819462248	20	1	sous-entraînement	sous-entraînement	50% validation 65	1
#66C2A5	-3.55334008877102	20	1	sous-entraînement	sous-entraînement	50% validation 77	1
#66C2A5	-1.97828481968714	20	1	sous-entraînement	sous-entraînement	50% validation 50	1
#66C2A5	-3.31072453848488	20	1	sous-entraînement	sous-entraînement	50% validation 18	1
#66C2A5	-2.69151440096081	20	1	sous-entraînement	sous-entraînement	50% validation 96	1
#66C2A5	-2.3688393935404	20	1	sous-entraînement	sous-entraînement	50% validation 51	1
#66C2A5	-3.29205746057058	20	1	sous-entraînement	sous-entraînement	50% validation 52	1
#66C2A5	-2.71366203859202	20	1	sous-entraînement	sous-entraînement	50% validation 78	1
#66C2A5	-2.67901622407029	20	1	sous-entraînement	sous-entraînement	50% validation 53	1
#66C2A5	-2.72696182274049	20	1	sous-entraînement	sous-entraînement	50% validation 19	1
#66C2A5	-2.93266428557603	20	1	sous-entraînement	sous-entraînement	50% validation 73	1
#66C2A5	-3.24139547735892	20	1	sous-entraînement	sous-entraînement	50% validation 54	1
#66C2A5	-2.68295118708661	20	1	sous-entraînement	sous-entraînement	50% validation 4	1
#66C2A5	-3.10539422109025	20	1	sous-entraînement	sous-entraînement	50% validation 55	1
#66C2A5	-2.6247831566228	20	1	sous-entraînement	sous-entraînement	50% validation 5	1
#66C2A5	-2.22576276381163	20	1	sous-entraînement	sous-entraînement	50% validation 98	1
#66C2A5	-2.48407969337869	20	1	sous-entraînement	sous-entraînement	50% validation 66	1
#66C2A5	-2.76012016656734	20	1	sous-entraînement	sous-entraînement	50% validation 89	1
#66C2A5	-3.38485525628548	20	1	sous-entraînement	sous-entraînement	50% validation 79	1
#66C2A5	-2.83048520943678	20	1	sous-entraînement	sous-entraînement	50% validation 94	1
#66C2A5	-2.91872513508214	20	1	sous-entraînement	sous-entraînement	50% validation 80	1
#66C2A5	-3.38971789108533	20	1	sous-entraînement	sous-entraînement	50% validation 81	1
#66C2A5	-3.39777436717876	20	1	sous-entraînement	sous-entraînement	50% validation 20	1
#66C2A5	-3.01740759534642	20	1	sous-entraînement	sous-entraînement	50% validation 21	1
#66C2A5	-2.72647245784838	20	1	sous-entraînement	sous-entraînement	50% validation 56	1
#66C2A5	-3.0607732863615	20	1	sous-entraînement	sous-entraînement	50% validation 82	1
#66C2A5	-2.14493284442677	20	1	sous-entraînement	sous-entraînement	50% validation 67	1
#66C2A5	-2.25327553824346	20	1	sous-entraînement	sous-entraînement	50% validation 57	1
#66C2A5	-2.62188674561205	20	1	sous-entraînement	sous-entraînement	50% validation 27	1
#66C2A5	-3.4994708626742	20	1	sous-entraînement	sous-entraînement	50% validation 83	1
#66C2A5	-3.02910480264549	20	1	sous-entraînement	sous-entraînement	50% validation 58	1
#66C2A5	-3.2546463250907	20	1	sous-entraînement	sous-entraînement	50% validation 100	1
#66C2A5	-3.60974572334917	20	1	sous-entraînement	sous-entraînement	50% validation 68	1
#66C2A5	-2.57652966767445	20	1	sous-entraînement	sous-entraînement	50% validation 85	1
#66C2A5	-2.44927717774138	20	1	sous-entraînement	sous-entraînement	50% validation 90	1
#66C2A5	-2.75217855927165	20	1	sous-entraînement	sous-entraînement	50% validation 84	1
#66C2A5	-3.28921845505748	21	1	sous-entraînement	sous-entraînement	VC à 2 blocs 32	1
#66C2A5	-2.37509100593997	21	1	sous-entraînement	sous-entraînement	VC à 2 blocs 33	1
#66C2A5	-3.19919847982866	21	1	sous-entraînement	sous-entraînement	VC à 2 blocs 85	1
#66C2A5	-3.36300360653794	21	1	sous-entraînement	sous-entraînement	VC à 2 blocs 77	1
#66C2A5	-3.45522694258897	21	1	sous-entraînement	sous-entraînement	VC à 2 blocs 4	1
#66C2A5	-3.06543326222338	21	1	sous-entraînement	sous-entraînement	VC à 2 blocs 34	1
#66C2A5	-3.37033832616037	21	1	sous-entraînement	sous-entraînement	VC à 2 blocs 28	1
#66C2A5	-3.60933629977218	21	1	sous-entraînement	sous-entraînement	VC à 2 blocs 78	1
#66C2A5	-3.50659919310675	21	1	sous-entraînement	sous-entraînement	VC à 2 blocs 35	1
#66C2A5	-3.0997294190201	21	1	sous-entraînement	sous-entraînement	VC à 2 blocs 5	1
#66C2A5	-3.35003947319828	21	1	sous-entraînement	sous-entraînement	VC à 2 blocs 36	1
#66C2A5	-2.81400480842654	21	1	sous-entraînement	sous-entraînement	VC à 2 blocs 6	1
#66C2A5	-3.65091423261586	21	1	sous-entraînement	sous-entraînement	VC à 2 blocs 37	1
#66C2A5	-2.82704962971496	21	1	sous-entraînement	sous-entraînement	VC à 2 blocs 91	1
#66C2A5	-3.20449110067918	21	1	sous-entraînement	sous-entraînement	VC à 2 blocs 38	1
#66C2A5	-4.15272299723646	21	1	sous-entraînement	sous-entraînement	VC à 2 blocs 39	1
#66C2A5	-3.66403197411363	21	1	sous-entraînement	sous-entraînement	VC à 2 blocs 7	1
#66C2A5	-2.92250124537459	21	1	sous-entraînement	sous-entraînement	VC à 2 blocs 92	1
#66C2A5	-3.46361546440439	21	1	sous-entraînement	sous-entraînement	VC à 2 blocs 79	1
#66C2A5	-3.56305677481606	21	1	sous-entraînement	sous-entraînement	VC à 2 blocs 98	1
#66C2A5	-3.375943097137	21	1	sous-entraînement	sous-entraînement	VC à 2 blocs 40	1
#66C2A5	-2.30060487877809	21	1	sous-entraînement	sous-entraînement	VC à 2 blocs 97	1
#66C2A5	-3.74997778248869	21	1	sous-entraînement	sous-entraînement	VC à 2 blocs 71	1
#66C2A5	-3.24327432921243	21	1	sous-entraînement	sous-entraînement	VC à 2 blocs 8	1
#66C2A5	-2.79235280418987	21	1	sous-entraînement	sous-entraînement	VC à 2 blocs 41	1
#66C2A5	-3.01711698064636	21	1	sous-entraînement	sous-entraînement	VC à 2 blocs 9	1
#66C2A5	-3.39109092859123	21	1	sous-entraînement	sous-entraînement	VC à 2 blocs 42	1
#66C2A5	-2.87630797732494	21	1	sous-entraînement	sous-entraînement	VC à 2 blocs 89	1
#66C2A5	-3.62633573009532	21	1	sous-entraînement	sous-entraînement	VC à 2 blocs 29	1
#66C2A5	-3.12061718051536	21	1	sous-entraînement	sous-entraînement	VC à 2 blocs 43	1
#66C2A5	-3.1691320216586	21	1	sous-entraînement	sous-entraînement	VC à 2 blocs 44	1
#66C2A5	-3.43556905466798	21	1	sous-entraînement	sous-entraînement	VC à 2 blocs 72	1
#66C2A5	-3.48690812719379	21	1	sous-entraînement	sous-entraînement	VC à 2 blocs 95	1
#66C2A5	-3.51839584781568	21	1	sous-entraînement	sous-entraînement	VC à 2 blocs 73	1
#66C2A5	-3.02047465861669	21	1	sous-entraînement	sous-entraînement	VC à 2 blocs 10	1
#66C2A5	-2.90805715187406	21	1	sous-entraînement	sous-entraînement	VC à 2 blocs 45	1
#66C2A5	-2.84827929093856	21	1	sous-entraînement	sous-entraînement	VC à 2 blocs 46	1
#66C2A5	-3.39445781963273	21	1	sous-entraînement	sous-entraînement	VC à 2 blocs 11	1
#66C2A5	-2.98562227576159	21	1	sous-entraînement	sous-entraînement	VC à 2 blocs 30	1
#66C2A5	-3.91265186890853	21	1	sous-entraînement	sous-entraînement	VC à 2 blocs 47	1
#66C2A5	-2.93022291282086	21	1	sous-entraînement	sous-entraînement	VC à 2 blocs 48	1
#66C2A5	-2.83438842084912	21	1	sous-entraînement	sous-entraînement	VC à 2 blocs 49	1
#66C2A5	-3.53214799537088	21	1	sous-entraînement	sous-entraînement	VC à 2 blocs 80	1
#66C2A5	-3.4100076809889	21	1	sous-entraînement	sous-entraînement	VC à 2 blocs 50	1
#66C2A5	-2.77220360390502	21	1	sous-entraînement	sous-entraînement	VC à 2 blocs 51	1
#66C2A5	-3.36443808306093	21	1	sous-entraînement	sous-entraînement	VC à 2 blocs 12	1
#66C2A5	-2.86186591660728	21	1	sous-entraînement	sous-entraînement	VC à 2 blocs 52	1
#66C2A5	-2.93543168911738	21	1	sous-entraînement	sous-entraînement	VC à 2 blocs 13	1
#66C2A5	-3.74894069341765	21	1	sous-entraînement	sous-entraînement	VC à 2 blocs 14	1
#66C2A5	-3.55944410662639	21	1	sous-entraînement	sous-entraînement	VC à 2 blocs 31	1
#66C2A5	-3.42512675868748	21	1	sous-entraînement	sous-entraînement	VC à 2 blocs 15	1
#66C2A5	-2.87501303500834	21	1	sous-entraînement	sous-entraînement	VC à 2 blocs 74	1
#66C2A5	-2.92540302992402	21	1	sous-entraînement	sous-entraînement	VC à 2 blocs 81	1
#66C2A5	-3.04914310466091	21	1	sous-entraînement	sous-entraînement	VC à 2 blocs 53	1
#66C2A5	-3.008753790008	21	1	sous-entraînement	sous-entraînement	VC à 2 blocs 96	1
#66C2A5	-3.47228933358523	21	1	sous-entraînement	sous-entraînement	VC à 2 blocs 1	1
#66C2A5	-4.32338715869644	21	1	sous-entraînement	sous-entraînement	VC à 2 blocs 16	1
#66C2A5	-3.35567478851604	21	1	sous-entraînement	sous-entraînement	VC à 2 blocs 54	1
#66C2A5	-3.23029822623322	21	1	sous-entraînement	sous-entraînement	VC à 2 blocs 75	1
#66C2A5	-4.33661437343229	21	1	sous-entraînement	sous-entraînement	VC à 2 blocs 93	1
#66C2A5	-3.08659475418199	21	1	sous-entraînement	sous-entraînement	VC à 2 blocs 55	1
#66C2A5	-3.77711143048079	21	1	sous-entraînement	sous-entraînement	VC à 2 blocs 56	1
#66C2A5	-3.05413813108166	21	1	sous-entraînement	sous-entraînement	VC à 2 blocs 57	1
#66C2A5	-3.48906149761221	21	1	sous-entraînement	sous-entraînement	VC à 2 blocs 58	1
#66C2A5	-2.59719258249726	21	1	sous-entraînement	sous-entraînement	VC à 2 blocs 17	1
#66C2A5	-3.34007865297588	21	1	sous-entraînement	sous-entraînement	VC à 2 blocs 82	1
#66C2A5	-3.49165537116384	21	1	sous-entraînement	sous-entraînement	VC à 2 blocs 59	1
#66C2A5	-2.22236629703296	21	1	sous-entraînement	sous-entraînement	VC à 2 blocs 90	1
#66C2A5	-3.94189124211888	21	1	sous-entraînement	sous-entraînement	VC à 2 blocs 18	1
#66C2A5	-3.83568284272071	21	1	sous-entraînement	sous-entraînement	VC à 2 blocs 2	1
#66C2A5	-3.23075421835713	21	1	sous-entraînement	sous-entraînement	VC à 2 blocs 99	1
#66C2A5	-3.56412225581504	21	1	sous-entraînement	sous-entraînement	VC à 2 blocs 60	1
#66C2A5	-2.6715351701667	21	1	sous-entraînement	sous-entraînement	VC à 2 blocs 61	1
#66C2A5	-2.99537407078523	21	1	sous-entraînement	sous-entraînement	VC à 2 blocs 19	1
#66C2A5	-3.58050478776476	21	1	sous-entraînement	sous-entraînement	VC à 2 blocs 62	1
#66C2A5	-2.75046146417613	21	1	sous-entraînement	sous-entraînement	VC à 2 blocs 63	1
#66C2A5	-3.08023791728024	21	1	sous-entraînement	sous-entraînement	VC à 2 blocs 94	1
#66C2A5	-3.51757262087352	21	1	sous-entraînement	sous-entraînement	VC à 2 blocs 76	1
#66C2A5	-3.97173099843961	21	1	sous-entraînement	sous-entraînement	VC à 2 blocs 3	1
#66C2A5	-3.35515070058485	21	1	sous-entraînement	sous-entraînement	VC à 2 blocs 20	1
#66C2A5	-3.38321981311905	21	1	sous-entraînement	sous-entraînement	VC à 2 blocs 64	1
#66C2A5	-3.04733987468034	21	1	sous-entraînement	sous-entraînement	VC à 2 blocs 21	1
#66C2A5	-2.84389141442382	21	1	sous-entraînement	sous-entraînement	VC à 2 blocs 86	1
#66C2A5	-2.92080944257503	21	1	sous-entraînement	sous-entraînement	VC à 2 blocs 22	1
#66C2A5	-3.54024933729676	21	1	sous-entraînement	sous-entraînement	VC à 2 blocs 65	1
#66C2A5	-2.75640073180963	21	1	sous-entraînement	sous-entraînement	VC à 2 blocs 23	1
#66C2A5	-3.85346314441166	21	1	sous-entraînement	sous-entraînement	VC à 2 blocs 87	1
#66C2A5	-3.43744114418411	21	1	sous-entraînement	sous-entraînement	VC à 2 blocs 24	1
#66C2A5	-2.97600509669306	21	1	sous-entraînement	sous-entraînement	VC à 2 blocs 83	1
#66C2A5	-3.93338037779091	21	1	sous-entraînement	sous-entraînement	VC à 2 blocs 66	1
#66C2A5	-3.65138593272707	21	1	sous-entraînement	sous-entraînement	VC à 2 blocs 67	1
#66C2A5	-2.9031231348196	21	1	sous-entraînement	sous-entraînement	VC à 2 blocs 84	1
#66C2A5	-3.85249313747546	21	1	sous-entraînement	sous-entraînement	VC à 2 blocs 25	1
#66C2A5	-3.72293641761315	21	1	sous-entraînement	sous-entraînement	VC à 2 blocs 68	1
#66C2A5	-3.31925622534834	21	1	sous-entraînement	sous-entraînement	VC à 2 blocs 69	1
#66C2A5	-2.2573775446975	21	1	sous-entraînement	sous-entraînement	VC à 2 blocs 26	1
#66C2A5	-2.93890846366627	21	1	sous-entraînement	sous-entraînement	VC à 2 blocs 100	1
#66C2A5	-3.16259875088865	21	1	sous-entraînement	sous-entraînement	VC à 2 blocs 88	1
#66C2A5	-3.252584938957	21	1	sous-entraînement	sous-entraînement	VC à 2 blocs 70	1
#66C2A5	-3.73540668938303	21	1	sous-entraînement	sous-entraînement	VC à 2 blocs 27	1
#66C2A5	-2.87153611928551	21	1	sous-entraînement	sous-entraînement	50% validation 87	1
#66C2A5	-2.99463577447211	21	1	sous-entraînement	sous-entraînement	50% validation 6	1
#66C2A5	-3.43936319488087	21	1	sous-entraînement	sous-entraînement	50% validation 28	1
#66C2A5	-4.23858454261338	21	1	sous-entraînement	sous-entraînement	50% validation 22	1
#66C2A5	-4.14662835257498	21	1	sous-entraînement	sous-entraînement	50% validation 23	1
#66C2A5	-3.71229759036501	21	1	sous-entraînement	sous-entraînement	50% validation 69	1
#66C2A5	-2.93777162860927	21	1	sous-entraînement	sous-entraînement	50% validation 7	1
#66C2A5	-2.9583314678967	21	1	sous-entraînement	sous-entraînement	50% validation 91	1
#66C2A5	-3.40392532502261	21	1	sous-entraînement	sous-entraînement	50% validation 24	1
#66C2A5	-2.7714704208397	21	1	sous-entraînement	sous-entraînement	50% validation 70	1
#66C2A5	-2.93462048194327	21	1	sous-entraînement	sous-entraînement	50% validation 93	1
#66C2A5	-3.70481094773424	21	1	sous-entraînement	sous-entraînement	50% validation 71	1
#66C2A5	-2.57781379842824	21	1	sous-entraînement	sous-entraînement	50% validation 8	1
#66C2A5	-3.25096417808615	21	1	sous-entraînement	sous-entraînement	50% validation 25	1
#66C2A5	-3.54923815187607	21	1	sous-entraînement	sous-entraînement	50% validation 29	1
#66C2A5	-2.499711829733	21	1	sous-entraînement	sous-entraînement	50% validation 30	1
#66C2A5	-2.87730752098048	21	1	sous-entraînement	sous-entraînement	50% validation 9	1
#66C2A5	-2.65548959926546	21	1	sous-entraînement	sous-entraînement	50% validation 10	1
#66C2A5	-2.79000920749134	21	1	sous-entraînement	sous-entraînement	50% validation 31	1
#66C2A5	-3.36255040171629	21	1	sous-entraînement	sous-entraînement	50% validation 32	1
#66C2A5	-2.94981566710953	21	1	sous-entraînement	sous-entraînement	50% validation 1	1
#66C2A5	-3.56652087442695	21	1	sous-entraînement	sous-entraînement	50% validation 74	1
#66C2A5	-3.75677857482175	21	1	sous-entraînement	sous-entraînement	50% validation 33	1
#66C2A5	-2.77822071046585	21	1	sous-entraînement	sous-entraînement	50% validation 11	1
#66C2A5	-2.78943840171244	21	1	sous-entraînement	sous-entraînement	50% validation 72	1
#66C2A5	-4.0769025057451	21	1	sous-entraînement	sous-entraînement	50% validation 12	1
#66C2A5	-4.03324087224074	21	1	sous-entraînement	sous-entraînement	50% validation 34	1
#66C2A5	-2.96985174232557	21	1	sous-entraînement	sous-entraînement	50% validation 86	1
#66C2A5	-3.88235147428382	21	1	sous-entraînement	sous-entraînement	50% validation 35	1
#66C2A5	-3.6432264796416	21	1	sous-entraînement	sous-entraînement	50% validation 36	1
#66C2A5	-2.80871025859022	21	1	sous-entraînement	sous-entraînement	50% validation 37	1
#66C2A5	-3.63142952806786	21	1	sous-entraînement	sous-entraînement	50% validation 38	1
#66C2A5	-2.69543189353002	21	1	sous-entraînement	sous-entraînement	50% validation 59	1
#66C2A5	-3.07404441011497	21	1	sous-entraînement	sous-entraînement	50% validation 60	1
#66C2A5	-3.03425564531348	21	1	sous-entraînement	sous-entraînement	50% validation 39	1
#66C2A5	-3.01070588122092	21	1	sous-entraînement	sous-entraînement	50% validation 40	1
#66C2A5	-3.75375488973966	21	1	sous-entraînement	sous-entraînement	50% validation 41	1
#66C2A5	-3.1782358717679	21	1	sous-entraînement	sous-entraînement	50% validation 92	1
#66C2A5	-3.8315296424533	21	1	sous-entraînement	sous-entraînement	50% validation 42	1
#66C2A5	-3.12181770056889	21	1	sous-entraînement	sous-entraînement	50% validation 43	1
#66C2A5	-3.57784826131844	21	1	sous-entraînement	sous-entraînement	50% validation 44	1
#66C2A5	-3.49225388843898	21	1	sous-entraînement	sous-entraînement	50% validation 45	1
#66C2A5	-3.35803340843065	21	1	sous-entraînement	sous-entraînement	50% validation 13	1
#66C2A5	-3.84233637737238	21	1	sous-entraînement	sous-entraînement	50% validation 99	1
#66C2A5	-3.63142952807174	21	1	sous-entraînement	sous-entraînement	50% validation 61	1
#66C2A5	-3.47346804089822	21	1	sous-entraînement	sous-entraînement	50% validation 14	1
#66C2A5	-3.31793635426	21	1	sous-entraînement	sous-entraînement	50% validation 2	1
#66C2A5	-3.04560711234206	21	1	sous-entraînement	sous-entraînement	50% validation 46	1
#66C2A5	-3.61955723446757	21	1	sous-entraînement	sous-entraînement	50% validation 75	1
#66C2A5	-3.49905944776893	21	1	sous-entraînement	sous-entraînement	50% validation 3	1
#66C2A5	-3.75375488973859	21	1	sous-entraînement	sous-entraînement	50% validation 47	1
#66C2A5	-3.56043649848612	21	1	sous-entraînement	sous-entraînement	50% validation 76	1
#66C2A5	-3.67900301460781	21	1	sous-entraînement	sous-entraînement	50% validation 97	1
#66C2A5	-3.31809480344737	21	1	sous-entraînement	sous-entraînement	50% validation 88	1
#66C2A5	-2.78503026380443	21	1	sous-entraînement	sous-entraînement	50% validation 62	1
#66C2A5	-3.73208921558365	21	1	sous-entraînement	sous-entraînement	50% validation 95	1
#66C2A5	-3.63739795231423	21	1	sous-entraînement	sous-entraînement	50% validation 48	1
#66C2A5	-2.6817301172501	21	1	sous-entraînement	sous-entraînement	50% validation 49	1
#66C2A5	-3.29630341854196	21	1	sous-entraînement	sous-entraînement	50% validation 15	1
#66C2A5	-2.88233095121902	21	1	sous-entraînement	sous-entraînement	50% validation 16	1
#66C2A5	-2.61675185790268	21	1	sous-entraînement	sous-entraînement	50% validation 17	1
#66C2A5	-2.71619670781859	21	1	sous-entraînement	sous-entraînement	50% validation 63	1
#66C2A5	-3.41714151432785	21	1	sous-entraînement	sous-entraînement	50% validation 64	1
#66C2A5	-3.50972639643125	21	1	sous-entraînement	sous-entraînement	50% validation 26	1
#66C2A5	-3.06735489265648	21	1	sous-entraînement	sous-entraînement	50% validation 65	1
#66C2A5	-3.83098036479686	21	1	sous-entraînement	sous-entraînement	50% validation 77	1
#66C2A5	-2.24538096123978	21	1	sous-entraînement	sous-entraînement	50% validation 50	1
#66C2A5	-3.44750129139284	21	1	sous-entraînement	sous-entraînement	50% validation 18	1
#66C2A5	-3.07993988489196	21	1	sous-entraînement	sous-entraînement	50% validation 96	1
#66C2A5	-3.00177402678607	21	1	sous-entraînement	sous-entraînement	50% validation 51	1
#66C2A5	-3.70842178415049	21	1	sous-entraînement	sous-entraînement	50% validation 52	1
#66C2A5	-3.13624869957559	21	1	sous-entraînement	sous-entraînement	50% validation 78	1
#66C2A5	-2.93161305495168	21	1	sous-entraînement	sous-entraînement	50% validation 53	1
#66C2A5	-2.96651759698086	21	1	sous-entraînement	sous-entraînement	50% validation 19	1
#66C2A5	-3.4787893250132	21	1	sous-entraînement	sous-entraînement	50% validation 73	1
#66C2A5	-3.4181884076475	21	1	sous-entraînement	sous-entraînement	50% validation 54	1
#66C2A5	-3.02786924513267	21	1	sous-entraînement	sous-entraînement	50% validation 4	1
#66C2A5	-3.66317050556384	21	1	sous-entraînement	sous-entraînement	50% validation 55	1
#66C2A5	-2.80780173428184	21	1	sous-entraînement	sous-entraînement	50% validation 5	1
#66C2A5	-2.39516636208139	21	1	sous-entraînement	sous-entraînement	50% validation 98	1
#66C2A5	-2.68243824872266	21	1	sous-entraînement	sous-entraînement	50% validation 66	1
#66C2A5	-3.11758254920846	21	1	sous-entraînement	sous-entraînement	50% validation 89	1
#66C2A5	-3.65674979075691	21	1	sous-entraînement	sous-entraînement	50% validation 79	1
#66C2A5	-3.17942098165157	21	1	sous-entraînement	sous-entraînement	50% validation 94	1
#66C2A5	-3.19486596325237	21	1	sous-entraînement	sous-entraînement	50% validation 80	1
#66C2A5	-3.72382666889585	21	1	sous-entraînement	sous-entraînement	50% validation 81	1
#66C2A5	-3.84838207129555	21	1	sous-entraînement	sous-entraînement	50% validation 20	1
#66C2A5	-3.85346314440762	21	1	sous-entraînement	sous-entraînement	50% validation 21	1
#66C2A5	-2.99454782789092	21	1	sous-entraînement	sous-entraînement	50% validation 56	1
#66C2A5	-3.62549230958905	21	1	sous-entraînement	sous-entraînement	50% validation 82	1
#66C2A5	-2.29041554850021	21	1	sous-entraînement	sous-entraînement	50% validation 67	1
#66C2A5	-2.6382961423859	21	1	sous-entraînement	sous-entraînement	50% validation 57	1
#66C2A5	-2.98142106231441	21	1	sous-entraînement	sous-entraînement	50% validation 27	1
#66C2A5	-3.73397637504689	21	1	sous-entraînement	sous-entraînement	50% validation 83	1
#66C2A5	-3.20730243021113	21	1	sous-entraînement	sous-entraînement	50% validation 58	1
#66C2A5	-3.61687788892521	21	1	sous-entraînement	sous-entraînement	50% validation 100	1
#66C2A5	-3.83211001845026	21	1	sous-entraînement	sous-entraînement	50% validation 68	1
#66C2A5	-2.76865015612332	21	1	sous-entraînement	sous-entraînement	50% validation 85	1
#66C2A5	-3.0206828486015	21	1	sous-entraînement	sous-entraînement	50% validation 90	1
#66C2A5	-3.05607467922086	21	1	sous-entraînement	sous-entraînement	50% validation 84	1
#66C2A5	-3.59275611506653	22	1	sous-entraînement	sous-entraînement	VC à 2 blocs 32	1
#66C2A5	-2.56391133890536	22	1	sous-entraînement	sous-entraînement	VC à 2 blocs 33	1
#66C2A5	-3.94861352242784	22	1	sous-entraînement	sous-entraînement	VC à 2 blocs 85	1
#66C2A5	-3.92531468764015	22	1	sous-entraînement	sous-entraînement	VC à 2 blocs 77	1
#66C2A5	-3.66061430209109	22	1	sous-entraînement	sous-entraînement	VC à 2 blocs 4	1
#66C2A5	-3.18005069552677	22	1	sous-entraînement	sous-entraînement	VC à 2 blocs 34	1
#66C2A5	-3.77501214559281	22	1	sous-entraînement	sous-entraînement	VC à 2 blocs 28	1
#66C2A5	-3.83142705047095	22	1	sous-entraînement	sous-entraînement	VC à 2 blocs 78	1
#66C2A5	-3.89625463256435	22	1	sous-entraînement	sous-entraînement	VC à 2 blocs 35	1
#66C2A5	-3.64304735035357	22	1	sous-entraînement	sous-entraînement	VC à 2 blocs 5	1
#66C2A5	-3.6423080706208	22	1	sous-entraînement	sous-entraînement	VC à 2 blocs 36	1
#66C2A5	-3.25174077007038	22	1	sous-entraînement	sous-entraînement	VC à 2 blocs 6	1
#66C2A5	-4.0395309923545	22	1	sous-entraînement	sous-entraînement	VC à 2 blocs 37	1
#66C2A5	-3.15852952767377	22	1	sous-entraînement	sous-entraînement	VC à 2 blocs 91	1
#66C2A5	-4.19777596962377	22	1	sous-entraînement	sous-entraînement	VC à 2 blocs 38	1
#66C2A5	-4.51016713160881	22	1	sous-entraînement	sous-entraînement	VC à 2 blocs 39	1
#66C2A5	-3.9268913585068	22	1	sous-entraînement	sous-entraînement	VC à 2 blocs 7	1
#66C2A5	-3.6558988091161	22	1	sous-entraînement	sous-entraînement	VC à 2 blocs 92	1
#66C2A5	-3.89758217793902	22	1	sous-entraînement	sous-entraînement	VC à 2 blocs 79	1
#66C2A5	-3.85513092673775	22	1	sous-entraînement	sous-entraînement	VC à 2 blocs 98	1
#66C2A5	-3.69462440343399	22	1	sous-entraînement	sous-entraînement	VC à 2 blocs 40	1
#66C2A5	-2.94977643518904	22	1	sous-entraînement	sous-entraînement	VC à 2 blocs 97	1
#66C2A5	-4.33974818568868	22	1	sous-entraînement	sous-entraînement	VC à 2 blocs 71	1
#66C2A5	-3.50480803966631	22	1	sous-entraînement	sous-entraînement	VC à 2 blocs 8	1
#66C2A5	-3.00855143418019	22	1	sous-entraînement	sous-entraînement	VC à 2 blocs 41	1
#66C2A5	-3.35478311498835	22	1	sous-entraînement	sous-entraînement	VC à 2 blocs 9	1
#66C2A5	-3.82977756246269	22	1	sous-entraînement	sous-entraînement	VC à 2 blocs 42	1
#66C2A5	-3.44976785852739	22	1	sous-entraînement	sous-entraînement	VC à 2 blocs 89	1
#66C2A5	-3.98168473456089	22	1	sous-entraînement	sous-entraînement	VC à 2 blocs 29	1
#66C2A5	-3.70673945725681	22	1	sous-entraînement	sous-entraînement	VC à 2 blocs 43	1
#66C2A5	-3.9340877899369	22	1	sous-entraînement	sous-entraînement	VC à 2 blocs 44	1
#66C2A5	-3.73915292101334	22	1	sous-entraînement	sous-entraînement	VC à 2 blocs 72	1
#66C2A5	-3.71263742359421	22	1	sous-entraînement	sous-entraînement	VC à 2 blocs 95	1
#66C2A5	-4.34929345881572	22	1	sous-entraînement	sous-entraînement	VC à 2 blocs 73	1
#66C2A5	-3.39624697459918	22	1	sous-entraînement	sous-entraînement	VC à 2 blocs 10	1
#66C2A5	-3.58289944221625	22	1	sous-entraînement	sous-entraînement	VC à 2 blocs 45	1
#66C2A5	-3.22021357768542	22	1	sous-entraînement	sous-entraînement	VC à 2 blocs 46	1
#66C2A5	-3.67488511772973	22	1	sous-entraînement	sous-entraînement	VC à 2 blocs 11	1
#66C2A5	-3.31760849014008	22	1	sous-entraînement	sous-entraînement	VC à 2 blocs 30	1
#66C2A5	-4.79871871495045	22	1	sous-entraînement	sous-entraînement	VC à 2 blocs 47	1
#66C2A5	-3.18393617447955	22	1	sous-entraînement	sous-entraînement	VC à 2 blocs 48	1
#66C2A5	-3.04725629675916	22	1	sous-entraînement	sous-entraînement	VC à 2 blocs 49	1
#66C2A5	-3.69888862083012	22	1	sous-entraînement	sous-entraînement	VC à 2 blocs 80	1
#66C2A5	-3.70504249172994	22	1	sous-entraînement	sous-entraînement	VC à 2 blocs 50	1
#66C2A5	-2.9191382326061	22	1	sous-entraînement	sous-entraînement	VC à 2 blocs 51	1
#66C2A5	-3.76018483318825	22	1	sous-entraînement	sous-entraînement	VC à 2 blocs 12	1
#66C2A5	-3.76519317082113	22	1	sous-entraînement	sous-entraînement	VC à 2 blocs 52	1
#66C2A5	-3.26120155331376	22	1	sous-entraînement	sous-entraînement	VC à 2 blocs 13	1
#66C2A5	-4.27110621079498	22	1	sous-entraînement	sous-entraînement	VC à 2 blocs 14	1
#66C2A5	-4.03953099237241	22	1	sous-entraînement	sous-entraînement	VC à 2 blocs 31	1
#66C2A5	-3.73538890436043	22	1	sous-entraînement	sous-entraînement	VC à 2 blocs 15	1
#66C2A5	-3.70734750344269	22	1	sous-entraînement	sous-entraînement	VC à 2 blocs 74	1
#66C2A5	-3.19926366297702	22	1	sous-entraînement	sous-entraînement	VC à 2 blocs 81	1
#66C2A5	-3.48721846633774	22	1	sous-entraînement	sous-entraînement	VC à 2 blocs 53	1
#66C2A5	-3.45904522426404	22	1	sous-entraînement	sous-entraînement	VC à 2 blocs 96	1
#66C2A5	-3.83789166459217	22	1	sous-entraînement	sous-entraînement	VC à 2 blocs 1	1
#66C2A5	-5.09527681679448	22	1	sous-entraînement	sous-entraînement	VC à 2 blocs 16	1
#66C2A5	-3.76968198388058	22	1	sous-entraînement	sous-entraînement	VC à 2 blocs 54	1
#66C2A5	-3.48139682171091	22	1	sous-entraînement	sous-entraînement	VC à 2 blocs 75	1
#66C2A5	-5.15268036978171	22	1	sous-entraînement	sous-entraînement	VC à 2 blocs 93	1
#66C2A5	-3.2873709328588	22	1	sous-entraînement	sous-entraînement	VC à 2 blocs 55	1
#66C2A5	-4.16338797513783	22	1	sous-entraînement	sous-entraînement	VC à 2 blocs 56	1
#66C2A5	-3.49247792789389	22	1	sous-entraînement	sous-entraînement	VC à 2 blocs 57	1
#66C2A5	-3.71626472955383	22	1	sous-entraînement	sous-entraînement	VC à 2 blocs 58	1
#66C2A5	-2.92022575242399	22	1	sous-entraînement	sous-entraînement	VC à 2 blocs 17	1
#66C2A5	-3.57644264717516	22	1	sous-entraînement	sous-entraînement	VC à 2 blocs 82	1
#66C2A5	-3.64986466775481	22	1	sous-entraînement	sous-entraînement	VC à 2 blocs 59	1
#66C2A5	-2.56677962224481	22	1	sous-entraînement	sous-entraînement	VC à 2 blocs 90	1
#66C2A5	-4.79871871508941	22	1	sous-entraînement	sous-entraînement	VC à 2 blocs 18	1
#66C2A5	-4.08290130394708	22	1	sous-entraînement	sous-entraînement	VC à 2 blocs 2	1
#66C2A5	-3.43964134261766	22	1	sous-entraînement	sous-entraînement	VC à 2 blocs 99	1
#66C2A5	-4.25528420170348	22	1	sous-entraînement	sous-entraînement	VC à 2 blocs 60	1
#66C2A5	-3.00300018855009	22	1	sous-entraînement	sous-entraînement	VC à 2 blocs 61	1
#66C2A5	-3.12774657609789	22	1	sous-entraînement	sous-entraînement	VC à 2 blocs 19	1
#66C2A5	-3.78436096061109	22	1	sous-entraînement	sous-entraînement	VC à 2 blocs 62	1
#66C2A5	-2.88894099393685	22	1	sous-entraînement	sous-entraînement	VC à 2 blocs 63	1
#66C2A5	-3.35695943213683	22	1	sous-entraînement	sous-entraînement	VC à 2 blocs 94	1
#66C2A5	-4.00042713292585	22	1	sous-entraînement	sous-entraînement	VC à 2 blocs 76	1
#66C2A5	-4.36290804934727	22	1	sous-entraînement	sous-entraînement	VC à 2 blocs 3	1
#66C2A5	-3.59016618187429	22	1	sous-entraînement	sous-entraînement	VC à 2 blocs 20	1
#66C2A5	-3.55023091689146	22	1	sous-entraînement	sous-entraînement	VC à 2 blocs 64	1
#66C2A5	-3.99262240520205	22	1	sous-entraînement	sous-entraînement	VC à 2 blocs 21	1
#66C2A5	-3.33909862447979	22	1	sous-entraînement	sous-entraînement	VC à 2 blocs 86	1
#66C2A5	-3.19881082528654	22	1	sous-entraînement	sous-entraînement	VC à 2 blocs 22	1
#66C2A5	-3.786370787416	22	1	sous-entraînement	sous-entraînement	VC à 2 blocs 65	1
#66C2A5	-2.92477682039768	22	1	sous-entraînement	sous-entraînement	VC à 2 blocs 23	1
#66C2A5	-5.09527681699788	22	1	sous-entraînement	sous-entraînement	VC à 2 blocs 87	1
#66C2A5	-3.69627025294954	22	1	sous-entraînement	sous-entraînement	VC à 2 blocs 24	1
#66C2A5	-3.5820442566271	22	1	sous-entraînement	sous-entraînement	VC à 2 blocs 83	1
#66C2A5	-4.27397914651164	22	1	sous-entraînement	sous-entraînement	VC à 2 blocs 66	1
#66C2A5	-3.93264402380306	22	1	sous-entraînement	sous-entraînement	VC à 2 blocs 67	1
#66C2A5	-3.56004170239112	22	1	sous-entraînement	sous-entraînement	VC à 2 blocs 84	1
#66C2A5	-4.18526657699262	22	1	sous-entraînement	sous-entraînement	VC à 2 blocs 25	1
#66C2A5	-4.04171632193759	22	1	sous-entraînement	sous-entraînement	VC à 2 blocs 68	1
#66C2A5	-3.78328700453877	22	1	sous-entraînement	sous-entraînement	VC à 2 blocs 69	1
#66C2A5	-2.78346669807777	22	1	sous-entraînement	sous-entraînement	VC à 2 blocs 26	1
#66C2A5	-3.47474643319133	22	1	sous-entraînement	sous-entraînement	VC à 2 blocs 100	1
#66C2A5	-4.25839100468314	22	1	sous-entraînement	sous-entraînement	VC à 2 blocs 88	1
#66C2A5	-3.4495049605906	22	1	sous-entraînement	sous-entraînement	VC à 2 blocs 70	1
#66C2A5	-4.0444204243523	22	1	sous-entraînement	sous-entraînement	VC à 2 blocs 27	1
#66C2A5	-3.46190156106372	22	1	sous-entraînement	sous-entraînement	50% validation 87	1
#66C2A5	-3.12674548922642	22	1	sous-entraînement	sous-entraînement	50% validation 6	1
#66C2A5	-3.63543190129193	22	1	sous-entraînement	sous-entraînement	50% validation 28	1
#66C2A5	-4.7382419139417	22	1	sous-entraînement	sous-entraînement	50% validation 22	1
#66C2A5	-4.49640941395314	22	1	sous-entraînement	sous-entraînement	50% validation 23	1
#66C2A5	-4.01983776211686	22	1	sous-entraînement	sous-entraînement	50% validation 69	1
#66C2A5	-3.04784308462735	22	1	sous-entraînement	sous-entraînement	50% validation 7	1
#66C2A5	-3.89897255703346	22	1	sous-entraînement	sous-entraînement	50% validation 91	1
#66C2A5	-4.03966361088055	22	1	sous-entraînement	sous-entraînement	50% validation 24	1
#66C2A5	-3.14387837292913	22	1	sous-entraînement	sous-entraînement	50% validation 70	1
#66C2A5	-3.72594416728583	22	1	sous-entraînement	sous-entraînement	50% validation 93	1
#66C2A5	-4.00477096993082	22	1	sous-entraînement	sous-entraînement	50% validation 71	1
#66C2A5	-3.44859879492255	22	1	sous-entraînement	sous-entraînement	50% validation 8	1
#66C2A5	-3.46556294794058	22	1	sous-entraînement	sous-entraînement	50% validation 25	1
#66C2A5	-3.82323921432969	22	1	sous-entraînement	sous-entraînement	50% validation 29	1
#66C2A5	-2.82300138099697	22	1	sous-entraînement	sous-entraînement	50% validation 30	1
#66C2A5	-3.15869722302207	22	1	sous-entraînement	sous-entraînement	50% validation 9	1
#66C2A5	-2.83495294251062	22	1	sous-entraînement	sous-entraînement	50% validation 10	1
#66C2A5	-3.17138136034467	22	1	sous-entraînement	sous-entraînement	50% validation 31	1
#66C2A5	-3.5686628854672	22	1	sous-entraînement	sous-entraînement	50% validation 32	1
#66C2A5	-3.82977756247225	22	1	sous-entraînement	sous-entraînement	50% validation 1	1
#66C2A5	-3.85513092674602	22	1	sous-entraînement	sous-entraînement	50% validation 74	1
#66C2A5	-4.08912749814838	22	1	sous-entraînement	sous-entraînement	50% validation 33	1
#66C2A5	-2.92760157775178	22	1	sous-entraînement	sous-entraînement	50% validation 11	1
#66C2A5	-3.10333478813959	22	1	sous-entraînement	sous-entraînement	50% validation 72	1
#66C2A5	-4.35349132856772	22	1	sous-entraînement	sous-entraînement	50% validation 12	1
#66C2A5	-4.27432871499704	22	1	sous-entraînement	sous-entraînement	50% validation 34	1
#66C2A5	-3.09712937813743	22	1	sous-entraînement	sous-entraînement	50% validation 86	1
#66C2A5	-4.2522649117761	22	1	sous-entraînement	sous-entraînement	50% validation 35	1
#66C2A5	-3.88950984441677	22	1	sous-entraînement	sous-entraînement	50% validation 36	1
#66C2A5	-2.96726800779659	22	1	sous-entraînement	sous-entraînement	50% validation 37	1
#66C2A5	-3.86892109601234	22	1	sous-entraînement	sous-entraînement	50% validation 38	1
#66C2A5	-2.81492157003619	22	1	sous-entraînement	sous-entraînement	50% validation 59	1
#66C2A5	-3.20571394437897	22	1	sous-entraînement	sous-entraînement	50% validation 60	1
#66C2A5	-3.1548760326606	22	1	sous-entraînement	sous-entraînement	50% validation 39	1
#66C2A5	-3.43964134262169	22	1	sous-entraînement	sous-entraînement	50% validation 40	1
#66C2A5	-3.99514204021687	22	1	sous-entraînement	sous-entraînement	50% validation 41	1
#66C2A5	-4.25226491176305	22	1	sous-entraînement	sous-entraînement	50% validation 92	1
#66C2A5	-4.81561850750011	22	1	sous-entraînement	sous-entraînement	50% validation 42	1
#66C2A5	-3.69888862084434	22	1	sous-entraînement	sous-entraînement	50% validation 43	1
#66C2A5	-3.85499774560411	22	1	sous-entraînement	sous-entraînement	50% validation 44	1
#66C2A5	-3.72166507377157	22	1	sous-entraînement	sous-entraînement	50% validation 45	1
#66C2A5	-3.65515586889352	22	1	sous-entraînement	sous-entraînement	50% validation 13	1
#66C2A5	-4.34344413494071	22	1	sous-entraînement	sous-entraînement	50% validation 99	1
#66C2A5	-3.86892109601896	22	1	sous-entraînement	sous-entraînement	50% validation 61	1
#66C2A5	-3.67478522361571	22	1	sous-entraînement	sous-entraînement	50% validation 14	1
#66C2A5	-3.53896012207365	22	1	sous-entraînement	sous-entraînement	50% validation 2	1
#66C2A5	-3.47759053441024	22	1	sous-entraînement	sous-entraînement	50% validation 46	1
#66C2A5	-3.96647061882121	22	1	sous-entraînement	sous-entraînement	50% validation 75	1
#66C2A5	-3.66056313780406	22	1	sous-entraînement	sous-entraînement	50% validation 3	1
#66C2A5	-3.995142040215	22	1	sous-entraînement	sous-entraînement	50% validation 47	1
#66C2A5	-3.82260626521657	22	1	sous-entraînement	sous-entraînement	50% validation 76	1
#66C2A5	-3.93635745767173	22	1	sous-entraînement	sous-entraînement	50% validation 97	1
#66C2A5	-3.52832934326794	22	1	sous-entraînement	sous-entraînement	50% validation 88	1
#66C2A5	-3.0837600651787	22	1	sous-entraînement	sous-entraînement	50% validation 62	1
#66C2A5	-4.27397914649907	22	1	sous-entraînement	sous-entraînement	50% validation 95	1
#66C2A5	-3.86379946888331	22	1	sous-entraînement	sous-entraînement	50% validation 48	1
#66C2A5	-3.05638794622296	22	1	sous-entraînement	sous-entraînement	50% validation 49	1
#66C2A5	-3.50354625578278	22	1	sous-entraînement	sous-entraînement	50% validation 15	1
#66C2A5	-3.15556744120578	22	1	sous-entraînement	sous-entraînement	50% validation 16	1
#66C2A5	-3.18988177566533	22	1	sous-entraînement	sous-entraînement	50% validation 17	1
#66C2A5	-3.57644264717945	22	1	sous-entraînement	sous-entraînement	50% validation 63	1
#66C2A5	-3.78534279992383	22	1	sous-entraînement	sous-entraînement	50% validation 64	1
#66C2A5	-4.04357316650341	22	1	sous-entraînement	sous-entraînement	50% validation 26	1
#66C2A5	-3.88282831071483	22	1	sous-entraînement	sous-entraînement	50% validation 65	1
#66C2A5	-4.26800909830956	22	1	sous-entraînement	sous-entraînement	50% validation 77	1
#66C2A5	-2.66209134342856	22	1	sous-entraînement	sous-entraînement	50% validation 50	1
#66C2A5	-3.63420318845558	22	1	sous-entraînement	sous-entraînement	50% validation 18	1
#66C2A5	-3.5775077189811	22	1	sous-entraînement	sous-entraînement	50% validation 96	1
#66C2A5	-3.43964134262337	22	1	sous-entraînement	sous-entraînement	50% validation 51	1
#66C2A5	-4.04908954067595	22	1	sous-entraînement	sous-entraînement	50% validation 52	1
#66C2A5	-3.75609733697434	22	1	sous-entraînement	sous-entraînement	50% validation 78	1
#66C2A5	-3.21953614400623	22	1	sous-entraînement	sous-entraînement	50% validation 53	1
#66C2A5	-3.28002762045156	22	1	sous-entraînement	sous-entraînement	50% validation 19	1
#66C2A5	-3.94010127943369	22	1	sous-entraînement	sous-entraînement	50% validation 73	1
#66C2A5	-3.60262163453826	22	1	sous-entraînement	sous-entraînement	50% validation 54	1
#66C2A5	-3.43120477712247	22	1	sous-entraînement	sous-entraînement	50% validation 4	1
#66C2A5	-3.92531468764028	22	1	sous-entraînement	sous-entraînement	50% validation 55	1
#66C2A5	-3.03426661729744	22	1	sous-entraînement	sous-entraînement	50% validation 5	1
#66C2A5	-2.55838803500448	22	1	sous-entraînement	sous-entraînement	50% validation 98	1
#66C2A5	-2.83406545426273	22	1	sous-entraînement	sous-entraînement	50% validation 66	1
#66C2A5	-3.69515327279392	22	1	sous-entraînement	sous-entraînement	50% validation 89	1
#66C2A5	-4.05395131100383	22	1	sous-entraînement	sous-entraînement	50% validation 79	1
#66C2A5	-3.84767304986613	22	1	sous-entraînement	sous-entraînement	50% validation 94	1
#66C2A5	-3.60776933754537	22	1	sous-entraînement	sous-entraînement	50% validation 80	1
#66C2A5	-4.0435731665174	22	1	sous-entraînement	sous-entraînement	50% validation 81	1
#66C2A5	-4.36290804928187	22	1	sous-entraînement	sous-entraînement	50% validation 20	1
#66C2A5	-5.09527681692442	22	1	sous-entraînement	sous-entraînement	50% validation 21	1
#66C2A5	-3.33700978458995	22	1	sous-entraînement	sous-entraînement	50% validation 56	1
#66C2A5	-3.95011145898003	22	1	sous-entraînement	sous-entraînement	50% validation 82	1
#66C2A5	-2.90519055444551	22	1	sous-entraînement	sous-entraînement	50% validation 67	1
#66C2A5	-3.05065349762766	22	1	sous-entraînement	sous-entraînement	50% validation 57	1
#66C2A5	-3.31128121318386	22	1	sous-entraînement	sous-entraînement	50% validation 27	1
#66C2A5	-4.04151168104757	22	1	sous-entraînement	sous-entraînement	50% validation 83	1
#66C2A5	-3.4412132106503	22	1	sous-entraînement	sous-entraînement	50% validation 58	1
#66C2A5	-3.86892109603841	22	1	sous-entraînement	sous-entraînement	50% validation 100	1
#66C2A5	-4.27110621077664	22	1	sous-entraînement	sous-entraînement	50% validation 68	1
#66C2A5	-3.05175906134587	22	1	sous-entraînement	sous-entraînement	50% validation 85	1
#66C2A5	-3.86134901183865	22	1	sous-entraînement	sous-entraînement	50% validation 90	1
#66C2A5	-3.58347887711804	22	1	sous-entraînement	sous-entraînement	50% validation 84	1
#66C2A5	-3.8041201995945	23	1	sous-entraînement	sous-entraînement	VC à 2 blocs 32	1
#66C2A5	-2.79799350407279	23	1	sous-entraînement	sous-entraînement	VC à 2 blocs 33	1
#66C2A5	-4.84955297698988	23	1	sous-entraînement	sous-entraînement	VC à 2 blocs 85	1
#66C2A5	-4.36059394818334	23	1	sous-entraînement	sous-entraînement	VC à 2 blocs 77	1
#66C2A5	-3.90364786589958	23	1	sous-entraînement	sous-entraînement	VC à 2 blocs 4	1
#66C2A5	-4.00187210105767	23	1	sous-entraînement	sous-entraînement	VC à 2 blocs 34	1
#66C2A5	-5.40901986092586	23	1	sous-entraînement	sous-entraînement	VC à 2 blocs 28	1
#66C2A5	-4.26923207668989	23	1	sous-entraînement	sous-entraînement	VC à 2 blocs 78	1
#66C2A5	-4.28558031633354	23	1	sous-entraînement	sous-entraînement	VC à 2 blocs 35	1
#66C2A5	-4.02052797199968	23	1	sous-entraînement	sous-entraînement	VC à 2 blocs 5	1
#66C2A5	-4.0187668952708	23	1	sous-entraînement	sous-entraînement	VC à 2 blocs 36	1
#66C2A5	-3.68866393344552	23	1	sous-entraînement	sous-entraînement	VC à 2 blocs 6	1
#66C2A5	-4.79243516603553	23	1	sous-entraînement	sous-entraînement	VC à 2 blocs 37	1
#66C2A5	-3.89674698978993	23	1	sous-entraînement	sous-entraînement	VC à 2 blocs 91	1
#66C2A5	-4.86162291687952	23	1	sous-entraînement	sous-entraînement	VC à 2 blocs 38	1
#66C2A5	-5.27736095455498	23	1	sous-entraînement	sous-entraînement	VC à 2 blocs 39	1
#66C2A5	-4.36490303225214	23	1	sous-entraînement	sous-entraînement	VC à 2 blocs 7	1
#66C2A5	-4.04998414243159	23	1	sous-entraînement	sous-entraînement	VC à 2 blocs 92	1
#66C2A5	-4.28884124198222	23	1	sous-entraînement	sous-entraînement	VC à 2 blocs 79	1
#66C2A5	-4.38537643156103	23	1	sous-entraînement	sous-entraînement	VC à 2 blocs 98	1
#66C2A5	-4.11173278783367	23	1	sous-entraînement	sous-entraînement	VC à 2 blocs 40	1
#66C2A5	-3.82948007250464	23	1	sous-entraînement	sous-entraînement	VC à 2 blocs 97	1
#66C2A5	-5.20243444485481	23	1	sous-entraînement	sous-entraînement	VC à 2 blocs 71	1
#66C2A5	-3.82748558229801	23	1	sous-entraînement	sous-entraînement	VC à 2 blocs 8	1
#66C2A5	-3.38387769412716	23	1	sous-entraînement	sous-entraînement	VC à 2 blocs 41	1
#66C2A5	-3.85843221363924	23	1	sous-entraînement	sous-entraînement	VC à 2 blocs 9	1
#66C2A5	-4.38086042326779	23	1	sous-entraînement	sous-entraînement	VC à 2 blocs 42	1
#66C2A5	-3.86571892778798	23	1	sous-entraînement	sous-entraînement	VC à 2 blocs 89	1
#66C2A5	-5.23012537134804	23	1	sous-entraînement	sous-entraînement	VC à 2 blocs 29	1
#66C2A5	-3.98789513269025	23	1	sous-entraînement	sous-entraînement	VC à 2 blocs 43	1
#66C2A5	-4.38492506532987	23	1	sous-entraînement	sous-entraînement	VC à 2 blocs 44	1
#66C2A5	-4.05208633778439	23	1	sous-entraînement	sous-entraînement	VC à 2 blocs 72	1
#66C2A5	-4.02052797199061	23	1	sous-entraînement	sous-entraînement	VC à 2 blocs 95	1
#66C2A5	-5.27736095426732	23	1	sous-entraînement	sous-entraînement	VC à 2 blocs 73	1
#66C2A5	-3.86571892779417	23	1	sous-entraînement	sous-entraînement	VC à 2 blocs 10	1
#66C2A5	-5.5368538832027	23	1	sous-entraînement	sous-entraînement	VC à 2 blocs 45	1
#66C2A5	-4.38492506529514	23	1	sous-entraînement	sous-entraînement	VC à 2 blocs 46	1
#66C2A5	-4.10070978129985	23	1	sous-entraînement	sous-entraînement	VC à 2 blocs 11	1
#66C2A5	-3.65188722730145	23	1	sous-entraînement	sous-entraînement	VC à 2 blocs 30	1
#66C2A5	-5.40901986020634	23	1	sous-entraînement	sous-entraînement	VC à 2 blocs 47	1
#66C2A5	-3.6834553410907	23	1	sous-entraînement	sous-entraînement	VC à 2 blocs 48	1
#66C2A5	-3.19074879157303	23	1	sous-entraînement	sous-entraînement	VC à 2 blocs 49	1
#66C2A5	-3.94068944772024	23	1	sous-entraînement	sous-entraînement	VC à 2 blocs 80	1
#66C2A5	-4.18627715564243	23	1	sous-entraînement	sous-entraînement	VC à 2 blocs 50	1
#66C2A5	-3.63799982257256	23	1	sous-entraînement	sous-entraînement	VC à 2 blocs 51	1
#66C2A5	-4.38086042333711	23	1	sous-entraînement	sous-entraînement	VC à 2 blocs 12	1
#66C2A5	-4.40216516394819	23	1	sous-entraînement	sous-entraînement	VC à 2 blocs 52	1
#66C2A5	-3.99755701908011	23	1	sous-entraînement	sous-entraînement	VC à 2 blocs 13	1
#66C2A5	-5.40901986076511	23	1	sous-entraînement	sous-entraînement	VC à 2 blocs 14	1
#66C2A5	-4.79243516613695	23	1	sous-entraînement	sous-entraînement	VC à 2 blocs 31	1
#66C2A5	-4.28558031629655	23	1	sous-entraînement	sous-entraînement	VC à 2 blocs 15	1
#66C2A5	-4.00984639014651	23	1	sous-entraînement	sous-entraînement	VC à 2 blocs 74	1
#66C2A5	-3.76046802107465	23	1	sous-entraînement	sous-entraînement	VC à 2 blocs 81	1
#66C2A5	-3.8733571409743	23	1	sous-entraînement	sous-entraînement	VC à 2 blocs 53	1
#66C2A5	-4.04998414240975	23	1	sous-entraînement	sous-entraînement	VC à 2 blocs 96	1
#66C2A5	-4.88121692320444	23	1	sous-entraînement	sous-entraînement	VC à 2 blocs 1	1
#66C2A5	-5.40901986006568	23	1	sous-entraînement	sous-entraînement	VC à 2 blocs 16	1
#66C2A5	-4.11735382629044	23	1	sous-entraînement	sous-entraînement	VC à 2 blocs 54	1
#66C2A5	-3.97623775399217	23	1	sous-entraînement	sous-entraînement	VC à 2 blocs 75	1
#66C2A5	-5.53685388224626	23	1	sous-entraînement	sous-entraînement	VC à 2 blocs 93	1
#66C2A5	-3.58904763580407	23	1	sous-entraînement	sous-entraînement	VC à 2 blocs 55	1
#66C2A5	-5.27736095451617	23	1	sous-entraînement	sous-entraînement	VC à 2 blocs 56	1
#66C2A5	-4.29399537852291	23	1	sous-entraînement	sous-entraînement	VC à 2 blocs 57	1
#66C2A5	-4.17071984163906	23	1	sous-entraînement	sous-entraînement	VC à 2 blocs 58	1
#66C2A5	-3.24481585457733	23	1	sous-entraînement	sous-entraînement	VC à 2 blocs 17	1
#66C2A5	-3.87585973358246	23	1	sous-entraînement	sous-entraînement	VC à 2 blocs 82	1
#66C2A5	-3.85843221363988	23	1	sous-entraînement	sous-entraînement	VC à 2 blocs 59	1
#66C2A5	-2.92931083178016	23	1	sous-entraînement	sous-entraînement	VC à 2 blocs 90	1
#66C2A5	-5.40901986077284	23	1	sous-entraînement	sous-entraînement	VC à 2 blocs 18	1
#66C2A5	-4.36490303226234	23	1	sous-entraînement	sous-entraînement	VC à 2 blocs 2	1
#66C2A5	-3.76557704014943	23	1	sous-entraînement	sous-entraînement	VC à 2 blocs 99	1
#66C2A5	-5.23012537151032	23	1	sous-entraînement	sous-entraînement	VC à 2 blocs 60	1
#66C2A5	-3.77262857749606	23	1	sous-entraînement	sous-entraînement	VC à 2 blocs 61	1
#66C2A5	-3.58871517973637	23	1	sous-entraînement	sous-entraînement	VC à 2 blocs 19	1
#66C2A5	-4.0499841424036	23	1	sous-entraînement	sous-entraînement	VC à 2 blocs 62	1
#66C2A5	-3.49909619779372	23	1	sous-entraînement	sous-entraînement	VC à 2 blocs 63	1
#66C2A5	-3.90364786587332	23	1	sous-entraînement	sous-entraînement	VC à 2 blocs 94	1
#66C2A5	-5.20243444536728	23	1	sous-entraînement	sous-entraînement	VC à 2 blocs 76	1
#66C2A5	-5.40901986088104	23	1	sous-entraînement	sous-entraînement	VC à 2 blocs 3	1
#66C2A5	-3.9036478658653	23	1	sous-entraînement	sous-entraînement	VC à 2 blocs 20	1
#66C2A5	-3.80412019958021	23	1	sous-entraînement	sous-entraînement	VC à 2 blocs 64	1
#66C2A5	-5.48246539159805	23	1	sous-entraînement	sous-entraînement	VC à 2 blocs 21	1
#66C2A5	-3.843769824577	23	1	sous-entraînement	sous-entraînement	VC à 2 blocs 86	1
#66C2A5	-4.11173278783293	23	1	sous-entraînement	sous-entraînement	VC à 2 blocs 22	1
#66C2A5	-4.18627715564669	23	1	sous-entraînement	sous-entraînement	VC à 2 blocs 65	1
#66C2A5	-4.28558031630481	23	1	sous-entraînement	sous-entraînement	VC à 2 blocs 23	1
#66C2A5	-5.40901986048457	23	1	sous-entraînement	sous-entraînement	VC à 2 blocs 87	1
#66C2A5	-3.98789513269353	23	1	sous-entraînement	sous-entraînement	VC à 2 blocs 24	1
#66C2A5	-4.11173278784084	23	1	sous-entraînement	sous-entraînement	VC à 2 blocs 83	1
#66C2A5	-4.86162291691787	23	1	sous-entraînement	sous-entraînement	VC à 2 blocs 66	1
#66C2A5	-4.38086042330763	23	1	sous-entraînement	sous-entraînement	VC à 2 blocs 67	1
#66C2A5	-3.84376982456341	23	1	sous-entraînement	sous-entraînement	VC à 2 blocs 84	1
#66C2A5	-5.7195247079496	23	1	sous-entraînement	sous-entraînement	VC à 2 blocs 25	1
#66C2A5	-4.38537643159944	23	1	sous-entraînement	sous-entraînement	VC à 2 blocs 68	1
#66C2A5	-4.10070978126933	23	1	sous-entraînement	sous-entraînement	VC à 2 blocs 69	1
#66C2A5	-3.50529191968906	23	1	sous-entraînement	sous-entraînement	VC à 2 blocs 26	1
#66C2A5	-3.76653529860863	23	1	sous-entraînement	sous-entraînement	VC à 2 blocs 100	1
#66C2A5	-4.79243516614256	23	1	sous-entraînement	sous-entraînement	VC à 2 blocs 88	1
#66C2A5	-3.65146859891106	23	1	sous-entraînement	sous-entraînement	VC à 2 blocs 70	1
#66C2A5	-4.39136499618158	23	1	sous-entraînement	sous-entraînement	VC à 2 blocs 27	1
#66C2A5	-3.89807604339585	23	1	sous-entraînement	sous-entraînement	50% validation 87	1
#66C2A5	-3.58582784893423	23	1	sous-entraînement	sous-entraînement	50% validation 6	1
#66C2A5	-3.87585973356756	23	1	sous-entraînement	sous-entraînement	50% validation 28	1
#66C2A5	-5.20243444520542	23	1	sous-entraînement	sous-entraînement	50% validation 22	1
#66C2A5	-5.20243444513278	23	1	sous-entraînement	sous-entraînement	50% validation 23	1
#66C2A5	-5.71952470730188	23	1	sous-entraînement	sous-entraînement	50% validation 69	1
#66C2A5	-3.17290476452258	23	1	sous-entraînement	sous-entraînement	50% validation 7	1
#66C2A5	-4.38948376178462	23	1	sous-entraînement	sous-entraînement	50% validation 91	1
#66C2A5	-4.3808604233111	23	1	sous-entraînement	sous-entraînement	50% validation 24	1
#66C2A5	-3.59040944001042	23	1	sous-entraînement	sous-entraînement	50% validation 70	1
#66C2A5	-4.04800645534286	23	1	sous-entraînement	sous-entraînement	50% validation 93	1
#66C2A5	-5.27736095501613	23	1	sous-entraînement	sous-entraînement	50% validation 71	1
#66C2A5	-4.38492506529455	23	1	sous-entraînement	sous-entraînement	50% validation 8	1
#66C2A5	-3.85843221364339	23	1	sous-entraînement	sous-entraînement	50% validation 25	1
#66C2A5	-4.28558031633651	23	1	sous-entraînement	sous-entraînement	50% validation 29	1
#66C2A5	-3.0601854651493	23	1	sous-entraînement	sous-entraînement	50% validation 30	1
#66C2A5	-3.85843221364511	23	1	sous-entraînement	sous-entraînement	50% validation 9	1
#66C2A5	-3.1325514938227	23	1	sous-entraînement	sous-entraînement	50% validation 10	1
#66C2A5	-4.20996943102235	23	1	sous-entraînement	sous-entraînement	50% validation 31	1
#66C2A5	-3.86049329600594	23	1	sous-entraînement	sous-entraînement	50% validation 32	1
#66C2A5	-4.38086042330176	23	1	sous-entraînement	sous-entraînement	50% validation 1	1
#66C2A5	-4.38537643158936	23	1	sous-entraînement	sous-entraînement	50% validation 74	1
#66C2A5	-5.20243444515883	23	1	sous-entraînement	sous-entraînement	50% validation 33	1
#66C2A5	-3.68424835054543	23	1	sous-entraînement	sous-entraînement	50% validation 11	1
#66C2A5	-3.65577697191718	23	1	sous-entraînement	sous-entraînement	50% validation 72	1
#66C2A5	-5.277360954184	23	1	sous-entraînement	sous-entraînement	50% validation 12	1
#66C2A5	-4.84955297687032	23	1	sous-entraînement	sous-entraînement	50% validation 34	1
#66C2A5	-3.22179293725247	23	1	sous-entraînement	sous-entraînement	50% validation 86	1
#66C2A5	-5.20243444541831	23	1	sous-entraînement	sous-entraînement	50% validation 35	1
#66C2A5	-4.26923207672484	23	1	sous-entraînement	sous-entraînement	50% validation 36	1
#66C2A5	-4.10070978127686	23	1	sous-entraînement	sous-entraînement	50% validation 37	1
#66C2A5	-4.38086042326598	23	1	sous-entraînement	sous-entraînement	50% validation 38	1
#66C2A5	-3.25425723977939	23	1	sous-entraînement	sous-entraînement	50% validation 59	1
#66C2A5	-4.20996943100559	23	1	sous-entraînement	sous-entraînement	50% validation 60	1
#66C2A5	-4.17071984166491	23	1	sous-entraînement	sous-entraînement	50% validation 39	1
#66C2A5	-3.76557704015799	23	1	sous-entraînement	sous-entraînement	50% validation 40	1
#66C2A5	-4.28855094801248	23	1	sous-entraînement	sous-entraînement	50% validation 41	1
#66C2A5	-5.20243444529428	23	1	sous-entraînement	sous-entraînement	50% validation 92	1
#66C2A5	-5.48246539261947	23	1	sous-entraînement	sous-entraînement	50% validation 42	1
#66C2A5	-3.94068944774464	23	1	sous-entraînement	sous-entraînement	50% validation 43	1
#66C2A5	-4.38492506529104	23	1	sous-entraînement	sous-entraînement	50% validation 44	1
#66C2A5	-4.18627715563438	23	1	sous-entraînement	sous-entraînement	50% validation 45	1
#66C2A5	-4.04998414239873	23	1	sous-entraînement	sous-entraînement	50% validation 13	1
#66C2A5	-5.23012537181747	23	1	sous-entraînement	sous-entraînement	50% validation 99	1
#66C2A5	-4.38086042328865	23	1	sous-entraînement	sous-entraînement	50% validation 61	1
#66C2A5	-3.94679569639754	23	1	sous-entraînement	sous-entraînement	50% validation 14	1
#66C2A5	-3.80412019958308	23	1	sous-entraînement	sous-entraînement	50% validation 2	1
#66C2A5	-3.94232304218517	23	1	sous-entraînement	sous-entraînement	50% validation 46	1
#66C2A5	-4.84167138685142	23	1	sous-entraînement	sous-entraînement	50% validation 75	1
#66C2A5	-3.90355833327704	23	1	sous-entraînement	sous-entraînement	50% validation 3	1
#66C2A5	-4.28855094800972	23	1	sous-entraînement	sous-entraînement	50% validation 47	1
#66C2A5	-4.12333005750341	23	1	sous-entraînement	sous-entraînement	50% validation 76	1
#66C2A5	-4.3913649962103	23	1	sous-entraînement	sous-entraînement	50% validation 97	1
#66C2A5	-3.78474143964933	23	1	sous-entraînement	sous-entraînement	50% validation 88	1
#66C2A5	-3.71659000467507	23	1	sous-entraînement	sous-entraînement	50% validation 62	1
#66C2A5	-4.86162291686922	23	1	sous-entraînement	sous-entraînement	50% validation 95	1
#66C2A5	-4.20996943100425	23	1	sous-entraînement	sous-entraînement	50% validation 48	1
#66C2A5	-3.49867888891673	23	1	sous-entraînement	sous-entraînement	50% validation 49	1
#66C2A5	-3.74099323196284	23	1	sous-entraînement	sous-entraînement	50% validation 15	1
#66C2A5	-3.86049329599193	23	1	sous-entraînement	sous-entraînement	50% validation 16	1
#66C2A5	-4.10517643274147	23	1	sous-entraînement	sous-entraînement	50% validation 17	1
#66C2A5	-3.875859733591	23	1	sous-entraînement	sous-entraînement	50% validation 63	1
#66C2A5	-4.18370012761457	23	1	sous-entraînement	sous-entraînement	50% validation 64	1
#66C2A5	-4.38948376177384	23	1	sous-entraînement	sous-entraînement	50% validation 26	1
#66C2A5	-5.20243444551137	23	1	sous-entraînement	sous-entraînement	50% validation 65	1
#66C2A5	-5.36829151263561	23	1	sous-entraînement	sous-entraînement	50% validation 77	1
#66C2A5	-3.7910587184694	23	1	sous-entraînement	sous-entraînement	50% validation 50	1
#66C2A5	-3.85843221363902	23	1	sous-entraînement	sous-entraînement	50% validation 18	1
#66C2A5	-3.99755701907981	23	1	sous-entraînement	sous-entraînement	50% validation 96	1
#66C2A5	-3.76557704016153	23	1	sous-entraînement	sous-entraînement	50% validation 51	1
#66C2A5	-4.84955297681598	23	1	sous-entraînement	sous-entraînement	50% validation 52	1
#66C2A5	-4.1139152902117	23	1	sous-entraînement	sous-entraînement	50% validation 78	1
#66C2A5	-4.29399537853721	23	1	sous-entraînement	sous-entraînement	50% validation 53	1
#66C2A5	-4.11173278788784	23	1	sous-entraînement	sous-entraînement	50% validation 19	1
#66C2A5	-4.28884124201251	23	1	sous-entraînement	sous-entraînement	50% validation 73	1
#66C2A5	-3.84376982458613	23	1	sous-entraînement	sous-entraînement	50% validation 54	1
#66C2A5	-4.00187210103724	23	1	sous-entraînement	sous-entraînement	50% validation 4	1
#66C2A5	-4.36059394818368	23	1	sous-entraînement	sous-entraînement	50% validation 55	1
#66C2A5	-3.44758449847074	23	1	sous-entraînement	sous-entraînement	50% validation 5	1
#66C2A5	-2.89349496475977	23	1	sous-entraînement	sous-entraînement	50% validation 98	1
#66C2A5	-3.05760021069869	23	1	sous-entraînement	sous-entraînement	50% validation 66	1
#66C2A5	-4.02052797198271	23	1	sous-entraînement	sous-entraînement	50% validation 89	1
#66C2A5	-4.88121692338204	23	1	sous-entraînement	sous-entraînement	50% validation 79	1
#66C2A5	-4.36059394815368	23	1	sous-entraînement	sous-entraînement	50% validation 94	1
#66C2A5	-3.9406894477264	23	1	sous-entraînement	sous-entraînement	50% validation 80	1
#66C2A5	-4.38948376180487	23	1	sous-entraînement	sous-entraînement	50% validation 81	1
#66C2A5	-5.40901986015379	23	1	sous-entraînement	sous-entraînement	50% validation 20	1
#66C2A5	-5.40901986033328	23	1	sous-entraînement	sous-entraînement	50% validation 21	1
#66C2A5	-3.8041201995768	23	1	sous-entraînement	sous-entraînement	50% validation 56	1
#66C2A5	-4.86162291704085	23	1	sous-entraînement	sous-entraînement	50% validation 82	1
#66C2A5	-4.38492506533499	23	1	sous-entraînement	sous-entraînement	50% validation 67	1
#66C2A5	-3.48298316011659	23	1	sous-entraînement	sous-entraînement	50% validation 57	1
#66C2A5	-3.7604680210725	23	1	sous-entraînement	sous-entraînement	50% validation 27	1
#66C2A5	-4.38492506528198	23	1	sous-entraînement	sous-entraînement	50% validation 83	1
#66C2A5	-3.84376982456894	23	1	sous-entraînement	sous-entraînement	50% validation 58	1
#66C2A5	-4.38086042335072	23	1	sous-entraînement	sous-entraînement	50% validation 100	1
#66C2A5	-5.40901986051316	23	1	sous-entraînement	sous-entraînement	50% validation 68	1
#66C2A5	-3.49442952668026	23	1	sous-entraînement	sous-entraînement	50% validation 85	1
#66C2A5	-5.23012537182157	23	1	sous-entraînement	sous-entraînement	50% validation 90	1
#66C2A5	-3.88999460997065	23	1	sous-entraînement	sous-entraînement	50% validation 84	1
#66C2A5	-4.19814761258951	24	1	sous-entraînement	sous-entraînement	VC à 2 blocs 32	1
#66C2A5	-3.25100116679061	24	1	sous-entraînement	sous-entraînement	VC à 2 blocs 33	1
#66C2A5	-5.66889590450786	24	1	sous-entraînement	sous-entraînement	VC à 2 blocs 85	1
#66C2A5	-5.38395535247613	24	1	sous-entraînement	sous-entraînement	VC à 2 blocs 77	1
#66C2A5	-4.30392925255311	24	1	sous-entraînement	sous-entraînement	VC à 2 blocs 4	1
#66C2A5	-5.93961851356731	24	1	sous-entraînement	sous-entraînement	VC à 2 blocs 34	1
#66C2A5	-5.75551574087477	24	1	sous-entraînement	sous-entraînement	VC à 2 blocs 28	1
#66C2A5	-5.38395535228864	24	1	sous-entraînement	sous-entraînement	VC à 2 blocs 78	1
#66C2A5	-5.6688959041395	24	1	sous-entraînement	sous-entraînement	VC à 2 blocs 35	1
#66C2A5	-5.75551573974889	24	1	sous-entraînement	sous-entraînement	VC à 2 blocs 5	1
#66C2A5	-5.66889590374584	24	1	sous-entraînement	sous-entraînement	VC à 2 blocs 36	1
#66C2A5	-4.00691355946925	24	1	sous-entraînement	sous-entraînement	VC à 2 blocs 6	1
#66C2A5	-5.38395535224141	24	1	sous-entraînement	sous-entraînement	VC à 2 blocs 37	1
#66C2A5	-5.66889590242143	24	1	sous-entraînement	sous-entraînement	VC à 2 blocs 91	1
#66C2A5	-5.75551573947428	24	1	sous-entraînement	sous-entraînement	VC à 2 blocs 38	1
#66C2A5	-5.93961851274127	24	1	sous-entraînement	sous-entraînement	VC à 2 blocs 39	1
#66C2A5	-5.38395535256586	24	1	sous-entraînement	sous-entraînement	VC à 2 blocs 7	1
#66C2A5	-4.40383163003736	24	1	sous-entraînement	sous-entraînement	VC à 2 blocs 92	1
#66C2A5	-5.75551573927519	24	1	sous-entraînement	sous-entraînement	VC à 2 blocs 79	1
#66C2A5	-5.66889590356025	24	1	sous-entraînement	sous-entraînement	VC à 2 blocs 98	1
#66C2A5	-5.66889590328468	24	1	sous-entraînement	sous-entraînement	VC à 2 blocs 40	1
#66C2A5	-4.30392925249779	24	1	sous-entraînement	sous-entraînement	VC à 2 blocs 97	1
#66C2A5	-5.66889590255781	24	1	sous-entraînement	sous-entraînement	VC à 2 blocs 71	1
#66C2A5	-4.19814761255137	24	1	sous-entraînement	sous-entraînement	VC à 2 blocs 8	1
#66C2A5	-4.0069135594688	24	1	sous-entraînement	sous-entraînement	VC à 2 blocs 41	1
#66C2A5	-4.1981476125647	24	1	sous-entraînement	sous-entraînement	VC à 2 blocs 9	1
#66C2A5	-5.66889590304848	24	1	sous-entraînement	sous-entraînement	VC à 2 blocs 42	1
#66C2A5	-5.38395535251479	24	1	sous-entraînement	sous-entraînement	VC à 2 blocs 89	1
#66C2A5	-5.75551573837929	24	1	sous-entraînement	sous-entraînement	VC à 2 blocs 29	1
#66C2A5	-4.4038316299897	24	1	sous-entraînement	sous-entraînement	VC à 2 blocs 43	1
#66C2A5	-5.75551574013848	24	1	sous-entraînement	sous-entraînement	VC à 2 blocs 44	1
#66C2A5	-4.40859428408803	24	1	sous-entraînement	sous-entraînement	VC à 2 blocs 72	1
#66C2A5	-5.75551573925631	24	1	sous-entraînement	sous-entraînement	VC à 2 blocs 95	1
#66C2A5	-5.9396185114196	24	1	sous-entraînement	sous-entraînement	VC à 2 blocs 73	1
#66C2A5	-5.38395535271322	24	1	sous-entraînement	sous-entraînement	VC à 2 blocs 10	1
#66C2A5	-5.93961851330245	24	1	sous-entraînement	sous-entraînement	VC à 2 blocs 45	1
#66C2A5	-5.75551573932325	24	1	sous-entraînement	sous-entraînement	VC à 2 blocs 46	1
#66C2A5	-5.38395535301086	24	1	sous-entraînement	sous-entraînement	VC à 2 blocs 11	1
#66C2A5	-5.3839553528562	24	1	sous-entraînement	sous-entraînement	VC à 2 blocs 30	1
#66C2A5	-5.75551573938675	24	1	sous-entraînement	sous-entraînement	VC à 2 blocs 47	1
#66C2A5	-4.12394268029451	24	1	sous-entraînement	sous-entraînement	VC à 2 blocs 48	1
#66C2A5	-4.92094478960803	24	1	sous-entraînement	sous-entraînement	VC à 2 blocs 49	1
#66C2A5	-4.40383162994816	24	1	sous-entraînement	sous-entraînement	VC à 2 blocs 80	1
#66C2A5	-5.75551574031526	24	1	sous-entraînement	sous-entraînement	VC à 2 blocs 50	1
#66C2A5	-4.00691355947449	24	1	sous-entraînement	sous-entraînement	VC à 2 blocs 51	1
#66C2A5	-5.66889590439398	24	1	sous-entraînement	sous-entraînement	VC à 2 blocs 12	1
#66C2A5	-6.81898597193062	24	1	sous-entraînement	sous-entraînement	VC à 2 blocs 52	1
#66C2A5	-5.66889590449099	24	1	sous-entraînement	sous-entraînement	VC à 2 blocs 13	1
#66C2A5	-5.75551574040794	24	1	sous-entraînement	sous-entraînement	VC à 2 blocs 14	1
#66C2A5	-5.38395535263735	24	1	sous-entraînement	sous-entraînement	VC à 2 blocs 31	1
#66C2A5	-5.66889590326781	24	1	sous-entraînement	sous-entraînement	VC à 2 blocs 15	1
#66C2A5	-5.38395535268185	24	1	sous-entraînement	sous-entraînement	VC à 2 blocs 74	1
#66C2A5	-4.12394268030285	24	1	sous-entraînement	sous-entraînement	VC à 2 blocs 81	1
#66C2A5	-5.755515739845	24	1	sous-entraînement	sous-entraînement	VC à 2 blocs 53	1
#66C2A5	-4.40383162998802	24	1	sous-entraînement	sous-entraînement	VC à 2 blocs 96	1
#66C2A5	-5.93961851225416	24	1	sous-entraînement	sous-entraînement	VC à 2 blocs 1	1
#66C2A5	-5.75551573896454	24	1	sous-entraînement	sous-entraînement	VC à 2 blocs 16	1
#66C2A5	-5.93961851450088	24	1	sous-entraînement	sous-entraînement	VC à 2 blocs 54	1
#66C2A5	-4.92094478954222	24	1	sous-entraînement	sous-entraînement	VC à 2 blocs 75	1
#66C2A5	-5.93961851087415	24	1	sous-entraînement	sous-entraînement	VC à 2 blocs 93	1
#66C2A5	-4.02859706727462	24	1	sous-entraînement	sous-entraînement	VC à 2 blocs 55	1
#66C2A5	-5.93961851256295	24	1	sous-entraînement	sous-entraînement	VC à 2 blocs 56	1
#66C2A5	-5.93961851220893	24	1	sous-entraînement	sous-entraînement	VC à 2 blocs 57	1
#66C2A5	-5.38395535238713	24	1	sous-entraînement	sous-entraînement	VC à 2 blocs 58	1
#66C2A5	-5.75551574007155	24	1	sous-entraînement	sous-entraînement	VC à 2 blocs 17	1
#66C2A5	-4.40383162995847	24	1	sous-entraînement	sous-entraînement	VC à 2 blocs 82	1
#66C2A5	-4.19814761256618	24	1	sous-entraînement	sous-entraînement	VC à 2 blocs 59	1
#66C2A5	-4.40383162990364	24	1	sous-entraînement	sous-entraînement	VC à 2 blocs 90	1
#66C2A5	-5.75551574053495	24	1	sous-entraînement	sous-entraînement	VC à 2 blocs 18	1
#66C2A5	-5.38395535267236	24	1	sous-entraînement	sous-entraînement	VC à 2 blocs 2	1
#66C2A5	-4.40383162992708	24	1	sous-entraînement	sous-entraînement	VC à 2 blocs 99	1
#66C2A5	-5.75551573892335	24	1	sous-entraînement	sous-entraînement	VC à 2 blocs 60	1
#66C2A5	-4.12394268028661	24	1	sous-entraînement	sous-entraînement	VC à 2 blocs 61	1
#66C2A5	-4.40859428406001	24	1	sous-entraînement	sous-entraînement	VC à 2 blocs 19	1
#66C2A5	-4.40383162997535	24	1	sous-entraînement	sous-entraînement	VC à 2 blocs 62	1
#66C2A5	-5.66889590306536	24	1	sous-entraînement	sous-entraînement	VC à 2 blocs 63	1
#66C2A5	-4.3039292524871	24	1	sous-entraînement	sous-entraînement	VC à 2 blocs 94	1
#66C2A5	-5.66889590405796	24	1	sous-entraînement	sous-entraînement	VC à 2 blocs 76	1
#66C2A5	-5.75551574077523	24	1	sous-entraînement	sous-entraînement	VC à 2 blocs 3	1
#66C2A5	-4.30392925246684	24	1	sous-entraînement	sous-entraînement	VC à 2 blocs 20	1
#66C2A5	-4.19814761255413	24	1	sous-entraînement	sous-entraînement	VC à 2 blocs 64	1
#66C2A5	-5.93961851215648	24	1	sous-entraînement	sous-entraînement	VC à 2 blocs 21	1
#66C2A5	-4.30392925253273	24	1	sous-entraînement	sous-entraînement	VC à 2 blocs 86	1
#66C2A5	-5.66889590325797	24	1	sous-entraînement	sous-entraînement	VC à 2 blocs 22	1
#66C2A5	-5.75551574047316	24	1	sous-entraînement	sous-entraînement	VC à 2 blocs 65	1
#66C2A5	-5.66889590348995	24	1	sous-entraînement	sous-entraînement	VC à 2 blocs 23	1
#66C2A5	-5.75551573989477	24	1	sous-entraînement	sous-entraînement	VC à 2 blocs 87	1
#66C2A5	-4.40383162999764	24	1	sous-entraînement	sous-entraînement	VC à 2 blocs 24	1
#66C2A5	-5.66889590354057	24	1	sous-entraînement	sous-entraînement	VC à 2 blocs 83	1
#66C2A5	-5.75551573977463	24	1	sous-entraînement	sous-entraînement	VC à 2 blocs 66	1
#66C2A5	-5.66889590382176	24	1	sous-entraînement	sous-entraînement	VC à 2 blocs 67	1
#66C2A5	-4.30392925249353	24	1	sous-entraînement	sous-entraînement	VC à 2 blocs 84	1
#66C2A5	-6.81898596664687	24	1	sous-entraînement	sous-entraînement	VC à 2 blocs 25	1
#66C2A5	-5.66889590429802	24	1	sous-entraînement	sous-entraînement	VC à 2 blocs 68	1
#66C2A5	-5.3839553524236	24	1	sous-entraînement	sous-entraînement	VC à 2 blocs 69	1
#66C2A5	-4.02859706726809	24	1	sous-entraînement	sous-entraînement	VC à 2 blocs 26	1
#66C2A5	-4.40383162995175	24	1	sous-entraînement	sous-entraînement	VC à 2 blocs 100	1
#66C2A5	-5.38395535270592	24	1	sous-entraînement	sous-entraînement	VC à 2 blocs 88	1
#66C2A5	-4.00691355951203	24	1	sous-entraînement	sous-entraînement	VC à 2 blocs 70	1
#66C2A5	-5.93961851060929	24	1	sous-entraînement	sous-entraînement	VC à 2 blocs 27	1
#66C2A5	-5.7555157400664	24	1	sous-entraînement	sous-entraînement	50% validation 87	1
#66C2A5	-5.93961851356207	24	1	sous-entraînement	sous-entraînement	50% validation 6	1
#66C2A5	-4.403831629907	24	1	sous-entraînement	sous-entraînement	50% validation 28	1
#66C2A5	-5.66889590358415	24	1	sous-entraînement	sous-entraînement	50% validation 22	1
#66C2A5	-5.6688959033715	24	1	sous-entraînement	sous-entraînement	50% validation 23	1
#66C2A5	-6.8189859585822	24	1	sous-entraînement	sous-entraînement	50% validation 69	1
#66C2A5	-4.40859428407622	24	1	sous-entraînement	sous-entraînement	50% validation 7	1
#66C2A5	-5.75551573965277	24	1	sous-entraînement	sous-entraînement	50% validation 91	1
#66C2A5	-5.66889590389487	24	1	sous-entraînement	sous-entraînement	50% validation 24	1
#66C2A5	-3.90414868143162	24	1	sous-entraînement	sous-entraînement	50% validation 70	1
#66C2A5	-5.38395535216609	24	1	sous-entraînement	sous-entraînement	50% validation 93	1
#66C2A5	-5.93961851486014	24	1	sous-entraînement	sous-entraînement	50% validation 71	1
#66C2A5	-5.75551573930952	24	1	sous-entraînement	sous-entraînement	50% validation 8	1
#66C2A5	-4.19814761257387	24	1	sous-entraînement	sous-entraînement	50% validation 25	1
#66C2A5	-5.6688959042337	24	1	sous-entraînement	sous-entraînement	50% validation 29	1
#66C2A5	-3.51819434897	24	1	sous-entraînement	sous-entraînement	50% validation 30	1
#66C2A5	-4.19814761257753	24	1	sous-entraînement	sous-entraînement	50% validation 9	1
#66C2A5	-3.904148681419	24	1	sous-entraînement	sous-entraînement	50% validation 10	1
#66C2A5	-4.92094478963296	24	1	sous-entraînement	sous-entraînement	50% validation 31	1
#66C2A5	-4.40383162999337	24	1	sous-entraînement	sous-entraînement	50% validation 32	1
#66C2A5	-5.66889590371069	24	1	sous-entraînement	sous-entraînement	50% validation 1	1
#66C2A5	-5.66889590409311	24	1	sous-entraînement	sous-entraînement	50% validation 74	1
#66C2A5	-5.66889590344777	24	1	sous-entraînement	sous-entraînement	50% validation 33	1
#66C2A5	-4.12394268030461	24	1	sous-entraînement	sous-entraînement	50% validation 11	1
#66C2A5	-5.66889590541048	24	1	sous-entraînement	sous-entraînement	50% validation 72	1
#66C2A5	-5.93961851103673	24	1	sous-entraînement	sous-entraînement	50% validation 12	1
#66C2A5	-5.66889590353916	24	1	sous-entraînement	sous-entraînement	50% validation 34	1
#66C2A5	-4.40859428408997	24	1	sous-entraînement	sous-entraînement	50% validation 86	1
#66C2A5	-5.66889590420734	24	1	sous-entraînement	sous-entraînement	50% validation 35	1
#66C2A5	-5.38395535274386	24	1	sous-entraînement	sous-entraînement	50% validation 36	1
#66C2A5	-5.38395535256804	24	1	sous-entraînement	sous-entraînement	50% validation 37	1
#66C2A5	-5.66889590301333	24	1	sous-entraînement	sous-entraînement	50% validation 38	1
#66C2A5	-4.00691355948818	24	1	sous-entraînement	sous-entraînement	50% validation 59	1
#66C2A5	-4.9209447895468	24	1	sous-entraînement	sous-entraînement	50% validation 60	1
#66C2A5	-5.38395535280368	24	1	sous-entraînement	sous-entraînement	50% validation 39	1
#66C2A5	-4.40383162996427	24	1	sous-entraînement	sous-entraînement	50% validation 40	1
#66C2A5	-4.92094478954775	24	1	sous-entraînement	sous-entraînement	50% validation 41	1
#66C2A5	-5.66889590384425	24	1	sous-entraînement	sous-entraînement	50% validation 92	1
#66C2A5	-5.93961851508304	24	1	sous-entraînement	sous-entraînement	50% validation 42	1
#66C2A5	-4.40383163001887	24	1	sous-entraînement	sous-entraînement	50% validation 43	1
#66C2A5	-5.75551573922713	24	1	sous-entraînement	sous-entraînement	50% validation 44	1
#66C2A5	-5.75551574000976	24	1	sous-entraînement	sous-entraînement	50% validation 45	1
#66C2A5	-4.40383162996313	24	1	sous-entraînement	sous-entraînement	50% validation 13	1
#66C2A5	-5.75551573995312	24	1	sous-entraînement	sous-entraînement	50% validation 99	1
#66C2A5	-5.6688959034534	24	1	sous-entraînement	sous-entraînement	50% validation 61	1
#66C2A5	-4.3039292525053	24	1	sous-entraînement	sous-entraînement	50% validation 14	1
#66C2A5	-4.19814761256123	24	1	sous-entraînement	sous-entraînement	50% validation 2	1
#66C2A5	-4.40859428409437	24	1	sous-entraînement	sous-entraînement	50% validation 46	1
#66C2A5	-6.81898597153335	24	1	sous-entraînement	sous-entraînement	50% validation 75	1
#66C2A5	-4.40383162996612	24	1	sous-entraînement	sous-entraînement	50% validation 3	1
#66C2A5	-4.92094478953594	24	1	sous-entraînement	sous-entraînement	50% validation 47	1
#66C2A5	-4.59157343337488	24	1	sous-entraînement	sous-entraînement	50% validation 76	1
#66C2A5	-5.93961851162939	24	1	sous-entraînement	sous-entraînement	50% validation 97	1
#66C2A5	-4.40383162995694	24	1	sous-entraînement	sous-entraînement	50% validation 88	1
#66C2A5	-4.02859706729931	24	1	sous-entraînement	sous-entraînement	50% validation 62	1
#66C2A5	-5.75551573939361	24	1	sous-entraînement	sous-entraînement	50% validation 95	1
#66C2A5	-4.92094478953996	24	1	sous-entraînement	sous-entraînement	50% validation 48	1
#66C2A5	-4.00691355948138	24	1	sous-entraînement	sous-entraînement	50% validation 49	1
#66C2A5	-4.12394268030192	24	1	sous-entraînement	sous-entraînement	50% validation 15	1
#66C2A5	-4.40383162994472	24	1	sous-entraînement	sous-entraînement	50% validation 16	1
#66C2A5	-4.40859428406109	24	1	sous-entraînement	sous-entraînement	50% validation 17	1
#66C2A5	-4.40383162998606	24	1	sous-entraînement	sous-entraînement	50% validation 63	1
#66C2A5	-5.66889590505899	24	1	sous-entraînement	sous-entraînement	50% validation 64	1
#66C2A5	-5.7555157394022	24	1	sous-entraînement	sous-entraînement	50% validation 26	1
#66C2A5	-5.66889590447974	24	1	sous-entraînement	sous-entraînement	50% validation 65	1
#66C2A5	-6.81898596545505	24	1	sous-entraînement	sous-entraînement	50% validation 77	1
#66C2A5	-4.19814761257834	24	1	sous-entraînement	sous-entraînement	50% validation 50	1
#66C2A5	-4.19814761256431	24	1	sous-entraînement	sous-entraînement	50% validation 18	1
#66C2A5	-5.66889590448255	24	1	sous-entraînement	sous-entraînement	50% validation 96	1
#66C2A5	-4.4038316299797	24	1	sous-entraînement	sous-entraînement	50% validation 51	1
#66C2A5	-5.66889590318064	24	1	sous-entraînement	sous-entraînement	50% validation 52	1
#66C2A5	-5.75551573948157	24	1	sous-entraînement	sous-entraînement	50% validation 78	1
#66C2A5	-5.93961851279896	24	1	sous-entraînement	sous-entraînement	50% validation 53	1
#66C2A5	-5.66889590523615	24	1	sous-entraînement	sous-entraînement	50% validation 19	1
#66C2A5	-5.75551574016251	24	1	sous-entraînement	sous-entraînement	50% validation 73	1
#66C2A5	-4.30392925255906	24	1	sous-entraînement	sous-entraînement	50% validation 54	1
#66C2A5	-5.93961851177624	24	1	sous-entraînement	sous-entraînement	50% validation 4	1
#66C2A5	-5.38395535247977	24	1	sous-entraînement	sous-entraînement	50% validation 55	1
#66C2A5	-4.00691355947207	24	1	sous-entraînement	sous-entraînement	50% validation 5	1
#66C2A5	-4.12394268030028	24	1	sous-entraînement	sous-entraînement	50% validation 98	1
#66C2A5	-3.50204372305032	24	1	sous-entraînement	sous-entraînement	50% validation 66	1
#66C2A5	-5.75551573879978	24	1	sous-entraînement	sous-entraînement	50% validation 89	1
#66C2A5	-5.93961851428584	24	1	sous-entraînement	sous-entraînement	50% validation 79	1
#66C2A5	-5.38395535216317	24	1	sous-entraînement	sous-entraînement	50% validation 94	1
#66C2A5	-4.40383162996603	24	1	sous-entraînement	sous-entraînement	50% validation 80	1
#66C2A5	-5.75551574012304	24	1	sous-entraînement	sous-entraînement	50% validation 81	1
#66C2A5	-5.7555157391602	24	1	sous-entraînement	sous-entraînement	50% validation 20	1
#66C2A5	-5.75551573955881	24	1	sous-entraînement	sous-entraînement	50% validation 21	1
#66C2A5	-4.19814761254567	24	1	sous-entraînement	sous-entraînement	50% validation 56	1
#66C2A5	-5.7555157407379	24	1	sous-entraînement	sous-entraînement	50% validation 82	1
#66C2A5	-5.75551574025862	24	1	sous-entraînement	sous-entraînement	50% validation 67	1
#66C2A5	-4.59157343332358	24	1	sous-entraînement	sous-entraînement	50% validation 57	1
#66C2A5	-4.12394268029771	24	1	sous-entraînement	sous-entraînement	50% validation 27	1
#66C2A5	-5.75551573902118	24	1	sous-entraînement	sous-entraînement	50% validation 83	1
#66C2A5	-4.30392925250949	24	1	sous-entraînement	sous-entraînement	50% validation 58	1
#66C2A5	-5.6688959046583	24	1	sous-entraînement	sous-entraînement	50% validation 100	1
#66C2A5	-5.75551574006812	24	1	sous-entraînement	sous-entraînement	50% validation 68	1
#66C2A5	-3.87909156454727	24	1	sous-entraînement	sous-entraînement	50% validation 85	1
#66C2A5	-5.75551573997029	24	1	sous-entraînement	sous-entraînement	50% validation 90	1
#66C2A5	-5.38395535253595	24	1	sous-entraînement	sous-entraînement	50% validation 84	1
#66C2A5	-7.23079567450539	25	1	sous-entraînement	sous-entraînement	VC à 2 blocs 32	1
#66C2A5	-7.23079567450539	25	1	sous-entraînement	sous-entraînement	VC à 2 blocs 33	1
#66C2A5	-7.23079567450539	25	1	sous-entraînement	sous-entraînement	VC à 2 blocs 85	1
#66C2A5	-7.23079567450539	25	1	sous-entraînement	sous-entraînement	VC à 2 blocs 77	1
#66C2A5	-7.23079567450539	25	1	sous-entraînement	sous-entraînement	VC à 2 blocs 4	1
#66C2A5	-7.23079567450539	25	1	sous-entraînement	sous-entraînement	VC à 2 blocs 34	1
#66C2A5	-7.23079567450539	25	1	sous-entraînement	sous-entraînement	VC à 2 blocs 28	1
#66C2A5	-7.23079567450539	25	1	sous-entraînement	sous-entraînement	VC à 2 blocs 78	1
#66C2A5	-7.23079567450539	25	1	sous-entraînement	sous-entraînement	VC à 2 blocs 35	1
#66C2A5	-7.23079567450539	25	1	sous-entraînement	sous-entraînement	VC à 2 blocs 5	1
#66C2A5	-7.23079567450539	25	1	sous-entraînement	sous-entraînement	VC à 2 blocs 36	1
#66C2A5	-7.23079567450539	25	1	sous-entraînement	sous-entraînement	VC à 2 blocs 6	1
#66C2A5	-7.23079567450539	25	1	sous-entraînement	sous-entraînement	VC à 2 blocs 37	1
#66C2A5	-7.23079567450539	25	1	sous-entraînement	sous-entraînement	VC à 2 blocs 91	1
#66C2A5	-7.23079567450539	25	1	sous-entraînement	sous-entraînement	VC à 2 blocs 38	1
#66C2A5	-7.23079567450539	25	1	sous-entraînement	sous-entraînement	VC à 2 blocs 39	1
#66C2A5	-7.23079567450539	25	1	sous-entraînement	sous-entraînement	VC à 2 blocs 7	1
#66C2A5	-7.23079567450539	25	1	sous-entraînement	sous-entraînement	VC à 2 blocs 92	1
#66C2A5	-7.23079567450539	25	1	sous-entraînement	sous-entraînement	VC à 2 blocs 79	1
#66C2A5	-7.23079567450539	25	1	sous-entraînement	sous-entraînement	VC à 2 blocs 98	1
#66C2A5	-7.23079567450539	25	1	sous-entraînement	sous-entraînement	VC à 2 blocs 40	1
#66C2A5	-7.23079567450539	25	1	sous-entraînement	sous-entraînement	VC à 2 blocs 97	1
#66C2A5	-7.23079567450539	25	1	sous-entraînement	sous-entraînement	VC à 2 blocs 71	1
#66C2A5	-7.23079567450539	25	1	sous-entraînement	sous-entraînement	VC à 2 blocs 8	1
#66C2A5	-7.23079567450539	25	1	sous-entraînement	sous-entraînement	VC à 2 blocs 41	1
#66C2A5	-7.23079567450539	25	1	sous-entraînement	sous-entraînement	VC à 2 blocs 9	1
#66C2A5	-7.23079567450539	25	1	sous-entraînement	sous-entraînement	VC à 2 blocs 42	1
#66C2A5	-7.23079567450539	25	1	sous-entraînement	sous-entraînement	VC à 2 blocs 89	1
#66C2A5	-7.23079567450539	25	1	sous-entraînement	sous-entraînement	VC à 2 blocs 29	1
#66C2A5	-7.23079567450539	25	1	sous-entraînement	sous-entraînement	VC à 2 blocs 43	1
#66C2A5	-7.23079567450539	25	1	sous-entraînement	sous-entraînement	VC à 2 blocs 44	1
#66C2A5	-7.23079567450539	25	1	sous-entraînement	sous-entraînement	VC à 2 blocs 72	1
#66C2A5	-7.23079567450539	25	1	sous-entraînement	sous-entraînement	VC à 2 blocs 95	1
#66C2A5	-7.23079567450539	25	1	sous-entraînement	sous-entraînement	VC à 2 blocs 73	1
#66C2A5	-7.23079567450539	25	1	sous-entraînement	sous-entraînement	VC à 2 blocs 10	1
#66C2A5	-7.23079567450539	25	1	sous-entraînement	sous-entraînement	VC à 2 blocs 45	1
#66C2A5	-7.23079567450539	25	1	sous-entraînement	sous-entraînement	VC à 2 blocs 46	1
#66C2A5	-7.23079567450539	25	1	sous-entraînement	sous-entraînement	VC à 2 blocs 11	1
#66C2A5	-7.23079567450539	25	1	sous-entraînement	sous-entraînement	VC à 2 blocs 30	1
#66C2A5	-7.23079567450539	25	1	sous-entraînement	sous-entraînement	VC à 2 blocs 47	1
#66C2A5	-7.23079567450539	25	1	sous-entraînement	sous-entraînement	VC à 2 blocs 48	1
#66C2A5	-7.23079567450539	25	1	sous-entraînement	sous-entraînement	VC à 2 blocs 49	1
#66C2A5	-7.23079567450539	25	1	sous-entraînement	sous-entraînement	VC à 2 blocs 80	1
#66C2A5	-7.23079567450539	25	1	sous-entraînement	sous-entraînement	VC à 2 blocs 50	1
#66C2A5	-7.23079567450539	25	1	sous-entraînement	sous-entraînement	VC à 2 blocs 51	1
#66C2A5	-7.23079567450539	25	1	sous-entraînement	sous-entraînement	VC à 2 blocs 12	1
#66C2A5	-7.23079567450539	25	1	sous-entraînement	sous-entraînement	VC à 2 blocs 52	1
#66C2A5	-7.23079567450539	25	1	sous-entraînement	sous-entraînement	VC à 2 blocs 13	1
#66C2A5	-7.23079567450539	25	1	sous-entraînement	sous-entraînement	VC à 2 blocs 14	1
#66C2A5	-7.23079567450539	25	1	sous-entraînement	sous-entraînement	VC à 2 blocs 31	1
#66C2A5	-7.23079567450539	25	1	sous-entraînement	sous-entraînement	VC à 2 blocs 15	1
#66C2A5	-7.23079567450539	25	1	sous-entraînement	sous-entraînement	VC à 2 blocs 74	1
#66C2A5	-7.23079567450539	25	1	sous-entraînement	sous-entraînement	VC à 2 blocs 81	1
#66C2A5	-7.23079567450539	25	1	sous-entraînement	sous-entraînement	VC à 2 blocs 53	1
#66C2A5	-7.23079567450539	25	1	sous-entraînement	sous-entraînement	VC à 2 blocs 96	1
#66C2A5	-7.23079567450539	25	1	sous-entraînement	sous-entraînement	VC à 2 blocs 1	1
#66C2A5	-7.23079567450539	25	1	sous-entraînement	sous-entraînement	VC à 2 blocs 16	1
#66C2A5	-7.23079567450539	25	1	sous-entraînement	sous-entraînement	VC à 2 blocs 54	1
#66C2A5	-7.23079567450539	25	1	sous-entraînement	sous-entraînement	VC à 2 blocs 75	1
#66C2A5	-7.23079567450539	25	1	sous-entraînement	sous-entraînement	VC à 2 blocs 93	1
#66C2A5	-7.23079567450539	25	1	sous-entraînement	sous-entraînement	VC à 2 blocs 55	1
#66C2A5	-7.23079567450539	25	1	sous-entraînement	sous-entraînement	VC à 2 blocs 56	1
#66C2A5	-7.23079567450539	25	1	sous-entraînement	sous-entraînement	VC à 2 blocs 57	1
#66C2A5	-7.23079567450539	25	1	sous-entraînement	sous-entraînement	VC à 2 blocs 58	1
#66C2A5	-7.23079567450539	25	1	sous-entraînement	sous-entraînement	VC à 2 blocs 17	1
#66C2A5	-7.23079567450539	25	1	sous-entraînement	sous-entraînement	VC à 2 blocs 82	1
#66C2A5	-7.23079567450539	25	1	sous-entraînement	sous-entraînement	VC à 2 blocs 59	1
#66C2A5	-7.23079567450539	25	1	sous-entraînement	sous-entraînement	VC à 2 blocs 90	1
#66C2A5	-7.23079567450539	25	1	sous-entraînement	sous-entraînement	VC à 2 blocs 18	1
#66C2A5	-7.23079567450539	25	1	sous-entraînement	sous-entraînement	VC à 2 blocs 2	1
#66C2A5	-7.23079567450539	25	1	sous-entraînement	sous-entraînement	VC à 2 blocs 99	1
#66C2A5	-7.23079567450539	25	1	sous-entraînement	sous-entraînement	VC à 2 blocs 60	1
#66C2A5	-7.23079567450539	25	1	sous-entraînement	sous-entraînement	VC à 2 blocs 61	1
#66C2A5	-7.23079567450539	25	1	sous-entraînement	sous-entraînement	VC à 2 blocs 19	1
#66C2A5	-7.23079567450539	25	1	sous-entraînement	sous-entraînement	VC à 2 blocs 62	1
#66C2A5	-7.23079567450539	25	1	sous-entraînement	sous-entraînement	VC à 2 blocs 63	1
#66C2A5	-7.23079567450539	25	1	sous-entraînement	sous-entraînement	VC à 2 blocs 94	1
#66C2A5	-7.23079567450539	25	1	sous-entraînement	sous-entraînement	VC à 2 blocs 76	1
#66C2A5	-7.23079567450539	25	1	sous-entraînement	sous-entraînement	VC à 2 blocs 3	1
#66C2A5	-7.23079567450539	25	1	sous-entraînement	sous-entraînement	VC à 2 blocs 20	1
#66C2A5	-7.23079567450539	25	1	sous-entraînement	sous-entraînement	VC à 2 blocs 64	1
#66C2A5	-7.23079567450539	25	1	sous-entraînement	sous-entraînement	VC à 2 blocs 21	1
#66C2A5	-7.23079567450539	25	1	sous-entraînement	sous-entraînement	VC à 2 blocs 86	1
#66C2A5	-7.23079567450539	25	1	sous-entraînement	sous-entraînement	VC à 2 blocs 22	1
#66C2A5	-7.23079567450539	25	1	sous-entraînement	sous-entraînement	VC à 2 blocs 65	1
#66C2A5	-7.23079567450539	25	1	sous-entraînement	sous-entraînement	VC à 2 blocs 23	1
#66C2A5	-7.23079567450539	25	1	sous-entraînement	sous-entraînement	VC à 2 blocs 87	1
#66C2A5	-7.23079567450539	25	1	sous-entraînement	sous-entraînement	VC à 2 blocs 24	1
#66C2A5	-7.23079567450539	25	1	sous-entraînement	sous-entraînement	VC à 2 blocs 83	1
#66C2A5	-7.23079567450539	25	1	sous-entraînement	sous-entraînement	VC à 2 blocs 66	1
#66C2A5	-7.23079567450539	25	1	sous-entraînement	sous-entraînement	VC à 2 blocs 67	1
#66C2A5	-7.23079567450539	25	1	sous-entraînement	sous-entraînement	VC à 2 blocs 84	1
#66C2A5	-7.23079567450539	25	1	sous-entraînement	sous-entraînement	VC à 2 blocs 25	1
#66C2A5	-7.23079567450539	25	1	sous-entraînement	sous-entraînement	VC à 2 blocs 68	1
#66C2A5	-7.23079567450539	25	1	sous-entraînement	sous-entraînement	VC à 2 blocs 69	1
#66C2A5	-7.23079567450539	25	1	sous-entraînement	sous-entraînement	VC à 2 blocs 26	1
#66C2A5	-7.23079567450539	25	1	sous-entraînement	sous-entraînement	VC à 2 blocs 100	1
#66C2A5	-7.23079567450539	25	1	sous-entraînement	sous-entraînement	VC à 2 blocs 88	1
#66C2A5	-7.23079567450539	25	1	sous-entraînement	sous-entraînement	VC à 2 blocs 70	1
#66C2A5	-7.23079567450539	25	1	sous-entraînement	sous-entraînement	VC à 2 blocs 27	1
#66C2A5	-7.23079567450539	25	1	sous-entraînement	sous-entraînement	50% validation 87	1
#66C2A5	-7.23079567450539	25	1	sous-entraînement	sous-entraînement	50% validation 6	1
#66C2A5	-7.23079567450539	25	1	sous-entraînement	sous-entraînement	50% validation 28	1
#66C2A5	-7.23079567450539	25	1	sous-entraînement	sous-entraînement	50% validation 22	1
#66C2A5	-7.23079567450539	25	1	sous-entraînement	sous-entraînement	50% validation 23	1
#66C2A5	-7.23079567450539	25	1	sous-entraînement	sous-entraînement	50% validation 69	1
#66C2A5	-7.23079567450539	25	1	sous-entraînement	sous-entraînement	50% validation 7	1
#66C2A5	-7.23079567450539	25	1	sous-entraînement	sous-entraînement	50% validation 91	1
#66C2A5	-7.23079567450539	25	1	sous-entraînement	sous-entraînement	50% validation 24	1
#66C2A5	-7.23079567450539	25	1	sous-entraînement	sous-entraînement	50% validation 70	1
#66C2A5	-7.23079567450539	25	1	sous-entraînement	sous-entraînement	50% validation 93	1
#66C2A5	-7.23079567450539	25	1	sous-entraînement	sous-entraînement	50% validation 71	1
#66C2A5	-7.23079567450539	25	1	sous-entraînement	sous-entraînement	50% validation 8	1
#66C2A5	-7.23079567450539	25	1	sous-entraînement	sous-entraînement	50% validation 25	1
#66C2A5	-7.23079567450539	25	1	sous-entraînement	sous-entraînement	50% validation 29	1
#66C2A5	-7.23079567450539	25	1	sous-entraînement	sous-entraînement	50% validation 30	1
#66C2A5	-7.23079567450539	25	1	sous-entraînement	sous-entraînement	50% validation 9	1
#66C2A5	-7.23079567450539	25	1	sous-entraînement	sous-entraînement	50% validation 10	1
#66C2A5	-7.23079567450539	25	1	sous-entraînement	sous-entraînement	50% validation 31	1
#66C2A5	-7.23079567450539	25	1	sous-entraînement	sous-entraînement	50% validation 32	1
#66C2A5	-7.23079567450539	25	1	sous-entraînement	sous-entraînement	50% validation 1	1
#66C2A5	-7.23079567450539	25	1	sous-entraînement	sous-entraînement	50% validation 74	1
#66C2A5	-7.23079567450539	25	1	sous-entraînement	sous-entraînement	50% validation 33	1
#66C2A5	-7.23079567450539	25	1	sous-entraînement	sous-entraînement	50% validation 11	1
#66C2A5	-7.23079567450539	25	1	sous-entraînement	sous-entraînement	50% validation 72	1
#66C2A5	-7.23079567450539	25	1	sous-entraînement	sous-entraînement	50% validation 12	1
#66C2A5	-7.23079567450539	25	1	sous-entraînement	sous-entraînement	50% validation 34	1
#66C2A5	-7.23079567450539	25	1	sous-entraînement	sous-entraînement	50% validation 86	1
#66C2A5	-7.23079567450539	25	1	sous-entraînement	sous-entraînement	50% validation 35	1
#66C2A5	-7.23079567450539	25	1	sous-entraînement	sous-entraînement	50% validation 36	1
#66C2A5	-7.23079567450539	25	1	sous-entraînement	sous-entraînement	50% validation 37	1
#66C2A5	-7.23079567450539	25	1	sous-entraînement	sous-entraînement	50% validation 38	1
#66C2A5	-7.23079567450539	25	1	sous-entraînement	sous-entraînement	50% validation 59	1
#66C2A5	-7.23079567450539	25	1	sous-entraînement	sous-entraînement	50% validation 60	1
#66C2A5	-7.23079567450539	25	1	sous-entraînement	sous-entraînement	50% validation 39	1
#66C2A5	-7.23079567450539	25	1	sous-entraînement	sous-entraînement	50% validation 40	1
#66C2A5	-7.23079567450539	25	1	sous-entraînement	sous-entraînement	50% validation 41	1
#66C2A5	-7.23079567450539	25	1	sous-entraînement	sous-entraînement	50% validation 92	1
#66C2A5	-7.23079567450539	25	1	sous-entraînement	sous-entraînement	50% validation 42	1
#66C2A5	-7.23079567450539	25	1	sous-entraînement	sous-entraînement	50% validation 43	1
#66C2A5	-7.23079567450539	25	1	sous-entraînement	sous-entraînement	50% validation 44	1
#66C2A5	-7.23079567450539	25	1	sous-entraînement	sous-entraînement	50% validation 45	1
#66C2A5	-7.23079567450539	25	1	sous-entraînement	sous-entraînement	50% validation 13	1
#66C2A5	-7.23079567450539	25	1	sous-entraînement	sous-entraînement	50% validation 99	1
#66C2A5	-7.23079567450539	25	1	sous-entraînement	sous-entraînement	50% validation 61	1
#66C2A5	-7.23079567450539	25	1	sous-entraînement	sous-entraînement	50% validation 14	1
#66C2A5	-7.23079567450539	25	1	sous-entraînement	sous-entraînement	50% validation 2	1
#66C2A5	-7.23079567450539	25	1	sous-entraînement	sous-entraînement	50% validation 46	1
#66C2A5	-7.23079567450539	25	1	sous-entraînement	sous-entraînement	50% validation 75	1
#66C2A5	-7.23079567450539	25	1	sous-entraînement	sous-entraînement	50% validation 3	1
#66C2A5	-7.23079567450539	25	1	sous-entraînement	sous-entraînement	50% validation 47	1
#66C2A5	-7.23079567450539	25	1	sous-entraînement	sous-entraînement	50% validation 76	1
#66C2A5	-7.23079567450539	25	1	sous-entraînement	sous-entraînement	50% validation 97	1
#66C2A5	-7.23079567450539	25	1	sous-entraînement	sous-entraînement	50% validation 88	1
#66C2A5	-7.23079567450539	25	1	sous-entraînement	sous-entraînement	50% validation 62	1
#66C2A5	-7.23079567450539	25	1	sous-entraînement	sous-entraînement	50% validation 95	1
#66C2A5	-7.23079567450539	25	1	sous-entraînement	sous-entraînement	50% validation 48	1
#66C2A5	-7.23079567450539	25	1	sous-entraînement	sous-entraînement	50% validation 49	1
#66C2A5	-7.23079567450539	25	1	sous-entraînement	sous-entraînement	50% validation 15	1
#66C2A5	-7.23079567450539	25	1	sous-entraînement	sous-entraînement	50% validation 16	1
#66C2A5	-7.23079567450539	25	1	sous-entraînement	sous-entraînement	50% validation 17	1
#66C2A5	-7.23079567450539	25	1	sous-entraînement	sous-entraînement	50% validation 63	1
#66C2A5	-7.23079567450539	25	1	sous-entraînement	sous-entraînement	50% validation 64	1
#66C2A5	-7.23079567450539	25	1	sous-entraînement	sous-entraînement	50% validation 26	1
#66C2A5	-7.23079567450539	25	1	sous-entraînement	sous-entraînement	50% validation 65	1
#66C2A5	-7.23079567450539	25	1	sous-entraînement	sous-entraînement	50% validation 77	1
#66C2A5	-7.23079567450539	25	1	sous-entraînement	sous-entraînement	50% validation 50	1
#66C2A5	-7.23079567450539	25	1	sous-entraînement	sous-entraînement	50% validation 18	1
#66C2A5	-7.23079567450539	25	1	sous-entraînement	sous-entraînement	50% validation 96	1
#66C2A5	-7.23079567450539	25	1	sous-entraînement	sous-entraînement	50% validation 51	1
#66C2A5	-7.23079567450539	25	1	sous-entraînement	sous-entraînement	50% validation 52	1
#66C2A5	-7.23079567450539	25	1	sous-entraînement	sous-entraînement	50% validation 78	1
#66C2A5	-7.23079567450539	25	1	sous-entraînement	sous-entraînement	50% validation 53	1
#66C2A5	-7.23079567450539	25	1	sous-entraînement	sous-entraînement	50% validation 19	1
#66C2A5	-7.23079567450539	25	1	sous-entraînement	sous-entraînement	50% validation 73	1
#66C2A5	-7.23079567450539	25	1	sous-entraînement	sous-entraînement	50% validation 54	1
#66C2A5	-7.23079567450539	25	1	sous-entraînement	sous-entraînement	50% validation 4	1
#66C2A5	-7.23079567450539	25	1	sous-entraînement	sous-entraînement	50% validation 55	1
#66C2A5	-7.23079567450539	25	1	sous-entraînement	sous-entraînement	50% validation 5	1
#66C2A5	-7.23079567450539	25	1	sous-entraînement	sous-entraînement	50% validation 98	1
#66C2A5	-7.23079567450539	25	1	sous-entraînement	sous-entraînement	50% validation 66	1
#66C2A5	-7.23079567450539	25	1	sous-entraînement	sous-entraînement	50% validation 89	1
#66C2A5	-7.23079567450539	25	1	sous-entraînement	sous-entraînement	50% validation 79	1
#66C2A5	-7.23079567450539	25	1	sous-entraînement	sous-entraînement	50% validation 94	1
#66C2A5	-7.23079567450539	25	1	sous-entraînement	sous-entraînement	50% validation 80	1
#66C2A5	-7.23079567450539	25	1	sous-entraînement	sous-entraînement	50% validation 81	1
#66C2A5	-7.23079567450539	25	1	sous-entraînement	sous-entraînement	50% validation 20	1
#66C2A5	-7.23079567450539	25	1	sous-entraînement	sous-entraînement	50% validation 21	1
#66C2A5	-7.23079567450539	25	1	sous-entraînement	sous-entraînement	50% validation 56	1
#66C2A5	-7.23079567450539	25	1	sous-entraînement	sous-entraînement	50% validation 82	1
#66C2A5	-7.23079567450539	25	1	sous-entraînement	sous-entraînement	50% validation 67	1
#66C2A5	-7.23079567450539	25	1	sous-entraînement	sous-entraînement	50% validation 57	1
#66C2A5	-7.23079567450539	25	1	sous-entraînement	sous-entraînement	50% validation 27	1
#66C2A5	-7.23079567450539	25	1	sous-entraînement	sous-entraînement	50% validation 83	1
#66C2A5	-7.23079567450539	25	1	sous-entraînement	sous-entraînement	50% validation 58	1
#66C2A5	-7.23079567450539	25	1	sous-entraînement	sous-entraînement	50% validation 100	1
#66C2A5	-7.23079567450539	25	1	sous-entraînement	sous-entraînement	50% validation 68	1
#66C2A5	-7.23079567450539	25	1	sous-entraînement	sous-entraînement	50% validation 85	1
#66C2A5	-7.23079567450539	25	1	sous-entraînement	sous-entraînement	50% validation 90	1
#66C2A5	-7.23079567450539	25	1	sous-entraînement	sous-entraînement	50% validation 84	1
#FC8D62	1.25582448773278	1	2	validation	validation	VC à 2 blocs 32	2
#FC8D62	1.34165314622579	1	2	validation	validation	VC à 2 blocs 33	2
#FC8D62	1.21117020562783	1	2	validation	validation	VC à 2 blocs 85	2
#FC8D62	1.37655875674816	1	2	validation	validation	VC à 2 blocs 77	2
#FC8D62	1.4020542819754	1	2	validation	validation	VC à 2 blocs 4	2
#FC8D62	1.24405939452072	1	2	validation	validation	VC à 2 blocs 34	2
#FC8D62	1.28820250493089	1	2	validation	validation	VC à 2 blocs 28	2
#FC8D62	1.31361190558104	1	2	validation	validation	VC à 2 blocs 78	2
#FC8D62	1.33258015953717	1	2	validation	validation	VC à 2 blocs 35	2
#FC8D62	1.33340829589477	1	2	validation	validation	VC à 2 blocs 5	2
#FC8D62	1.2974004086642	1	2	validation	validation	VC à 2 blocs 36	2
#FC8D62	1.25404146580923	1	2	validation	validation	VC à 2 blocs 6	2
#FC8D62	1.40933255686169	1	2	validation	validation	VC à 2 blocs 37	2
#FC8D62	1.0862787614338	1	2	validation	validation	VC à 2 blocs 91	2
#FC8D62	1.18279516268904	1	2	validation	validation	VC à 2 blocs 38	2
#FC8D62	1.35299591342342	1	2	validation	validation	VC à 2 blocs 39	2
#FC8D62	1.32267163402771	1	2	validation	validation	VC à 2 blocs 7	2
#FC8D62	1.24007019291717	1	2	validation	validation	VC à 2 blocs 92	2
#FC8D62	1.33954918889386	1	2	validation	validation	VC à 2 blocs 79	2
#FC8D62	1.20211092237401	1	2	validation	validation	VC à 2 blocs 98	2
#FC8D62	1.26738134213667	1	2	validation	validation	VC à 2 blocs 40	2
#FC8D62	1.28493650627186	1	2	validation	validation	VC à 2 blocs 97	2
#FC8D62	1.2067842630278	1	2	validation	validation	VC à 2 blocs 71	2
#FC8D62	1.33829532030121	1	2	validation	validation	VC à 2 blocs 8	2
#FC8D62	1.27998907172787	1	2	validation	validation	VC à 2 blocs 41	2
#FC8D62	1.39837744967874	1	2	validation	validation	VC à 2 blocs 9	2
#FC8D62	1.17917500189123	1	2	validation	validation	VC à 2 blocs 42	2
#FC8D62	1.38863780732607	1	2	validation	validation	VC à 2 blocs 89	2
#FC8D62	1.38438575081688	1	2	validation	validation	VC à 2 blocs 29	2
#FC8D62	1.17336165629838	1	2	validation	validation	VC à 2 blocs 43	2
#FC8D62	1.33810392702081	1	2	validation	validation	VC à 2 blocs 44	2
#FC8D62	1.21228924231971	1	2	validation	validation	VC à 2 blocs 72	2
#FC8D62	1.38068201107	1	2	validation	validation	VC à 2 blocs 95	2
#FC8D62	1.20127503686196	1	2	validation	validation	VC à 2 blocs 73	2
#FC8D62	1.34163431021031	1	2	validation	validation	VC à 2 blocs 10	2
#FC8D62	1.26302907000551	1	2	validation	validation	VC à 2 blocs 45	2
#FC8D62	1.31494252532369	1	2	validation	validation	VC à 2 blocs 46	2
#FC8D62	1.3341723777325	1	2	validation	validation	VC à 2 blocs 11	2
#FC8D62	1.36926708557037	1	2	validation	validation	VC à 2 blocs 30	2
#FC8D62	1.25168032867791	1	2	validation	validation	VC à 2 blocs 47	2
#FC8D62	1.39572672348662	1	2	validation	validation	VC à 2 blocs 48	2
#FC8D62	1.1640687824629	1	2	validation	validation	VC à 2 blocs 49	2
#FC8D62	1.30402090821139	1	2	validation	validation	VC à 2 blocs 80	2
#FC8D62	1.29393100953017	1	2	validation	validation	VC à 2 blocs 50	2
#FC8D62	1.31060442474391	1	2	validation	validation	VC à 2 blocs 51	2
#FC8D62	1.39419033458713	1	2	validation	validation	VC à 2 blocs 12	2
#FC8D62	1.24221978506258	1	2	validation	validation	VC à 2 blocs 52	2
#FC8D62	1.33269970081438	1	2	validation	validation	VC à 2 blocs 13	2
#FC8D62	1.25314484639456	1	2	validation	validation	VC à 2 blocs 14	2
#FC8D62	1.32555975635405	1	2	validation	validation	VC à 2 blocs 31	2
#FC8D62	1.21305649566492	1	2	validation	validation	VC à 2 blocs 15	2
#FC8D62	1.33131449925268	1	2	validation	validation	VC à 2 blocs 74	2
#FC8D62	1.31094207485454	1	2	validation	validation	VC à 2 blocs 81	2
#FC8D62	1.32851437911571	1	2	validation	validation	VC à 2 blocs 53	2
#FC8D62	1.24962814000612	1	2	validation	validation	VC à 2 blocs 96	2
#FC8D62	1.33209700935237	1	2	validation	validation	VC à 2 blocs 1	2
#FC8D62	1.31324608928614	1	2	validation	validation	VC à 2 blocs 16	2
#FC8D62	1.23938179509893	1	2	validation	validation	VC à 2 blocs 54	2
#FC8D62	1.1441290722167	1	2	validation	validation	VC à 2 blocs 75	2
#FC8D62	1.38555228844149	1	2	validation	validation	VC à 2 blocs 93	2
#FC8D62	1.20594908941932	1	2	validation	validation	VC à 2 blocs 55	2
#FC8D62	1.38383362802021	1	2	validation	validation	VC à 2 blocs 56	2
#FC8D62	1.15582126414099	1	2	validation	validation	VC à 2 blocs 57	2
#FC8D62	1.390620731231	1	2	validation	validation	VC à 2 blocs 58	2
#FC8D62	1.26144259061228	1	2	validation	validation	VC à 2 blocs 17	2
#FC8D62	1.31244626903666	1	2	validation	validation	VC à 2 blocs 82	2
#FC8D62	1.29948169115747	1	2	validation	validation	VC à 2 blocs 59	2
#FC8D62	1.25476282983669	1	2	validation	validation	VC à 2 blocs 90	2
#FC8D62	1.18654251177341	1	2	validation	validation	VC à 2 blocs 18	2
#FC8D62	1.38670736472761	1	2	validation	validation	VC à 2 blocs 2	2
#FC8D62	1.15754945989305	1	2	validation	validation	VC à 2 blocs 99	2
#FC8D62	1.38461646642769	1	2	validation	validation	VC à 2 blocs 60	2
#FC8D62	1.29642225947505	1	2	validation	validation	VC à 2 blocs 61	2
#FC8D62	1.25670225184315	1	2	validation	validation	VC à 2 blocs 19	2
#FC8D62	1.42562002353704	1	2	validation	validation	VC à 2 blocs 62	2
#FC8D62	1.12633463815055	1	2	validation	validation	VC à 2 blocs 63	2
#FC8D62	1.51483804134687	1	2	validation	validation	VC à 2 blocs 94	2
#FC8D62	1.26535399453278	1	2	validation	validation	VC à 2 blocs 76	2
#FC8D62	1.28387084958176	1	2	validation	validation	VC à 2 blocs 3	2
#FC8D62	1.2716497472526	1	2	validation	validation	VC à 2 blocs 20	2
#FC8D62	1.32192150751444	1	2	validation	validation	VC à 2 blocs 64	2
#FC8D62	1.28381875578943	1	2	validation	validation	VC à 2 blocs 21	2
#FC8D62	1.25839051943953	1	2	validation	validation	VC à 2 blocs 86	2
#FC8D62	1.30576666622799	1	2	validation	validation	VC à 2 blocs 22	2
#FC8D62	1.3073470550513	1	2	validation	validation	VC à 2 blocs 65	2
#FC8D62	1.26043847264681	1	2	validation	validation	VC à 2 blocs 23	2
#FC8D62	1.15690123964387	1	2	validation	validation	VC à 2 blocs 87	2
#FC8D62	1.43647892077033	1	2	validation	validation	VC à 2 blocs 24	2
#FC8D62	1.26209156518768	1	2	validation	validation	VC à 2 blocs 83	2
#FC8D62	1.38366556892095	1	2	validation	validation	VC à 2 blocs 66	2
#FC8D62	1.3363431035082	1	2	validation	validation	VC à 2 blocs 67	2
#FC8D62	1.25929457011319	1	2	validation	validation	VC à 2 blocs 84	2
#FC8D62	1.38013241343107	1	2	validation	validation	VC à 2 blocs 25	2
#FC8D62	1.14948834795921	1	2	validation	validation	VC à 2 blocs 68	2
#FC8D62	1.31178508466884	1	2	validation	validation	VC à 2 blocs 69	2
#FC8D62	1.4064868646938	1	2	validation	validation	VC à 2 blocs 26	2
#FC8D62	1.38565541720242	1	2	validation	validation	VC à 2 blocs 100	2
#FC8D62	1.13353501549845	1	2	validation	validation	VC à 2 blocs 88	2
#FC8D62	1.25697779440787	1	2	validation	validation	VC à 2 blocs 70	2
#FC8D62	1.31046442657834	1	2	validation	validation	VC à 2 blocs 27	2
#FC8D62	1.38976496730472	1	2	validation	validation	50% validation 87	2
#FC8D62	1.25216209673225	1	2	validation	validation	50% validation 6	2
#FC8D62	1.18601994480385	1	2	validation	validation	50% validation 28	2
#FC8D62	1.29577945673971	1	2	validation	validation	50% validation 22	2
#FC8D62	1.24342885706253	1	2	validation	validation	50% validation 23	2
#FC8D62	1.32564373742449	1	2	validation	validation	50% validation 69	2
#FC8D62	1.27122876845178	1	2	validation	validation	50% validation 7	2
#FC8D62	1.29557062842335	1	2	validation	validation	50% validation 91	2
#FC8D62	1.3451931890333	1	2	validation	validation	50% validation 24	2
#FC8D62	1.23125188248545	1	2	validation	validation	50% validation 70	2
#FC8D62	1.25942260912155	1	2	validation	validation	50% validation 93	2
#FC8D62	1.25714094975491	1	2	validation	validation	50% validation 71	2
#FC8D62	1.53464463515816	1	2	validation	validation	50% validation 8	2
#FC8D62	1.25862145877434	1	2	validation	validation	50% validation 25	2
#FC8D62	1.32168478810124	1	2	validation	validation	50% validation 29	2
#FC8D62	1.28126340968256	1	2	validation	validation	50% validation 30	2
#FC8D62	1.35139270905813	1	2	validation	validation	50% validation 9	2
#FC8D62	1.32611192775818	1	2	validation	validation	50% validation 10	2
#FC8D62	1.3353285424745	1	2	validation	validation	50% validation 31	2
#FC8D62	1.39632099445463	1	2	validation	validation	50% validation 32	2
#FC8D62	1.4050318204244	1	2	validation	validation	50% validation 1	2
#FC8D62	1.20380798763205	1	2	validation	validation	50% validation 74	2
#FC8D62	1.17210014665555	1	2	validation	validation	50% validation 33	2
#FC8D62	1.32805243962957	1	2	validation	validation	50% validation 11	2
#FC8D62	1.09025147308324	1	2	validation	validation	50% validation 72	2
#FC8D62	1.25720675033795	1	2	validation	validation	50% validation 12	2
#FC8D62	1.26235281511881	1	2	validation	validation	50% validation 34	2
#FC8D62	1.1830998619535	1	2	validation	validation	50% validation 86	2
#FC8D62	1.26135266946928	1	2	validation	validation	50% validation 35	2
#FC8D62	1.3010149934865	1	2	validation	validation	50% validation 36	2
#FC8D62	1.34741085777988	1	2	validation	validation	50% validation 37	2
#FC8D62	1.26394401764208	1	2	validation	validation	50% validation 38	2
#FC8D62	1.24538714355455	1	2	validation	validation	50% validation 59	2
#FC8D62	1.22880927665999	1	2	validation	validation	50% validation 60	2
#FC8D62	1.26633980607459	1	2	validation	validation	50% validation 39	2
#FC8D62	1.29175231191396	1	2	validation	validation	50% validation 40	2
#FC8D62	1.37061341113385	1	2	validation	validation	50% validation 41	2
#FC8D62	1.27492539450205	1	2	validation	validation	50% validation 92	2
#FC8D62	1.19656060657212	1	2	validation	validation	50% validation 42	2
#FC8D62	1.27571654192814	1	2	validation	validation	50% validation 43	2
#FC8D62	1.3389539256517	1	2	validation	validation	50% validation 44	2
#FC8D62	1.27429652754197	1	2	validation	validation	50% validation 45	2
#FC8D62	1.45611489822272	1	2	validation	validation	50% validation 13	2
#FC8D62	1.33278789619713	1	2	validation	validation	50% validation 99	2
#FC8D62	1.30369005896861	1	2	validation	validation	50% validation 61	2
#FC8D62	1.26555332679865	1	2	validation	validation	50% validation 14	2
#FC8D62	1.37641827220679	1	2	validation	validation	50% validation 2	2
#FC8D62	1.10468293837641	1	2	validation	validation	50% validation 46	2
#FC8D62	1.39879421664412	1	2	validation	validation	50% validation 75	2
#FC8D62	1.28836275604095	1	2	validation	validation	50% validation 3	2
#FC8D62	1.21703120556518	1	2	validation	validation	50% validation 47	2
#FC8D62	1.28506902697393	1	2	validation	validation	50% validation 76	2
#FC8D62	1.31130827629816	1	2	validation	validation	50% validation 97	2
#FC8D62	1.31321061092913	1	2	validation	validation	50% validation 88	2
#FC8D62	1.24021110802051	1	2	validation	validation	50% validation 62	2
#FC8D62	1.38504326240302	1	2	validation	validation	50% validation 95	2
#FC8D62	1.27322383916218	1	2	validation	validation	50% validation 48	2
#FC8D62	1.30524444594014	1	2	validation	validation	50% validation 49	2
#FC8D62	1.40882072123862	1	2	validation	validation	50% validation 15	2
#FC8D62	1.28567548807407	1	2	validation	validation	50% validation 16	2
#FC8D62	1.33959440680931	1	2	validation	validation	50% validation 17	2
#FC8D62	1.23352322576814	1	2	validation	validation	50% validation 63	2
#FC8D62	1.22639215733766	1	2	validation	validation	50% validation 64	2
#FC8D62	1.26902448529573	1	2	validation	validation	50% validation 26	2
#FC8D62	1.19945673925103	1	2	validation	validation	50% validation 65	2
#FC8D62	1.30595810606768	1	2	validation	validation	50% validation 77	2
#FC8D62	1.32824906055151	1	2	validation	validation	50% validation 50	2
#FC8D62	1.27501669429416	1	2	validation	validation	50% validation 18	2
#FC8D62	1.19122977232164	1	2	validation	validation	50% validation 96	2
#FC8D62	1.3354056638704	1	2	validation	validation	50% validation 51	2
#FC8D62	1.2669963340017	1	2	validation	validation	50% validation 52	2
#FC8D62	1.38620598150082	1	2	validation	validation	50% validation 78	2
#FC8D62	1.25171331496051	1	2	validation	validation	50% validation 53	2
#FC8D62	1.36055006787553	1	2	validation	validation	50% validation 19	2
#FC8D62	1.37176990864076	1	2	validation	validation	50% validation 73	2
#FC8D62	1.33993781527569	1	2	validation	validation	50% validation 54	2
#FC8D62	1.30638239106238	1	2	validation	validation	50% validation 4	2
#FC8D62	1.3311978822953	1	2	validation	validation	50% validation 55	2
#FC8D62	1.24714465359258	1	2	validation	validation	50% validation 5	2
#FC8D62	1.32513411136565	1	2	validation	validation	50% validation 98	2
#FC8D62	1.27378938308813	1	2	validation	validation	50% validation 66	2
#FC8D62	1.29200102113628	1	2	validation	validation	50% validation 89	2
#FC8D62	1.25001693206167	1	2	validation	validation	50% validation 79	2
#FC8D62	1.38287321529741	1	2	validation	validation	50% validation 94	2
#FC8D62	1.27555639041338	1	2	validation	validation	50% validation 80	2
#FC8D62	1.27948677715199	1	2	validation	validation	50% validation 81	2
#FC8D62	1.3958658669065	1	2	validation	validation	50% validation 20	2
#FC8D62	1.39487782662801	1	2	validation	validation	50% validation 21	2
#FC8D62	1.33846067245234	1	2	validation	validation	50% validation 56	2
#FC8D62	1.19898492394265	1	2	validation	validation	50% validation 82	2
#FC8D62	1.28011426384706	1	2	validation	validation	50% validation 67	2
#FC8D62	1.23099399366587	1	2	validation	validation	50% validation 57	2
#FC8D62	1.34644000024913	1	2	validation	validation	50% validation 27	2
#FC8D62	1.32922705961023	1	2	validation	validation	50% validation 83	2
#FC8D62	1.47068239319614	1	2	validation	validation	50% validation 58	2
#FC8D62	1.29501666255188	1	2	validation	validation	50% validation 100	2
#FC8D62	1.29353443049367	1	2	validation	validation	50% validation 68	2
#FC8D62	1.29784072500233	1	2	validation	validation	50% validation 85	2
#FC8D62	1.30791339897928	1	2	validation	validation	50% validation 90	2
#FC8D62	1.33383089150667	1	2	validation	validation	50% validation 84	2
#FC8D62	0.833442063834326	2	2	validation	validation	VC à 2 blocs 32	2
#FC8D62	1.06868625509424	2	2	validation	validation	VC à 2 blocs 33	2
#FC8D62	0.920980240679554	2	2	validation	validation	VC à 2 blocs 85	2
#FC8D62	0.89184588871712	2	2	validation	validation	VC à 2 blocs 77	2
#FC8D62	1.19351771917891	2	2	validation	validation	VC à 2 blocs 4	2
#FC8D62	0.819501712624623	2	2	validation	validation	VC à 2 blocs 34	2
#FC8D62	0.836850671206634	2	2	validation	validation	VC à 2 blocs 28	2
#FC8D62	0.885782713403781	2	2	validation	validation	VC à 2 blocs 78	2
#FC8D62	0.878240444036674	2	2	validation	validation	VC à 2 blocs 35	2
#FC8D62	1.27402371850676	2	2	validation	validation	VC à 2 blocs 5	2
#FC8D62	1.04096208823282	2	2	validation	validation	VC à 2 blocs 36	2
#FC8D62	1.04984710718622	2	2	validation	validation	VC à 2 blocs 6	2
#FC8D62	1.07842243149041	2	2	validation	validation	VC à 2 blocs 37	2
#FC8D62	1.06153219967065	2	2	validation	validation	VC à 2 blocs 91	2
#FC8D62	0.899564907055563	2	2	validation	validation	VC à 2 blocs 38	2
#FC8D62	0.912050547896139	2	2	validation	validation	VC à 2 blocs 39	2
#FC8D62	1.17292776711251	2	2	validation	validation	VC à 2 blocs 7	2
#FC8D62	0.863052293952589	2	2	validation	validation	VC à 2 blocs 92	2
#FC8D62	1.00932768222547	2	2	validation	validation	VC à 2 blocs 79	2
#FC8D62	1.22160293791869	2	2	validation	validation	VC à 2 blocs 98	2
#FC8D62	0.853534158334615	2	2	validation	validation	VC à 2 blocs 40	2
#FC8D62	1.05515549778795	2	2	validation	validation	VC à 2 blocs 97	2
#FC8D62	1.0493313990228	2	2	validation	validation	VC à 2 blocs 71	2
#FC8D62	1.04699442511151	2	2	validation	validation	VC à 2 blocs 8	2
#FC8D62	1.00085759437925	2	2	validation	validation	VC à 2 blocs 41	2
#FC8D62	1.19273266101577	2	2	validation	validation	VC à 2 blocs 9	2
#FC8D62	0.873036478504538	2	2	validation	validation	VC à 2 blocs 42	2
#FC8D62	0.936120640402893	2	2	validation	validation	VC à 2 blocs 89	2
#FC8D62	0.940889708528206	2	2	validation	validation	VC à 2 blocs 29	2
#FC8D62	0.92612886719693	2	2	validation	validation	VC à 2 blocs 43	2
#FC8D62	0.862059320752536	2	2	validation	validation	VC à 2 blocs 44	2
#FC8D62	1.2047896871047	2	2	validation	validation	VC à 2 blocs 72	2
#FC8D62	1.07197538559509	2	2	validation	validation	VC à 2 blocs 95	2
#FC8D62	0.939814730763179	2	2	validation	validation	VC à 2 blocs 73	2
#FC8D62	1.21943831535672	2	2	validation	validation	VC à 2 blocs 10	2
#FC8D62	0.767731556720449	2	2	validation	validation	VC à 2 blocs 45	2
#FC8D62	0.805308934922619	2	2	validation	validation	VC à 2 blocs 46	2
#FC8D62	1.11115396457115	2	2	validation	validation	VC à 2 blocs 11	2
#FC8D62	0.900403751275792	2	2	validation	validation	VC à 2 blocs 30	2
#FC8D62	0.860756204280921	2	2	validation	validation	VC à 2 blocs 47	2
#FC8D62	1.10473136476461	2	2	validation	validation	VC à 2 blocs 48	2
#FC8D62	1.07179154696516	2	2	validation	validation	VC à 2 blocs 49	2
#FC8D62	0.885666012069853	2	2	validation	validation	VC à 2 blocs 80	2
#FC8D62	0.868058419540752	2	2	validation	validation	VC à 2 blocs 50	2
#FC8D62	0.880359695941768	2	2	validation	validation	VC à 2 blocs 51	2
#FC8D62	1.31559389490475	2	2	validation	validation	VC à 2 blocs 12	2
#FC8D62	0.840552087878477	2	2	validation	validation	VC à 2 blocs 52	2
#FC8D62	1.17855941046881	2	2	validation	validation	VC à 2 blocs 13	2
#FC8D62	1.13331532216253	2	2	validation	validation	VC à 2 blocs 14	2
#FC8D62	0.878655965520897	2	2	validation	validation	VC à 2 blocs 31	2
#FC8D62	1.12161960399442	2	2	validation	validation	VC à 2 blocs 15	2
#FC8D62	0.885180181014433	2	2	validation	validation	VC à 2 blocs 74	2
#FC8D62	0.825241044446357	2	2	validation	validation	VC à 2 blocs 81	2
#FC8D62	0.926798334405203	2	2	validation	validation	VC à 2 blocs 53	2
#FC8D62	0.849811233904418	2	2	validation	validation	VC à 2 blocs 96	2
#FC8D62	1.17635746457382	2	2	validation	validation	VC à 2 blocs 1	2
#FC8D62	1.05188128673974	2	2	validation	validation	VC à 2 blocs 16	2
#FC8D62	0.868838525364601	2	2	validation	validation	VC à 2 blocs 54	2
#FC8D62	1.01209379857233	2	2	validation	validation	VC à 2 blocs 75	2
#FC8D62	0.955072824461188	2	2	validation	validation	VC à 2 blocs 93	2
#FC8D62	0.910362825400491	2	2	validation	validation	VC à 2 blocs 55	2
#FC8D62	1.14443437926919	2	2	validation	validation	VC à 2 blocs 56	2
#FC8D62	0.90751495541891	2	2	validation	validation	VC à 2 blocs 57	2
#FC8D62	1.08227012160495	2	2	validation	validation	VC à 2 blocs 58	2
#FC8D62	1.17878591419877	2	2	validation	validation	VC à 2 blocs 17	2
#FC8D62	0.864982954793418	2	2	validation	validation	VC à 2 blocs 82	2
#FC8D62	1.07139041278426	2	2	validation	validation	VC à 2 blocs 59	2
#FC8D62	0.829758877784174	2	2	validation	validation	VC à 2 blocs 90	2
#FC8D62	1.10960135320386	2	2	validation	validation	VC à 2 blocs 18	2
#FC8D62	1.03568653139866	2	2	validation	validation	VC à 2 blocs 2	2
#FC8D62	1.12996302901351	2	2	validation	validation	VC à 2 blocs 99	2
#FC8D62	1.03815350179861	2	2	validation	validation	VC à 2 blocs 60	2
#FC8D62	1.01733717952711	2	2	validation	validation	VC à 2 blocs 61	2
#FC8D62	1.05233098889687	2	2	validation	validation	VC à 2 blocs 19	2
#FC8D62	1.02199952524825	2	2	validation	validation	VC à 2 blocs 62	2
#FC8D62	1.03789381883515	2	2	validation	validation	VC à 2 blocs 63	2
#FC8D62	1.29318134045572	2	2	validation	validation	VC à 2 blocs 94	2
#FC8D62	0.951683973973995	2	2	validation	validation	VC à 2 blocs 76	2
#FC8D62	1.11904879710255	2	2	validation	validation	VC à 2 blocs 3	2
#FC8D62	1.08844042177811	2	2	validation	validation	VC à 2 blocs 20	2
#FC8D62	0.899277121352911	2	2	validation	validation	VC à 2 blocs 64	2
#FC8D62	1.02275853822629	2	2	validation	validation	VC à 2 blocs 21	2
#FC8D62	0.921236776112133	2	2	validation	validation	VC à 2 blocs 86	2
#FC8D62	1.14451368450591	2	2	validation	validation	VC à 2 blocs 22	2
#FC8D62	1.12118996497728	2	2	validation	validation	VC à 2 blocs 65	2
#FC8D62	1.1926131124289	2	2	validation	validation	VC à 2 blocs 23	2
#FC8D62	0.930170968856816	2	2	validation	validation	VC à 2 blocs 87	2
#FC8D62	1.21758337853628	2	2	validation	validation	VC à 2 blocs 24	2
#FC8D62	0.953315083158364	2	2	validation	validation	VC à 2 blocs 83	2
#FC8D62	1.17397650886376	2	2	validation	validation	VC à 2 blocs 66	2
#FC8D62	0.866160768379931	2	2	validation	validation	VC à 2 blocs 67	2
#FC8D62	1.13321000942149	2	2	validation	validation	VC à 2 blocs 84	2
#FC8D62	1.05864817836776	2	2	validation	validation	VC à 2 blocs 25	2
#FC8D62	1.14903028808765	2	2	validation	validation	VC à 2 blocs 68	2
#FC8D62	0.861992210960147	2	2	validation	validation	VC à 2 blocs 69	2
#FC8D62	1.14135648183808	2	2	validation	validation	VC à 2 blocs 26	2
#FC8D62	1.10231902478907	2	2	validation	validation	VC à 2 blocs 100	2
#FC8D62	1.0527935777448	2	2	validation	validation	VC à 2 blocs 88	2
#FC8D62	0.909374354049282	2	2	validation	validation	VC à 2 blocs 70	2
#FC8D62	1.27266482651674	2	2	validation	validation	VC à 2 blocs 27	2
#FC8D62	1.09680680448359	2	2	validation	validation	50% validation 87	2
#FC8D62	1.10209168595002	2	2	validation	validation	50% validation 6	2
#FC8D62	0.943819292300134	2	2	validation	validation	50% validation 28	2
#FC8D62	1.08701074982596	2	2	validation	validation	50% validation 22	2
#FC8D62	1.06701178556218	2	2	validation	validation	50% validation 23	2
#FC8D62	0.867819288873734	2	2	validation	validation	50% validation 69	2
#FC8D62	1.04437566230532	2	2	validation	validation	50% validation 7	2
#FC8D62	0.86041928503129	2	2	validation	validation	50% validation 91	2
#FC8D62	0.924351939832782	2	2	validation	validation	50% validation 24	2
#FC8D62	0.921325060743163	2	2	validation	validation	50% validation 70	2
#FC8D62	1.11233160621564	2	2	validation	validation	50% validation 93	2
#FC8D62	0.880037732371712	2	2	validation	validation	50% validation 71	2
#FC8D62	1.3804681522796	2	2	validation	validation	50% validation 8	2
#FC8D62	0.905079504822179	2	2	validation	validation	50% validation 25	2
#FC8D62	0.990492501947963	2	2	validation	validation	50% validation 29	2
#FC8D62	0.912034355267681	2	2	validation	validation	50% validation 30	2
#FC8D62	1.14466296064979	2	2	validation	validation	50% validation 9	2
#FC8D62	1.2136278944169	2	2	validation	validation	50% validation 10	2
#FC8D62	1.09688629639445	2	2	validation	validation	50% validation 31	2
#FC8D62	0.977404709343094	2	2	validation	validation	50% validation 32	2
#FC8D62	1.10890106998886	2	2	validation	validation	50% validation 1	2
#FC8D62	1.13281141787199	2	2	validation	validation	50% validation 74	2
#FC8D62	0.942778112107303	2	2	validation	validation	50% validation 33	2
#FC8D62	1.04441038747291	2	2	validation	validation	50% validation 11	2
#FC8D62	1.01539489896583	2	2	validation	validation	50% validation 72	2
#FC8D62	1.0966754859892	2	2	validation	validation	50% validation 12	2
#FC8D62	0.984775908823887	2	2	validation	validation	50% validation 34	2
#FC8D62	0.928523053920106	2	2	validation	validation	50% validation 86	2
#FC8D62	1.19186230186383	2	2	validation	validation	50% validation 35	2
#FC8D62	1.03261135808267	2	2	validation	validation	50% validation 36	2
#FC8D62	0.870261672358456	2	2	validation	validation	50% validation 37	2
#FC8D62	0.84321650697793	2	2	validation	validation	50% validation 38	2
#FC8D62	1.08541010001267	2	2	validation	validation	50% validation 59	2
#FC8D62	1.03191964421035	2	2	validation	validation	50% validation 60	2
#FC8D62	0.976188261456168	2	2	validation	validation	50% validation 39	2
#FC8D62	1.02627986618868	2	2	validation	validation	50% validation 40	2
#FC8D62	0.959742345755662	2	2	validation	validation	50% validation 41	2
#FC8D62	1.01895265988634	2	2	validation	validation	50% validation 92	2
#FC8D62	0.954116586681436	2	2	validation	validation	50% validation 42	2
#FC8D62	0.774668073273106	2	2	validation	validation	50% validation 43	2
#FC8D62	0.863380199549965	2	2	validation	validation	50% validation 44	2
#FC8D62	0.847921274038539	2	2	validation	validation	50% validation 45	2
#FC8D62	1.20533124917466	2	2	validation	validation	50% validation 13	2
#FC8D62	0.941222781382661	2	2	validation	validation	50% validation 99	2
#FC8D62	1.04099720566135	2	2	validation	validation	50% validation 61	2
#FC8D62	1.07094131577615	2	2	validation	validation	50% validation 14	2
#FC8D62	1.1386353150904	2	2	validation	validation	50% validation 2	2
#FC8D62	1.07776670074209	2	2	validation	validation	50% validation 46	2
#FC8D62	1.10105818466579	2	2	validation	validation	50% validation 75	2
#FC8D62	1.12573339466964	2	2	validation	validation	50% validation 3	2
#FC8D62	0.908315788064087	2	2	validation	validation	50% validation 47	2
#FC8D62	0.910182508508742	2	2	validation	validation	50% validation 76	2
#FC8D62	1.06202073119949	2	2	validation	validation	50% validation 97	2
#FC8D62	1.12769963987697	2	2	validation	validation	50% validation 88	2
#FC8D62	1.03992442640963	2	2	validation	validation	50% validation 62	2
#FC8D62	1.11134525691745	2	2	validation	validation	50% validation 95	2
#FC8D62	0.884278507552554	2	2	validation	validation	50% validation 48	2
#FC8D62	1.01197540541327	2	2	validation	validation	50% validation 49	2
#FC8D62	1.10765211481095	2	2	validation	validation	50% validation 15	2
#FC8D62	1.03006491176644	2	2	validation	validation	50% validation 16	2
#FC8D62	1.15836877208558	2	2	validation	validation	50% validation 17	2
#FC8D62	0.935639773138877	2	2	validation	validation	50% validation 63	2
#FC8D62	0.913639368511939	2	2	validation	validation	50% validation 64	2
#FC8D62	0.905794214225955	2	2	validation	validation	50% validation 26	2
#FC8D62	0.869055810950641	2	2	validation	validation	50% validation 65	2
#FC8D62	0.84776677879329	2	2	validation	validation	50% validation 77	2
#FC8D62	0.883653500588496	2	2	validation	validation	50% validation 50	2
#FC8D62	1.10532609116024	2	2	validation	validation	50% validation 18	2
#FC8D62	1.09706485694362	2	2	validation	validation	50% validation 96	2
#FC8D62	1.03699426832397	2	2	validation	validation	50% validation 51	2
#FC8D62	1.39971083190603	2	2	validation	validation	50% validation 52	2
#FC8D62	0.909955730289674	2	2	validation	validation	50% validation 78	2
#FC8D62	0.843795717134357	2	2	validation	validation	50% validation 53	2
#FC8D62	1.16371037962155	2	2	validation	validation	50% validation 19	2
#FC8D62	0.938687663937275	2	2	validation	validation	50% validation 73	2
#FC8D62	1.06811486898572	2	2	validation	validation	50% validation 54	2
#FC8D62	1.11519396295757	2	2	validation	validation	50% validation 4	2
#FC8D62	0.85608078165998	2	2	validation	validation	50% validation 55	2
#FC8D62	1.14601252996219	2	2	validation	validation	50% validation 5	2
#FC8D62	1.04173246762982	2	2	validation	validation	50% validation 98	2
#FC8D62	1.17322366816238	2	2	validation	validation	50% validation 66	2
#FC8D62	1.02229933171916	2	2	validation	validation	50% validation 89	2
#FC8D62	0.921379471967222	2	2	validation	validation	50% validation 79	2
#FC8D62	1.21046954876233	2	2	validation	validation	50% validation 94	2
#FC8D62	0.888589681367944	2	2	validation	validation	50% validation 80	2
#FC8D62	0.88195400586576	2	2	validation	validation	50% validation 81	2
#FC8D62	1.18258033485713	2	2	validation	validation	50% validation 20	2
#FC8D62	1.0860527296619	2	2	validation	validation	50% validation 21	2
#FC8D62	1.0674460999304	2	2	validation	validation	50% validation 56	2
#FC8D62	0.939083167797693	2	2	validation	validation	50% validation 82	2
#FC8D62	0.826807579475186	2	2	validation	validation	50% validation 67	2
#FC8D62	1.04440601303239	2	2	validation	validation	50% validation 57	2
#FC8D62	0.895457809048861	2	2	validation	validation	50% validation 27	2
#FC8D62	0.914096924841954	2	2	validation	validation	50% validation 83	2
#FC8D62	1.08441361496062	2	2	validation	validation	50% validation 58	2
#FC8D62	1.08508397613274	2	2	validation	validation	50% validation 100	2
#FC8D62	1.00461703015177	2	2	validation	validation	50% validation 68	2
#FC8D62	0.847746344312942	2	2	validation	validation	50% validation 85	2
#FC8D62	0.843388879140389	2	2	validation	validation	50% validation 90	2
#FC8D62	1.08907390002877	2	2	validation	validation	50% validation 84	2
#FC8D62	0.575389233249496	3	2	validation	validation	VC à 2 blocs 32	2
#FC8D62	0.868592838424301	3	2	validation	validation	VC à 2 blocs 33	2
#FC8D62	0.805336092562491	3	2	validation	validation	VC à 2 blocs 85	2
#FC8D62	0.351871023833238	3	2	validation	validation	VC à 2 blocs 77	2
#FC8D62	1.05330094084523	3	2	validation	validation	VC à 2 blocs 4	2
#FC8D62	0.568950086878807	3	2	validation	validation	VC à 2 blocs 34	2
#FC8D62	0.575363150631861	3	2	validation	validation	VC à 2 blocs 28	2
#FC8D62	0.447721047944826	3	2	validation	validation	VC à 2 blocs 78	2
#FC8D62	0.572911482546099	3	2	validation	validation	VC à 2 blocs 35	2
#FC8D62	1.18937051851842	3	2	validation	validation	VC à 2 blocs 5	2
#FC8D62	0.939975387755335	3	2	validation	validation	VC à 2 blocs 36	2
#FC8D62	0.921683673356815	3	2	validation	validation	VC à 2 blocs 6	2
#FC8D62	1.09937428803829	3	2	validation	validation	VC à 2 blocs 37	2
#FC8D62	0.910605998861349	3	2	validation	validation	VC à 2 blocs 91	2
#FC8D62	0.737096292743788	3	2	validation	validation	VC à 2 blocs 38	2
#FC8D62	0.534932877120278	3	2	validation	validation	VC à 2 blocs 39	2
#FC8D62	1.10440292961172	3	2	validation	validation	VC à 2 blocs 7	2
#FC8D62	0.769042043758815	3	2	validation	validation	VC à 2 blocs 92	2
#FC8D62	0.978091132802145	3	2	validation	validation	VC à 2 blocs 79	2
#FC8D62	1.0963358421936	3	2	validation	validation	VC à 2 blocs 98	2
#FC8D62	0.524270724810791	3	2	validation	validation	VC à 2 blocs 40	2
#FC8D62	0.887854472351773	3	2	validation	validation	VC à 2 blocs 97	2
#FC8D62	1.01896106495121	3	2	validation	validation	VC à 2 blocs 71	2
#FC8D62	0.83932063295674	3	2	validation	validation	VC à 2 blocs 8	2
#FC8D62	1.06919135299731	3	2	validation	validation	VC à 2 blocs 41	2
#FC8D62	1.10582061387763	3	2	validation	validation	VC à 2 blocs 9	2
#FC8D62	0.608322741239983	3	2	validation	validation	VC à 2 blocs 42	2
#FC8D62	0.682812407723299	3	2	validation	validation	VC à 2 blocs 89	2
#FC8D62	0.681934544351284	3	2	validation	validation	VC à 2 blocs 29	2
#FC8D62	0.574914480492502	3	2	validation	validation	VC à 2 blocs 43	2
#FC8D62	0.48466835919816	3	2	validation	validation	VC à 2 blocs 44	2
#FC8D62	1.07123557208079	3	2	validation	validation	VC à 2 blocs 72	2
#FC8D62	1.04055412094043	3	2	validation	validation	VC à 2 blocs 95	2
#FC8D62	0.46499342202852	3	2	validation	validation	VC à 2 blocs 73	2
#FC8D62	1.14524548814297	3	2	validation	validation	VC à 2 blocs 10	2
#FC8D62	0.479750099929446	3	2	validation	validation	VC à 2 blocs 45	2
#FC8D62	0.587753899750515	3	2	validation	validation	VC à 2 blocs 46	2
#FC8D62	0.965521700492804	3	2	validation	validation	VC à 2 blocs 11	2
#FC8D62	0.651479217878425	3	2	validation	validation	VC à 2 blocs 30	2
#FC8D62	0.732281001357837	3	2	validation	validation	VC à 2 blocs 47	2
#FC8D62	0.968665006056597	3	2	validation	validation	VC à 2 blocs 48	2
#FC8D62	0.973594724773146	3	2	validation	validation	VC à 2 blocs 49	2
#FC8D62	0.535660394425056	3	2	validation	validation	VC à 2 blocs 80	2
#FC8D62	0.829935129949761	3	2	validation	validation	VC à 2 blocs 50	2
#FC8D62	0.745884930372237	3	2	validation	validation	VC à 2 blocs 51	2
#FC8D62	1.23724466169899	3	2	validation	validation	VC à 2 blocs 12	2
#FC8D62	0.606229080701031	3	2	validation	validation	VC à 2 blocs 52	2
#FC8D62	1.09805566072643	3	2	validation	validation	VC à 2 blocs 13	2
#FC8D62	1.07477780726527	3	2	validation	validation	VC à 2 blocs 14	2
#FC8D62	0.545639061098778	3	2	validation	validation	VC à 2 blocs 31	2
#FC8D62	0.901888368294829	3	2	validation	validation	VC à 2 blocs 15	2
#FC8D62	0.512481393728416	3	2	validation	validation	VC à 2 blocs 74	2
#FC8D62	0.690330221033598	3	2	validation	validation	VC à 2 blocs 81	2
#FC8D62	0.756622273421576	3	2	validation	validation	VC à 2 blocs 53	2
#FC8D62	0.630977478035292	3	2	validation	validation	VC à 2 blocs 96	2
#FC8D62	1.24283931671326	3	2	validation	validation	VC à 2 blocs 1	2
#FC8D62	0.906271412609543	3	2	validation	validation	VC à 2 blocs 16	2
#FC8D62	0.690711630402357	3	2	validation	validation	VC à 2 blocs 54	2
#FC8D62	0.768021324533579	3	2	validation	validation	VC à 2 blocs 75	2
#FC8D62	0.676784270444682	3	2	validation	validation	VC à 2 blocs 93	2
#FC8D62	0.419249724256315	3	2	validation	validation	VC à 2 blocs 55	2
#FC8D62	1.02859014328804	3	2	validation	validation	VC à 2 blocs 56	2
#FC8D62	0.669327055541195	3	2	validation	validation	VC à 2 blocs 57	2
#FC8D62	0.955944965541877	3	2	validation	validation	VC à 2 blocs 58	2
#FC8D62	1.13919600055973	3	2	validation	validation	VC à 2 blocs 17	2
#FC8D62	0.669208286364724	3	2	validation	validation	VC à 2 blocs 82	2
#FC8D62	0.991404432595188	3	2	validation	validation	VC à 2 blocs 59	2
#FC8D62	0.471874640255331	3	2	validation	validation	VC à 2 blocs 90	2
#FC8D62	1.08875953061785	3	2	validation	validation	VC à 2 blocs 18	2
#FC8D62	1.07311524127994	3	2	validation	validation	VC à 2 blocs 2	2
#FC8D62	0.963754487816303	3	2	validation	validation	VC à 2 blocs 99	2
#FC8D62	1.02324820451518	3	2	validation	validation	VC à 2 blocs 60	2
#FC8D62	1.0469524065512	3	2	validation	validation	VC à 2 blocs 61	2
#FC8D62	0.86078879825828	3	2	validation	validation	VC à 2 blocs 19	2
#FC8D62	1.0296135711649	3	2	validation	validation	VC à 2 blocs 62	2
#FC8D62	0.98816220671686	3	2	validation	validation	VC à 2 blocs 63	2
#FC8D62	1.37228245816095	3	2	validation	validation	VC à 2 blocs 94	2
#FC8D62	0.773174430219097	3	2	validation	validation	VC à 2 blocs 76	2
#FC8D62	1.20354379844934	3	2	validation	validation	VC à 2 blocs 3	2
#FC8D62	0.936783808073288	3	2	validation	validation	VC à 2 blocs 20	2
#FC8D62	0.683581503944326	3	2	validation	validation	VC à 2 blocs 64	2
#FC8D62	0.89740085544302	3	2	validation	validation	VC à 2 blocs 21	2
#FC8D62	0.89488484745461	3	2	validation	validation	VC à 2 blocs 86	2
#FC8D62	1.03955242462246	3	2	validation	validation	VC à 2 blocs 22	2
#FC8D62	1.21592953531394	3	2	validation	validation	VC à 2 blocs 65	2
#FC8D62	1.0305383810968	3	2	validation	validation	VC à 2 blocs 23	2
#FC8D62	0.888416953263292	3	2	validation	validation	VC à 2 blocs 87	2
#FC8D62	1.0346336763969	3	2	validation	validation	VC à 2 blocs 24	2
#FC8D62	0.799081672361028	3	2	validation	validation	VC à 2 blocs 83	2
#FC8D62	1.00739923072262	3	2	validation	validation	VC à 2 blocs 66	2
#FC8D62	0.597166294797439	3	2	validation	validation	VC à 2 blocs 67	2
#FC8D62	1.03946766695147	3	2	validation	validation	VC à 2 blocs 84	2
#FC8D62	0.926313412848534	3	2	validation	validation	VC à 2 blocs 25	2
#FC8D62	1.11937899015808	3	2	validation	validation	VC à 2 blocs 68	2
#FC8D62	0.596408420831827	3	2	validation	validation	VC à 2 blocs 69	2
#FC8D62	1.0191559172947	3	2	validation	validation	VC à 2 blocs 26	2
#FC8D62	0.885912847052564	3	2	validation	validation	VC à 2 blocs 100	2
#FC8D62	0.712874734031794	3	2	validation	validation	VC à 2 blocs 88	2
#FC8D62	0.71161545994181	3	2	validation	validation	VC à 2 blocs 70	2
#FC8D62	1.21527108151574	3	2	validation	validation	VC à 2 blocs 27	2
#FC8D62	0.887558118157448	3	2	validation	validation	50% validation 87	2
#FC8D62	0.867822497216547	3	2	validation	validation	50% validation 6	2
#FC8D62	0.69467598242094	3	2	validation	validation	50% validation 28	2
#FC8D62	1.02185396698752	3	2	validation	validation	50% validation 22	2
#FC8D62	0.969083804698758	3	2	validation	validation	50% validation 23	2
#FC8D62	0.499722325601129	3	2	validation	validation	50% validation 69	2
#FC8D62	0.93903076998264	3	2	validation	validation	50% validation 7	2
#FC8D62	0.829394685917949	3	2	validation	validation	50% validation 91	2
#FC8D62	0.743200262865722	3	2	validation	validation	50% validation 24	2
#FC8D62	0.595657950843001	3	2	validation	validation	50% validation 70	2
#FC8D62	0.987906455384869	3	2	validation	validation	50% validation 93	2
#FC8D62	0.727733337353285	3	2	validation	validation	50% validation 71	2
#FC8D62	1.26721148977676	3	2	validation	validation	50% validation 8	2
#FC8D62	0.832096603258293	3	2	validation	validation	50% validation 25	2
#FC8D62	1.03674064216245	3	2	validation	validation	50% validation 29	2
#FC8D62	0.747775507942746	3	2	validation	validation	50% validation 30	2
#FC8D62	1.01195538804818	3	2	validation	validation	50% validation 9	2
#FC8D62	1.14854296643967	3	2	validation	validation	50% validation 10	2
#FC8D62	1.16635671218045	3	2	validation	validation	50% validation 31	2
#FC8D62	0.717904984417676	3	2	validation	validation	50% validation 32	2
#FC8D62	1.20365778255564	3	2	validation	validation	50% validation 1	2
#FC8D62	1.03545159403985	3	2	validation	validation	50% validation 74	2
#FC8D62	0.891205617829173	3	2	validation	validation	50% validation 33	2
#FC8D62	0.848848074777689	3	2	validation	validation	50% validation 11	2
#FC8D62	0.633603208313709	3	2	validation	validation	50% validation 72	2
#FC8D62	0.867308968555352	3	2	validation	validation	50% validation 12	2
#FC8D62	0.57992006781452	3	2	validation	validation	50% validation 34	2
#FC8D62	0.753766542181611	3	2	validation	validation	50% validation 86	2
#FC8D62	1.09304235799682	3	2	validation	validation	50% validation 35	2
#FC8D62	0.934004331386969	3	2	validation	validation	50% validation 36	2
#FC8D62	0.760196481038166	3	2	validation	validation	50% validation 37	2
#FC8D62	0.715642177700984	3	2	validation	validation	50% validation 38	2
#FC8D62	1.03354781418659	3	2	validation	validation	50% validation 59	2
#FC8D62	1.0536590185192	3	2	validation	validation	50% validation 60	2
#FC8D62	0.837899272398979	3	2	validation	validation	50% validation 39	2
#FC8D62	0.983080927291825	3	2	validation	validation	50% validation 40	2
#FC8D62	0.51435547113882	3	2	validation	validation	50% validation 41	2
#FC8D62	0.92430405766871	3	2	validation	validation	50% validation 92	2
#FC8D62	0.779479309991484	3	2	validation	validation	50% validation 42	2
#FC8D62	0.453776657376969	3	2	validation	validation	50% validation 43	2
#FC8D62	0.504483306707086	3	2	validation	validation	50% validation 44	2
#FC8D62	0.719784129693291	3	2	validation	validation	50% validation 45	2
#FC8D62	1.03273209609349	3	2	validation	validation	50% validation 13	2
#FC8D62	0.601377665405429	3	2	validation	validation	50% validation 99	2
#FC8D62	0.904888716297758	3	2	validation	validation	50% validation 61	2
#FC8D62	0.921918260951951	3	2	validation	validation	50% validation 14	2
#FC8D62	1.27011544039083	3	2	validation	validation	50% validation 2	2
#FC8D62	0.947280168418403	3	2	validation	validation	50% validation 46	2
#FC8D62	0.894318473708909	3	2	validation	validation	50% validation 75	2
#FC8D62	1.23781061261196	3	2	validation	validation	50% validation 3	2
#FC8D62	0.547495000000313	3	2	validation	validation	50% validation 47	2
#FC8D62	0.691871854463365	3	2	validation	validation	50% validation 76	2
#FC8D62	0.860242594709704	3	2	validation	validation	50% validation 97	2
#FC8D62	1.18410342810204	3	2	validation	validation	50% validation 88	2
#FC8D62	0.965440229092765	3	2	validation	validation	50% validation 62	2
#FC8D62	0.906956127066393	3	2	validation	validation	50% validation 95	2
#FC8D62	0.69909633199005	3	2	validation	validation	50% validation 48	2
#FC8D62	0.92608216225872	3	2	validation	validation	50% validation 49	2
#FC8D62	0.980400758505117	3	2	validation	validation	50% validation 15	2
#FC8D62	0.961918719727071	3	2	validation	validation	50% validation 16	2
#FC8D62	1.04917127478596	3	2	validation	validation	50% validation 17	2
#FC8D62	0.654958659912011	3	2	validation	validation	50% validation 63	2
#FC8D62	0.763748614668224	3	2	validation	validation	50% validation 64	2
#FC8D62	0.556929249538406	3	2	validation	validation	50% validation 26	2
#FC8D62	0.472027411102429	3	2	validation	validation	50% validation 65	2
#FC8D62	0.431772273600106	3	2	validation	validation	50% validation 77	2
#FC8D62	0.566867062492498	3	2	validation	validation	50% validation 50	2
#FC8D62	0.918680891137255	3	2	validation	validation	50% validation 18	2
#FC8D62	1.03904101504947	3	2	validation	validation	50% validation 96	2
#FC8D62	0.995537175893394	3	2	validation	validation	50% validation 51	2
#FC8D62	1.21917726890887	3	2	validation	validation	50% validation 52	2
#FC8D62	0.779327104560918	3	2	validation	validation	50% validation 78	2
#FC8D62	0.478059603021844	3	2	validation	validation	50% validation 53	2
#FC8D62	1.0624772642339	3	2	validation	validation	50% validation 19	2
#FC8D62	0.50407417479572	3	2	validation	validation	50% validation 73	2
#FC8D62	1.05266743943167	3	2	validation	validation	50% validation 54	2
#FC8D62	1.24610019455079	3	2	validation	validation	50% validation 4	2
#FC8D62	0.598027296786363	3	2	validation	validation	50% validation 55	2
#FC8D62	1.24964299313053	3	2	validation	validation	50% validation 5	2
#FC8D62	0.86322073581435	3	2	validation	validation	50% validation 98	2
#FC8D62	0.882414987082336	3	2	validation	validation	50% validation 66	2
#FC8D62	0.899274920327082	3	2	validation	validation	50% validation 89	2
#FC8D62	0.676382595417011	3	2	validation	validation	50% validation 79	2
#FC8D62	1.04468986688634	3	2	validation	validation	50% validation 94	2
#FC8D62	0.596636918297803	3	2	validation	validation	50% validation 80	2
#FC8D62	0.721516003105656	3	2	validation	validation	50% validation 81	2
#FC8D62	1.07120034982642	3	2	validation	validation	50% validation 20	2
#FC8D62	0.861201294123471	3	2	validation	validation	50% validation 21	2
#FC8D62	0.875812583137398	3	2	validation	validation	50% validation 56	2
#FC8D62	0.872221652180817	3	2	validation	validation	50% validation 82	2
#FC8D62	0.602073949884346	3	2	validation	validation	50% validation 67	2
#FC8D62	0.933071472815528	3	2	validation	validation	50% validation 57	2
#FC8D62	0.502671126047315	3	2	validation	validation	50% validation 27	2
#FC8D62	0.588432067071453	3	2	validation	validation	50% validation 83	2
#FC8D62	1.13226483422063	3	2	validation	validation	50% validation 58	2
#FC8D62	0.966593613419437	3	2	validation	validation	50% validation 100	2
#FC8D62	1.06380344066176	3	2	validation	validation	50% validation 68	2
#FC8D62	0.698364075571355	3	2	validation	validation	50% validation 85	2
#FC8D62	0.846958279342642	3	2	validation	validation	50% validation 90	2
#FC8D62	1.04961979179029	3	2	validation	validation	50% validation 84	2
#FC8D62	0.369522031630523	4	2	validation	validation	VC à 2 blocs 32	2
#FC8D62	0.914131733423696	4	2	validation	validation	VC à 2 blocs 33	2
#FC8D62	0.651234586898785	4	2	validation	validation	VC à 2 blocs 85	2
#FC8D62	0.324056962489649	4	2	validation	validation	VC à 2 blocs 77	2
#FC8D62	1.14523038056593	4	2	validation	validation	VC à 2 blocs 4	2
#FC8D62	0.320948343505114	4	2	validation	validation	VC à 2 blocs 34	2
#FC8D62	0.320973052378245	4	2	validation	validation	VC à 2 blocs 28	2
#FC8D62	0.477390403667911	4	2	validation	validation	VC à 2 blocs 78	2
#FC8D62	0.678903652253798	4	2	validation	validation	VC à 2 blocs 35	2
#FC8D62	1.23236051184002	4	2	validation	validation	VC à 2 blocs 5	2
#FC8D62	0.856401064335721	4	2	validation	validation	VC à 2 blocs 36	2
#FC8D62	0.963483390290137	4	2	validation	validation	VC à 2 blocs 6	2
#FC8D62	1.03307662241877	4	2	validation	validation	VC à 2 blocs 37	2
#FC8D62	0.822406582078636	4	2	validation	validation	VC à 2 blocs 91	2
#FC8D62	0.634956751644737	4	2	validation	validation	VC à 2 blocs 38	2
#FC8D62	0.156131368988397	4	2	validation	validation	VC à 2 blocs 39	2
#FC8D62	1.21189106595024	4	2	validation	validation	VC à 2 blocs 7	2
#FC8D62	0.772844185185468	4	2	validation	validation	VC à 2 blocs 92	2
#FC8D62	0.903378174186545	4	2	validation	validation	VC à 2 blocs 79	2
#FC8D62	1.16405321407534	4	2	validation	validation	VC à 2 blocs 98	2
#FC8D62	0.277423628103005	4	2	validation	validation	VC à 2 blocs 40	2
#FC8D62	0.976113579619513	4	2	validation	validation	VC à 2 blocs 97	2
#FC8D62	0.979417020415311	4	2	validation	validation	VC à 2 blocs 71	2
#FC8D62	0.974679004906146	4	2	validation	validation	VC à 2 blocs 8	2
#FC8D62	1.00793587975192	4	2	validation	validation	VC à 2 blocs 41	2
#FC8D62	1.20069416925287	4	2	validation	validation	VC à 2 blocs 9	2
#FC8D62	0.38861458335685	4	2	validation	validation	VC à 2 blocs 42	2
#FC8D62	0.635595739482099	4	2	validation	validation	VC à 2 blocs 89	2
#FC8D62	0.559019761278662	4	2	validation	validation	VC à 2 blocs 29	2
#FC8D62	0.32546909954769	4	2	validation	validation	VC à 2 blocs 43	2
#FC8D62	0.411689486610199	4	2	validation	validation	VC à 2 blocs 44	2
#FC8D62	1.06930934060755	4	2	validation	validation	VC à 2 blocs 72	2
#FC8D62	1.01696554997813	4	2	validation	validation	VC à 2 blocs 95	2
#FC8D62	0.403060329679791	4	2	validation	validation	VC à 2 blocs 73	2
#FC8D62	1.22948583859606	4	2	validation	validation	VC à 2 blocs 10	2
#FC8D62	0.425569595120513	4	2	validation	validation	VC à 2 blocs 45	2
#FC8D62	0.40381103056455	4	2	validation	validation	VC à 2 blocs 46	2
#FC8D62	0.989605636954758	4	2	validation	validation	VC à 2 blocs 11	2
#FC8D62	0.544058472462845	4	2	validation	validation	VC à 2 blocs 30	2
#FC8D62	0.687226147111	4	2	validation	validation	VC à 2 blocs 47	2
#FC8D62	0.997710910990317	4	2	validation	validation	VC à 2 blocs 48	2
#FC8D62	0.915194900085046	4	2	validation	validation	VC à 2 blocs 49	2
#FC8D62	0.246328428736882	4	2	validation	validation	VC à 2 blocs 80	2
#FC8D62	0.800286638427461	4	2	validation	validation	VC à 2 blocs 50	2
#FC8D62	0.620433570312035	4	2	validation	validation	VC à 2 blocs 51	2
#FC8D62	1.32192824296809	4	2	validation	validation	VC à 2 blocs 12	2
#FC8D62	0.381745758667322	4	2	validation	validation	VC à 2 blocs 52	2
#FC8D62	1.18882887244504	4	2	validation	validation	VC à 2 blocs 13	2
#FC8D62	1.13764717513786	4	2	validation	validation	VC à 2 blocs 14	2
#FC8D62	0.275582479674889	4	2	validation	validation	VC à 2 blocs 31	2
#FC8D62	0.948435161715281	4	2	validation	validation	VC à 2 blocs 15	2
#FC8D62	0.501732924602597	4	2	validation	validation	VC à 2 blocs 74	2
#FC8D62	0.74763024257715	4	2	validation	validation	VC à 2 blocs 81	2
#FC8D62	0.688761177402294	4	2	validation	validation	VC à 2 blocs 53	2
#FC8D62	0.43050025980261	4	2	validation	validation	VC à 2 blocs 96	2
#FC8D62	1.21213702907804	4	2	validation	validation	VC à 2 blocs 1	2
#FC8D62	0.954110089069692	4	2	validation	validation	VC à 2 blocs 16	2
#FC8D62	0.530854639859881	4	2	validation	validation	VC à 2 blocs 54	2
#FC8D62	0.599880895924567	4	2	validation	validation	VC à 2 blocs 75	2
#FC8D62	0.582442928927787	4	2	validation	validation	VC à 2 blocs 93	2
#FC8D62	0.478647036436868	4	2	validation	validation	VC à 2 blocs 55	2
#FC8D62	1.02057014747131	4	2	validation	validation	VC à 2 blocs 56	2
#FC8D62	0.388242760694064	4	2	validation	validation	VC à 2 blocs 57	2
#FC8D62	1.00409069020828	4	2	validation	validation	VC à 2 blocs 58	2
#FC8D62	1.22920855371462	4	2	validation	validation	VC à 2 blocs 17	2
#FC8D62	0.621549950804487	4	2	validation	validation	VC à 2 blocs 82	2
#FC8D62	0.997590790471491	4	2	validation	validation	VC à 2 blocs 59	2
#FC8D62	0.481611514776485	4	2	validation	validation	VC à 2 blocs 90	2
#FC8D62	1.16317139615528	4	2	validation	validation	VC à 2 blocs 18	2
#FC8D62	1.06109640180609	4	2	validation	validation	VC à 2 blocs 2	2
#FC8D62	0.973471486068835	4	2	validation	validation	VC à 2 blocs 99	2
#FC8D62	0.956148978953817	4	2	validation	validation	VC à 2 blocs 60	2
#FC8D62	0.980072242462205	4	2	validation	validation	VC à 2 blocs 61	2
#FC8D62	0.968308447787935	4	2	validation	validation	VC à 2 blocs 19	2
#FC8D62	0.796301033025834	4	2	validation	validation	VC à 2 blocs 62	2
#FC8D62	0.906078943810951	4	2	validation	validation	VC à 2 blocs 63	2
#FC8D62	1.36385655170523	4	2	validation	validation	VC à 2 blocs 94	2
#FC8D62	0.636676106875573	4	2	validation	validation	VC à 2 blocs 76	2
#FC8D62	1.20465071219931	4	2	validation	validation	VC à 2 blocs 3	2
#FC8D62	1.03847218177904	4	2	validation	validation	VC à 2 blocs 20	2
#FC8D62	0.549573137589842	4	2	validation	validation	VC à 2 blocs 64	2
#FC8D62	0.962261378792274	4	2	validation	validation	VC à 2 blocs 21	2
#FC8D62	0.901885691260047	4	2	validation	validation	VC à 2 blocs 86	2
#FC8D62	1.16995320781858	4	2	validation	validation	VC à 2 blocs 22	2
#FC8D62	1.1699693934048	4	2	validation	validation	VC à 2 blocs 65	2
#FC8D62	1.1863701248506	4	2	validation	validation	VC à 2 blocs 23	2
#FC8D62	0.840015273654993	4	2	validation	validation	VC à 2 blocs 87	2
#FC8D62	1.15144092025325	4	2	validation	validation	VC à 2 blocs 24	2
#FC8D62	0.831696140871903	4	2	validation	validation	VC à 2 blocs 83	2
#FC8D62	0.987729055369267	4	2	validation	validation	VC à 2 blocs 66	2
#FC8D62	0.465892085972702	4	2	validation	validation	VC à 2 blocs 67	2
#FC8D62	1.05215066774571	4	2	validation	validation	VC à 2 blocs 84	2
#FC8D62	1.07599321515691	4	2	validation	validation	VC à 2 blocs 25	2
#FC8D62	1.09998356283484	4	2	validation	validation	VC à 2 blocs 68	2
#FC8D62	0.521633158879703	4	2	validation	validation	VC à 2 blocs 69	2
#FC8D62	1.08834309227094	4	2	validation	validation	VC à 2 blocs 26	2
#FC8D62	0.979515160096116	4	2	validation	validation	VC à 2 blocs 100	2
#FC8D62	0.551782691924256	4	2	validation	validation	VC à 2 blocs 88	2
#FC8D62	0.581890693007601	4	2	validation	validation	VC à 2 blocs 70	2
#FC8D62	1.33315951649456	4	2	validation	validation	VC à 2 blocs 27	2
#FC8D62	0.918655908389237	4	2	validation	validation	50% validation 87	2
#FC8D62	0.922263547975041	4	2	validation	validation	50% validation 6	2
#FC8D62	0.455595569950881	4	2	validation	validation	50% validation 28	2
#FC8D62	1.01215142712606	4	2	validation	validation	50% validation 22	2
#FC8D62	0.904832069212024	4	2	validation	validation	50% validation 23	2
#FC8D62	0.275349898880427	4	2	validation	validation	50% validation 69	2
#FC8D62	1.01207925208404	4	2	validation	validation	50% validation 7	2
#FC8D62	0.781973373306976	4	2	validation	validation	50% validation 91	2
#FC8D62	0.630697968410325	4	2	validation	validation	50% validation 24	2
#FC8D62	0.349978609412258	4	2	validation	validation	50% validation 70	2
#FC8D62	1.00007465654941	4	2	validation	validation	50% validation 93	2
#FC8D62	0.659861078106468	4	2	validation	validation	50% validation 71	2
#FC8D62	1.35033461579881	4	2	validation	validation	50% validation 8	2
#FC8D62	0.7389444317358	4	2	validation	validation	50% validation 25	2
#FC8D62	0.983070201977874	4	2	validation	validation	50% validation 29	2
#FC8D62	0.605841234971145	4	2	validation	validation	50% validation 30	2
#FC8D62	1.21169997042242	4	2	validation	validation	50% validation 9	2
#FC8D62	1.21355678131059	4	2	validation	validation	50% validation 10	2
#FC8D62	1.01238770234646	4	2	validation	validation	50% validation 31	2
#FC8D62	0.578330165361401	4	2	validation	validation	50% validation 32	2
#FC8D62	1.17136276251091	4	2	validation	validation	50% validation 1	2
#FC8D62	0.982340758264576	4	2	validation	validation	50% validation 74	2
#FC8D62	0.866982642910746	4	2	validation	validation	50% validation 33	2
#FC8D62	0.944136793347137	4	2	validation	validation	50% validation 11	2
#FC8D62	0.400033227399724	4	2	validation	validation	50% validation 72	2
#FC8D62	0.975023013393565	4	2	validation	validation	50% validation 12	2
#FC8D62	0.744841240855113	4	2	validation	validation	50% validation 34	2
#FC8D62	0.596078814981699	4	2	validation	validation	50% validation 86	2
#FC8D62	1.12086808821104	4	2	validation	validation	50% validation 35	2
#FC8D62	0.889415684957939	4	2	validation	validation	50% validation 36	2
#FC8D62	0.767450242797439	4	2	validation	validation	50% validation 37	2
#FC8D62	0.563034273039334	4	2	validation	validation	50% validation 38	2
#FC8D62	0.997126460736647	4	2	validation	validation	50% validation 59	2
#FC8D62	0.98734722986885	4	2	validation	validation	50% validation 60	2
#FC8D62	0.744800077166295	4	2	validation	validation	50% validation 39	2
#FC8D62	1.03037288377554	4	2	validation	validation	50% validation 40	2
#FC8D62	0.380605293048667	4	2	validation	validation	50% validation 41	2
#FC8D62	0.866352737098047	4	2	validation	validation	50% validation 92	2
#FC8D62	0.635896292078227	4	2	validation	validation	50% validation 42	2
#FC8D62	0.558351173855824	4	2	validation	validation	50% validation 43	2
#FC8D62	0.317031746573069	4	2	validation	validation	50% validation 44	2
#FC8D62	0.601154844019142	4	2	validation	validation	50% validation 45	2
#FC8D62	1.03795021818424	4	2	validation	validation	50% validation 13	2
#FC8D62	0.494851305968503	4	2	validation	validation	50% validation 99	2
#FC8D62	0.976385067157955	4	2	validation	validation	50% validation 61	2
#FC8D62	0.97341033555589	4	2	validation	validation	50% validation 14	2
#FC8D62	1.24487566705966	4	2	validation	validation	50% validation 2	2
#FC8D62	0.85967322493786	4	2	validation	validation	50% validation 46	2
#FC8D62	0.916594031705992	4	2	validation	validation	50% validation 75	2
#FC8D62	1.1980050556224	4	2	validation	validation	50% validation 3	2
#FC8D62	0.466604689458621	4	2	validation	validation	50% validation 47	2
#FC8D62	0.502249748229747	4	2	validation	validation	50% validation 76	2
#FC8D62	0.925496595352271	4	2	validation	validation	50% validation 97	2
#FC8D62	1.13746695680041	4	2	validation	validation	50% validation 88	2
#FC8D62	0.801878979095111	4	2	validation	validation	50% validation 62	2
#FC8D62	0.966093703287592	4	2	validation	validation	50% validation 95	2
#FC8D62	0.586727687613526	4	2	validation	validation	50% validation 48	2
#FC8D62	0.855287482056282	4	2	validation	validation	50% validation 49	2
#FC8D62	1.01956536158248	4	2	validation	validation	50% validation 15	2
#FC8D62	1.05070427383315	4	2	validation	validation	50% validation 16	2
#FC8D62	1.15566696196543	4	2	validation	validation	50% validation 17	2
#FC8D62	0.539646134859971	4	2	validation	validation	50% validation 63	2
#FC8D62	0.609051660966055	4	2	validation	validation	50% validation 64	2
#FC8D62	0.325563392520029	4	2	validation	validation	50% validation 26	2
#FC8D62	0.4295378141799	4	2	validation	validation	50% validation 65	2
#FC8D62	0.409031632106987	4	2	validation	validation	50% validation 77	2
#FC8D62	0.352790848542026	4	2	validation	validation	50% validation 50	2
#FC8D62	0.935274036815504	4	2	validation	validation	50% validation 18	2
#FC8D62	1.02614795097569	4	2	validation	validation	50% validation 96	2
#FC8D62	1.0847890750389	4	2	validation	validation	50% validation 51	2
#FC8D62	1.19569360460362	4	2	validation	validation	50% validation 52	2
#FC8D62	0.7572478535157	4	2	validation	validation	50% validation 78	2
#FC8D62	0.2863980732167	4	2	validation	validation	50% validation 53	2
#FC8D62	1.16382908119147	4	2	validation	validation	50% validation 19	2
#FC8D62	0.328734770062419	4	2	validation	validation	50% validation 73	2
#FC8D62	0.985301593097882	4	2	validation	validation	50% validation 54	2
#FC8D62	1.2366764392759	4	2	validation	validation	50% validation 4	2
#FC8D62	0.337462492485532	4	2	validation	validation	50% validation 55	2
#FC8D62	1.2075767986483	4	2	validation	validation	50% validation 5	2
#FC8D62	0.953730764911793	4	2	validation	validation	50% validation 98	2
#FC8D62	0.921197269486315	4	2	validation	validation	50% validation 66	2
#FC8D62	0.953254309512215	4	2	validation	validation	50% validation 89	2
#FC8D62	0.498608095028171	4	2	validation	validation	50% validation 79	2
#FC8D62	1.02994589011363	4	2	validation	validation	50% validation 94	2
#FC8D62	0.335303318512707	4	2	validation	validation	50% validation 80	2
#FC8D62	0.670850189980726	4	2	validation	validation	50% validation 81	2
#FC8D62	1.16193345011997	4	2	validation	validation	50% validation 20	2
#FC8D62	0.944904299066769	4	2	validation	validation	50% validation 21	2
#FC8D62	0.916145312419345	4	2	validation	validation	50% validation 56	2
#FC8D62	0.706122872702014	4	2	validation	validation	50% validation 82	2
#FC8D62	0.502994208032111	4	2	validation	validation	50% validation 67	2
#FC8D62	0.856366436045072	4	2	validation	validation	50% validation 57	2
#FC8D62	0.256705880388857	4	2	validation	validation	50% validation 27	2
#FC8D62	0.46216564041937	4	2	validation	validation	50% validation 83	2
#FC8D62	1.09547333798348	4	2	validation	validation	50% validation 58	2
#FC8D62	0.982052789250595	4	2	validation	validation	50% validation 100	2
#FC8D62	0.998898682767529	4	2	validation	validation	50% validation 68	2
#FC8D62	0.676201505456158	4	2	validation	validation	50% validation 85	2
#FC8D62	0.909049712142276	4	2	validation	validation	50% validation 90	2
#FC8D62	1.06988985953255	4	2	validation	validation	50% validation 84	2
#FC8D62	-0.610342630592671	5	2	validation	validation	VC à 2 blocs 32	2
#FC8D62	0.840813163823565	5	2	validation	validation	VC à 2 blocs 33	2
#FC8D62	0.539225497925911	5	2	validation	validation	VC à 2 blocs 85	2
#FC8D62	-0.0155828303694798	5	2	validation	validation	VC à 2 blocs 77	2
#FC8D62	1.09517112032072	5	2	validation	validation	VC à 2 blocs 4	2
#FC8D62	0.00619619852778133	5	2	validation	validation	VC à 2 blocs 34	2
#FC8D62	0.448813731268311	5	2	validation	validation	VC à 2 blocs 28	2
#FC8D62	0.128720074698259	5	2	validation	validation	VC à 2 blocs 78	2
#FC8D62	0.433384143029129	5	2	validation	validation	VC à 2 blocs 35	2
#FC8D62	1.21119182909466	5	2	validation	validation	VC à 2 blocs 5	2
#FC8D62	0.759048648805768	5	2	validation	validation	VC à 2 blocs 36	2
#FC8D62	0.944892214647068	5	2	validation	validation	VC à 2 blocs 6	2
#FC8D62	0.966605137311215	5	2	validation	validation	VC à 2 blocs 37	2
#FC8D62	0.655375346349465	5	2	validation	validation	VC à 2 blocs 91	2
#FC8D62	0.605434882200553	5	2	validation	validation	VC à 2 blocs 38	2
#FC8D62	0.0574241303703353	5	2	validation	validation	VC à 2 blocs 39	2
#FC8D62	1.20102302018842	5	2	validation	validation	VC à 2 blocs 7	2
#FC8D62	0.641781521319291	5	2	validation	validation	VC à 2 blocs 92	2
#FC8D62	0.85009931145734	5	2	validation	validation	VC à 2 blocs 79	2
#FC8D62	1.11402330543922	5	2	validation	validation	VC à 2 blocs 98	2
#FC8D62	0.0243837518800402	5	2	validation	validation	VC à 2 blocs 40	2
#FC8D62	0.903540782319978	5	2	validation	validation	VC à 2 blocs 97	2
#FC8D62	0.915766476685598	5	2	validation	validation	VC à 2 blocs 71	2
#FC8D62	0.876933372226492	5	2	validation	validation	VC à 2 blocs 8	2
#FC8D62	0.978744151962764	5	2	validation	validation	VC à 2 blocs 41	2
#FC8D62	1.16109650982038	5	2	validation	validation	VC à 2 blocs 9	2
#FC8D62	0.33680862503094	5	2	validation	validation	VC à 2 blocs 42	2
#FC8D62	0.59990817138677	5	2	validation	validation	VC à 2 blocs 89	2
#FC8D62	0.56386735796931	5	2	validation	validation	VC à 2 blocs 29	2
#FC8D62	-0.0515583731651314	5	2	validation	validation	VC à 2 blocs 43	2
#FC8D62	0.335749883729766	5	2	validation	validation	VC à 2 blocs 44	2
#FC8D62	1.03521918859607	5	2	validation	validation	VC à 2 blocs 72	2
#FC8D62	0.944537804013762	5	2	validation	validation	VC à 2 blocs 95	2
#FC8D62	0.290055067767421	5	2	validation	validation	VC à 2 blocs 73	2
#FC8D62	1.21107581851357	5	2	validation	validation	VC à 2 blocs 10	2
#FC8D62	0.314424967079085	5	2	validation	validation	VC à 2 blocs 45	2
#FC8D62	-0.785641106247307	5	2	validation	validation	VC à 2 blocs 46	2
#FC8D62	1.00330658690554	5	2	validation	validation	VC à 2 blocs 11	2
#FC8D62	0.642664029557823	5	2	validation	validation	VC à 2 blocs 30	2
#FC8D62	0.581172361774127	5	2	validation	validation	VC à 2 blocs 47	2
#FC8D62	0.924158814310529	5	2	validation	validation	VC à 2 blocs 48	2
#FC8D62	0.843112562411739	5	2	validation	validation	VC à 2 blocs 49	2
#FC8D62	-0.575453727970205	5	2	validation	validation	VC à 2 blocs 80	2
#FC8D62	0.709368418119611	5	2	validation	validation	VC à 2 blocs 50	2
#FC8D62	0.411807627519125	5	2	validation	validation	VC à 2 blocs 51	2
#FC8D62	1.31930878386004	5	2	validation	validation	VC à 2 blocs 12	2
#FC8D62	-0.663325357643927	5	2	validation	validation	VC à 2 blocs 52	2
#FC8D62	1.15521802466222	5	2	validation	validation	VC à 2 blocs 13	2
#FC8D62	1.08351042355575	5	2	validation	validation	VC à 2 blocs 14	2
#FC8D62	0.313674634935708	5	2	validation	validation	VC à 2 blocs 31	2
#FC8D62	0.978402661225264	5	2	validation	validation	VC à 2 blocs 15	2
#FC8D62	0.436681615734201	5	2	validation	validation	VC à 2 blocs 74	2
#FC8D62	0.564776299024782	5	2	validation	validation	VC à 2 blocs 81	2
#FC8D62	0.488076774145617	5	2	validation	validation	VC à 2 blocs 53	2
#FC8D62	-0.601632382741908	5	2	validation	validation	VC à 2 blocs 96	2
#FC8D62	1.18686144584272	5	2	validation	validation	VC à 2 blocs 1	2
#FC8D62	0.926638994821294	5	2	validation	validation	VC à 2 blocs 16	2
#FC8D62	0.449068402220459	5	2	validation	validation	VC à 2 blocs 54	2
#FC8D62	0.299423341496549	5	2	validation	validation	VC à 2 blocs 75	2
#FC8D62	0.308733771551367	5	2	validation	validation	VC à 2 blocs 93	2
#FC8D62	-0.577616861513943	5	2	validation	validation	VC à 2 blocs 55	2
#FC8D62	0.922459246430738	5	2	validation	validation	VC à 2 blocs 56	2
#FC8D62	-0.687368877517544	5	2	validation	validation	VC à 2 blocs 57	2
#FC8D62	0.93613549882302	5	2	validation	validation	VC à 2 blocs 58	2
#FC8D62	1.23926604148376	5	2	validation	validation	VC à 2 blocs 17	2
#FC8D62	0.31261641804265	5	2	validation	validation	VC à 2 blocs 82	2
#FC8D62	0.963802894116646	5	2	validation	validation	VC à 2 blocs 59	2
#FC8D62	0.147672604195575	5	2	validation	validation	VC à 2 blocs 90	2
#FC8D62	1.12610387977662	5	2	validation	validation	VC à 2 blocs 18	2
#FC8D62	1.04520433340373	5	2	validation	validation	VC à 2 blocs 2	2
#FC8D62	0.901956437017388	5	2	validation	validation	VC à 2 blocs 99	2
#FC8D62	0.894879433385268	5	2	validation	validation	VC à 2 blocs 60	2
#FC8D62	0.933837768727768	5	2	validation	validation	VC à 2 blocs 61	2
#FC8D62	0.947435245079926	5	2	validation	validation	VC à 2 blocs 19	2
#FC8D62	0.577785850189138	5	2	validation	validation	VC à 2 blocs 62	2
#FC8D62	0.866888037296801	5	2	validation	validation	VC à 2 blocs 63	2
#FC8D62	1.25632509952691	5	2	validation	validation	VC à 2 blocs 94	2
#FC8D62	0.467025484680825	5	2	validation	validation	VC à 2 blocs 76	2
#FC8D62	1.165418235682	5	2	validation	validation	VC à 2 blocs 3	2
#FC8D62	0.972982769112063	5	2	validation	validation	VC à 2 blocs 20	2
#FC8D62	0.257725351311923	5	2	validation	validation	VC à 2 blocs 64	2
#FC8D62	0.9904411971174	5	2	validation	validation	VC à 2 blocs 21	2
#FC8D62	0.790167119847128	5	2	validation	validation	VC à 2 blocs 86	2
#FC8D62	1.18125808502678	5	2	validation	validation	VC à 2 blocs 22	2
#FC8D62	1.10262339904029	5	2	validation	validation	VC à 2 blocs 65	2
#FC8D62	1.14676014743411	5	2	validation	validation	VC à 2 blocs 23	2
#FC8D62	0.686798437052819	5	2	validation	validation	VC à 2 blocs 87	2
#FC8D62	1.15944201171622	5	2	validation	validation	VC à 2 blocs 24	2
#FC8D62	0.653762351829497	5	2	validation	validation	VC à 2 blocs 83	2
#FC8D62	0.925246824618829	5	2	validation	validation	VC à 2 blocs 66	2
#FC8D62	0.41828866440278	5	2	validation	validation	VC à 2 blocs 67	2
#FC8D62	0.979725433296407	5	2	validation	validation	VC à 2 blocs 84	2
#FC8D62	1.02041817835334	5	2	validation	validation	VC à 2 blocs 25	2
#FC8D62	1.03380470028346	5	2	validation	validation	VC à 2 blocs 68	2
#FC8D62	0.0766891710110195	5	2	validation	validation	VC à 2 blocs 69	2
#FC8D62	1.04166571466882	5	2	validation	validation	VC à 2 blocs 26	2
#FC8D62	0.880788182434189	5	2	validation	validation	VC à 2 blocs 100	2
#FC8D62	0.266199486605005	5	2	validation	validation	VC à 2 blocs 88	2
#FC8D62	0.562438895744326	5	2	validation	validation	VC à 2 blocs 70	2
#FC8D62	1.30197424097701	5	2	validation	validation	VC à 2 blocs 27	2
#FC8D62	0.890221814999954	5	2	validation	validation	50% validation 87	2
#FC8D62	0.890472963357201	5	2	validation	validation	50% validation 6	2
#FC8D62	0.249384107697498	5	2	validation	validation	50% validation 28	2
#FC8D62	1.02644350324372	5	2	validation	validation	50% validation 22	2
#FC8D62	0.938261527314991	5	2	validation	validation	50% validation 23	2
#FC8D62	-0.0355620924796839	5	2	validation	validation	50% validation 69	2
#FC8D62	0.983110068003556	5	2	validation	validation	50% validation 7	2
#FC8D62	0.597616242654334	5	2	validation	validation	50% validation 91	2
#FC8D62	0.655440975862883	5	2	validation	validation	50% validation 24	2
#FC8D62	-0.499104599289356	5	2	validation	validation	50% validation 70	2
#FC8D62	0.952792399309141	5	2	validation	validation	50% validation 93	2
#FC8D62	0.619220674309159	5	2	validation	validation	50% validation 71	2
#FC8D62	1.31714800266817	5	2	validation	validation	50% validation 8	2
#FC8D62	0.859228604032306	5	2	validation	validation	50% validation 25	2
#FC8D62	0.883656845948486	5	2	validation	validation	50% validation 29	2
#FC8D62	0.545718625193477	5	2	validation	validation	50% validation 30	2
#FC8D62	1.09995471086584	5	2	validation	validation	50% validation 9	2
#FC8D62	1.19789432909538	5	2	validation	validation	50% validation 10	2
#FC8D62	0.971639464093299	5	2	validation	validation	50% validation 31	2
#FC8D62	0.285743612191651	5	2	validation	validation	50% validation 32	2
#FC8D62	1.13904970503228	5	2	validation	validation	50% validation 1	2
#FC8D62	0.944679210928245	5	2	validation	validation	50% validation 74	2
#FC8D62	0.771093243425318	5	2	validation	validation	50% validation 33	2
#FC8D62	0.882835387856975	5	2	validation	validation	50% validation 11	2
#FC8D62	0.0377240704867524	5	2	validation	validation	50% validation 72	2
#FC8D62	0.909025384599498	5	2	validation	validation	50% validation 12	2
#FC8D62	0.573687359095407	5	2	validation	validation	50% validation 34	2
#FC8D62	0.542037238324317	5	2	validation	validation	50% validation 86	2
#FC8D62	0.968143853875671	5	2	validation	validation	50% validation 35	2
#FC8D62	0.783118251159712	5	2	validation	validation	50% validation 36	2
#FC8D62	0.448662998583862	5	2	validation	validation	50% validation 37	2
#FC8D62	0.547676915249656	5	2	validation	validation	50% validation 38	2
#FC8D62	0.94181266634595	5	2	validation	validation	50% validation 59	2
#FC8D62	0.93769601857314	5	2	validation	validation	50% validation 60	2
#FC8D62	0.716062242369582	5	2	validation	validation	50% validation 39	2
#FC8D62	0.776472807806075	5	2	validation	validation	50% validation 40	2
#FC8D62	0.288618873893903	5	2	validation	validation	50% validation 41	2
#FC8D62	0.838543130916246	5	2	validation	validation	50% validation 92	2
#FC8D62	0.576111437360721	5	2	validation	validation	50% validation 42	2
#FC8D62	0.272024596403175	5	2	validation	validation	50% validation 43	2
#FC8D62	-0.0400463787377226	5	2	validation	validation	50% validation 44	2
#FC8D62	0.566770825695884	5	2	validation	validation	50% validation 45	2
#FC8D62	1.03939312727622	5	2	validation	validation	50% validation 13	2
#FC8D62	0.136850906838788	5	2	validation	validation	50% validation 99	2
#FC8D62	0.870333057766121	5	2	validation	validation	50% validation 61	2
#FC8D62	1.00068438084355	5	2	validation	validation	50% validation 14	2
#FC8D62	1.21536673195072	5	2	validation	validation	50% validation 2	2
#FC8D62	0.774857472402909	5	2	validation	validation	50% validation 46	2
#FC8D62	0.873391379554984	5	2	validation	validation	50% validation 75	2
#FC8D62	1.14244653766063	5	2	validation	validation	50% validation 3	2
#FC8D62	0.428314220114128	5	2	validation	validation	50% validation 47	2
#FC8D62	0.447079499142631	5	2	validation	validation	50% validation 76	2
#FC8D62	0.833253991013851	5	2	validation	validation	50% validation 97	2
#FC8D62	1.07943700060375	5	2	validation	validation	50% validation 88	2
#FC8D62	0.703764738705517	5	2	validation	validation	50% validation 62	2
#FC8D62	0.887824728543803	5	2	validation	validation	50% validation 95	2
#FC8D62	0.533228769690478	5	2	validation	validation	50% validation 48	2
#FC8D62	0.809901076901308	5	2	validation	validation	50% validation 49	2
#FC8D62	1.06106643599439	5	2	validation	validation	50% validation 15	2
#FC8D62	0.987603846385885	5	2	validation	validation	50% validation 16	2
#FC8D62	1.1088216955475	5	2	validation	validation	50% validation 17	2
#FC8D62	0.150947202319476	5	2	validation	validation	50% validation 63	2
#FC8D62	0.484515137167704	5	2	validation	validation	50% validation 64	2
#FC8D62	0.445089005592143	5	2	validation	validation	50% validation 26	2
#FC8D62	-0.0181146731823671	5	2	validation	validation	50% validation 65	2
#FC8D62	-0.787242841217878	5	2	validation	validation	50% validation 77	2
#FC8D62	-0.777250856125248	5	2	validation	validation	50% validation 50	2
#FC8D62	0.92341360043366	5	2	validation	validation	50% validation 18	2
#FC8D62	1.00249037095292	5	2	validation	validation	50% validation 96	2
#FC8D62	0.830173530252911	5	2	validation	validation	50% validation 51	2
#FC8D62	1.166638470597	5	2	validation	validation	50% validation 52	2
#FC8D62	0.687523964367193	5	2	validation	validation	50% validation 78	2
#FC8D62	0.283861274599022	5	2	validation	validation	50% validation 53	2
#FC8D62	1.1199772529348	5	2	validation	validation	50% validation 19	2
#FC8D62	-0.80066660889953	5	2	validation	validation	50% validation 73	2
#FC8D62	0.929531802420673	5	2	validation	validation	50% validation 54	2
#FC8D62	1.22501199932656	5	2	validation	validation	50% validation 4	2
#FC8D62	0.292948476186625	5	2	validation	validation	50% validation 55	2
#FC8D62	1.20259269003237	5	2	validation	validation	50% validation 5	2
#FC8D62	0.83054883878349	5	2	validation	validation	50% validation 98	2
#FC8D62	0.862568821359688	5	2	validation	validation	50% validation 66	2
#FC8D62	0.825262583128866	5	2	validation	validation	50% validation 89	2
#FC8D62	0.468054489427403	5	2	validation	validation	50% validation 79	2
#FC8D62	0.939244426861054	5	2	validation	validation	50% validation 94	2
#FC8D62	0.23360295232915	5	2	validation	validation	50% validation 80	2
#FC8D62	0.592353078485834	5	2	validation	validation	50% validation 81	2
#FC8D62	1.09997925007814	5	2	validation	validation	50% validation 20	2
#FC8D62	0.898539037262166	5	2	validation	validation	50% validation 21	2
#FC8D62	0.832924842840703	5	2	validation	validation	50% validation 56	2
#FC8D62	0.304401520845948	5	2	validation	validation	50% validation 82	2
#FC8D62	0.411400690179247	5	2	validation	validation	50% validation 67	2
#FC8D62	0.772348799955278	5	2	validation	validation	50% validation 57	2
#FC8D62	0.275591709944524	5	2	validation	validation	50% validation 27	2
#FC8D62	0.363231915900878	5	2	validation	validation	50% validation 83	2
#FC8D62	0.828832393760434	5	2	validation	validation	50% validation 58	2
#FC8D62	0.887309840145809	5	2	validation	validation	50% validation 100	2
#FC8D62	0.917854675869989	5	2	validation	validation	50% validation 68	2
#FC8D62	0.521351990389552	5	2	validation	validation	50% validation 85	2
#FC8D62	0.699601376664415	5	2	validation	validation	50% validation 90	2
#FC8D62	1.04034440193345	5	2	validation	validation	50% validation 84	2
#FC8D62	-0.60822002957156	6	2	validation	validation	VC à 2 blocs 32	2
#FC8D62	0.842050846055465	6	2	validation	validation	VC à 2 blocs 33	2
#FC8D62	0.54133371012447	6	2	validation	validation	VC à 2 blocs 85	2
#FC8D62	-0.0168625932387959	6	2	validation	validation	VC à 2 blocs 77	2
#FC8D62	1.09608025738207	6	2	validation	validation	VC à 2 blocs 4	2
#FC8D62	0.067154459729493	6	2	validation	validation	VC à 2 blocs 34	2
#FC8D62	0.460185261475799	6	2	validation	validation	VC à 2 blocs 28	2
#FC8D62	0.143694545559416	6	2	validation	validation	VC à 2 blocs 78	2
#FC8D62	0.447535755269386	6	2	validation	validation	VC à 2 blocs 35	2
#FC8D62	1.21166157265378	6	2	validation	validation	VC à 2 blocs 5	2
#FC8D62	0.761417143228693	6	2	validation	validation	VC à 2 blocs 36	2
#FC8D62	0.937187143195537	6	2	validation	validation	VC à 2 blocs 6	2
#FC8D62	0.967250935103984	6	2	validation	validation	VC à 2 blocs 37	2
#FC8D62	0.635343962466153	6	2	validation	validation	VC à 2 blocs 91	2
#FC8D62	0.630967532791883	6	2	validation	validation	VC à 2 blocs 38	2
#FC8D62	0.0913455203824261	6	2	validation	validation	VC à 2 blocs 39	2
#FC8D62	1.20322423237293	6	2	validation	validation	VC à 2 blocs 7	2
#FC8D62	0.642404884593031	6	2	validation	validation	VC à 2 blocs 92	2
#FC8D62	0.850950089534143	6	2	validation	validation	VC à 2 blocs 79	2
#FC8D62	1.11387600093661	6	2	validation	validation	VC à 2 blocs 98	2
#FC8D62	0.0963341367339073	6	2	validation	validation	VC à 2 blocs 40	2
#FC8D62	0.906054519939128	6	2	validation	validation	VC à 2 blocs 97	2
#FC8D62	0.904174413482695	6	2	validation	validation	VC à 2 blocs 71	2
#FC8D62	0.870878519811487	6	2	validation	validation	VC à 2 blocs 8	2
#FC8D62	0.987956612883773	6	2	validation	validation	VC à 2 blocs 41	2
#FC8D62	1.16689341008415	6	2	validation	validation	VC à 2 blocs 9	2
#FC8D62	0.337173420892422	6	2	validation	validation	VC à 2 blocs 42	2
#FC8D62	0.599166394366466	6	2	validation	validation	VC à 2 blocs 89	2
#FC8D62	0.559540740793941	6	2	validation	validation	VC à 2 blocs 29	2
#FC8D62	0.0495584407632858	6	2	validation	validation	VC à 2 blocs 43	2
#FC8D62	0.3493475633623	6	2	validation	validation	VC à 2 blocs 44	2
#FC8D62	1.03482198197949	6	2	validation	validation	VC à 2 blocs 72	2
#FC8D62	0.938430311235441	6	2	validation	validation	VC à 2 blocs 95	2
#FC8D62	0.270918460971475	6	2	validation	validation	VC à 2 blocs 73	2
#FC8D62	1.21149811932305	6	2	validation	validation	VC à 2 blocs 10	2
#FC8D62	0.315122839719553	6	2	validation	validation	VC à 2 blocs 45	2
#FC8D62	-0.638380898814545	6	2	validation	validation	VC à 2 blocs 46	2
#FC8D62	1.0145222392651	6	2	validation	validation	VC à 2 blocs 11	2
#FC8D62	0.652548010852509	6	2	validation	validation	VC à 2 blocs 30	2
#FC8D62	0.612489989929572	6	2	validation	validation	VC à 2 blocs 47	2
#FC8D62	0.924317897002133	6	2	validation	validation	VC à 2 blocs 48	2
#FC8D62	0.845136218353156	6	2	validation	validation	VC à 2 blocs 49	2
#FC8D62	-0.596602815832184	6	2	validation	validation	VC à 2 blocs 80	2
#FC8D62	0.712980011786589	6	2	validation	validation	VC à 2 blocs 50	2
#FC8D62	0.459133848141825	6	2	validation	validation	VC à 2 blocs 51	2
#FC8D62	1.33289771463032	6	2	validation	validation	VC à 2 blocs 12	2
#FC8D62	-0.602205329679635	6	2	validation	validation	VC à 2 blocs 52	2
#FC8D62	1.18284969286591	6	2	validation	validation	VC à 2 blocs 13	2
#FC8D62	1.0864007045941	6	2	validation	validation	VC à 2 blocs 14	2
#FC8D62	0.313786931873855	6	2	validation	validation	VC à 2 blocs 31	2
#FC8D62	0.991013902422953	6	2	validation	validation	VC à 2 blocs 15	2
#FC8D62	0.421613345299503	6	2	validation	validation	VC à 2 blocs 74	2
#FC8D62	0.565549574219932	6	2	validation	validation	VC à 2 blocs 81	2
#FC8D62	0.506062879381934	6	2	validation	validation	VC à 2 blocs 53	2
#FC8D62	-0.565877436477178	6	2	validation	validation	VC à 2 blocs 96	2
#FC8D62	1.18811182693451	6	2	validation	validation	VC à 2 blocs 1	2
#FC8D62	0.933017917114148	6	2	validation	validation	VC à 2 blocs 16	2
#FC8D62	0.452344585486145	6	2	validation	validation	VC à 2 blocs 54	2
#FC8D62	0.287968233063991	6	2	validation	validation	VC à 2 blocs 75	2
#FC8D62	0.312630823433481	6	2	validation	validation	VC à 2 blocs 93	2
#FC8D62	-0.515963405885151	6	2	validation	validation	VC à 2 blocs 55	2
#FC8D62	0.92600945541267	6	2	validation	validation	VC à 2 blocs 56	2
#FC8D62	-0.560723403768553	6	2	validation	validation	VC à 2 blocs 57	2
#FC8D62	0.957280304611576	6	2	validation	validation	VC à 2 blocs 58	2
#FC8D62	1.2346295286338	6	2	validation	validation	VC à 2 blocs 17	2
#FC8D62	0.311686059451125	6	2	validation	validation	VC à 2 blocs 82	2
#FC8D62	0.971022619141174	6	2	validation	validation	VC à 2 blocs 59	2
#FC8D62	0.150046594027552	6	2	validation	validation	VC à 2 blocs 90	2
#FC8D62	1.13290040747159	6	2	validation	validation	VC à 2 blocs 18	2
#FC8D62	1.05014957985833	6	2	validation	validation	VC à 2 blocs 2	2
#FC8D62	0.901852760457926	6	2	validation	validation	VC à 2 blocs 99	2
#FC8D62	0.895948090925058	6	2	validation	validation	VC à 2 blocs 60	2
#FC8D62	0.956517320376735	6	2	validation	validation	VC à 2 blocs 61	2
#FC8D62	0.943276219709119	6	2	validation	validation	VC à 2 blocs 19	2
#FC8D62	0.586845874977558	6	2	validation	validation	VC à 2 blocs 62	2
#FC8D62	0.879919859391777	6	2	validation	validation	VC à 2 blocs 63	2
#FC8D62	1.25907707103571	6	2	validation	validation	VC à 2 blocs 94	2
#FC8D62	0.46117548804622	6	2	validation	validation	VC à 2 blocs 76	2
#FC8D62	1.15562537320887	6	2	validation	validation	VC à 2 blocs 3	2
#FC8D62	0.98200542240364	6	2	validation	validation	VC à 2 blocs 20	2
#FC8D62	0.262318388396941	6	2	validation	validation	VC à 2 blocs 64	2
#FC8D62	0.990035706532951	6	2	validation	validation	VC à 2 blocs 21	2
#FC8D62	0.792426463994846	6	2	validation	validation	VC à 2 blocs 86	2
#FC8D62	1.18100442910069	6	2	validation	validation	VC à 2 blocs 22	2
#FC8D62	1.10371230656065	6	2	validation	validation	VC à 2 blocs 65	2
#FC8D62	1.15090932803813	6	2	validation	validation	VC à 2 blocs 23	2
#FC8D62	0.681158232937621	6	2	validation	validation	VC à 2 blocs 87	2
#FC8D62	1.16055398595623	6	2	validation	validation	VC à 2 blocs 24	2
#FC8D62	0.657808229780569	6	2	validation	validation	VC à 2 blocs 83	2
#FC8D62	0.928977940561114	6	2	validation	validation	VC à 2 blocs 66	2
#FC8D62	0.459209807357847	6	2	validation	validation	VC à 2 blocs 67	2
#FC8D62	0.979452414465616	6	2	validation	validation	VC à 2 blocs 84	2
#FC8D62	1.02836247555907	6	2	validation	validation	VC à 2 blocs 25	2
#FC8D62	1.03633149927795	6	2	validation	validation	VC à 2 blocs 68	2
#FC8D62	0.113852259401175	6	2	validation	validation	VC à 2 blocs 69	2
#FC8D62	1.03557910502778	6	2	validation	validation	VC à 2 blocs 26	2
#FC8D62	0.892560597110584	6	2	validation	validation	VC à 2 blocs 100	2
#FC8D62	0.267897432825955	6	2	validation	validation	VC à 2 blocs 88	2
#FC8D62	0.563210182356711	6	2	validation	validation	VC à 2 blocs 70	2
#FC8D62	1.31420158352211	6	2	validation	validation	VC à 2 blocs 27	2
#FC8D62	0.889685693553971	6	2	validation	validation	50% validation 87	2
#FC8D62	0.888242649947429	6	2	validation	validation	50% validation 6	2
#FC8D62	0.268396585738897	6	2	validation	validation	50% validation 28	2
#FC8D62	1.02055742857017	6	2	validation	validation	50% validation 22	2
#FC8D62	0.939773785906899	6	2	validation	validation	50% validation 23	2
#FC8D62	-0.0180427940083985	6	2	validation	validation	50% validation 69	2
#FC8D62	0.973308263673856	6	2	validation	validation	50% validation 7	2
#FC8D62	0.601131076706638	6	2	validation	validation	50% validation 91	2
#FC8D62	0.6859694004095	6	2	validation	validation	50% validation 24	2
#FC8D62	-0.49628665633996	6	2	validation	validation	50% validation 70	2
#FC8D62	0.952531042778872	6	2	validation	validation	50% validation 93	2
#FC8D62	0.600321941675156	6	2	validation	validation	50% validation 71	2
#FC8D62	1.31821907198894	6	2	validation	validation	50% validation 8	2
#FC8D62	0.871846615807968	6	2	validation	validation	50% validation 25	2
#FC8D62	0.884460373975399	6	2	validation	validation	50% validation 29	2
#FC8D62	0.559913522518448	6	2	validation	validation	50% validation 30	2
#FC8D62	1.10124073645203	6	2	validation	validation	50% validation 9	2
#FC8D62	1.2049897354	6	2	validation	validation	50% validation 10	2
#FC8D62	0.982879521537411	6	2	validation	validation	50% validation 31	2
#FC8D62	0.303304365928074	6	2	validation	validation	50% validation 32	2
#FC8D62	1.13994407407098	6	2	validation	validation	50% validation 1	2
#FC8D62	0.946242142864379	6	2	validation	validation	50% validation 74	2
#FC8D62	0.771633821092712	6	2	validation	validation	50% validation 33	2
#FC8D62	0.884469766643106	6	2	validation	validation	50% validation 11	2
#FC8D62	0.0108713912642565	6	2	validation	validation	50% validation 72	2
#FC8D62	0.914073554108221	6	2	validation	validation	50% validation 12	2
#FC8D62	0.62182244184145	6	2	validation	validation	50% validation 34	2
#FC8D62	0.54360996056099	6	2	validation	validation	50% validation 86	2
#FC8D62	0.993705808205052	6	2	validation	validation	50% validation 35	2
#FC8D62	0.786449161868844	6	2	validation	validation	50% validation 36	2
#FC8D62	0.468156944481097	6	2	validation	validation	50% validation 37	2
#FC8D62	0.55185135560511	6	2	validation	validation	50% validation 38	2
#FC8D62	0.927465535189452	6	2	validation	validation	50% validation 59	2
#FC8D62	0.937165726513669	6	2	validation	validation	50% validation 60	2
#FC8D62	0.729815880751438	6	2	validation	validation	50% validation 39	2
#FC8D62	0.77798391917957	6	2	validation	validation	50% validation 40	2
#FC8D62	0.34607604161963	6	2	validation	validation	50% validation 41	2
#FC8D62	0.838017073215782	6	2	validation	validation	50% validation 92	2
#FC8D62	0.600906241605696	6	2	validation	validation	50% validation 42	2
#FC8D62	0.307405792394894	6	2	validation	validation	50% validation 43	2
#FC8D62	-0.0304757314698721	6	2	validation	validation	50% validation 44	2
#FC8D62	0.572646063211669	6	2	validation	validation	50% validation 45	2
#FC8D62	1.04856848397876	6	2	validation	validation	50% validation 13	2
#FC8D62	0.154405558722401	6	2	validation	validation	50% validation 99	2
#FC8D62	0.863314750396172	6	2	validation	validation	50% validation 61	2
#FC8D62	0.996948444951518	6	2	validation	validation	50% validation 14	2
#FC8D62	1.21505270059981	6	2	validation	validation	50% validation 2	2
#FC8D62	0.78157608782761	6	2	validation	validation	50% validation 46	2
#FC8D62	0.872834060088755	6	2	validation	validation	50% validation 75	2
#FC8D62	1.16995637085681	6	2	validation	validation	50% validation 3	2
#FC8D62	0.485543848894017	6	2	validation	validation	50% validation 47	2
#FC8D62	0.44917224770828	6	2	validation	validation	50% validation 76	2
#FC8D62	0.837619488472452	6	2	validation	validation	50% validation 97	2
#FC8D62	1.0807403052146	6	2	validation	validation	50% validation 88	2
#FC8D62	0.696776254341349	6	2	validation	validation	50% validation 62	2
#FC8D62	0.888257539097914	6	2	validation	validation	50% validation 95	2
#FC8D62	0.536177262787673	6	2	validation	validation	50% validation 48	2
#FC8D62	0.810444327649003	6	2	validation	validation	50% validation 49	2
#FC8D62	1.05485309364558	6	2	validation	validation	50% validation 15	2
#FC8D62	0.992727395913075	6	2	validation	validation	50% validation 16	2
#FC8D62	1.10979426670973	6	2	validation	validation	50% validation 17	2
#FC8D62	0.0990367308400069	6	2	validation	validation	50% validation 63	2
#FC8D62	0.477201306940576	6	2	validation	validation	50% validation 64	2
#FC8D62	0.451387055831833	6	2	validation	validation	50% validation 26	2
#FC8D62	-0.0189435310569732	6	2	validation	validation	50% validation 65	2
#FC8D62	-0.751881345032165	6	2	validation	validation	50% validation 77	2
#FC8D62	-0.693019269307242	6	2	validation	validation	50% validation 50	2
#FC8D62	0.942611877730236	6	2	validation	validation	50% validation 18	2
#FC8D62	1.01253798568052	6	2	validation	validation	50% validation 96	2
#FC8D62	0.840620678585209	6	2	validation	validation	50% validation 51	2
#FC8D62	1.17024167116812	6	2	validation	validation	50% validation 52	2
#FC8D62	0.689290689244605	6	2	validation	validation	50% validation 78	2
#FC8D62	0.320096355039137	6	2	validation	validation	50% validation 53	2
#FC8D62	1.12067319948239	6	2	validation	validation	50% validation 19	2
#FC8D62	-0.744775796175185	6	2	validation	validation	50% validation 73	2
#FC8D62	0.929868761312577	6	2	validation	validation	50% validation 54	2
#FC8D62	1.22446324387456	6	2	validation	validation	50% validation 4	2
#FC8D62	0.329790657658236	6	2	validation	validation	50% validation 55	2
#FC8D62	1.23271860173346	6	2	validation	validation	50% validation 5	2
#FC8D62	0.830763243647122	6	2	validation	validation	50% validation 98	2
#FC8D62	0.862194412274295	6	2	validation	validation	50% validation 66	2
#FC8D62	0.8262803934563	6	2	validation	validation	50% validation 89	2
#FC8D62	0.46091540250251	6	2	validation	validation	50% validation 79	2
#FC8D62	0.939677458463773	6	2	validation	validation	50% validation 94	2
#FC8D62	0.243052781330078	6	2	validation	validation	50% validation 80	2
#FC8D62	0.591012261149707	6	2	validation	validation	50% validation 81	2
#FC8D62	1.10351979483924	6	2	validation	validation	50% validation 20	2
#FC8D62	0.8969202076632	6	2	validation	validation	50% validation 21	2
#FC8D62	0.870550685462788	6	2	validation	validation	50% validation 56	2
#FC8D62	0.315621799875025	6	2	validation	validation	50% validation 82	2
#FC8D62	0.375320499260174	6	2	validation	validation	50% validation 67	2
#FC8D62	0.772725166878466	6	2	validation	validation	50% validation 57	2
#FC8D62	0.300487670052757	6	2	validation	validation	50% validation 27	2
#FC8D62	0.357770685105431	6	2	validation	validation	50% validation 83	2
#FC8D62	0.834331187443438	6	2	validation	validation	50% validation 58	2
#FC8D62	0.886844304915176	6	2	validation	validation	50% validation 100	2
#FC8D62	0.914786805204082	6	2	validation	validation	50% validation 68	2
#FC8D62	0.522357726489115	6	2	validation	validation	50% validation 85	2
#FC8D62	0.700607921822786	6	2	validation	validation	50% validation 90	2
#FC8D62	1.04572810851343	6	2	validation	validation	50% validation 84	2
#FC8D62	-0.489923619558733	7	2	validation	validation	VC à 2 blocs 32	2
#FC8D62	0.841442143991072	7	2	validation	validation	VC à 2 blocs 33	2
#FC8D62	0.534812182404643	7	2	validation	validation	VC à 2 blocs 85	2
#FC8D62	-0.021933043546056	7	2	validation	validation	VC à 2 blocs 77	2
#FC8D62	1.0965225854638	7	2	validation	validation	VC à 2 blocs 4	2
#FC8D62	0.0654868573558256	7	2	validation	validation	VC à 2 blocs 34	2
#FC8D62	0.488711708034306	7	2	validation	validation	VC à 2 blocs 28	2
#FC8D62	0.0799029423389903	7	2	validation	validation	VC à 2 blocs 78	2
#FC8D62	0.474381982707616	7	2	validation	validation	VC à 2 blocs 35	2
#FC8D62	1.22768825725867	7	2	validation	validation	VC à 2 blocs 5	2
#FC8D62	0.817913710254052	7	2	validation	validation	VC à 2 blocs 36	2
#FC8D62	0.935917897522861	7	2	validation	validation	VC à 2 blocs 6	2
#FC8D62	0.971030452329864	7	2	validation	validation	VC à 2 blocs 37	2
#FC8D62	0.636578869531225	7	2	validation	validation	VC à 2 blocs 91	2
#FC8D62	0.665993510682584	7	2	validation	validation	VC à 2 blocs 38	2
#FC8D62	0.0826394609685619	7	2	validation	validation	VC à 2 blocs 39	2
#FC8D62	1.23677727755442	7	2	validation	validation	VC à 2 blocs 7	2
#FC8D62	0.643644697804134	7	2	validation	validation	VC à 2 blocs 92	2
#FC8D62	0.848250066854057	7	2	validation	validation	VC à 2 blocs 79	2
#FC8D62	1.12207490871437	7	2	validation	validation	VC à 2 blocs 98	2
#FC8D62	0.081291919089382	7	2	validation	validation	VC à 2 blocs 40	2
#FC8D62	0.90552768598314	7	2	validation	validation	VC à 2 blocs 97	2
#FC8D62	0.905447935605504	7	2	validation	validation	VC à 2 blocs 71	2
#FC8D62	0.891151411891608	7	2	validation	validation	VC à 2 blocs 8	2
#FC8D62	0.98928807835163	7	2	validation	validation	VC à 2 blocs 41	2
#FC8D62	1.16663635446544	7	2	validation	validation	VC à 2 blocs 9	2
#FC8D62	0.343119289030234	7	2	validation	validation	VC à 2 blocs 42	2
#FC8D62	0.599166394366466	7	2	validation	validation	VC à 2 blocs 89	2
#FC8D62	0.563465060351519	7	2	validation	validation	VC à 2 blocs 29	2
#FC8D62	0.0797349412236812	7	2	validation	validation	VC à 2 blocs 43	2
#FC8D62	0.368897762894848	7	2	validation	validation	VC à 2 blocs 44	2
#FC8D62	1.0377734301215	7	2	validation	validation	VC à 2 blocs 72	2
#FC8D62	0.940950266264478	7	2	validation	validation	VC à 2 blocs 95	2
#FC8D62	0.336027115770179	7	2	validation	validation	VC à 2 blocs 73	2
#FC8D62	1.21361179604752	7	2	validation	validation	VC à 2 blocs 10	2
#FC8D62	0.31626124074481	7	2	validation	validation	VC à 2 blocs 45	2
#FC8D62	-0.626517241999789	7	2	validation	validation	VC à 2 blocs 46	2
#FC8D62	1.00771104858537	7	2	validation	validation	VC à 2 blocs 11	2
#FC8D62	0.653859394708873	7	2	validation	validation	VC à 2 blocs 30	2
#FC8D62	0.629708459455171	7	2	validation	validation	VC à 2 blocs 47	2
#FC8D62	0.925036175233439	7	2	validation	validation	VC à 2 blocs 48	2
#FC8D62	0.874055338996864	7	2	validation	validation	VC à 2 blocs 49	2
#FC8D62	-0.60151510628027	7	2	validation	validation	VC à 2 blocs 80	2
#FC8D62	0.735699901120362	7	2	validation	validation	VC à 2 blocs 50	2
#FC8D62	0.458109632124938	7	2	validation	validation	VC à 2 blocs 51	2
#FC8D62	1.29486762859076	7	2	validation	validation	VC à 2 blocs 12	2
#FC8D62	-0.54800813628907	7	2	validation	validation	VC à 2 blocs 52	2
#FC8D62	1.19326425062287	7	2	validation	validation	VC à 2 blocs 13	2
#FC8D62	1.09564769917936	7	2	validation	validation	VC à 2 blocs 14	2
#FC8D62	0.316109845524072	7	2	validation	validation	VC à 2 blocs 31	2
#FC8D62	0.99142936701867	7	2	validation	validation	VC à 2 blocs 15	2
#FC8D62	0.431105623840438	7	2	validation	validation	VC à 2 blocs 74	2
#FC8D62	0.548934837925166	7	2	validation	validation	VC à 2 blocs 81	2
#FC8D62	0.504190256573113	7	2	validation	validation	VC à 2 blocs 53	2
#FC8D62	-0.575424621463345	7	2	validation	validation	VC à 2 blocs 96	2
#FC8D62	1.18826777885749	7	2	validation	validation	VC à 2 blocs 1	2
#FC8D62	0.932591266072859	7	2	validation	validation	VC à 2 blocs 16	2
#FC8D62	0.457375454137588	7	2	validation	validation	VC à 2 blocs 54	2
#FC8D62	0.343695222292121	7	2	validation	validation	VC à 2 blocs 75	2
#FC8D62	0.306741140212327	7	2	validation	validation	VC à 2 blocs 93	2
#FC8D62	-0.48564916045318	7	2	validation	validation	VC à 2 blocs 55	2
#FC8D62	0.928559839368861	7	2	validation	validation	VC à 2 blocs 56	2
#FC8D62	-0.419130596053358	7	2	validation	validation	VC à 2 blocs 57	2
#FC8D62	0.957603451751357	7	2	validation	validation	VC à 2 blocs 58	2
#FC8D62	1.24768030486694	7	2	validation	validation	VC à 2 blocs 17	2
#FC8D62	0.309471076391736	7	2	validation	validation	VC à 2 blocs 82	2
#FC8D62	0.970568964589435	7	2	validation	validation	VC à 2 blocs 59	2
#FC8D62	0.14445246079478	7	2	validation	validation	VC à 2 blocs 90	2
#FC8D62	1.10845003715504	7	2	validation	validation	VC à 2 blocs 18	2
#FC8D62	1.06586326045049	7	2	validation	validation	VC à 2 blocs 2	2
#FC8D62	0.908611808786877	7	2	validation	validation	VC à 2 blocs 99	2
#FC8D62	0.895095816966233	7	2	validation	validation	VC à 2 blocs 60	2
#FC8D62	0.962260280416417	7	2	validation	validation	VC à 2 blocs 61	2
#FC8D62	0.956944116601377	7	2	validation	validation	VC à 2 blocs 19	2
#FC8D62	0.585478084044961	7	2	validation	validation	VC à 2 blocs 62	2
#FC8D62	0.871462399231531	7	2	validation	validation	VC à 2 blocs 63	2
#FC8D62	1.25960392640103	7	2	validation	validation	VC à 2 blocs 94	2
#FC8D62	0.490329204298223	7	2	validation	validation	VC à 2 blocs 76	2
#FC8D62	1.15687891578489	7	2	validation	validation	VC à 2 blocs 3	2
#FC8D62	0.994801472630505	7	2	validation	validation	VC à 2 blocs 20	2
#FC8D62	0.267325247034695	7	2	validation	validation	VC à 2 blocs 64	2
#FC8D62	0.997644310244639	7	2	validation	validation	VC à 2 blocs 21	2
#FC8D62	0.766270395862048	7	2	validation	validation	VC à 2 blocs 86	2
#FC8D62	1.19813992582288	7	2	validation	validation	VC à 2 blocs 22	2
#FC8D62	1.10484698308651	7	2	validation	validation	VC à 2 blocs 65	2
#FC8D62	1.15734753619415	7	2	validation	validation	VC à 2 blocs 23	2
#FC8D62	0.685069846109981	7	2	validation	validation	VC à 2 blocs 87	2
#FC8D62	1.16264018766754	7	2	validation	validation	VC à 2 blocs 24	2
#FC8D62	0.649491031283857	7	2	validation	validation	VC à 2 blocs 83	2
#FC8D62	0.944037088146793	7	2	validation	validation	VC à 2 blocs 66	2
#FC8D62	0.468963455978872	7	2	validation	validation	VC à 2 blocs 67	2
#FC8D62	0.971065275296012	7	2	validation	validation	VC à 2 blocs 84	2
#FC8D62	1.01301775212799	7	2	validation	validation	VC à 2 blocs 25	2
#FC8D62	1.06594177277228	7	2	validation	validation	VC à 2 blocs 68	2
#FC8D62	0.110859446987205	7	2	validation	validation	VC à 2 blocs 69	2
#FC8D62	1.03569156810754	7	2	validation	validation	VC à 2 blocs 26	2
#FC8D62	0.891018927697096	7	2	validation	validation	VC à 2 blocs 100	2
#FC8D62	0.277520768727445	7	2	validation	validation	VC à 2 blocs 88	2
#FC8D62	0.570390672981971	7	2	validation	validation	VC à 2 blocs 70	2
#FC8D62	1.31442735656447	7	2	validation	validation	VC à 2 blocs 27	2
#FC8D62	0.889685693553971	7	2	validation	validation	50% validation 87	2
#FC8D62	0.898889551116713	7	2	validation	validation	50% validation 6	2
#FC8D62	0.28534183634821	7	2	validation	validation	50% validation 28	2
#FC8D62	1.02000057263403	7	2	validation	validation	50% validation 22	2
#FC8D62	0.937126717630658	7	2	validation	validation	50% validation 23	2
#FC8D62	-0.0473976715834893	7	2	validation	validation	50% validation 69	2
#FC8D62	0.972140449131426	7	2	validation	validation	50% validation 7	2
#FC8D62	0.603516015324562	7	2	validation	validation	50% validation 91	2
#FC8D62	0.677867760700675	7	2	validation	validation	50% validation 24	2
#FC8D62	-0.519143908659768	7	2	validation	validation	50% validation 70	2
#FC8D62	0.946813090593996	7	2	validation	validation	50% validation 93	2
#FC8D62	0.592144677551818	7	2	validation	validation	50% validation 71	2
#FC8D62	1.31863631087291	7	2	validation	validation	50% validation 8	2
#FC8D62	0.876715967913465	7	2	validation	validation	50% validation 25	2
#FC8D62	0.919760590536675	7	2	validation	validation	50% validation 29	2
#FC8D62	0.559913522518448	7	2	validation	validation	50% validation 30	2
#FC8D62	1.10174396607934	7	2	validation	validation	50% validation 9	2
#FC8D62	1.19940079725124	7	2	validation	validation	50% validation 10	2
#FC8D62	0.983034772420186	7	2	validation	validation	50% validation 31	2
#FC8D62	0.305902703880964	7	2	validation	validation	50% validation 32	2
#FC8D62	1.14759670701407	7	2	validation	validation	50% validation 1	2
#FC8D62	0.94398028676569	7	2	validation	validation	50% validation 74	2
#FC8D62	0.771501022865931	7	2	validation	validation	50% validation 33	2
#FC8D62	0.896712194257747	7	2	validation	validation	50% validation 11	2
#FC8D62	0.0104772931975993	7	2	validation	validation	50% validation 72	2
#FC8D62	0.91543308002095	7	2	validation	validation	50% validation 12	2
#FC8D62	0.62182244184145	7	2	validation	validation	50% validation 34	2
#FC8D62	0.537152386222811	7	2	validation	validation	50% validation 86	2
#FC8D62	0.994559695781516	7	2	validation	validation	50% validation 35	2
#FC8D62	0.786818244025988	7	2	validation	validation	50% validation 36	2
#FC8D62	0.464048504920231	7	2	validation	validation	50% validation 37	2
#FC8D62	0.557385166170905	7	2	validation	validation	50% validation 38	2
#FC8D62	0.931097837465785	7	2	validation	validation	50% validation 59	2
#FC8D62	0.940350280714482	7	2	validation	validation	50% validation 60	2
#FC8D62	0.736174855944152	7	2	validation	validation	50% validation 39	2
#FC8D62	0.786022024804133	7	2	validation	validation	50% validation 40	2
#FC8D62	0.347546117545983	7	2	validation	validation	50% validation 41	2
#FC8D62	0.84201458964165	7	2	validation	validation	50% validation 92	2
#FC8D62	0.601542976389592	7	2	validation	validation	50% validation 42	2
#FC8D62	0.308319118046054	7	2	validation	validation	50% validation 43	2
#FC8D62	0.0130619384901047	7	2	validation	validation	50% validation 44	2
#FC8D62	0.575786299499418	7	2	validation	validation	50% validation 45	2
#FC8D62	1.0463848613776	7	2	validation	validation	50% validation 13	2
#FC8D62	0.173478860661476	7	2	validation	validation	50% validation 99	2
#FC8D62	0.873622817096435	7	2	validation	validation	50% validation 61	2
#FC8D62	0.997107419226253	7	2	validation	validation	50% validation 14	2
#FC8D62	1.21614505665706	7	2	validation	validation	50% validation 2	2
#FC8D62	0.781343639110274	7	2	validation	validation	50% validation 46	2
#FC8D62	0.872834060088755	7	2	validation	validation	50% validation 75	2
#FC8D62	1.17028493808778	7	2	validation	validation	50% validation 3	2
#FC8D62	0.486067076655266	7	2	validation	validation	50% validation 47	2
#FC8D62	0.447645567309285	7	2	validation	validation	50% validation 76	2
#FC8D62	0.839711124493521	7	2	validation	validation	50% validation 97	2
#FC8D62	1.07926630032333	7	2	validation	validation	50% validation 88	2
#FC8D62	0.730980432169806	7	2	validation	validation	50% validation 62	2
#FC8D62	0.887240737786385	7	2	validation	validation	50% validation 95	2
#FC8D62	0.537908957408938	7	2	validation	validation	50% validation 48	2
#FC8D62	0.825788740153881	7	2	validation	validation	50% validation 49	2
#FC8D62	1.05578400586854	7	2	validation	validation	50% validation 15	2
#FC8D62	0.984079451547634	7	2	validation	validation	50% validation 16	2
#FC8D62	1.1343279977827	7	2	validation	validation	50% validation 17	2
#FC8D62	0.106242270434357	7	2	validation	validation	50% validation 63	2
#FC8D62	0.478117954942967	7	2	validation	validation	50% validation 64	2
#FC8D62	0.433854505591491	7	2	validation	validation	50% validation 26	2
#FC8D62	0.0169496975952399	7	2	validation	validation	50% validation 65	2
#FC8D62	-0.70497094894185	7	2	validation	validation	50% validation 77	2
#FC8D62	-0.676299038293557	7	2	validation	validation	50% validation 50	2
#FC8D62	0.929553239860438	7	2	validation	validation	50% validation 18	2
#FC8D62	1.01999785937253	7	2	validation	validation	50% validation 96	2
#FC8D62	0.843508021871253	7	2	validation	validation	50% validation 51	2
#FC8D62	1.17002510092839	7	2	validation	validation	50% validation 52	2
#FC8D62	0.67327885221982	7	2	validation	validation	50% validation 78	2
#FC8D62	0.322616718427998	7	2	validation	validation	50% validation 53	2
#FC8D62	1.1212705106338	7	2	validation	validation	50% validation 19	2
#FC8D62	-0.84413428160715	7	2	validation	validation	50% validation 73	2
#FC8D62	0.930347003371918	7	2	validation	validation	50% validation 54	2
#FC8D62	1.22446324387456	7	2	validation	validation	50% validation 4	2
#FC8D62	0.333510194768136	7	2	validation	validation	50% validation 55	2
#FC8D62	1.23912240588198	7	2	validation	validation	50% validation 5	2
#FC8D62	0.831696260628159	7	2	validation	validation	50% validation 98	2
#FC8D62	0.875040521030662	7	2	validation	validation	50% validation 66	2
#FC8D62	0.827141045528981	7	2	validation	validation	50% validation 89	2
#FC8D62	0.46648795127886	7	2	validation	validation	50% validation 79	2
#FC8D62	0.940655633133056	7	2	validation	validation	50% validation 94	2
#FC8D62	0.255814350986323	7	2	validation	validation	50% validation 80	2
#FC8D62	0.58391378740475	7	2	validation	validation	50% validation 81	2
#FC8D62	1.10331870501534	7	2	validation	validation	50% validation 20	2
#FC8D62	0.901807304924775	7	2	validation	validation	50% validation 21	2
#FC8D62	0.870771492317381	7	2	validation	validation	50% validation 56	2
#FC8D62	0.304276982700823	7	2	validation	validation	50% validation 82	2
#FC8D62	0.437378246479597	7	2	validation	validation	50% validation 67	2
#FC8D62	0.818603140279277	7	2	validation	validation	50% validation 57	2
#FC8D62	0.337023129515695	7	2	validation	validation	50% validation 27	2
#FC8D62	0.331181835899234	7	2	validation	validation	50% validation 83	2
#FC8D62	0.835508577552773	7	2	validation	validation	50% validation 58	2
#FC8D62	0.887080424328145	7	2	validation	validation	50% validation 100	2
#FC8D62	0.945105140871348	7	2	validation	validation	50% validation 68	2
#FC8D62	0.519992844283892	7	2	validation	validation	50% validation 85	2
#FC8D62	0.702519421889305	7	2	validation	validation	50% validation 90	2
#FC8D62	1.03719218772619	7	2	validation	validation	50% validation 84	2
#FC8D62	-0.436142970335679	8	2	validation	validation	VC à 2 blocs 32	2
#FC8D62	0.864584459480513	8	2	validation	validation	VC à 2 blocs 33	2
#FC8D62	0.52672030919235	8	2	validation	validation	VC à 2 blocs 85	2
#FC8D62	-0.00327873310490615	8	2	validation	validation	VC à 2 blocs 77	2
#FC8D62	1.10081764324449	8	2	validation	validation	VC à 2 blocs 4	2
#FC8D62	0.0657117728762269	8	2	validation	validation	VC à 2 blocs 34	2
#FC8D62	0.492573893819536	8	2	validation	validation	VC à 2 blocs 28	2
#FC8D62	0.103079204043131	8	2	validation	validation	VC à 2 blocs 78	2
#FC8D62	0.520274356335179	8	2	validation	validation	VC à 2 blocs 35	2
#FC8D62	1.20341392672817	8	2	validation	validation	VC à 2 blocs 5	2
#FC8D62	0.819553514830399	8	2	validation	validation	VC à 2 blocs 36	2
#FC8D62	0.936061767434499	8	2	validation	validation	VC à 2 blocs 6	2
#FC8D62	0.981039094848865	8	2	validation	validation	VC à 2 blocs 37	2
#FC8D62	0.635493921229191	8	2	validation	validation	VC à 2 blocs 91	2
#FC8D62	0.66675150574644	8	2	validation	validation	VC à 2 blocs 38	2
#FC8D62	0.0711452696845553	8	2	validation	validation	VC à 2 blocs 39	2
#FC8D62	1.24023691196923	8	2	validation	validation	VC à 2 blocs 7	2
#FC8D62	0.646649102420433	8	2	validation	validation	VC à 2 blocs 92	2
#FC8D62	0.851610754828853	8	2	validation	validation	VC à 2 blocs 79	2
#FC8D62	1.11135303961793	8	2	validation	validation	VC à 2 blocs 98	2
#FC8D62	0.079299575659011	8	2	validation	validation	VC à 2 blocs 40	2
#FC8D62	0.904289641316189	8	2	validation	validation	VC à 2 blocs 97	2
#FC8D62	0.931114040629125	8	2	validation	validation	VC à 2 blocs 71	2
#FC8D62	0.898315583300162	8	2	validation	validation	VC à 2 blocs 8	2
#FC8D62	0.9880824684155	8	2	validation	validation	VC à 2 blocs 41	2
#FC8D62	1.17124724488324	8	2	validation	validation	VC à 2 blocs 9	2
#FC8D62	0.346052578203755	8	2	validation	validation	VC à 2 blocs 42	2
#FC8D62	0.592040249492565	8	2	validation	validation	VC à 2 blocs 89	2
#FC8D62	0.560458042909648	8	2	validation	validation	VC à 2 blocs 29	2
#FC8D62	0.0985875006025384	8	2	validation	validation	VC à 2 blocs 43	2
#FC8D62	0.372766759656803	8	2	validation	validation	VC à 2 blocs 44	2
#FC8D62	1.05565054125806	8	2	validation	validation	VC à 2 blocs 72	2
#FC8D62	0.941770279824205	8	2	validation	validation	VC à 2 blocs 95	2
#FC8D62	0.340419531784413	8	2	validation	validation	VC à 2 blocs 73	2
#FC8D62	1.21727435959475	8	2	validation	validation	VC à 2 blocs 10	2
#FC8D62	0.318982680316523	8	2	validation	validation	VC à 2 blocs 45	2
#FC8D62	-0.538766103434003	8	2	validation	validation	VC à 2 blocs 46	2
#FC8D62	1.0113632002586	8	2	validation	validation	VC à 2 blocs 11	2
#FC8D62	0.658126862363324	8	2	validation	validation	VC à 2 blocs 30	2
#FC8D62	0.631787531875737	8	2	validation	validation	VC à 2 blocs 47	2
#FC8D62	0.92701420419344	8	2	validation	validation	VC à 2 blocs 48	2
#FC8D62	0.873441556298037	8	2	validation	validation	VC à 2 blocs 49	2
#FC8D62	-0.571878457905383	8	2	validation	validation	VC à 2 blocs 80	2
#FC8D62	0.733485848688489	8	2	validation	validation	VC à 2 blocs 50	2
#FC8D62	0.450193031564125	8	2	validation	validation	VC à 2 blocs 51	2
#FC8D62	1.295145476285	8	2	validation	validation	VC à 2 blocs 12	2
#FC8D62	-0.4698363666064	8	2	validation	validation	VC à 2 blocs 52	2
#FC8D62	1.19330618324921	8	2	validation	validation	VC à 2 blocs 13	2
#FC8D62	1.0975482716985	8	2	validation	validation	VC à 2 blocs 14	2
#FC8D62	0.319278966184221	8	2	validation	validation	VC à 2 blocs 31	2
#FC8D62	0.990769806187411	8	2	validation	validation	VC à 2 blocs 15	2
#FC8D62	0.49382925430122	8	2	validation	validation	VC à 2 blocs 74	2
#FC8D62	0.555520020321372	8	2	validation	validation	VC à 2 blocs 81	2
#FC8D62	0.523960251593533	8	2	validation	validation	VC à 2 blocs 53	2
#FC8D62	-0.584202845245046	8	2	validation	validation	VC à 2 blocs 96	2
#FC8D62	1.18808102437252	8	2	validation	validation	VC à 2 blocs 1	2
#FC8D62	0.931450613249278	8	2	validation	validation	VC à 2 blocs 16	2
#FC8D62	0.464065671938689	8	2	validation	validation	VC à 2 blocs 54	2
#FC8D62	0.345365427547111	8	2	validation	validation	VC à 2 blocs 75	2
#FC8D62	0.316494182214896	8	2	validation	validation	VC à 2 blocs 93	2
#FC8D62	-0.494741876968307	8	2	validation	validation	VC à 2 blocs 55	2
#FC8D62	0.929268020695389	8	2	validation	validation	VC à 2 blocs 56	2
#FC8D62	-0.418150651512796	8	2	validation	validation	VC à 2 blocs 57	2
#FC8D62	0.96516777707385	8	2	validation	validation	VC à 2 blocs 58	2
#FC8D62	1.25386878866594	8	2	validation	validation	VC à 2 blocs 17	2
#FC8D62	0.310649668808883	8	2	validation	validation	VC à 2 blocs 82	2
#FC8D62	0.97836167378158	8	2	validation	validation	VC à 2 blocs 59	2
#FC8D62	0.147362156354078	8	2	validation	validation	VC à 2 blocs 90	2
#FC8D62	1.10908147922948	8	2	validation	validation	VC à 2 blocs 18	2
#FC8D62	1.07156319341737	8	2	validation	validation	VC à 2 blocs 2	2
#FC8D62	0.898421148055205	8	2	validation	validation	VC à 2 blocs 99	2
#FC8D62	0.923351136695689	8	2	validation	validation	VC à 2 blocs 60	2
#FC8D62	0.961174035258895	8	2	validation	validation	VC à 2 blocs 61	2
#FC8D62	0.952945831006691	8	2	validation	validation	VC à 2 blocs 19	2
#FC8D62	0.584366036080186	8	2	validation	validation	VC à 2 blocs 62	2
#FC8D62	0.905791261774618	8	2	validation	validation	VC à 2 blocs 63	2
#FC8D62	1.25549627437291	8	2	validation	validation	VC à 2 blocs 94	2
#FC8D62	0.491325741683095	8	2	validation	validation	VC à 2 blocs 76	2
#FC8D62	1.15732744239292	8	2	validation	validation	VC à 2 blocs 3	2
#FC8D62	0.997248777719789	8	2	validation	validation	VC à 2 blocs 20	2
#FC8D62	0.292693747409991	8	2	validation	validation	VC à 2 blocs 64	2
#FC8D62	0.978898164025532	8	2	validation	validation	VC à 2 blocs 21	2
#FC8D62	0.766040554356575	8	2	validation	validation	VC à 2 blocs 86	2
#FC8D62	1.19834313580203	8	2	validation	validation	VC à 2 blocs 22	2
#FC8D62	1.10587118346983	8	2	validation	validation	VC à 2 blocs 65	2
#FC8D62	1.15047888298575	8	2	validation	validation	VC à 2 blocs 23	2
#FC8D62	0.677055168891937	8	2	validation	validation	VC à 2 blocs 87	2
#FC8D62	1.16512517810099	8	2	validation	validation	VC à 2 blocs 24	2
#FC8D62	0.652111748786142	8	2	validation	validation	VC à 2 blocs 83	2
#FC8D62	0.929300792708174	8	2	validation	validation	VC à 2 blocs 66	2
#FC8D62	0.490977302499154	8	2	validation	validation	VC à 2 blocs 67	2
#FC8D62	0.973066153905027	8	2	validation	validation	VC à 2 blocs 84	2
#FC8D62	1.02087990397556	8	2	validation	validation	VC à 2 blocs 25	2
#FC8D62	1.06506915579165	8	2	validation	validation	VC à 2 blocs 68	2
#FC8D62	0.106062487592182	8	2	validation	validation	VC à 2 blocs 69	2
#FC8D62	1.03615916739941	8	2	validation	validation	VC à 2 blocs 26	2
#FC8D62	0.9056431088725	8	2	validation	validation	VC à 2 blocs 100	2
#FC8D62	0.265598207128414	8	2	validation	validation	VC à 2 blocs 88	2
#FC8D62	0.567431390013584	8	2	validation	validation	VC à 2 blocs 70	2
#FC8D62	1.31473135428468	8	2	validation	validation	VC à 2 blocs 27	2
#FC8D62	0.907156026484301	8	2	validation	validation	50% validation 87	2
#FC8D62	0.9051493588748	8	2	validation	validation	50% validation 6	2
#FC8D62	0.290104271892927	8	2	validation	validation	50% validation 28	2
#FC8D62	1.03436620252297	8	2	validation	validation	50% validation 22	2
#FC8D62	0.940927994307964	8	2	validation	validation	50% validation 23	2
#FC8D62	0.0228161912539554	8	2	validation	validation	50% validation 69	2
#FC8D62	0.982793815352554	8	2	validation	validation	50% validation 7	2
#FC8D62	0.604114930106785	8	2	validation	validation	50% validation 91	2
#FC8D62	0.675815026365816	8	2	validation	validation	50% validation 24	2
#FC8D62	-0.490105302221924	8	2	validation	validation	50% validation 70	2
#FC8D62	0.947214538763588	8	2	validation	validation	50% validation 93	2
#FC8D62	0.596029718396317	8	2	validation	validation	50% validation 71	2
#FC8D62	1.32019936496943	8	2	validation	validation	50% validation 8	2
#FC8D62	0.871031350497414	8	2	validation	validation	50% validation 25	2
#FC8D62	0.920579561116511	8	2	validation	validation	50% validation 29	2
#FC8D62	0.568267788358835	8	2	validation	validation	50% validation 30	2
#FC8D62	1.11755341966165	8	2	validation	validation	50% validation 9	2
#FC8D62	1.19870730075506	8	2	validation	validation	50% validation 10	2
#FC8D62	0.98441256023104	8	2	validation	validation	50% validation 31	2
#FC8D62	0.305902703880964	8	2	validation	validation	50% validation 32	2
#FC8D62	1.14989226520597	8	2	validation	validation	50% validation 1	2
#FC8D62	0.943935079702717	8	2	validation	validation	50% validation 74	2
#FC8D62	0.813447288944788	8	2	validation	validation	50% validation 33	2
#FC8D62	0.905871125429844	8	2	validation	validation	50% validation 11	2
#FC8D62	0.0113429039527303	8	2	validation	validation	50% validation 72	2
#FC8D62	0.917001849264276	8	2	validation	validation	50% validation 12	2
#FC8D62	0.622720887792122	8	2	validation	validation	50% validation 34	2
#FC8D62	0.541813224428706	8	2	validation	validation	50% validation 86	2
#FC8D62	0.994828736021083	8	2	validation	validation	50% validation 35	2
#FC8D62	0.821065275247388	8	2	validation	validation	50% validation 36	2
#FC8D62	0.471692915330532	8	2	validation	validation	50% validation 37	2
#FC8D62	0.561455437398622	8	2	validation	validation	50% validation 38	2
#FC8D62	0.936369003973893	8	2	validation	validation	50% validation 59	2
#FC8D62	0.962621613409345	8	2	validation	validation	50% validation 60	2
#FC8D62	0.739489017737605	8	2	validation	validation	50% validation 39	2
#FC8D62	0.827296250722401	8	2	validation	validation	50% validation 40	2
#FC8D62	0.357724878380697	8	2	validation	validation	50% validation 41	2
#FC8D62	0.833940507014056	8	2	validation	validation	50% validation 92	2
#FC8D62	0.596095409088042	8	2	validation	validation	50% validation 42	2
#FC8D62	0.307923924238571	8	2	validation	validation	50% validation 43	2
#FC8D62	0.101766003207496	8	2	validation	validation	50% validation 44	2
#FC8D62	0.571454584618622	8	2	validation	validation	50% validation 45	2
#FC8D62	1.0498463992691	8	2	validation	validation	50% validation 13	2
#FC8D62	0.178997116619432	8	2	validation	validation	50% validation 99	2
#FC8D62	0.883338505447875	8	2	validation	validation	50% validation 61	2
#FC8D62	0.997814962214794	8	2	validation	validation	50% validation 14	2
#FC8D62	1.21614505665706	8	2	validation	validation	50% validation 2	2
#FC8D62	0.786592248657248	8	2	validation	validation	50% validation 46	2
#FC8D62	0.87070022923054	8	2	validation	validation	50% validation 75	2
#FC8D62	1.17064558082945	8	2	validation	validation	50% validation 3	2
#FC8D62	0.485417119839986	8	2	validation	validation	50% validation 47	2
#FC8D62	0.446350013092571	8	2	validation	validation	50% validation 76	2
#FC8D62	0.852417138154184	8	2	validation	validation	50% validation 97	2
#FC8D62	1.08094092362749	8	2	validation	validation	50% validation 88	2
#FC8D62	0.730481824453447	8	2	validation	validation	50% validation 62	2
#FC8D62	0.887768272618055	8	2	validation	validation	50% validation 95	2
#FC8D62	0.539947463073094	8	2	validation	validation	50% validation 48	2
#FC8D62	0.825175098249099	8	2	validation	validation	50% validation 49	2
#FC8D62	1.06100839534994	8	2	validation	validation	50% validation 15	2
#FC8D62	0.981520114967581	8	2	validation	validation	50% validation 16	2
#FC8D62	1.13438211712448	8	2	validation	validation	50% validation 17	2
#FC8D62	0.122168093087342	8	2	validation	validation	50% validation 63	2
#FC8D62	0.47839841646915	8	2	validation	validation	50% validation 64	2
#FC8D62	0.447525869783826	8	2	validation	validation	50% validation 26	2
#FC8D62	0.0269208080280117	8	2	validation	validation	50% validation 65	2
#FC8D62	-0.794660277368575	8	2	validation	validation	50% validation 77	2
#FC8D62	-0.599592988610059	8	2	validation	validation	50% validation 50	2
#FC8D62	0.93014814293278	8	2	validation	validation	50% validation 18	2
#FC8D62	1.02889204828304	8	2	validation	validation	50% validation 96	2
#FC8D62	0.835033268928036	8	2	validation	validation	50% validation 51	2
#FC8D62	1.21217831785978	8	2	validation	validation	50% validation 52	2
#FC8D62	0.669553234537847	8	2	validation	validation	50% validation 78	2
#FC8D62	0.326237972133758	8	2	validation	validation	50% validation 53	2
#FC8D62	1.12167360083475	8	2	validation	validation	50% validation 19	2
#FC8D62	-0.795650447815392	8	2	validation	validation	50% validation 73	2
#FC8D62	0.931459452632535	8	2	validation	validation	50% validation 54	2
#FC8D62	1.21867665338353	8	2	validation	validation	50% validation 4	2
#FC8D62	0.336976043158794	8	2	validation	validation	50% validation 55	2
#FC8D62	1.23879821694139	8	2	validation	validation	50% validation 5	2
#FC8D62	0.834198342337125	8	2	validation	validation	50% validation 98	2
#FC8D62	0.874749678643366	8	2	validation	validation	50% validation 66	2
#FC8D62	0.845967055478484	8	2	validation	validation	50% validation 89	2
#FC8D62	0.455407551689999	8	2	validation	validation	50% validation 79	2
#FC8D62	0.93810206595608	8	2	validation	validation	50% validation 94	2
#FC8D62	0.225131545096495	8	2	validation	validation	50% validation 80	2
#FC8D62	0.580642912036964	8	2	validation	validation	50% validation 81	2
#FC8D62	1.11866004748983	8	2	validation	validation	50% validation 20	2
#FC8D62	0.905811569115628	8	2	validation	validation	50% validation 21	2
#FC8D62	0.869957541355964	8	2	validation	validation	50% validation 56	2
#FC8D62	0.290953878614058	8	2	validation	validation	50% validation 82	2
#FC8D62	0.43742802447905	8	2	validation	validation	50% validation 67	2
#FC8D62	0.819782025829059	8	2	validation	validation	50% validation 57	2
#FC8D62	0.34147679629109	8	2	validation	validation	50% validation 27	2
#FC8D62	0.320366678589121	8	2	validation	validation	50% validation 83	2
#FC8D62	0.845694008077776	8	2	validation	validation	50% validation 58	2
#FC8D62	0.897835593759257	8	2	validation	validation	50% validation 100	2
#FC8D62	0.962289804205785	8	2	validation	validation	50% validation 68	2
#FC8D62	0.521220704006011	8	2	validation	validation	50% validation 85	2
#FC8D62	0.702731572645861	8	2	validation	validation	50% validation 90	2
#FC8D62	1.03654853739802	8	2	validation	validation	50% validation 84	2
#FC8D62	-0.450819811706952	9	2	validation	validation	VC à 2 blocs 32	2
#FC8D62	0.864584459480513	9	2	validation	validation	VC à 2 blocs 33	2
#FC8D62	0.542533306756226	9	2	validation	validation	VC à 2 blocs 85	2
#FC8D62	0.00776090582376525	9	2	validation	validation	VC à 2 blocs 77	2
#FC8D62	1.11160464773114	9	2	validation	validation	VC à 2 blocs 4	2
#FC8D62	0.0674897517471508	9	2	validation	validation	VC à 2 blocs 34	2
#FC8D62	0.492076771739515	9	2	validation	validation	VC à 2 blocs 28	2
#FC8D62	0.101537483632993	9	2	validation	validation	VC à 2 blocs 78	2
#FC8D62	0.520536960541515	9	2	validation	validation	VC à 2 blocs 35	2
#FC8D62	1.20359769574162	9	2	validation	validation	VC à 2 blocs 5	2
#FC8D62	0.821943101685092	9	2	validation	validation	VC à 2 blocs 36	2
#FC8D62	0.93601581873382	9	2	validation	validation	VC à 2 blocs 6	2
#FC8D62	0.980738819499748	9	2	validation	validation	VC à 2 blocs 37	2
#FC8D62	0.635493921229191	9	2	validation	validation	VC à 2 blocs 91	2
#FC8D62	0.661022017845864	9	2	validation	validation	VC à 2 blocs 38	2
#FC8D62	0.0709722623042494	9	2	validation	validation	VC à 2 blocs 39	2
#FC8D62	1.24084615518127	9	2	validation	validation	VC à 2 blocs 7	2
#FC8D62	0.649375547436717	9	2	validation	validation	VC à 2 blocs 92	2
#FC8D62	0.85269348920582	9	2	validation	validation	VC à 2 blocs 79	2
#FC8D62	1.11336931944304	9	2	validation	validation	VC à 2 blocs 98	2
#FC8D62	0.0801664934622045	9	2	validation	validation	VC à 2 blocs 40	2
#FC8D62	0.902561920045738	9	2	validation	validation	VC à 2 blocs 97	2
#FC8D62	0.930658468776566	9	2	validation	validation	VC à 2 blocs 71	2
#FC8D62	0.898315583300162	9	2	validation	validation	VC à 2 blocs 8	2
#FC8D62	0.993502362601503	9	2	validation	validation	VC à 2 blocs 41	2
#FC8D62	1.16107956280319	9	2	validation	validation	VC à 2 blocs 9	2
#FC8D62	0.344998046640687	9	2	validation	validation	VC à 2 blocs 42	2
#FC8D62	0.57839887680575	9	2	validation	validation	VC à 2 blocs 89	2
#FC8D62	0.565191139188448	9	2	validation	validation	VC à 2 blocs 29	2
#FC8D62	0.0996220734481649	9	2	validation	validation	VC à 2 blocs 43	2
#FC8D62	0.373874942486829	9	2	validation	validation	VC à 2 blocs 44	2
#FC8D62	1.05598706134618	9	2	validation	validation	VC à 2 blocs 72	2
#FC8D62	0.942018043659463	9	2	validation	validation	VC à 2 blocs 95	2
#FC8D62	0.339074418332162	9	2	validation	validation	VC à 2 blocs 73	2
#FC8D62	1.21805626629942	9	2	validation	validation	VC à 2 blocs 10	2
#FC8D62	0.317189339983504	9	2	validation	validation	VC à 2 blocs 45	2
#FC8D62	-0.405604438154462	9	2	validation	validation	VC à 2 blocs 46	2
#FC8D62	1.00289415840164	9	2	validation	validation	VC à 2 blocs 11	2
#FC8D62	0.646604935551649	9	2	validation	validation	VC à 2 blocs 30	2
#FC8D62	0.625183286584877	9	2	validation	validation	VC à 2 blocs 47	2
#FC8D62	0.929569713308339	9	2	validation	validation	VC à 2 blocs 48	2
#FC8D62	0.876800357797167	9	2	validation	validation	VC à 2 blocs 49	2
#FC8D62	-0.56636526267249	9	2	validation	validation	VC à 2 blocs 80	2
#FC8D62	0.73496368290537	9	2	validation	validation	VC à 2 blocs 50	2
#FC8D62	0.492886955698909	9	2	validation	validation	VC à 2 blocs 51	2
#FC8D62	1.29565428246976	9	2	validation	validation	VC à 2 blocs 12	2
#FC8D62	-0.481025332934574	9	2	validation	validation	VC à 2 blocs 52	2
#FC8D62	1.19214505781836	9	2	validation	validation	VC à 2 blocs 13	2
#FC8D62	1.10113378702028	9	2	validation	validation	VC à 2 blocs 14	2
#FC8D62	0.349067215810246	9	2	validation	validation	VC à 2 blocs 31	2
#FC8D62	0.991404488127362	9	2	validation	validation	VC à 2 blocs 15	2
#FC8D62	0.493699013638732	9	2	validation	validation	VC à 2 blocs 74	2
#FC8D62	0.556659729609516	9	2	validation	validation	VC à 2 blocs 81	2
#FC8D62	0.525765835676124	9	2	validation	validation	VC à 2 blocs 53	2
#FC8D62	-0.581770009385187	9	2	validation	validation	VC à 2 blocs 96	2
#FC8D62	1.18808102437252	9	2	validation	validation	VC à 2 blocs 1	2
#FC8D62	0.939720513011606	9	2	validation	validation	VC à 2 blocs 16	2
#FC8D62	0.452727440208396	9	2	validation	validation	VC à 2 blocs 54	2
#FC8D62	0.348747096264592	9	2	validation	validation	VC à 2 blocs 75	2
#FC8D62	0.312568296623787	9	2	validation	validation	VC à 2 blocs 93	2
#FC8D62	-0.456896917178225	9	2	validation	validation	VC à 2 blocs 55	2
#FC8D62	0.937474046049926	9	2	validation	validation	VC à 2 blocs 56	2
#FC8D62	-0.425353012156987	9	2	validation	validation	VC à 2 blocs 57	2
#FC8D62	0.964704705075085	9	2	validation	validation	VC à 2 blocs 58	2
#FC8D62	1.255001773727	9	2	validation	validation	VC à 2 blocs 17	2
#FC8D62	0.310649668808883	9	2	validation	validation	VC à 2 blocs 82	2
#FC8D62	0.978269453593487	9	2	validation	validation	VC à 2 blocs 59	2
#FC8D62	0.155231508470789	9	2	validation	validation	VC à 2 blocs 90	2
#FC8D62	1.09473678674599	9	2	validation	validation	VC à 2 blocs 18	2
#FC8D62	1.07073520305761	9	2	validation	validation	VC à 2 blocs 2	2
#FC8D62	0.906715505850177	9	2	validation	validation	VC à 2 blocs 99	2
#FC8D62	0.923351136695689	9	2	validation	validation	VC à 2 blocs 60	2
#FC8D62	0.958481279108909	9	2	validation	validation	VC à 2 blocs 61	2
#FC8D62	0.955184121714956	9	2	validation	validation	VC à 2 blocs 19	2
#FC8D62	0.581751953270456	9	2	validation	validation	VC à 2 blocs 62	2
#FC8D62	0.906186963009473	9	2	validation	validation	VC à 2 blocs 63	2
#FC8D62	1.25557835194908	9	2	validation	validation	VC à 2 blocs 94	2
#FC8D62	0.482682771212641	9	2	validation	validation	VC à 2 blocs 76	2
#FC8D62	1.1899337794285	9	2	validation	validation	VC à 2 blocs 3	2
#FC8D62	0.996595700540062	9	2	validation	validation	VC à 2 blocs 20	2
#FC8D62	0.301788576308768	9	2	validation	validation	VC à 2 blocs 64	2
#FC8D62	0.979295975469955	9	2	validation	validation	VC à 2 blocs 21	2
#FC8D62	0.768222234025848	9	2	validation	validation	VC à 2 blocs 86	2
#FC8D62	1.19991596876124	9	2	validation	validation	VC à 2 blocs 22	2
#FC8D62	1.10615870487713	9	2	validation	validation	VC à 2 blocs 65	2
#FC8D62	1.15160048904205	9	2	validation	validation	VC à 2 blocs 23	2
#FC8D62	0.680619393543186	9	2	validation	validation	VC à 2 blocs 87	2
#FC8D62	1.1753892911896	9	2	validation	validation	VC à 2 blocs 24	2
#FC8D62	0.698303851223686	9	2	validation	validation	VC à 2 blocs 83	2
#FC8D62	0.93005799507252	9	2	validation	validation	VC à 2 blocs 66	2
#FC8D62	0.492695360010317	9	2	validation	validation	VC à 2 blocs 67	2
#FC8D62	0.976624203444015	9	2	validation	validation	VC à 2 blocs 84	2
#FC8D62	1.02804020598382	9	2	validation	validation	VC à 2 blocs 25	2
#FC8D62	1.06809151912399	9	2	validation	validation	VC à 2 blocs 68	2
#FC8D62	0.104305551113356	9	2	validation	validation	VC à 2 blocs 69	2
#FC8D62	1.03653363069883	9	2	validation	validation	VC à 2 blocs 26	2
#FC8D62	0.882353256774941	9	2	validation	validation	VC à 2 blocs 100	2
#FC8D62	0.336777608071972	9	2	validation	validation	VC à 2 blocs 88	2
#FC8D62	0.565310739068305	9	2	validation	validation	VC à 2 blocs 70	2
#FC8D62	1.31639871149428	9	2	validation	validation	VC à 2 blocs 27	2
#FC8D62	0.880871500439281	9	2	validation	validation	50% validation 87	2
#FC8D62	0.89410262591649	9	2	validation	validation	50% validation 6	2
#FC8D62	0.294441290503186	9	2	validation	validation	50% validation 28	2
#FC8D62	1.0402881640113	9	2	validation	validation	50% validation 22	2
#FC8D62	0.967229577544914	9	2	validation	validation	50% validation 23	2
#FC8D62	0.0323895295132685	9	2	validation	validation	50% validation 69	2
#FC8D62	0.980753650243205	9	2	validation	validation	50% validation 7	2
#FC8D62	0.603397649471545	9	2	validation	validation	50% validation 91	2
#FC8D62	0.680325860729519	9	2	validation	validation	50% validation 24	2
#FC8D62	-0.485180740848013	9	2	validation	validation	50% validation 70	2
#FC8D62	0.928665350175157	9	2	validation	validation	50% validation 93	2
#FC8D62	0.600760030744441	9	2	validation	validation	50% validation 71	2
#FC8D62	1.33209672885046	9	2	validation	validation	50% validation 8	2
#FC8D62	0.895492495407113	9	2	validation	validation	50% validation 25	2
#FC8D62	0.921272368326618	9	2	validation	validation	50% validation 29	2
#FC8D62	0.564661124342898	9	2	validation	validation	50% validation 30	2
#FC8D62	1.11726718772226	9	2	validation	validation	50% validation 9	2
#FC8D62	1.20432625400105	9	2	validation	validation	50% validation 10	2
#FC8D62	0.984987310093908	9	2	validation	validation	50% validation 31	2
#FC8D62	0.305902703880964	9	2	validation	validation	50% validation 32	2
#FC8D62	1.14203524700274	9	2	validation	validation	50% validation 1	2
#FC8D62	0.94438725762485	9	2	validation	validation	50% validation 74	2
#FC8D62	0.815825062338571	9	2	validation	validation	50% validation 33	2
#FC8D62	0.903582352607146	9	2	validation	validation	50% validation 11	2
#FC8D62	0.0257319061168345	9	2	validation	validation	50% validation 72	2
#FC8D62	0.917695880074193	9	2	validation	validation	50% validation 12	2
#FC8D62	0.621362687648037	9	2	validation	validation	50% validation 34	2
#FC8D62	0.538986642683126	9	2	validation	validation	50% validation 86	2
#FC8D62	0.994319732167675	9	2	validation	validation	50% validation 35	2
#FC8D62	0.821545829780879	9	2	validation	validation	50% validation 36	2
#FC8D62	0.474316014699269	9	2	validation	validation	50% validation 37	2
#FC8D62	0.591631096966303	9	2	validation	validation	50% validation 38	2
#FC8D62	0.944270120117328	9	2	validation	validation	50% validation 59	2
#FC8D62	0.974713807339296	9	2	validation	validation	50% validation 60	2
#FC8D62	0.741416007464953	9	2	validation	validation	50% validation 39	2
#FC8D62	0.827720879287915	9	2	validation	validation	50% validation 40	2
#FC8D62	0.36764164136102	9	2	validation	validation	50% validation 41	2
#FC8D62	0.834183406482607	9	2	validation	validation	50% validation 92	2
#FC8D62	0.600775838701126	9	2	validation	validation	50% validation 42	2
#FC8D62	0.305494703688379	9	2	validation	validation	50% validation 43	2
#FC8D62	0.0983227295872451	9	2	validation	validation	50% validation 44	2
#FC8D62	0.576549760769424	9	2	validation	validation	50% validation 45	2
#FC8D62	1.05129697785877	9	2	validation	validation	50% validation 13	2
#FC8D62	0.109298534127577	9	2	validation	validation	50% validation 99	2
#FC8D62	0.863819011081256	9	2	validation	validation	50% validation 61	2
#FC8D62	0.997325437393357	9	2	validation	validation	50% validation 14	2
#FC8D62	1.21595506039942	9	2	validation	validation	50% validation 2	2
#FC8D62	0.782853256589946	9	2	validation	validation	50% validation 46	2
#FC8D62	0.873806077097851	9	2	validation	validation	50% validation 75	2
#FC8D62	1.16968887275398	9	2	validation	validation	50% validation 3	2
#FC8D62	0.48960008798902	9	2	validation	validation	50% validation 47	2
#FC8D62	0.480326562042377	9	2	validation	validation	50% validation 76	2
#FC8D62	0.840425224081638	9	2	validation	validation	50% validation 97	2
#FC8D62	1.08094092362749	9	2	validation	validation	50% validation 88	2
#FC8D62	0.702623794701073	9	2	validation	validation	50% validation 62	2
#FC8D62	0.888864739520102	9	2	validation	validation	50% validation 95	2
#FC8D62	0.546510535790934	9	2	validation	validation	50% validation 48	2
#FC8D62	0.825783620239769	9	2	validation	validation	50% validation 49	2
#FC8D62	1.05906281173577	9	2	validation	validation	50% validation 15	2
#FC8D62	0.987260063819781	9	2	validation	validation	50% validation 16	2
#FC8D62	1.13406384833906	9	2	validation	validation	50% validation 17	2
#FC8D62	0.128951806064454	9	2	validation	validation	50% validation 63	2
#FC8D62	0.511202056383231	9	2	validation	validation	50% validation 64	2
#FC8D62	0.451157828270221	9	2	validation	validation	50% validation 26	2
#FC8D62	0.0245318466890757	9	2	validation	validation	50% validation 65	2
#FC8D62	-0.672954030412073	9	2	validation	validation	50% validation 77	2
#FC8D62	-0.525358337890098	9	2	validation	validation	50% validation 50	2
#FC8D62	0.945413923927776	9	2	validation	validation	50% validation 18	2
#FC8D62	1.0279604712319	9	2	validation	validation	50% validation 96	2
#FC8D62	0.836296303654968	9	2	validation	validation	50% validation 51	2
#FC8D62	1.21111669853345	9	2	validation	validation	50% validation 52	2
#FC8D62	0.676208050825606	9	2	validation	validation	50% validation 78	2
#FC8D62	0.327621055635867	9	2	validation	validation	50% validation 53	2
#FC8D62	1.12320898856959	9	2	validation	validation	50% validation 19	2
#FC8D62	-0.740912467490445	9	2	validation	validation	50% validation 73	2
#FC8D62	0.968357175609067	9	2	validation	validation	50% validation 54	2
#FC8D62	1.21918725317001	9	2	validation	validation	50% validation 4	2
#FC8D62	0.356201956908231	9	2	validation	validation	50% validation 55	2
#FC8D62	1.23983353884859	9	2	validation	validation	50% validation 5	2
#FC8D62	0.8372602569141	9	2	validation	validation	50% validation 98	2
#FC8D62	0.875292596975178	9	2	validation	validation	50% validation 66	2
#FC8D62	0.846233355085354	9	2	validation	validation	50% validation 89	2
#FC8D62	0.49355586173106	9	2	validation	validation	50% validation 79	2
#FC8D62	0.942013316054225	9	2	validation	validation	50% validation 94	2
#FC8D62	0.24542282208651	9	2	validation	validation	50% validation 80	2
#FC8D62	0.611795999116222	9	2	validation	validation	50% validation 81	2
#FC8D62	1.11854718071336	9	2	validation	validation	50% validation 20	2
#FC8D62	0.906064285721741	9	2	validation	validation	50% validation 21	2
#FC8D62	0.870506479781839	9	2	validation	validation	50% validation 56	2
#FC8D62	0.345247228637657	9	2	validation	validation	50% validation 82	2
#FC8D62	0.436622422237924	9	2	validation	validation	50% validation 67	2
#FC8D62	0.821723947967789	9	2	validation	validation	50% validation 57	2
#FC8D62	0.34497180841099	9	2	validation	validation	50% validation 27	2
#FC8D62	0.321405347988576	9	2	validation	validation	50% validation 83	2
#FC8D62	0.83222761056574	9	2	validation	validation	50% validation 58	2
#FC8D62	0.89776417783865	9	2	validation	validation	50% validation 100	2
#FC8D62	0.967084328438387	9	2	validation	validation	50% validation 68	2
#FC8D62	0.483813251818316	9	2	validation	validation	50% validation 85	2
#FC8D62	0.717181156744253	9	2	validation	validation	50% validation 90	2
#FC8D62	1.03939569870548	9	2	validation	validation	50% validation 84	2
#FC8D62	-0.462770594831898	10	2	validation	validation	VC à 2 blocs 32	2
#FC8D62	0.848059173950488	10	2	validation	validation	VC à 2 blocs 33	2
#FC8D62	0.568428330246517	10	2	validation	validation	VC à 2 blocs 85	2
#FC8D62	0.00549535143023086	10	2	validation	validation	VC à 2 blocs 77	2
#FC8D62	1.11207022723038	10	2	validation	validation	VC à 2 blocs 4	2
#FC8D62	0.0769581565867074	10	2	validation	validation	VC à 2 blocs 34	2
#FC8D62	0.480751591444746	10	2	validation	validation	VC à 2 blocs 28	2
#FC8D62	0.110545660510547	10	2	validation	validation	VC à 2 blocs 78	2
#FC8D62	0.522854238047523	10	2	validation	validation	VC à 2 blocs 35	2
#FC8D62	1.20369862953548	10	2	validation	validation	VC à 2 blocs 5	2
#FC8D62	0.822720092557256	10	2	validation	validation	VC à 2 blocs 36	2
#FC8D62	0.936591443269692	10	2	validation	validation	VC à 2 blocs 6	2
#FC8D62	0.981438308084046	10	2	validation	validation	VC à 2 blocs 37	2
#FC8D62	0.635493921229191	10	2	validation	validation	VC à 2 blocs 91	2
#FC8D62	0.684909284017461	10	2	validation	validation	VC à 2 blocs 38	2
#FC8D62	0.0654612234818882	10	2	validation	validation	VC à 2 blocs 39	2
#FC8D62	1.24084615518127	10	2	validation	validation	VC à 2 blocs 7	2
#FC8D62	0.654518169483496	10	2	validation	validation	VC à 2 blocs 92	2
#FC8D62	0.853508731834203	10	2	validation	validation	VC à 2 blocs 79	2
#FC8D62	1.11384551533369	10	2	validation	validation	VC à 2 blocs 98	2
#FC8D62	0.07782968035612	10	2	validation	validation	VC à 2 blocs 40	2
#FC8D62	0.902759477801597	10	2	validation	validation	VC à 2 blocs 97	2
#FC8D62	0.928540674182964	10	2	validation	validation	VC à 2 blocs 71	2
#FC8D62	0.903444117513585	10	2	validation	validation	VC à 2 blocs 8	2
#FC8D62	0.989795927686547	10	2	validation	validation	VC à 2 blocs 41	2
#FC8D62	1.16107956280319	10	2	validation	validation	VC à 2 blocs 9	2
#FC8D62	0.349174553977928	10	2	validation	validation	VC à 2 blocs 42	2
#FC8D62	0.600318445604556	10	2	validation	validation	VC à 2 blocs 89	2
#FC8D62	0.593775989624268	10	2	validation	validation	VC à 2 blocs 29	2
#FC8D62	0.108702352167841	10	2	validation	validation	VC à 2 blocs 43	2
#FC8D62	0.379684596199994	10	2	validation	validation	VC à 2 blocs 44	2
#FC8D62	1.06020675329697	10	2	validation	validation	VC à 2 blocs 72	2
#FC8D62	0.942572610852047	10	2	validation	validation	VC à 2 blocs 95	2
#FC8D62	0.34754608939144	10	2	validation	validation	VC à 2 blocs 73	2
#FC8D62	1.21747980252926	10	2	validation	validation	VC à 2 blocs 10	2
#FC8D62	0.317581363861272	10	2	validation	validation	VC à 2 blocs 45	2
#FC8D62	-0.415292824230212	10	2	validation	validation	VC à 2 blocs 46	2
#FC8D62	1.00289415840164	10	2	validation	validation	VC à 2 blocs 11	2
#FC8D62	0.664504833205465	10	2	validation	validation	VC à 2 blocs 30	2
#FC8D62	0.625773480120852	10	2	validation	validation	VC à 2 blocs 47	2
#FC8D62	0.931903625472297	10	2	validation	validation	VC à 2 blocs 48	2
#FC8D62	0.878258886579843	10	2	validation	validation	VC à 2 blocs 49	2
#FC8D62	-0.5904570418144	10	2	validation	validation	VC à 2 blocs 80	2
#FC8D62	0.734787383291538	10	2	validation	validation	VC à 2 blocs 50	2
#FC8D62	0.495416371543194	10	2	validation	validation	VC à 2 blocs 51	2
#FC8D62	1.29525830016696	10	2	validation	validation	VC à 2 blocs 12	2
#FC8D62	-0.394641716523483	10	2	validation	validation	VC à 2 blocs 52	2
#FC8D62	1.19293516744617	10	2	validation	validation	VC à 2 blocs 13	2
#FC8D62	1.101788207701	10	2	validation	validation	VC à 2 blocs 14	2
#FC8D62	0.351543911742695	10	2	validation	validation	VC à 2 blocs 31	2
#FC8D62	0.997212958796413	10	2	validation	validation	VC à 2 blocs 15	2
#FC8D62	0.496759269612462	10	2	validation	validation	VC à 2 blocs 74	2
#FC8D62	0.557821835452696	10	2	validation	validation	VC à 2 blocs 81	2
#FC8D62	0.496302428809995	10	2	validation	validation	VC à 2 blocs 53	2
#FC8D62	-0.582184058349198	10	2	validation	validation	VC à 2 blocs 96	2
#FC8D62	1.18769457568369	10	2	validation	validation	VC à 2 blocs 1	2
#FC8D62	0.937731477867162	10	2	validation	validation	VC à 2 blocs 16	2
#FC8D62	0.48451703997954	10	2	validation	validation	VC à 2 blocs 54	2
#FC8D62	0.351140959328145	10	2	validation	validation	VC à 2 blocs 75	2
#FC8D62	0.315519975592265	10	2	validation	validation	VC à 2 blocs 93	2
#FC8D62	-0.463361530750836	10	2	validation	validation	VC à 2 blocs 55	2
#FC8D62	0.937629356373283	10	2	validation	validation	VC à 2 blocs 56	2
#FC8D62	-0.392796060607462	10	2	validation	validation	VC à 2 blocs 57	2
#FC8D62	0.964381131694128	10	2	validation	validation	VC à 2 blocs 58	2
#FC8D62	1.23488725492607	10	2	validation	validation	VC à 2 blocs 17	2
#FC8D62	0.326150314845816	10	2	validation	validation	VC à 2 blocs 82	2
#FC8D62	0.979488442899963	10	2	validation	validation	VC à 2 blocs 59	2
#FC8D62	0.155715056493858	10	2	validation	validation	VC à 2 blocs 90	2
#FC8D62	1.094215677908	10	2	validation	validation	VC à 2 blocs 18	2
#FC8D62	1.08190142231483	10	2	validation	validation	VC à 2 blocs 2	2
#FC8D62	0.89398254496197	10	2	validation	validation	VC à 2 blocs 99	2
#FC8D62	0.925753272034656	10	2	validation	validation	VC à 2 blocs 60	2
#FC8D62	0.960381965013906	10	2	validation	validation	VC à 2 blocs 61	2
#FC8D62	0.954505065552638	10	2	validation	validation	VC à 2 blocs 19	2
#FC8D62	0.589593164019551	10	2	validation	validation	VC à 2 blocs 62	2
#FC8D62	0.90631622160554	10	2	validation	validation	VC à 2 blocs 63	2
#FC8D62	1.25562251997341	10	2	validation	validation	VC à 2 blocs 94	2
#FC8D62	0.482175974482226	10	2	validation	validation	VC à 2 blocs 76	2
#FC8D62	1.19144436842045	10	2	validation	validation	VC à 2 blocs 3	2
#FC8D62	0.997181163723359	10	2	validation	validation	VC à 2 blocs 20	2
#FC8D62	0.285286505957367	10	2	validation	validation	VC à 2 blocs 64	2
#FC8D62	0.983742509767032	10	2	validation	validation	VC à 2 blocs 21	2
#FC8D62	0.771409877998164	10	2	validation	validation	VC à 2 blocs 86	2
#FC8D62	1.20001653794558	10	2	validation	validation	VC à 2 blocs 22	2
#FC8D62	1.10655750226826	10	2	validation	validation	VC à 2 blocs 65	2
#FC8D62	1.15053723145033	10	2	validation	validation	VC à 2 blocs 23	2
#FC8D62	0.680939089237968	10	2	validation	validation	VC à 2 blocs 87	2
#FC8D62	1.1564631189264	10	2	validation	validation	VC à 2 blocs 24	2
#FC8D62	0.694826270067229	10	2	validation	validation	VC à 2 blocs 83	2
#FC8D62	0.93080507905458	10	2	validation	validation	VC à 2 blocs 66	2
#FC8D62	0.499192342360486	10	2	validation	validation	VC à 2 blocs 67	2
#FC8D62	0.976782998505909	10	2	validation	validation	VC à 2 blocs 84	2
#FC8D62	1.03159046049041	10	2	validation	validation	VC à 2 blocs 25	2
#FC8D62	1.06785072299864	10	2	validation	validation	VC à 2 blocs 68	2
#FC8D62	0.105200427058482	10	2	validation	validation	VC à 2 blocs 69	2
#FC8D62	1.02728415113344	10	2	validation	validation	VC à 2 blocs 26	2
#FC8D62	0.882850046588804	10	2	validation	validation	VC à 2 blocs 100	2
#FC8D62	0.338279751346969	10	2	validation	validation	VC à 2 blocs 88	2
#FC8D62	0.567409976889529	10	2	validation	validation	VC à 2 blocs 70	2
#FC8D62	1.31590451731509	10	2	validation	validation	VC à 2 blocs 27	2
#FC8D62	0.879333804242429	10	2	validation	validation	50% validation 87	2
#FC8D62	0.892700792305276	10	2	validation	validation	50% validation 6	2
#FC8D62	0.299305474701145	10	2	validation	validation	50% validation 28	2
#FC8D62	1.04131989823075	10	2	validation	validation	50% validation 22	2
#FC8D62	0.96684735553333	10	2	validation	validation	50% validation 23	2
#FC8D62	0.0429936738194139	10	2	validation	validation	50% validation 69	2
#FC8D62	0.980901109572801	10	2	validation	validation	50% validation 7	2
#FC8D62	0.603397649471545	10	2	validation	validation	50% validation 91	2
#FC8D62	0.682917152685872	10	2	validation	validation	50% validation 24	2
#FC8D62	-0.498957451056003	10	2	validation	validation	50% validation 70	2
#FC8D62	0.929075591888815	10	2	validation	validation	50% validation 93	2
#FC8D62	0.628819952599773	10	2	validation	validation	50% validation 71	2
#FC8D62	1.31791890903717	10	2	validation	validation	50% validation 8	2
#FC8D62	0.895801509363579	10	2	validation	validation	50% validation 25	2
#FC8D62	0.923847033058456	10	2	validation	validation	50% validation 29	2
#FC8D62	0.593707841311545	10	2	validation	validation	50% validation 30	2
#FC8D62	1.09057416419072	10	2	validation	validation	50% validation 9	2
#FC8D62	1.18176730043047	10	2	validation	validation	50% validation 10	2
#FC8D62	0.993768240784512	10	2	validation	validation	50% validation 31	2
#FC8D62	0.318198494038697	10	2	validation	validation	50% validation 32	2
#FC8D62	1.14348754473092	10	2	validation	validation	50% validation 1	2
#FC8D62	0.965189247866096	10	2	validation	validation	50% validation 74	2
#FC8D62	0.814718910397999	10	2	validation	validation	50% validation 33	2
#FC8D62	0.880416591764591	10	2	validation	validation	50% validation 11	2
#FC8D62	0.0143652972683905	10	2	validation	validation	50% validation 72	2
#FC8D62	0.909519322233221	10	2	validation	validation	50% validation 12	2
#FC8D62	0.619030371651573	10	2	validation	validation	50% validation 34	2
#FC8D62	0.530248351865142	10	2	validation	validation	50% validation 86	2
#FC8D62	1.0159373019476	10	2	validation	validation	50% validation 35	2
#FC8D62	0.822772534158576	10	2	validation	validation	50% validation 36	2
#FC8D62	0.484946212900885	10	2	validation	validation	50% validation 37	2
#FC8D62	0.606520405503862	10	2	validation	validation	50% validation 38	2
#FC8D62	0.943436208699863	10	2	validation	validation	50% validation 59	2
#FC8D62	0.973215626266136	10	2	validation	validation	50% validation 60	2
#FC8D62	0.736987462950819	10	2	validation	validation	50% validation 39	2
#FC8D62	0.827882838640473	10	2	validation	validation	50% validation 40	2
#FC8D62	0.368037057583709	10	2	validation	validation	50% validation 41	2
#FC8D62	0.834127028544294	10	2	validation	validation	50% validation 92	2
#FC8D62	0.605492182658476	10	2	validation	validation	50% validation 42	2
#FC8D62	0.306108162326759	10	2	validation	validation	50% validation 43	2
#FC8D62	0.101557285485065	10	2	validation	validation	50% validation 44	2
#FC8D62	0.571275902106256	10	2	validation	validation	50% validation 45	2
#FC8D62	1.04826453942357	10	2	validation	validation	50% validation 13	2
#FC8D62	0.114590621040094	10	2	validation	validation	50% validation 99	2
#FC8D62	0.863819011081256	10	2	validation	validation	50% validation 61	2
#FC8D62	0.980561959090356	10	2	validation	validation	50% validation 14	2
#FC8D62	1.21586156776569	10	2	validation	validation	50% validation 2	2
#FC8D62	0.788603562645809	10	2	validation	validation	50% validation 46	2
#FC8D62	0.885516519289499	10	2	validation	validation	50% validation 75	2
#FC8D62	1.16959436615243	10	2	validation	validation	50% validation 3	2
#FC8D62	0.49302004839407	10	2	validation	validation	50% validation 47	2
#FC8D62	0.508165457067615	10	2	validation	validation	50% validation 76	2
#FC8D62	0.842148335626169	10	2	validation	validation	50% validation 97	2
#FC8D62	1.08265113729359	10	2	validation	validation	50% validation 88	2
#FC8D62	0.702800014232828	10	2	validation	validation	50% validation 62	2
#FC8D62	0.89138716920834	10	2	validation	validation	50% validation 95	2
#FC8D62	0.584475564494439	10	2	validation	validation	50% validation 48	2
#FC8D62	0.828526131979864	10	2	validation	validation	50% validation 49	2
#FC8D62	1.0639688618838	10	2	validation	validation	50% validation 15	2
#FC8D62	0.968992217553921	10	2	validation	validation	50% validation 16	2
#FC8D62	1.13436275965706	10	2	validation	validation	50% validation 17	2
#FC8D62	0.13890217670761	10	2	validation	validation	50% validation 63	2
#FC8D62	0.511572737785727	10	2	validation	validation	50% validation 64	2
#FC8D62	0.447865350199271	10	2	validation	validation	50% validation 26	2
#FC8D62	0.110398756428384	10	2	validation	validation	50% validation 65	2
#FC8D62	-0.541669027365788	10	2	validation	validation	50% validation 77	2
#FC8D62	-0.536040521027137	10	2	validation	validation	50% validation 50	2
#FC8D62	0.945919486238973	10	2	validation	validation	50% validation 18	2
#FC8D62	1.0183769268824	10	2	validation	validation	50% validation 96	2
#FC8D62	0.857493659383829	10	2	validation	validation	50% validation 51	2
#FC8D62	1.21385984122653	10	2	validation	validation	50% validation 52	2
#FC8D62	0.678842922122377	10	2	validation	validation	50% validation 78	2
#FC8D62	0.326110037239419	10	2	validation	validation	50% validation 53	2
#FC8D62	1.12272588448556	10	2	validation	validation	50% validation 19	2
#FC8D62	-0.651882157321897	10	2	validation	validation	50% validation 73	2
#FC8D62	0.969378325012043	10	2	validation	validation	50% validation 54	2
#FC8D62	1.21918725317001	10	2	validation	validation	50% validation 4	2
#FC8D62	0.343526915441992	10	2	validation	validation	50% validation 55	2
#FC8D62	1.23505188374058	10	2	validation	validation	50% validation 5	2
#FC8D62	0.854568617302258	10	2	validation	validation	50% validation 98	2
#FC8D62	0.874852015830395	10	2	validation	validation	50% validation 66	2
#FC8D62	0.821360591283002	10	2	validation	validation	50% validation 89	2
#FC8D62	0.493704481756721	10	2	validation	validation	50% validation 79	2
#FC8D62	0.942294138624945	10	2	validation	validation	50% validation 94	2
#FC8D62	0.245374044925187	10	2	validation	validation	50% validation 80	2
#FC8D62	0.612000686832876	10	2	validation	validation	50% validation 81	2
#FC8D62	1.1172533686028	10	2	validation	validation	50% validation 20	2
#FC8D62	0.90618705764323	10	2	validation	validation	50% validation 21	2
#FC8D62	0.870449634740233	10	2	validation	validation	50% validation 56	2
#FC8D62	0.348894994250452	10	2	validation	validation	50% validation 82	2
#FC8D62	0.439713736459244	10	2	validation	validation	50% validation 67	2
#FC8D62	0.822524248395741	10	2	validation	validation	50% validation 57	2
#FC8D62	0.347590631593756	10	2	validation	validation	50% validation 27	2
#FC8D62	0.346201552509729	10	2	validation	validation	50% validation 83	2
#FC8D62	0.83222761056574	10	2	validation	validation	50% validation 58	2
#FC8D62	0.896948880308802	10	2	validation	validation	50% validation 100	2
#FC8D62	0.966989742801913	10	2	validation	validation	50% validation 68	2
#FC8D62	0.487376805730685	10	2	validation	validation	50% validation 85	2
#FC8D62	0.706790968027322	10	2	validation	validation	50% validation 90	2
#FC8D62	1.05623840634411	10	2	validation	validation	50% validation 84	2
#FC8D62	-0.460184491417616	11	2	validation	validation	VC à 2 blocs 32	2
#FC8D62	0.848064719201114	11	2	validation	validation	VC à 2 blocs 33	2
#FC8D62	0.572628977287919	11	2	validation	validation	VC à 2 blocs 85	2
#FC8D62	0.0830813525397999	11	2	validation	validation	VC à 2 blocs 77	2
#FC8D62	1.11219826976926	11	2	validation	validation	VC à 2 blocs 4	2
#FC8D62	0.076212774656205	11	2	validation	validation	VC à 2 blocs 34	2
#FC8D62	0.480751591444746	11	2	validation	validation	VC à 2 blocs 28	2
#FC8D62	0.110496476272468	11	2	validation	validation	VC à 2 blocs 78	2
#FC8D62	0.52459469504596	11	2	validation	validation	VC à 2 blocs 35	2
#FC8D62	1.20384757951486	11	2	validation	validation	VC à 2 blocs 5	2
#FC8D62	0.823505846385079	11	2	validation	validation	VC à 2 blocs 36	2
#FC8D62	0.936404422508001	11	2	validation	validation	VC à 2 blocs 6	2
#FC8D62	0.98382021491384	11	2	validation	validation	VC à 2 blocs 37	2
#FC8D62	0.635493921229191	11	2	validation	validation	VC à 2 blocs 91	2
#FC8D62	0.68497912627104	11	2	validation	validation	VC à 2 blocs 38	2
#FC8D62	0.0696411598319947	11	2	validation	validation	VC à 2 blocs 39	2
#FC8D62	1.23861925496324	11	2	validation	validation	VC à 2 blocs 7	2
#FC8D62	0.634998349475924	11	2	validation	validation	VC à 2 blocs 92	2
#FC8D62	0.856351416836749	11	2	validation	validation	VC à 2 blocs 79	2
#FC8D62	1.12347749873869	11	2	validation	validation	VC à 2 blocs 98	2
#FC8D62	0.0748697244235681	11	2	validation	validation	VC à 2 blocs 40	2
#FC8D62	0.903638530663173	11	2	validation	validation	VC à 2 blocs 97	2
#FC8D62	0.935046515612421	11	2	validation	validation	VC à 2 blocs 71	2
#FC8D62	0.902738934762399	11	2	validation	validation	VC à 2 blocs 8	2
#FC8D62	1.00761962509565	11	2	validation	validation	VC à 2 blocs 41	2
#FC8D62	1.16073986594738	11	2	validation	validation	VC à 2 blocs 9	2
#FC8D62	0.349174553977928	11	2	validation	validation	VC à 2 blocs 42	2
#FC8D62	0.604245817874173	11	2	validation	validation	VC à 2 blocs 89	2
#FC8D62	0.595838005039904	11	2	validation	validation	VC à 2 blocs 29	2
#FC8D62	0.110259415043633	11	2	validation	validation	VC à 2 blocs 43	2
#FC8D62	0.37648112393705	11	2	validation	validation	VC à 2 blocs 44	2
#FC8D62	1.05844685003691	11	2	validation	validation	VC à 2 blocs 72	2
#FC8D62	0.942553050299175	11	2	validation	validation	VC à 2 blocs 95	2
#FC8D62	0.34754608939144	11	2	validation	validation	VC à 2 blocs 73	2
#FC8D62	1.22184402857507	11	2	validation	validation	VC à 2 blocs 10	2
#FC8D62	0.3405532049273	11	2	validation	validation	VC à 2 blocs 45	2
#FC8D62	-0.38840580693441	11	2	validation	validation	VC à 2 blocs 46	2
#FC8D62	1.00920922742282	11	2	validation	validation	VC à 2 blocs 11	2
#FC8D62	0.66388299504815	11	2	validation	validation	VC à 2 blocs 30	2
#FC8D62	0.626948392353127	11	2	validation	validation	VC à 2 blocs 47	2
#FC8D62	0.9331146921807	11	2	validation	validation	VC à 2 blocs 48	2
#FC8D62	0.878571798712135	11	2	validation	validation	VC à 2 blocs 49	2
#FC8D62	-0.557027822708934	11	2	validation	validation	VC à 2 blocs 80	2
#FC8D62	0.771825923242222	11	2	validation	validation	VC à 2 blocs 50	2
#FC8D62	0.497116991819569	11	2	validation	validation	VC à 2 blocs 51	2
#FC8D62	1.29532642654364	11	2	validation	validation	VC à 2 blocs 12	2
#FC8D62	-0.404107138720612	11	2	validation	validation	VC à 2 blocs 52	2
#FC8D62	1.19292085200293	11	2	validation	validation	VC à 2 blocs 13	2
#FC8D62	1.1022634560442	11	2	validation	validation	VC à 2 blocs 14	2
#FC8D62	0.379464633911037	11	2	validation	validation	VC à 2 blocs 31	2
#FC8D62	0.980445053418516	11	2	validation	validation	VC à 2 blocs 15	2
#FC8D62	0.501805775141517	11	2	validation	validation	VC à 2 blocs 74	2
#FC8D62	0.55639431752552	11	2	validation	validation	VC à 2 blocs 81	2
#FC8D62	0.498997344243314	11	2	validation	validation	VC à 2 blocs 53	2
#FC8D62	-0.585252420623462	11	2	validation	validation	VC à 2 blocs 96	2
#FC8D62	1.18885900856941	11	2	validation	validation	VC à 2 blocs 1	2
#FC8D62	0.939192279594005	11	2	validation	validation	VC à 2 blocs 16	2
#FC8D62	0.487113941142614	11	2	validation	validation	VC à 2 blocs 54	2
#FC8D62	0.350550255455735	11	2	validation	validation	VC à 2 blocs 75	2
#FC8D62	0.32118717811622	11	2	validation	validation	VC à 2 blocs 93	2
#FC8D62	-0.397710533972928	11	2	validation	validation	VC à 2 blocs 55	2
#FC8D62	0.937593767399051	11	2	validation	validation	VC à 2 blocs 56	2
#FC8D62	-0.417734416733766	11	2	validation	validation	VC à 2 blocs 57	2
#FC8D62	0.962843183856885	11	2	validation	validation	VC à 2 blocs 58	2
#FC8D62	1.23498092503238	11	2	validation	validation	VC à 2 blocs 17	2
#FC8D62	0.325118203089252	11	2	validation	validation	VC à 2 blocs 82	2
#FC8D62	0.983045129033682	11	2	validation	validation	VC à 2 blocs 59	2
#FC8D62	0.0648276436647438	11	2	validation	validation	VC à 2 blocs 90	2
#FC8D62	1.0924717705104	11	2	validation	validation	VC à 2 blocs 18	2
#FC8D62	1.0816205338328	11	2	validation	validation	VC à 2 blocs 2	2
#FC8D62	0.895513625371275	11	2	validation	validation	VC à 2 blocs 99	2
#FC8D62	0.91583067733016	11	2	validation	validation	VC à 2 blocs 60	2
#FC8D62	0.965102872821871	11	2	validation	validation	VC à 2 blocs 61	2
#FC8D62	0.954505065552638	11	2	validation	validation	VC à 2 blocs 19	2
#FC8D62	0.589267761776495	11	2	validation	validation	VC à 2 blocs 62	2
#FC8D62	0.912635149015489	11	2	validation	validation	VC à 2 blocs 63	2
#FC8D62	1.26649100628228	11	2	validation	validation	VC à 2 blocs 94	2
#FC8D62	0.482386987412763	11	2	validation	validation	VC à 2 blocs 76	2
#FC8D62	1.19105181479549	11	2	validation	validation	VC à 2 blocs 3	2
#FC8D62	0.999225046960164	11	2	validation	validation	VC à 2 blocs 20	2
#FC8D62	0.290325063980648	11	2	validation	validation	VC à 2 blocs 64	2
#FC8D62	0.987150394896965	11	2	validation	validation	VC à 2 blocs 21	2
#FC8D62	0.770364459704526	11	2	validation	validation	VC à 2 blocs 86	2
#FC8D62	1.19914239001709	11	2	validation	validation	VC à 2 blocs 22	2
#FC8D62	1.13340890237999	11	2	validation	validation	VC à 2 blocs 65	2
#FC8D62	1.15080046546723	11	2	validation	validation	VC à 2 blocs 23	2
#FC8D62	0.715282628789977	11	2	validation	validation	VC à 2 blocs 87	2
#FC8D62	1.15710900279882	11	2	validation	validation	VC à 2 blocs 24	2
#FC8D62	0.697601364439252	11	2	validation	validation	VC à 2 blocs 83	2
#FC8D62	0.931003658348699	11	2	validation	validation	VC à 2 blocs 66	2
#FC8D62	0.501366527493535	11	2	validation	validation	VC à 2 blocs 67	2
#FC8D62	0.977596940464858	11	2	validation	validation	VC à 2 blocs 84	2
#FC8D62	1.03196888215089	11	2	validation	validation	VC à 2 blocs 25	2
#FC8D62	1.06583015976138	11	2	validation	validation	VC à 2 blocs 68	2
#FC8D62	0.104217464784034	11	2	validation	validation	VC à 2 blocs 69	2
#FC8D62	1.05274558007465	11	2	validation	validation	VC à 2 blocs 26	2
#FC8D62	0.882780732695987	11	2	validation	validation	VC à 2 blocs 100	2
#FC8D62	0.340100625936642	11	2	validation	validation	VC à 2 blocs 88	2
#FC8D62	0.570772961977503	11	2	validation	validation	VC à 2 blocs 70	2
#FC8D62	1.31602855775502	11	2	validation	validation	VC à 2 blocs 27	2
#FC8D62	0.879333804242429	11	2	validation	validation	50% validation 87	2
#FC8D62	0.891916565658949	11	2	validation	validation	50% validation 6	2
#FC8D62	0.300034984575955	11	2	validation	validation	50% validation 28	2
#FC8D62	1.04131989823075	11	2	validation	validation	50% validation 22	2
#FC8D62	0.965000299879993	11	2	validation	validation	50% validation 23	2
#FC8D62	0.0387232608255359	11	2	validation	validation	50% validation 69	2
#FC8D62	0.9812519156569	11	2	validation	validation	50% validation 7	2
#FC8D62	0.60576741964501	11	2	validation	validation	50% validation 91	2
#FC8D62	0.674099133918289	11	2	validation	validation	50% validation 24	2
#FC8D62	-0.484867984171397	11	2	validation	validation	50% validation 70	2
#FC8D62	0.928326616455997	11	2	validation	validation	50% validation 93	2
#FC8D62	0.63313323557855	11	2	validation	validation	50% validation 71	2
#FC8D62	1.3179569294096	11	2	validation	validation	50% validation 8	2
#FC8D62	0.895263692377674	11	2	validation	validation	50% validation 25	2
#FC8D62	0.923527475466416	11	2	validation	validation	50% validation 29	2
#FC8D62	0.611509211899807	11	2	validation	validation	50% validation 30	2
#FC8D62	1.09076610513006	11	2	validation	validation	50% validation 9	2
#FC8D62	1.18169505964472	11	2	validation	validation	50% validation 10	2
#FC8D62	0.991998718784104	11	2	validation	validation	50% validation 31	2
#FC8D62	0.318198494038697	11	2	validation	validation	50% validation 32	2
#FC8D62	1.14354625404789	11	2	validation	validation	50% validation 1	2
#FC8D62	0.97350024935882	11	2	validation	validation	50% validation 74	2
#FC8D62	0.814275491236479	11	2	validation	validation	50% validation 33	2
#FC8D62	0.880271991413296	11	2	validation	validation	50% validation 11	2
#FC8D62	0.0367903572362505	11	2	validation	validation	50% validation 72	2
#FC8D62	0.911615625075977	11	2	validation	validation	50% validation 12	2
#FC8D62	0.635152046782482	11	2	validation	validation	50% validation 34	2
#FC8D62	0.552264202063116	11	2	validation	validation	50% validation 86	2
#FC8D62	1.01730625691148	11	2	validation	validation	50% validation 35	2
#FC8D62	0.82207807855787	11	2	validation	validation	50% validation 36	2
#FC8D62	0.486845254838272	11	2	validation	validation	50% validation 37	2
#FC8D62	0.606977496172859	11	2	validation	validation	50% validation 38	2
#FC8D62	0.944673327472424	11	2	validation	validation	50% validation 59	2
#FC8D62	0.976408485722618	11	2	validation	validation	50% validation 60	2
#FC8D62	0.742201438967405	11	2	validation	validation	50% validation 39	2
#FC8D62	0.828664617598491	11	2	validation	validation	50% validation 40	2
#FC8D62	0.36709600896645	11	2	validation	validation	50% validation 41	2
#FC8D62	0.834663074176334	11	2	validation	validation	50% validation 92	2
#FC8D62	0.608525251575212	11	2	validation	validation	50% validation 42	2
#FC8D62	0.305839311675473	11	2	validation	validation	50% validation 43	2
#FC8D62	0.118336484066675	11	2	validation	validation	50% validation 44	2
#FC8D62	0.600089504877999	11	2	validation	validation	50% validation 45	2
#FC8D62	1.04872031662241	11	2	validation	validation	50% validation 13	2
#FC8D62	0.114590621040094	11	2	validation	validation	50% validation 99	2
#FC8D62	0.864178460102779	11	2	validation	validation	50% validation 61	2
#FC8D62	0.981006101791183	11	2	validation	validation	50% validation 14	2
#FC8D62	1.216177802462	11	2	validation	validation	50% validation 2	2
#FC8D62	0.778237022266839	11	2	validation	validation	50% validation 46	2
#FC8D62	0.885999052169635	11	2	validation	validation	50% validation 75	2
#FC8D62	1.16871193215015	11	2	validation	validation	50% validation 3	2
#FC8D62	0.496686478994049	11	2	validation	validation	50% validation 47	2
#FC8D62	0.5089929009933	11	2	validation	validation	50% validation 76	2
#FC8D62	0.841427182257527	11	2	validation	validation	50% validation 97	2
#FC8D62	1.07707686227227	11	2	validation	validation	50% validation 88	2
#FC8D62	0.702582332260456	11	2	validation	validation	50% validation 62	2
#FC8D62	0.89272882493989	11	2	validation	validation	50% validation 95	2
#FC8D62	0.586305921233143	11	2	validation	validation	50% validation 48	2
#FC8D62	0.828396210503968	11	2	validation	validation	50% validation 49	2
#FC8D62	1.06617371511537	11	2	validation	validation	50% validation 15	2
#FC8D62	0.969246150215075	11	2	validation	validation	50% validation 16	2
#FC8D62	1.13535666651891	11	2	validation	validation	50% validation 17	2
#FC8D62	0.145375830147001	11	2	validation	validation	50% validation 63	2
#FC8D62	0.51113264715746	11	2	validation	validation	50% validation 64	2
#FC8D62	0.449693995019866	11	2	validation	validation	50% validation 26	2
#FC8D62	0.111580540836361	11	2	validation	validation	50% validation 65	2
#FC8D62	-0.528592069785435	11	2	validation	validation	50% validation 77	2
#FC8D62	-0.532964075002987	11	2	validation	validation	50% validation 50	2
#FC8D62	0.94500061479952	11	2	validation	validation	50% validation 18	2
#FC8D62	1.00005055325472	11	2	validation	validation	50% validation 96	2
#FC8D62	0.857478607579934	11	2	validation	validation	50% validation 51	2
#FC8D62	1.21410859601384	11	2	validation	validation	50% validation 52	2
#FC8D62	0.680595444889733	11	2	validation	validation	50% validation 78	2
#FC8D62	0.32054218605204	11	2	validation	validation	50% validation 53	2
#FC8D62	1.12597987424119	11	2	validation	validation	50% validation 19	2
#FC8D62	-0.674037290133663	11	2	validation	validation	50% validation 73	2
#FC8D62	0.974623662698508	11	2	validation	validation	50% validation 54	2
#FC8D62	1.21681319545166	11	2	validation	validation	50% validation 4	2
#FC8D62	0.366299873975316	11	2	validation	validation	50% validation 55	2
#FC8D62	1.24804588351818	11	2	validation	validation	50% validation 5	2
#FC8D62	0.840184016411813	11	2	validation	validation	50% validation 98	2
#FC8D62	0.874934088985756	11	2	validation	validation	50% validation 66	2
#FC8D62	0.820762607119577	11	2	validation	validation	50% validation 89	2
#FC8D62	0.494919163191725	11	2	validation	validation	50% validation 79	2
#FC8D62	0.946694138684379	11	2	validation	validation	50% validation 94	2
#FC8D62	0.245989600417479	11	2	validation	validation	50% validation 80	2
#FC8D62	0.612989000781245	11	2	validation	validation	50% validation 81	2
#FC8D62	1.11730117429987	11	2	validation	validation	50% validation 20	2
#FC8D62	0.906532977845908	11	2	validation	validation	50% validation 21	2
#FC8D62	0.848597939121581	11	2	validation	validation	50% validation 56	2
#FC8D62	0.345984517538641	11	2	validation	validation	50% validation 82	2
#FC8D62	0.418946334548079	11	2	validation	validation	50% validation 67	2
#FC8D62	0.821647279417322	11	2	validation	validation	50% validation 57	2
#FC8D62	0.356638312223563	11	2	validation	validation	50% validation 27	2
#FC8D62	0.344005501940578	11	2	validation	validation	50% validation 83	2
#FC8D62	0.832707985022454	11	2	validation	validation	50% validation 58	2
#FC8D62	0.896626552407715	11	2	validation	validation	50% validation 100	2
#FC8D62	0.967446153388439	11	2	validation	validation	50% validation 68	2
#FC8D62	0.49413447790144	11	2	validation	validation	50% validation 85	2
#FC8D62	0.707736911952921	11	2	validation	validation	50% validation 90	2
#FC8D62	1.05696177219207	11	2	validation	validation	50% validation 84	2
#FC8D62	-0.465185524128205	12	2	validation	validation	VC à 2 blocs 32	2
#FC8D62	0.848652593908338	12	2	validation	validation	VC à 2 blocs 33	2
#FC8D62	0.574859540684801	12	2	validation	validation	VC à 2 blocs 85	2
#FC8D62	0.0800500297789593	12	2	validation	validation	VC à 2 blocs 77	2
#FC8D62	1.1120799055807	12	2	validation	validation	VC à 2 blocs 4	2
#FC8D62	0.0510014898114891	12	2	validation	validation	VC à 2 blocs 34	2
#FC8D62	0.511362874310042	12	2	validation	validation	VC à 2 blocs 28	2
#FC8D62	0.125998522681682	12	2	validation	validation	VC à 2 blocs 78	2
#FC8D62	0.530634756563872	12	2	validation	validation	VC à 2 blocs 35	2
#FC8D62	1.20205231331893	12	2	validation	validation	VC à 2 blocs 5	2
#FC8D62	0.825010635455113	12	2	validation	validation	VC à 2 blocs 36	2
#FC8D62	0.940345301471107	12	2	validation	validation	VC à 2 blocs 6	2
#FC8D62	0.984861077351601	12	2	validation	validation	VC à 2 blocs 37	2
#FC8D62	0.635286367557602	12	2	validation	validation	VC à 2 blocs 91	2
#FC8D62	0.68582092790507	12	2	validation	validation	VC à 2 blocs 38	2
#FC8D62	0.115305457251447	12	2	validation	validation	VC à 2 blocs 39	2
#FC8D62	1.23851810116894	12	2	validation	validation	VC à 2 blocs 7	2
#FC8D62	0.633408635534923	12	2	validation	validation	VC à 2 blocs 92	2
#FC8D62	0.857041585091614	12	2	validation	validation	VC à 2 blocs 79	2
#FC8D62	1.10790104081506	12	2	validation	validation	VC à 2 blocs 98	2
#FC8D62	0.0779804286194754	12	2	validation	validation	VC à 2 blocs 40	2
#FC8D62	0.903030381029975	12	2	validation	validation	VC à 2 blocs 97	2
#FC8D62	0.93444246138549	12	2	validation	validation	VC à 2 blocs 71	2
#FC8D62	0.904161393768315	12	2	validation	validation	VC à 2 blocs 8	2
#FC8D62	1.01444005012778	12	2	validation	validation	VC à 2 blocs 41	2
#FC8D62	1.16097755274275	12	2	validation	validation	VC à 2 blocs 9	2
#FC8D62	0.369665081587321	12	2	validation	validation	VC à 2 blocs 42	2
#FC8D62	0.604435639510942	12	2	validation	validation	VC à 2 blocs 89	2
#FC8D62	0.596522507219121	12	2	validation	validation	VC à 2 blocs 29	2
#FC8D62	0.11304869732983	12	2	validation	validation	VC à 2 blocs 43	2
#FC8D62	0.37719233999654	12	2	validation	validation	VC à 2 blocs 44	2
#FC8D62	1.05844685003691	12	2	validation	validation	VC à 2 blocs 72	2
#FC8D62	0.942991060787552	12	2	validation	validation	VC à 2 blocs 95	2
#FC8D62	0.351621287611759	12	2	validation	validation	VC à 2 blocs 73	2
#FC8D62	1.20323075642628	12	2	validation	validation	VC à 2 blocs 10	2
#FC8D62	0.347213005345148	12	2	validation	validation	VC à 2 blocs 45	2
#FC8D62	-0.276947095700865	12	2	validation	validation	VC à 2 blocs 46	2
#FC8D62	1.00900620045533	12	2	validation	validation	VC à 2 blocs 11	2
#FC8D62	0.664253026909652	12	2	validation	validation	VC à 2 blocs 30	2
#FC8D62	0.626582484968202	12	2	validation	validation	VC à 2 blocs 47	2
#FC8D62	0.942856151800036	12	2	validation	validation	VC à 2 blocs 48	2
#FC8D62	0.878755798122593	12	2	validation	validation	VC à 2 blocs 49	2
#FC8D62	-0.560702665343339	12	2	validation	validation	VC à 2 blocs 80	2
#FC8D62	0.771568143835414	12	2	validation	validation	VC à 2 blocs 50	2
#FC8D62	0.503548647693479	12	2	validation	validation	VC à 2 blocs 51	2
#FC8D62	1.29444691650816	12	2	validation	validation	VC à 2 blocs 12	2
#FC8D62	-0.397791001256916	12	2	validation	validation	VC à 2 blocs 52	2
#FC8D62	1.19383706728915	12	2	validation	validation	VC à 2 blocs 13	2
#FC8D62	1.10859835323868	12	2	validation	validation	VC à 2 blocs 14	2
#FC8D62	0.380349384269816	12	2	validation	validation	VC à 2 blocs 31	2
#FC8D62	0.980889315630965	12	2	validation	validation	VC à 2 blocs 15	2
#FC8D62	0.500299322660742	12	2	validation	validation	VC à 2 blocs 74	2
#FC8D62	0.559136267476338	12	2	validation	validation	VC à 2 blocs 81	2
#FC8D62	0.498997344243314	12	2	validation	validation	VC à 2 blocs 53	2
#FC8D62	-0.574878177163242	12	2	validation	validation	VC à 2 blocs 96	2
#FC8D62	1.19273418580576	12	2	validation	validation	VC à 2 blocs 1	2
#FC8D62	0.948018823348099	12	2	validation	validation	VC à 2 blocs 16	2
#FC8D62	0.487669736962215	12	2	validation	validation	VC à 2 blocs 54	2
#FC8D62	0.355377102818956	12	2	validation	validation	VC à 2 blocs 75	2
#FC8D62	0.329616884396545	12	2	validation	validation	VC à 2 blocs 93	2
#FC8D62	-0.397261383467823	12	2	validation	validation	VC à 2 blocs 55	2
#FC8D62	0.938589578789371	12	2	validation	validation	VC à 2 blocs 56	2
#FC8D62	-0.417731912503351	12	2	validation	validation	VC à 2 blocs 57	2
#FC8D62	0.950794663108461	12	2	validation	validation	VC à 2 blocs 58	2
#FC8D62	1.23505642728296	12	2	validation	validation	VC à 2 blocs 17	2
#FC8D62	0.347249300589294	12	2	validation	validation	VC à 2 blocs 82	2
#FC8D62	0.981086277712305	12	2	validation	validation	VC à 2 blocs 59	2
#FC8D62	0.0613566343165766	12	2	validation	validation	VC à 2 blocs 90	2
#FC8D62	1.092660236728	12	2	validation	validation	VC à 2 blocs 18	2
#FC8D62	1.08246732014252	12	2	validation	validation	VC à 2 blocs 2	2
#FC8D62	0.895546134655634	12	2	validation	validation	VC à 2 blocs 99	2
#FC8D62	0.914737724633154	12	2	validation	validation	VC à 2 blocs 60	2
#FC8D62	0.963774628374302	12	2	validation	validation	VC à 2 blocs 61	2
#FC8D62	0.933964022039607	12	2	validation	validation	VC à 2 blocs 19	2
#FC8D62	0.59109347028879	12	2	validation	validation	VC à 2 blocs 62	2
#FC8D62	0.913336032812214	12	2	validation	validation	VC à 2 blocs 63	2
#FC8D62	1.26615016678007	12	2	validation	validation	VC à 2 blocs 94	2
#FC8D62	0.483252471858955	12	2	validation	validation	VC à 2 blocs 76	2
#FC8D62	1.19116089149309	12	2	validation	validation	VC à 2 blocs 3	2
#FC8D62	0.999314751775023	12	2	validation	validation	VC à 2 blocs 20	2
#FC8D62	0.295431153108289	12	2	validation	validation	VC à 2 blocs 64	2
#FC8D62	0.986314551732224	12	2	validation	validation	VC à 2 blocs 21	2
#FC8D62	0.773804582392232	12	2	validation	validation	VC à 2 blocs 86	2
#FC8D62	1.18490220091775	12	2	validation	validation	VC à 2 blocs 22	2
#FC8D62	1.13395052847677	12	2	validation	validation	VC à 2 blocs 65	2
#FC8D62	1.1510036218395	12	2	validation	validation	VC à 2 blocs 23	2
#FC8D62	0.723594738708062	12	2	validation	validation	VC à 2 blocs 87	2
#FC8D62	1.15682707745215	12	2	validation	validation	VC à 2 blocs 24	2
#FC8D62	0.698200965021343	12	2	validation	validation	VC à 2 blocs 83	2
#FC8D62	0.930904237461196	12	2	validation	validation	VC à 2 blocs 66	2
#FC8D62	0.499021471299789	12	2	validation	validation	VC à 2 blocs 67	2
#FC8D62	0.978289939670398	12	2	validation	validation	VC à 2 blocs 84	2
#FC8D62	1.03390001762407	12	2	validation	validation	VC à 2 blocs 25	2
#FC8D62	1.05525307607596	12	2	validation	validation	VC à 2 blocs 68	2
#FC8D62	0.108157713171392	12	2	validation	validation	VC à 2 blocs 69	2
#FC8D62	1.05283958646472	12	2	validation	validation	VC à 2 blocs 26	2
#FC8D62	0.883642702896994	12	2	validation	validation	VC à 2 blocs 100	2
#FC8D62	0.347208433721033	12	2	validation	validation	VC à 2 blocs 88	2
#FC8D62	0.577950461289095	12	2	validation	validation	VC à 2 blocs 70	2
#FC8D62	1.32984850696282	12	2	validation	validation	VC à 2 blocs 27	2
#FC8D62	0.886339596361255	12	2	validation	validation	50% validation 87	2
#FC8D62	0.891916565658949	12	2	validation	validation	50% validation 6	2
#FC8D62	0.303453340291535	12	2	validation	validation	50% validation 28	2
#FC8D62	1.04207940789452	12	2	validation	validation	50% validation 22	2
#FC8D62	0.966191214993504	12	2	validation	validation	50% validation 23	2
#FC8D62	0.0377685911787726	12	2	validation	validation	50% validation 69	2
#FC8D62	0.981454202675789	12	2	validation	validation	50% validation 7	2
#FC8D62	0.60576741964501	12	2	validation	validation	50% validation 91	2
#FC8D62	0.689268662905896	12	2	validation	validation	50% validation 24	2
#FC8D62	-0.483164496838352	12	2	validation	validation	50% validation 70	2
#FC8D62	0.92828421749207	12	2	validation	validation	50% validation 93	2
#FC8D62	0.632785519232137	12	2	validation	validation	50% validation 71	2
#FC8D62	1.31833751923269	12	2	validation	validation	50% validation 8	2
#FC8D62	0.895348294705239	12	2	validation	validation	50% validation 25	2
#FC8D62	0.924113251067775	12	2	validation	validation	50% validation 29	2
#FC8D62	0.611509211899807	12	2	validation	validation	50% validation 30	2
#FC8D62	1.08989547951701	12	2	validation	validation	50% validation 9	2
#FC8D62	1.18206560415537	12	2	validation	validation	50% validation 10	2
#FC8D62	0.993208847111663	12	2	validation	validation	50% validation 31	2
#FC8D62	0.319971190277244	12	2	validation	validation	50% validation 32	2
#FC8D62	1.14503772799911	12	2	validation	validation	50% validation 1	2
#FC8D62	0.974332340207192	12	2	validation	validation	50% validation 74	2
#FC8D62	0.814563253738838	12	2	validation	validation	50% validation 33	2
#FC8D62	0.880179213141887	12	2	validation	validation	50% validation 11	2
#FC8D62	0.0442715547754408	12	2	validation	validation	50% validation 72	2
#FC8D62	0.914103333717285	12	2	validation	validation	50% validation 12	2
#FC8D62	0.637216253476995	12	2	validation	validation	50% validation 34	2
#FC8D62	0.576858159497775	12	2	validation	validation	50% validation 86	2
#FC8D62	1.01759354216733	12	2	validation	validation	50% validation 35	2
#FC8D62	0.82207807855787	12	2	validation	validation	50% validation 36	2
#FC8D62	0.476584337836253	12	2	validation	validation	50% validation 37	2
#FC8D62	0.606977496172859	12	2	validation	validation	50% validation 38	2
#FC8D62	0.944673327472424	12	2	validation	validation	50% validation 59	2
#FC8D62	0.97627432555444	12	2	validation	validation	50% validation 60	2
#FC8D62	0.751190141897173	12	2	validation	validation	50% validation 39	2
#FC8D62	0.828664617598491	12	2	validation	validation	50% validation 40	2
#FC8D62	0.368684537566236	12	2	validation	validation	50% validation 41	2
#FC8D62	0.833389000842864	12	2	validation	validation	50% validation 92	2
#FC8D62	0.622229484855003	12	2	validation	validation	50% validation 42	2
#FC8D62	0.307558056238841	12	2	validation	validation	50% validation 43	2
#FC8D62	0.119555782746414	12	2	validation	validation	50% validation 44	2
#FC8D62	0.602219168926517	12	2	validation	validation	50% validation 45	2
#FC8D62	1.05763153805718	12	2	validation	validation	50% validation 13	2
#FC8D62	0.122423445080991	12	2	validation	validation	50% validation 99	2
#FC8D62	0.864114240058332	12	2	validation	validation	50% validation 61	2
#FC8D62	0.981144186339318	12	2	validation	validation	50% validation 14	2
#FC8D62	1.2163143843628	12	2	validation	validation	50% validation 2	2
#FC8D62	0.824875339470599	12	2	validation	validation	50% validation 46	2
#FC8D62	0.893615726060807	12	2	validation	validation	50% validation 75	2
#FC8D62	1.17227285232324	12	2	validation	validation	50% validation 3	2
#FC8D62	0.512666628656603	12	2	validation	validation	50% validation 47	2
#FC8D62	0.5089929009933	12	2	validation	validation	50% validation 76	2
#FC8D62	0.843154829286023	12	2	validation	validation	50% validation 97	2
#FC8D62	1.08841848015887	12	2	validation	validation	50% validation 88	2
#FC8D62	0.702582332260456	12	2	validation	validation	50% validation 62	2
#FC8D62	0.89272882493989	12	2	validation	validation	50% validation 95	2
#FC8D62	0.584527208355008	12	2	validation	validation	50% validation 48	2
#FC8D62	0.830222615562294	12	2	validation	validation	50% validation 49	2
#FC8D62	1.06323668711953	12	2	validation	validation	50% validation 15	2
#FC8D62	0.969723945333149	12	2	validation	validation	50% validation 16	2
#FC8D62	1.13547240581102	12	2	validation	validation	50% validation 17	2
#FC8D62	0.146011266947873	12	2	validation	validation	50% validation 63	2
#FC8D62	0.511819756759238	12	2	validation	validation	50% validation 64	2
#FC8D62	0.453421062692563	12	2	validation	validation	50% validation 26	2
#FC8D62	0.112529934096059	12	2	validation	validation	50% validation 65	2
#FC8D62	-0.528876532304083	12	2	validation	validation	50% validation 77	2
#FC8D62	-0.513797591494204	12	2	validation	validation	50% validation 50	2
#FC8D62	0.944694748070749	12	2	validation	validation	50% validation 18	2
#FC8D62	1.00021717188154	12	2	validation	validation	50% validation 96	2
#FC8D62	0.856639682847919	12	2	validation	validation	50% validation 51	2
#FC8D62	1.21425895951466	12	2	validation	validation	50% validation 52	2
#FC8D62	0.678301148272777	12	2	validation	validation	50% validation 78	2
#FC8D62	0.331573244089552	12	2	validation	validation	50% validation 53	2
#FC8D62	1.12593263389336	12	2	validation	validation	50% validation 19	2
#FC8D62	-0.631588035738062	12	2	validation	validation	50% validation 73	2
#FC8D62	0.975125578925504	12	2	validation	validation	50% validation 54	2
#FC8D62	1.2174478957111	12	2	validation	validation	50% validation 4	2
#FC8D62	0.342600171591093	12	2	validation	validation	50% validation 55	2
#FC8D62	1.24818470940207	12	2	validation	validation	50% validation 5	2
#FC8D62	0.84001876457228	12	2	validation	validation	50% validation 98	2
#FC8D62	0.87484583272805	12	2	validation	validation	50% validation 66	2
#FC8D62	0.821435007463637	12	2	validation	validation	50% validation 89	2
#FC8D62	0.497915802076843	12	2	validation	validation	50% validation 79	2
#FC8D62	0.933935106344234	12	2	validation	validation	50% validation 94	2
#FC8D62	0.254960227260729	12	2	validation	validation	50% validation 80	2
#FC8D62	0.612989000781245	12	2	validation	validation	50% validation 81	2
#FC8D62	1.11760590877929	12	2	validation	validation	50% validation 20	2
#FC8D62	0.907262657104538	12	2	validation	validation	50% validation 21	2
#FC8D62	0.849042256775272	12	2	validation	validation	50% validation 56	2
#FC8D62	0.34487823116783	12	2	validation	validation	50% validation 82	2
#FC8D62	0.442790399309799	12	2	validation	validation	50% validation 67	2
#FC8D62	0.820634536713307	12	2	validation	validation	50% validation 57	2
#FC8D62	0.350197233071017	12	2	validation	validation	50% validation 27	2
#FC8D62	0.345343135554616	12	2	validation	validation	50% validation 83	2
#FC8D62	0.832156799795546	12	2	validation	validation	50% validation 58	2
#FC8D62	0.896518940870133	12	2	validation	validation	50% validation 100	2
#FC8D62	0.967154988718025	12	2	validation	validation	50% validation 68	2
#FC8D62	0.495910092931147	12	2	validation	validation	50% validation 85	2
#FC8D62	0.707911069362668	12	2	validation	validation	50% validation 90	2
#FC8D62	1.05588947478549	12	2	validation	validation	50% validation 84	2
#FC8D62	-0.439372754569591	13	2	validation	validation	VC à 2 blocs 32	2
#FC8D62	0.848648184809007	13	2	validation	validation	VC à 2 blocs 33	2
#FC8D62	0.575440239412391	13	2	validation	validation	VC à 2 blocs 85	2
#FC8D62	0.0830469385901353	13	2	validation	validation	VC à 2 blocs 77	2
#FC8D62	1.11283640564045	13	2	validation	validation	VC à 2 blocs 4	2
#FC8D62	0.0616068891278432	13	2	validation	validation	VC à 2 blocs 34	2
#FC8D62	0.509930616428914	13	2	validation	validation	VC à 2 blocs 28	2
#FC8D62	0.128189730209525	13	2	validation	validation	VC à 2 blocs 78	2
#FC8D62	0.533476486608989	13	2	validation	validation	VC à 2 blocs 35	2
#FC8D62	1.20447402333986	13	2	validation	validation	VC à 2 blocs 5	2
#FC8D62	0.828045439587364	13	2	validation	validation	VC à 2 blocs 36	2
#FC8D62	0.928283353851423	13	2	validation	validation	VC à 2 blocs 6	2
#FC8D62	0.984338666768092	13	2	validation	validation	VC à 2 blocs 37	2
#FC8D62	0.628742765373526	13	2	validation	validation	VC à 2 blocs 91	2
#FC8D62	0.684080689605864	13	2	validation	validation	VC à 2 blocs 38	2
#FC8D62	0.112549622388187	13	2	validation	validation	VC à 2 blocs 39	2
#FC8D62	1.23843825350682	13	2	validation	validation	VC à 2 blocs 7	2
#FC8D62	0.630161018395192	13	2	validation	validation	VC à 2 blocs 92	2
#FC8D62	0.878020365629665	13	2	validation	validation	VC à 2 blocs 79	2
#FC8D62	1.108258524776	13	2	validation	validation	VC à 2 blocs 98	2
#FC8D62	0.0790036481422433	13	2	validation	validation	VC à 2 blocs 40	2
#FC8D62	0.882397464599764	13	2	validation	validation	VC à 2 blocs 97	2
#FC8D62	0.935362285776528	13	2	validation	validation	VC à 2 blocs 71	2
#FC8D62	0.902730030922287	13	2	validation	validation	VC à 2 blocs 8	2
#FC8D62	1.01224572049602	13	2	validation	validation	VC à 2 blocs 41	2
#FC8D62	1.16050463936417	13	2	validation	validation	VC à 2 blocs 9	2
#FC8D62	0.368501185807858	13	2	validation	validation	VC à 2 blocs 42	2
#FC8D62	0.604151904263833	13	2	validation	validation	VC à 2 blocs 89	2
#FC8D62	0.594879257541397	13	2	validation	validation	VC à 2 blocs 29	2
#FC8D62	0.116182021376001	13	2	validation	validation	VC à 2 blocs 43	2
#FC8D62	0.392402074885797	13	2	validation	validation	VC à 2 blocs 44	2
#FC8D62	1.06269307551188	13	2	validation	validation	VC à 2 blocs 72	2
#FC8D62	0.943400553102773	13	2	validation	validation	VC à 2 blocs 95	2
#FC8D62	0.351701316106917	13	2	validation	validation	VC à 2 blocs 73	2
#FC8D62	1.2036507903858	13	2	validation	validation	VC à 2 blocs 10	2
#FC8D62	0.346229810516676	13	2	validation	validation	VC à 2 blocs 45	2
#FC8D62	-0.286597518384438	13	2	validation	validation	VC à 2 blocs 46	2
#FC8D62	1.00865516517747	13	2	validation	validation	VC à 2 blocs 11	2
#FC8D62	0.664765096124707	13	2	validation	validation	VC à 2 blocs 30	2
#FC8D62	0.625030902984633	13	2	validation	validation	VC à 2 blocs 47	2
#FC8D62	0.944812775197291	13	2	validation	validation	VC à 2 blocs 48	2
#FC8D62	0.880252794710198	13	2	validation	validation	VC à 2 blocs 49	2
#FC8D62	-0.533352995984316	13	2	validation	validation	VC à 2 blocs 80	2
#FC8D62	0.770696061142924	13	2	validation	validation	VC à 2 blocs 50	2
#FC8D62	0.50518002666594	13	2	validation	validation	VC à 2 blocs 51	2
#FC8D62	1.29739173940678	13	2	validation	validation	VC à 2 blocs 12	2
#FC8D62	-0.402652803076998	13	2	validation	validation	VC à 2 blocs 52	2
#FC8D62	1.19365681795242	13	2	validation	validation	VC à 2 blocs 13	2
#FC8D62	1.09460767299538	13	2	validation	validation	VC à 2 blocs 14	2
#FC8D62	0.381544643625148	13	2	validation	validation	VC à 2 blocs 31	2
#FC8D62	0.980852916701429	13	2	validation	validation	VC à 2 blocs 15	2
#FC8D62	0.502920510922948	13	2	validation	validation	VC à 2 blocs 74	2
#FC8D62	0.557273188610391	13	2	validation	validation	VC à 2 blocs 81	2
#FC8D62	0.499362129416583	13	2	validation	validation	VC à 2 blocs 53	2
#FC8D62	-0.574878177163242	13	2	validation	validation	VC à 2 blocs 96	2
#FC8D62	1.19273418580576	13	2	validation	validation	VC à 2 blocs 1	2
#FC8D62	0.94821323938961	13	2	validation	validation	VC à 2 blocs 16	2
#FC8D62	0.488438484232682	13	2	validation	validation	VC à 2 blocs 54	2
#FC8D62	0.354895309973479	13	2	validation	validation	VC à 2 blocs 75	2
#FC8D62	0.33013926807259	13	2	validation	validation	VC à 2 blocs 93	2
#FC8D62	-0.397532072965464	13	2	validation	validation	VC à 2 blocs 55	2
#FC8D62	0.938589578789371	13	2	validation	validation	VC à 2 blocs 56	2
#FC8D62	-0.407762520419272	13	2	validation	validation	VC à 2 blocs 57	2
#FC8D62	0.950850019707585	13	2	validation	validation	VC à 2 blocs 58	2
#FC8D62	1.23526774302868	13	2	validation	validation	VC à 2 blocs 17	2
#FC8D62	0.351367219644105	13	2	validation	validation	VC à 2 blocs 82	2
#FC8D62	0.981086277712305	13	2	validation	validation	VC à 2 blocs 59	2
#FC8D62	0.0662301448762092	13	2	validation	validation	VC à 2 blocs 90	2
#FC8D62	1.09306813244157	13	2	validation	validation	VC à 2 blocs 18	2
#FC8D62	1.07993851920183	13	2	validation	validation	VC à 2 blocs 2	2
#FC8D62	0.896036071239374	13	2	validation	validation	VC à 2 blocs 99	2
#FC8D62	0.914367959139524	13	2	validation	validation	VC à 2 blocs 60	2
#FC8D62	0.962760507940661	13	2	validation	validation	VC à 2 blocs 61	2
#FC8D62	0.934029083887363	13	2	validation	validation	VC à 2 blocs 19	2
#FC8D62	0.589009914051681	13	2	validation	validation	VC à 2 blocs 62	2
#FC8D62	0.913485673639745	13	2	validation	validation	VC à 2 blocs 63	2
#FC8D62	1.25371850614476	13	2	validation	validation	VC à 2 blocs 94	2
#FC8D62	0.479685676228004	13	2	validation	validation	VC à 2 blocs 76	2
#FC8D62	1.19114651744463	13	2	validation	validation	VC à 2 blocs 3	2
#FC8D62	0.999680391883841	13	2	validation	validation	VC à 2 blocs 20	2
#FC8D62	0.348762804228889	13	2	validation	validation	VC à 2 blocs 64	2
#FC8D62	0.987030723673645	13	2	validation	validation	VC à 2 blocs 21	2
#FC8D62	0.773804582392232	13	2	validation	validation	VC à 2 blocs 86	2
#FC8D62	1.18717947319665	13	2	validation	validation	VC à 2 blocs 22	2
#FC8D62	1.13387393586212	13	2	validation	validation	VC à 2 blocs 65	2
#FC8D62	1.12692751393611	13	2	validation	validation	VC à 2 blocs 23	2
#FC8D62	0.722661593325912	13	2	validation	validation	VC à 2 blocs 87	2
#FC8D62	1.15901530070999	13	2	validation	validation	VC à 2 blocs 24	2
#FC8D62	0.697478583882172	13	2	validation	validation	VC à 2 blocs 83	2
#FC8D62	0.925375195484219	13	2	validation	validation	VC à 2 blocs 66	2
#FC8D62	0.498898801465599	13	2	validation	validation	VC à 2 blocs 67	2
#FC8D62	0.974188293993964	13	2	validation	validation	VC à 2 blocs 84	2
#FC8D62	1.02463264065547	13	2	validation	validation	VC à 2 blocs 25	2
#FC8D62	1.05927420538828	13	2	validation	validation	VC à 2 blocs 68	2
#FC8D62	0.110457584335213	13	2	validation	validation	VC à 2 blocs 69	2
#FC8D62	1.05309488596164	13	2	validation	validation	VC à 2 blocs 26	2
#FC8D62	0.884211387639114	13	2	validation	validation	VC à 2 blocs 100	2
#FC8D62	0.354749586859789	13	2	validation	validation	VC à 2 blocs 88	2
#FC8D62	0.575055673764873	13	2	validation	validation	VC à 2 blocs 70	2
#FC8D62	1.33052530724952	13	2	validation	validation	VC à 2 blocs 27	2
#FC8D62	0.886977702593343	13	2	validation	validation	50% validation 87	2
#FC8D62	0.891844274361315	13	2	validation	validation	50% validation 6	2
#FC8D62	0.301026145495208	13	2	validation	validation	50% validation 28	2
#FC8D62	1.04005829478786	13	2	validation	validation	50% validation 22	2
#FC8D62	0.971934779273113	13	2	validation	validation	50% validation 23	2
#FC8D62	0.0657069333244419	13	2	validation	validation	50% validation 69	2
#FC8D62	0.9817106226531	13	2	validation	validation	50% validation 7	2
#FC8D62	0.581503984447855	13	2	validation	validation	50% validation 91	2
#FC8D62	0.688866973024145	13	2	validation	validation	50% validation 24	2
#FC8D62	-0.490820327253269	13	2	validation	validation	50% validation 70	2
#FC8D62	0.929420814128167	13	2	validation	validation	50% validation 93	2
#FC8D62	0.633865866672564	13	2	validation	validation	50% validation 71	2
#FC8D62	1.31793314484347	13	2	validation	validation	50% validation 8	2
#FC8D62	0.895812778810265	13	2	validation	validation	50% validation 25	2
#FC8D62	0.924446038476293	13	2	validation	validation	50% validation 29	2
#FC8D62	0.612656095967851	13	2	validation	validation	50% validation 30	2
#FC8D62	1.0900947850821	13	2	validation	validation	50% validation 9	2
#FC8D62	1.18285991809494	13	2	validation	validation	50% validation 10	2
#FC8D62	0.976282563901745	13	2	validation	validation	50% validation 31	2
#FC8D62	0.337570999029203	13	2	validation	validation	50% validation 32	2
#FC8D62	1.15054721687243	13	2	validation	validation	50% validation 1	2
#FC8D62	0.974593029416157	13	2	validation	validation	50% validation 74	2
#FC8D62	0.814563253738838	13	2	validation	validation	50% validation 33	2
#FC8D62	0.880946674086085	13	2	validation	validation	50% validation 11	2
#FC8D62	0.060249422900279	13	2	validation	validation	50% validation 72	2
#FC8D62	0.940860448669025	13	2	validation	validation	50% validation 12	2
#FC8D62	0.637216253476995	13	2	validation	validation	50% validation 34	2
#FC8D62	0.576851785680619	13	2	validation	validation	50% validation 86	2
#FC8D62	1.01724745482737	13	2	validation	validation	50% validation 35	2
#FC8D62	0.82207807855787	13	2	validation	validation	50% validation 36	2
#FC8D62	0.474565008539277	13	2	validation	validation	50% validation 37	2
#FC8D62	0.608930275301866	13	2	validation	validation	50% validation 38	2
#FC8D62	0.952272879906609	13	2	validation	validation	50% validation 59	2
#FC8D62	0.97628683453999	13	2	validation	validation	50% validation 60	2
#FC8D62	0.751190141897173	13	2	validation	validation	50% validation 39	2
#FC8D62	0.828926047003401	13	2	validation	validation	50% validation 40	2
#FC8D62	0.371293208902929	13	2	validation	validation	50% validation 41	2
#FC8D62	0.833743002649221	13	2	validation	validation	50% validation 92	2
#FC8D62	0.621985462299975	13	2	validation	validation	50% validation 42	2
#FC8D62	0.307558056238841	13	2	validation	validation	50% validation 43	2
#FC8D62	0.119160865830356	13	2	validation	validation	50% validation 44	2
#FC8D62	0.605239171814021	13	2	validation	validation	50% validation 45	2
#FC8D62	1.05935480549742	13	2	validation	validation	50% validation 13	2
#FC8D62	0.122423445080991	13	2	validation	validation	50% validation 99	2
#FC8D62	0.866536401673534	13	2	validation	validation	50% validation 61	2
#FC8D62	0.979729945522978	13	2	validation	validation	50% validation 14	2
#FC8D62	1.21598483551257	13	2	validation	validation	50% validation 2	2
#FC8D62	0.828283203375025	13	2	validation	validation	50% validation 46	2
#FC8D62	0.893615726060807	13	2	validation	validation	50% validation 75	2
#FC8D62	1.17243811652464	13	2	validation	validation	50% validation 3	2
#FC8D62	0.51114898597326	13	2	validation	validation	50% validation 47	2
#FC8D62	0.5089929009933	13	2	validation	validation	50% validation 76	2
#FC8D62	0.851028974548218	13	2	validation	validation	50% validation 97	2
#FC8D62	1.08802117418224	13	2	validation	validation	50% validation 88	2
#FC8D62	0.704301522417171	13	2	validation	validation	50% validation 62	2
#FC8D62	0.892043009972062	13	2	validation	validation	50% validation 95	2
#FC8D62	0.582495863852263	13	2	validation	validation	50% validation 48	2
#FC8D62	0.829387804918557	13	2	validation	validation	50% validation 49	2
#FC8D62	1.06310272965584	13	2	validation	validation	50% validation 15	2
#FC8D62	0.969594933059716	13	2	validation	validation	50% validation 16	2
#FC8D62	1.11859057764067	13	2	validation	validation	50% validation 17	2
#FC8D62	0.143275240580023	13	2	validation	validation	50% validation 63	2
#FC8D62	0.51338521800359	13	2	validation	validation	50% validation 64	2
#FC8D62	0.448878673354762	13	2	validation	validation	50% validation 26	2
#FC8D62	0.111906279623367	13	2	validation	validation	50% validation 65	2
#FC8D62	-0.514747915349304	13	2	validation	validation	50% validation 77	2
#FC8D62	-0.479630613988832	13	2	validation	validation	50% validation 50	2
#FC8D62	0.944743126882213	13	2	validation	validation	50% validation 18	2
#FC8D62	1.00039548113455	13	2	validation	validation	50% validation 96	2
#FC8D62	0.862230329702507	13	2	validation	validation	50% validation 51	2
#FC8D62	1.21415184619939	13	2	validation	validation	50% validation 52	2
#FC8D62	0.677808754409236	13	2	validation	validation	50% validation 78	2
#FC8D62	0.330658570320889	13	2	validation	validation	50% validation 53	2
#FC8D62	1.13626192935484	13	2	validation	validation	50% validation 19	2
#FC8D62	-0.62849836625908	13	2	validation	validation	50% validation 73	2
#FC8D62	0.97488744161766	13	2	validation	validation	50% validation 54	2
#FC8D62	1.23358820215545	13	2	validation	validation	50% validation 4	2
#FC8D62	0.344297431363729	13	2	validation	validation	50% validation 55	2
#FC8D62	1.24857655859047	13	2	validation	validation	50% validation 5	2
#FC8D62	0.839658047167584	13	2	validation	validation	50% validation 98	2
#FC8D62	0.874845960399921	13	2	validation	validation	50% validation 66	2
#FC8D62	0.821253478376762	13	2	validation	validation	50% validation 89	2
#FC8D62	0.515515482012722	13	2	validation	validation	50% validation 79	2
#FC8D62	0.929140931289255	13	2	validation	validation	50% validation 94	2
#FC8D62	0.308612228632043	13	2	validation	validation	50% validation 80	2
#FC8D62	0.597967807981329	13	2	validation	validation	50% validation 81	2
#FC8D62	1.11760590877929	13	2	validation	validation	50% validation 20	2
#FC8D62	0.908503882545566	13	2	validation	validation	50% validation 21	2
#FC8D62	0.849695876872035	13	2	validation	validation	50% validation 56	2
#FC8D62	0.343692652605181	13	2	validation	validation	50% validation 82	2
#FC8D62	0.443952151260998	13	2	validation	validation	50% validation 67	2
#FC8D62	0.821287447723674	13	2	validation	validation	50% validation 57	2
#FC8D62	0.365013940865623	13	2	validation	validation	50% validation 27	2
#FC8D62	0.34719396987675	13	2	validation	validation	50% validation 83	2
#FC8D62	0.830699316345826	13	2	validation	validation	50% validation 58	2
#FC8D62	0.896831297752754	13	2	validation	validation	50% validation 100	2
#FC8D62	0.966855893000204	13	2	validation	validation	50% validation 68	2
#FC8D62	0.49910489394249	13	2	validation	validation	50% validation 85	2
#FC8D62	0.71947401979958	13	2	validation	validation	50% validation 90	2
#FC8D62	1.05606719460533	13	2	validation	validation	50% validation 84	2
#FC8D62	-0.443839507949923	14	2	validation	validation	VC à 2 blocs 32	2
#FC8D62	0.848374048850216	14	2	validation	validation	VC à 2 blocs 33	2
#FC8D62	0.576225798010303	14	2	validation	validation	VC à 2 blocs 85	2
#FC8D62	0.0846549562969168	14	2	validation	validation	VC à 2 blocs 77	2
#FC8D62	1.11311864612361	14	2	validation	validation	VC à 2 blocs 4	2
#FC8D62	0.0814281530869008	14	2	validation	validation	VC à 2 blocs 34	2
#FC8D62	0.509930616428914	14	2	validation	validation	VC à 2 blocs 28	2
#FC8D62	0.129881262235888	14	2	validation	validation	VC à 2 blocs 78	2
#FC8D62	0.53303807370293	14	2	validation	validation	VC à 2 blocs 35	2
#FC8D62	1.20603650597277	14	2	validation	validation	VC à 2 blocs 5	2
#FC8D62	0.828798694746313	14	2	validation	validation	VC à 2 blocs 36	2
#FC8D62	0.933517531411104	14	2	validation	validation	VC à 2 blocs 6	2
#FC8D62	0.991682258704115	14	2	validation	validation	VC à 2 blocs 37	2
#FC8D62	0.631576080060669	14	2	validation	validation	VC à 2 blocs 91	2
#FC8D62	0.700994811028939	14	2	validation	validation	VC à 2 blocs 38	2
#FC8D62	0.112641460330503	14	2	validation	validation	VC à 2 blocs 39	2
#FC8D62	1.23842252544121	14	2	validation	validation	VC à 2 blocs 7	2
#FC8D62	0.632258763315077	14	2	validation	validation	VC à 2 blocs 92	2
#FC8D62	0.876854307164733	14	2	validation	validation	VC à 2 blocs 79	2
#FC8D62	1.092983647288	14	2	validation	validation	VC à 2 blocs 98	2
#FC8D62	0.0777242807051629	14	2	validation	validation	VC à 2 blocs 40	2
#FC8D62	0.88246070805018	14	2	validation	validation	VC à 2 blocs 97	2
#FC8D62	0.935362285776528	14	2	validation	validation	VC à 2 blocs 71	2
#FC8D62	0.882131978381919	14	2	validation	validation	VC à 2 blocs 8	2
#FC8D62	1.01338285904338	14	2	validation	validation	VC à 2 blocs 41	2
#FC8D62	1.16562439572368	14	2	validation	validation	VC à 2 blocs 9	2
#FC8D62	0.368631987653348	14	2	validation	validation	VC à 2 blocs 42	2
#FC8D62	0.604151904263833	14	2	validation	validation	VC à 2 blocs 89	2
#FC8D62	0.608786773194858	14	2	validation	validation	VC à 2 blocs 29	2
#FC8D62	0.115260364654568	14	2	validation	validation	VC à 2 blocs 43	2
#FC8D62	0.392676819265482	14	2	validation	validation	VC à 2 blocs 44	2
#FC8D62	1.06238287431135	14	2	validation	validation	VC à 2 blocs 72	2
#FC8D62	0.94178634213876	14	2	validation	validation	VC à 2 blocs 95	2
#FC8D62	0.351653077196689	14	2	validation	validation	VC à 2 blocs 73	2
#FC8D62	1.20858536301964	14	2	validation	validation	VC à 2 blocs 10	2
#FC8D62	0.346063264798306	14	2	validation	validation	VC à 2 blocs 45	2
#FC8D62	-0.273622734512458	14	2	validation	validation	VC à 2 blocs 46	2
#FC8D62	1.01081655806484	14	2	validation	validation	VC à 2 blocs 11	2
#FC8D62	0.654505027928042	14	2	validation	validation	VC à 2 blocs 30	2
#FC8D62	0.624692032805292	14	2	validation	validation	VC à 2 blocs 47	2
#FC8D62	0.945068420659212	14	2	validation	validation	VC à 2 blocs 48	2
#FC8D62	0.879881641355942	14	2	validation	validation	VC à 2 blocs 49	2
#FC8D62	-0.56831242747027	14	2	validation	validation	VC à 2 blocs 80	2
#FC8D62	0.770694334380077	14	2	validation	validation	VC à 2 blocs 50	2
#FC8D62	0.505374182070473	14	2	validation	validation	VC à 2 blocs 51	2
#FC8D62	1.29567367023386	14	2	validation	validation	VC à 2 blocs 12	2
#FC8D62	-0.397803594168394	14	2	validation	validation	VC à 2 blocs 52	2
#FC8D62	1.19341413932096	14	2	validation	validation	VC à 2 blocs 13	2
#FC8D62	1.08495367120904	14	2	validation	validation	VC à 2 blocs 14	2
#FC8D62	0.387718406374615	14	2	validation	validation	VC à 2 blocs 31	2
#FC8D62	0.986985668880105	14	2	validation	validation	VC à 2 blocs 15	2
#FC8D62	0.502750500989104	14	2	validation	validation	VC à 2 blocs 74	2
#FC8D62	0.557273188610391	14	2	validation	validation	VC à 2 blocs 81	2
#FC8D62	0.501942586322986	14	2	validation	validation	VC à 2 blocs 53	2
#FC8D62	-0.585249563420559	14	2	validation	validation	VC à 2 blocs 96	2
#FC8D62	1.19311684811476	14	2	validation	validation	VC à 2 blocs 1	2
#FC8D62	0.947401822112797	14	2	validation	validation	VC à 2 blocs 16	2
#FC8D62	0.501001187812089	14	2	validation	validation	VC à 2 blocs 54	2
#FC8D62	0.366012949772915	14	2	validation	validation	VC à 2 blocs 75	2
#FC8D62	0.32967191293729	14	2	validation	validation	VC à 2 blocs 93	2
#FC8D62	-0.392078123869377	14	2	validation	validation	VC à 2 blocs 55	2
#FC8D62	0.938383075071767	14	2	validation	validation	VC à 2 blocs 56	2
#FC8D62	-0.414623035778742	14	2	validation	validation	VC à 2 blocs 57	2
#FC8D62	0.950751951862987	14	2	validation	validation	VC à 2 blocs 58	2
#FC8D62	1.24180523122967	14	2	validation	validation	VC à 2 blocs 17	2
#FC8D62	0.354181671385856	14	2	validation	validation	VC à 2 blocs 82	2
#FC8D62	0.986360445761921	14	2	validation	validation	VC à 2 blocs 59	2
#FC8D62	0.0681804848218376	14	2	validation	validation	VC à 2 blocs 90	2
#FC8D62	1.0935030681053	14	2	validation	validation	VC à 2 blocs 18	2
#FC8D62	1.07993851920183	14	2	validation	validation	VC à 2 blocs 2	2
#FC8D62	0.883254912354688	14	2	validation	validation	VC à 2 blocs 99	2
#FC8D62	0.914555348238531	14	2	validation	validation	VC à 2 blocs 60	2
#FC8D62	0.974646048289743	14	2	validation	validation	VC à 2 blocs 61	2
#FC8D62	0.933901278706642	14	2	validation	validation	VC à 2 blocs 19	2
#FC8D62	0.5900436563396	14	2	validation	validation	VC à 2 blocs 62	2
#FC8D62	0.925444545459803	14	2	validation	validation	VC à 2 blocs 63	2
#FC8D62	1.25367791070135	14	2	validation	validation	VC à 2 blocs 94	2
#FC8D62	0.477253880673988	14	2	validation	validation	VC à 2 blocs 76	2
#FC8D62	1.19206647966708	14	2	validation	validation	VC à 2 blocs 3	2
#FC8D62	0.983968562393387	14	2	validation	validation	VC à 2 blocs 20	2
#FC8D62	0.353384704585821	14	2	validation	validation	VC à 2 blocs 64	2
#FC8D62	0.986613929587417	14	2	validation	validation	VC à 2 blocs 21	2
#FC8D62	0.77441074066267	14	2	validation	validation	VC à 2 blocs 86	2
#FC8D62	1.18705143290422	14	2	validation	validation	VC à 2 blocs 22	2
#FC8D62	1.13373125417873	14	2	validation	validation	VC à 2 blocs 65	2
#FC8D62	1.12692751393611	14	2	validation	validation	VC à 2 blocs 23	2
#FC8D62	0.7128132000101	14	2	validation	validation	VC à 2 blocs 87	2
#FC8D62	1.15888244092202	14	2	validation	validation	VC à 2 blocs 24	2
#FC8D62	0.698898127267732	14	2	validation	validation	VC à 2 blocs 83	2
#FC8D62	0.936621713207137	14	2	validation	validation	VC à 2 blocs 66	2
#FC8D62	0.498694736005319	14	2	validation	validation	VC à 2 blocs 67	2
#FC8D62	0.980477619540763	14	2	validation	validation	VC à 2 blocs 84	2
#FC8D62	1.02409268724752	14	2	validation	validation	VC à 2 blocs 25	2
#FC8D62	1.05938081731869	14	2	validation	validation	VC à 2 blocs 68	2
#FC8D62	0.111610634951362	14	2	validation	validation	VC à 2 blocs 69	2
#FC8D62	1.05592745291048	14	2	validation	validation	VC à 2 blocs 26	2
#FC8D62	0.883422590799902	14	2	validation	validation	VC à 2 blocs 100	2
#FC8D62	0.354102578373417	14	2	validation	validation	VC à 2 blocs 88	2
#FC8D62	0.56692151505234	14	2	validation	validation	VC à 2 blocs 70	2
#FC8D62	1.31454804422313	14	2	validation	validation	VC à 2 blocs 27	2
#FC8D62	0.887340185544091	14	2	validation	validation	50% validation 87	2
#FC8D62	0.892950570299873	14	2	validation	validation	50% validation 6	2
#FC8D62	0.286806450769407	14	2	validation	validation	50% validation 28	2
#FC8D62	1.04333282192769	14	2	validation	validation	50% validation 22	2
#FC8D62	0.981138370262205	14	2	validation	validation	50% validation 23	2
#FC8D62	0.0657069333244419	14	2	validation	validation	50% validation 69	2
#FC8D62	0.981623104426674	14	2	validation	validation	50% validation 7	2
#FC8D62	0.580945217313952	14	2	validation	validation	50% validation 91	2
#FC8D62	0.692052517025655	14	2	validation	validation	50% validation 24	2
#FC8D62	-0.483275863435312	14	2	validation	validation	50% validation 70	2
#FC8D62	0.929420814128167	14	2	validation	validation	50% validation 93	2
#FC8D62	0.635318010410156	14	2	validation	validation	50% validation 71	2
#FC8D62	1.31793314484347	14	2	validation	validation	50% validation 8	2
#FC8D62	0.89225012706649	14	2	validation	validation	50% validation 25	2
#FC8D62	0.92942376752698	14	2	validation	validation	50% validation 29	2
#FC8D62	0.608495673740599	14	2	validation	validation	50% validation 30	2
#FC8D62	1.08943547128248	14	2	validation	validation	50% validation 9	2
#FC8D62	1.1829861876856	14	2	validation	validation	50% validation 10	2
#FC8D62	0.976731102401474	14	2	validation	validation	50% validation 31	2
#FC8D62	0.340344702080245	14	2	validation	validation	50% validation 32	2
#FC8D62	1.15047792118001	14	2	validation	validation	50% validation 1	2
#FC8D62	0.97555075743263	14	2	validation	validation	50% validation 74	2
#FC8D62	0.815206074438968	14	2	validation	validation	50% validation 33	2
#FC8D62	0.881269878630988	14	2	validation	validation	50% validation 11	2
#FC8D62	0.0612956249795944	14	2	validation	validation	50% validation 72	2
#FC8D62	0.943278556143044	14	2	validation	validation	50% validation 12	2
#FC8D62	0.636980510337934	14	2	validation	validation	50% validation 34	2
#FC8D62	0.576337059363454	14	2	validation	validation	50% validation 86	2
#FC8D62	1.01639617951758	14	2	validation	validation	50% validation 35	2
#FC8D62	0.821604206783227	14	2	validation	validation	50% validation 36	2
#FC8D62	0.470609536709801	14	2	validation	validation	50% validation 37	2
#FC8D62	0.608930275301866	14	2	validation	validation	50% validation 38	2
#FC8D62	0.952260779280132	14	2	validation	validation	50% validation 59	2
#FC8D62	0.9769664173363	14	2	validation	validation	50% validation 60	2
#FC8D62	0.751190141897173	14	2	validation	validation	50% validation 39	2
#FC8D62	0.829788048747106	14	2	validation	validation	50% validation 40	2
#FC8D62	0.371293208902929	14	2	validation	validation	50% validation 41	2
#FC8D62	0.832552557417981	14	2	validation	validation	50% validation 92	2
#FC8D62	0.621644206543652	14	2	validation	validation	50% validation 42	2
#FC8D62	0.34013200962296	14	2	validation	validation	50% validation 43	2
#FC8D62	0.12691242169558	14	2	validation	validation	50% validation 44	2
#FC8D62	0.606522421037772	14	2	validation	validation	50% validation 45	2
#FC8D62	1.05028549773922	14	2	validation	validation	50% validation 13	2
#FC8D62	0.114624961032877	14	2	validation	validation	50% validation 99	2
#FC8D62	0.866703840816548	14	2	validation	validation	50% validation 61	2
#FC8D62	0.980994950994601	14	2	validation	validation	50% validation 14	2
#FC8D62	1.21613602289202	14	2	validation	validation	50% validation 2	2
#FC8D62	0.831181790544525	14	2	validation	validation	50% validation 46	2
#FC8D62	0.894243238233481	14	2	validation	validation	50% validation 75	2
#FC8D62	1.18697131595111	14	2	validation	validation	50% validation 3	2
#FC8D62	0.527588242455766	14	2	validation	validation	50% validation 47	2
#FC8D62	0.508208861485206	14	2	validation	validation	50% validation 76	2
#FC8D62	0.825831658879647	14	2	validation	validation	50% validation 97	2
#FC8D62	1.08900592955897	14	2	validation	validation	50% validation 88	2
#FC8D62	0.698858569658264	14	2	validation	validation	50% validation 62	2
#FC8D62	0.888550999781699	14	2	validation	validation	50% validation 95	2
#FC8D62	0.58255440216144	14	2	validation	validation	50% validation 48	2
#FC8D62	0.843237119082451	14	2	validation	validation	50% validation 49	2
#FC8D62	1.0621576023469	14	2	validation	validation	50% validation 15	2
#FC8D62	0.971384341706407	14	2	validation	validation	50% validation 16	2
#FC8D62	1.11947718467028	14	2	validation	validation	50% validation 17	2
#FC8D62	0.14248522920078	14	2	validation	validation	50% validation 63	2
#FC8D62	0.505902663283587	14	2	validation	validation	50% validation 64	2
#FC8D62	0.480531016579399	14	2	validation	validation	50% validation 26	2
#FC8D62	0.110800824384581	14	2	validation	validation	50% validation 65	2
#FC8D62	-0.50692440288696	14	2	validation	validation	50% validation 77	2
#FC8D62	-0.529258516978793	14	2	validation	validation	50% validation 50	2
#FC8D62	0.944467050451686	14	2	validation	validation	50% validation 18	2
#FC8D62	1.00039548113455	14	2	validation	validation	50% validation 96	2
#FC8D62	0.861917258342335	14	2	validation	validation	50% validation 51	2
#FC8D62	1.21415184619939	14	2	validation	validation	50% validation 52	2
#FC8D62	0.679700028005954	14	2	validation	validation	50% validation 78	2
#FC8D62	0.334672794562922	14	2	validation	validation	50% validation 53	2
#FC8D62	1.13613761018186	14	2	validation	validation	50% validation 19	2
#FC8D62	-0.631977643263137	14	2	validation	validation	50% validation 73	2
#FC8D62	0.973136563419602	14	2	validation	validation	50% validation 54	2
#FC8D62	1.23572262117785	14	2	validation	validation	50% validation 4	2
#FC8D62	0.345408478980086	14	2	validation	validation	50% validation 55	2
#FC8D62	1.24849031390874	14	2	validation	validation	50% validation 5	2
#FC8D62	0.838634704345681	14	2	validation	validation	50% validation 98	2
#FC8D62	0.875359800613747	14	2	validation	validation	50% validation 66	2
#FC8D62	0.821994664961925	14	2	validation	validation	50% validation 89	2
#FC8D62	0.5137216596536	14	2	validation	validation	50% validation 79	2
#FC8D62	0.929140931289255	14	2	validation	validation	50% validation 94	2
#FC8D62	0.310429268633398	14	2	validation	validation	50% validation 80	2
#FC8D62	0.597810319114514	14	2	validation	validation	50% validation 81	2
#FC8D62	1.11854380025248	14	2	validation	validation	50% validation 20	2
#FC8D62	0.908156113749962	14	2	validation	validation	50% validation 21	2
#FC8D62	0.850188603061787	14	2	validation	validation	50% validation 56	2
#FC8D62	0.340581774417934	14	2	validation	validation	50% validation 82	2
#FC8D62	0.44770077154192	14	2	validation	validation	50% validation 67	2
#FC8D62	0.820062317344407	14	2	validation	validation	50% validation 57	2
#FC8D62	0.361216087256773	14	2	validation	validation	50% validation 27	2
#FC8D62	0.346973869579655	14	2	validation	validation	50% validation 83	2
#FC8D62	0.831156212871384	14	2	validation	validation	50% validation 58	2
#FC8D62	0.883455097869624	14	2	validation	validation	50% validation 100	2
#FC8D62	0.96664627926776	14	2	validation	validation	50% validation 68	2
#FC8D62	0.499530776450223	14	2	validation	validation	50% validation 85	2
#FC8D62	0.698426153744515	14	2	validation	validation	50% validation 90	2
#FC8D62	1.05627922507615	14	2	validation	validation	50% validation 84	2
#FC8D62	-0.457727319089972	15	2	validation	validation	VC à 2 blocs 32	2
#FC8D62	0.848029355652071	15	2	validation	validation	VC à 2 blocs 33	2
#FC8D62	0.576043073810454	15	2	validation	validation	VC à 2 blocs 85	2
#FC8D62	0.0837835753240845	15	2	validation	validation	VC à 2 blocs 77	2
#FC8D62	1.11249006097149	15	2	validation	validation	VC à 2 blocs 4	2
#FC8D62	0.0837393274685105	15	2	validation	validation	VC à 2 blocs 34	2
#FC8D62	0.509930616428914	15	2	validation	validation	VC à 2 blocs 28	2
#FC8D62	0.129881262235888	15	2	validation	validation	VC à 2 blocs 78	2
#FC8D62	0.533563600078245	15	2	validation	validation	VC à 2 blocs 35	2
#FC8D62	1.206189428961	15	2	validation	validation	VC à 2 blocs 5	2
#FC8D62	0.828809954764417	15	2	validation	validation	VC à 2 blocs 36	2
#FC8D62	0.933436248167163	15	2	validation	validation	VC à 2 blocs 6	2
#FC8D62	0.984786793111994	15	2	validation	validation	VC à 2 blocs 37	2
#FC8D62	0.649740509910737	15	2	validation	validation	VC à 2 blocs 91	2
#FC8D62	0.701855908335524	15	2	validation	validation	VC à 2 blocs 38	2
#FC8D62	0.112826079027787	15	2	validation	validation	VC à 2 blocs 39	2
#FC8D62	1.23879509950814	15	2	validation	validation	VC à 2 blocs 7	2
#FC8D62	0.631824847468132	15	2	validation	validation	VC à 2 blocs 92	2
#FC8D62	0.883328928906673	15	2	validation	validation	VC à 2 blocs 79	2
#FC8D62	1.09305343006243	15	2	validation	validation	VC à 2 blocs 98	2
#FC8D62	0.0774965113454739	15	2	validation	validation	VC à 2 blocs 40	2
#FC8D62	0.882901618906114	15	2	validation	validation	VC à 2 blocs 97	2
#FC8D62	0.936125279926367	15	2	validation	validation	VC à 2 blocs 71	2
#FC8D62	0.882588593197791	15	2	validation	validation	VC à 2 blocs 8	2
#FC8D62	1.01358842124986	15	2	validation	validation	VC à 2 blocs 41	2
#FC8D62	1.15079439722554	15	2	validation	validation	VC à 2 blocs 9	2
#FC8D62	0.367209376346745	15	2	validation	validation	VC à 2 blocs 42	2
#FC8D62	0.602922937905245	15	2	validation	validation	VC à 2 blocs 89	2
#FC8D62	0.605757038815497	15	2	validation	validation	VC à 2 blocs 29	2
#FC8D62	0.145378605252717	15	2	validation	validation	VC à 2 blocs 43	2
#FC8D62	0.394735261083732	15	2	validation	validation	VC à 2 blocs 44	2
#FC8D62	1.06336348967675	15	2	validation	validation	VC à 2 blocs 72	2
#FC8D62	0.93919281469142	15	2	validation	validation	VC à 2 blocs 95	2
#FC8D62	0.379980187053834	15	2	validation	validation	VC à 2 blocs 73	2
#FC8D62	1.20851478702725	15	2	validation	validation	VC à 2 blocs 10	2
#FC8D62	0.346659062289287	15	2	validation	validation	VC à 2 blocs 45	2
#FC8D62	-0.272550342359961	15	2	validation	validation	VC à 2 blocs 46	2
#FC8D62	1.01083990238467	15	2	validation	validation	VC à 2 blocs 11	2
#FC8D62	0.651722209591003	15	2	validation	validation	VC à 2 blocs 30	2
#FC8D62	0.625315875476597	15	2	validation	validation	VC à 2 blocs 47	2
#FC8D62	0.944290665112863	15	2	validation	validation	VC à 2 blocs 48	2
#FC8D62	0.879486478758457	15	2	validation	validation	VC à 2 blocs 49	2
#FC8D62	-0.540136530354059	15	2	validation	validation	VC à 2 blocs 80	2
#FC8D62	0.769669626373776	15	2	validation	validation	VC à 2 blocs 50	2
#FC8D62	0.506513401800158	15	2	validation	validation	VC à 2 blocs 51	2
#FC8D62	1.29593156493498	15	2	validation	validation	VC à 2 blocs 12	2
#FC8D62	-0.397076090000558	15	2	validation	validation	VC à 2 blocs 52	2
#FC8D62	1.17867704437845	15	2	validation	validation	VC à 2 blocs 13	2
#FC8D62	1.08492065343858	15	2	validation	validation	VC à 2 blocs 14	2
#FC8D62	0.393228305965663	15	2	validation	validation	VC à 2 blocs 31	2
#FC8D62	0.987099990855123	15	2	validation	validation	VC à 2 blocs 15	2
#FC8D62	0.499409799153449	15	2	validation	validation	VC à 2 blocs 74	2
#FC8D62	0.57412292675165	15	2	validation	validation	VC à 2 blocs 81	2
#FC8D62	0.501942586322986	15	2	validation	validation	VC à 2 blocs 53	2
#FC8D62	-0.642946506411032	15	2	validation	validation	VC à 2 blocs 96	2
#FC8D62	1.19395684358723	15	2	validation	validation	VC à 2 blocs 1	2
#FC8D62	0.946832367229286	15	2	validation	validation	VC à 2 blocs 16	2
#FC8D62	0.50026003658786	15	2	validation	validation	VC à 2 blocs 54	2
#FC8D62	0.364896847136186	15	2	validation	validation	VC à 2 blocs 75	2
#FC8D62	0.326837083451062	15	2	validation	validation	VC à 2 blocs 93	2
#FC8D62	-0.428443486858482	15	2	validation	validation	VC à 2 blocs 55	2
#FC8D62	0.938234342503255	15	2	validation	validation	VC à 2 blocs 56	2
#FC8D62	-0.41465926536434	15	2	validation	validation	VC à 2 blocs 57	2
#FC8D62	0.950706978492044	15	2	validation	validation	VC à 2 blocs 58	2
#FC8D62	1.24167863469013	15	2	validation	validation	VC à 2 blocs 17	2
#FC8D62	0.356025650880012	15	2	validation	validation	VC à 2 blocs 82	2
#FC8D62	0.985751195950395	15	2	validation	validation	VC à 2 blocs 59	2
#FC8D62	0.0770333696364041	15	2	validation	validation	VC à 2 blocs 90	2
#FC8D62	1.0935030681053	15	2	validation	validation	VC à 2 blocs 18	2
#FC8D62	1.08880750720714	15	2	validation	validation	VC à 2 blocs 2	2
#FC8D62	0.882300359489873	15	2	validation	validation	VC à 2 blocs 99	2
#FC8D62	0.914771231869669	15	2	validation	validation	VC à 2 blocs 60	2
#FC8D62	0.975377414702579	15	2	validation	validation	VC à 2 blocs 61	2
#FC8D62	0.933610709549416	15	2	validation	validation	VC à 2 blocs 19	2
#FC8D62	0.591161024244137	15	2	validation	validation	VC à 2 blocs 62	2
#FC8D62	0.925795613724689	15	2	validation	validation	VC à 2 blocs 63	2
#FC8D62	1.25367791070135	15	2	validation	validation	VC à 2 blocs 94	2
#FC8D62	0.477976039004368	15	2	validation	validation	VC à 2 blocs 76	2
#FC8D62	1.19188549381317	15	2	validation	validation	VC à 2 blocs 3	2
#FC8D62	0.983932682611835	15	2	validation	validation	VC à 2 blocs 20	2
#FC8D62	0.354684106585502	15	2	validation	validation	VC à 2 blocs 64	2
#FC8D62	0.98672696548965	15	2	validation	validation	VC à 2 blocs 21	2
#FC8D62	0.774285804203255	15	2	validation	validation	VC à 2 blocs 86	2
#FC8D62	1.18739838633477	15	2	validation	validation	VC à 2 blocs 22	2
#FC8D62	1.13431280184318	15	2	validation	validation	VC à 2 blocs 65	2
#FC8D62	1.12717869035596	15	2	validation	validation	VC à 2 blocs 23	2
#FC8D62	0.71363288337641	15	2	validation	validation	VC à 2 blocs 87	2
#FC8D62	1.15910170139604	15	2	validation	validation	VC à 2 blocs 24	2
#FC8D62	0.697273434296587	15	2	validation	validation	VC à 2 blocs 83	2
#FC8D62	0.936418930680009	15	2	validation	validation	VC à 2 blocs 66	2
#FC8D62	0.498588844731173	15	2	validation	validation	VC à 2 blocs 67	2
#FC8D62	0.980636263707267	15	2	validation	validation	VC à 2 blocs 84	2
#FC8D62	1.02573154270502	15	2	validation	validation	VC à 2 blocs 25	2
#FC8D62	1.0604300122948	15	2	validation	validation	VC à 2 blocs 68	2
#FC8D62	0.109581593615421	15	2	validation	validation	VC à 2 blocs 69	2
#FC8D62	1.05261258924156	15	2	validation	validation	VC à 2 blocs 26	2
#FC8D62	0.883102340902086	15	2	validation	validation	VC à 2 blocs 100	2
#FC8D62	0.355030572064647	15	2	validation	validation	VC à 2 blocs 88	2
#FC8D62	0.566400058734691	15	2	validation	validation	VC à 2 blocs 70	2
#FC8D62	1.31447664476734	15	2	validation	validation	VC à 2 blocs 27	2
#FC8D62	0.887509969978951	15	2	validation	validation	50% validation 87	2
#FC8D62	0.892950570299873	15	2	validation	validation	50% validation 6	2
#FC8D62	0.334278224280214	15	2	validation	validation	50% validation 28	2
#FC8D62	1.03839641998335	15	2	validation	validation	50% validation 22	2
#FC8D62	0.982279753071613	15	2	validation	validation	50% validation 23	2
#FC8D62	0.0673206750303975	15	2	validation	validation	50% validation 69	2
#FC8D62	0.981530768926317	15	2	validation	validation	50% validation 7	2
#FC8D62	0.580945217313952	15	2	validation	validation	50% validation 91	2
#FC8D62	0.687607098841486	15	2	validation	validation	50% validation 24	2
#FC8D62	-0.484292782030851	15	2	validation	validation	50% validation 70	2
#FC8D62	0.929488949499209	15	2	validation	validation	50% validation 93	2
#FC8D62	0.629189948761362	15	2	validation	validation	50% validation 71	2
#FC8D62	1.31656026482422	15	2	validation	validation	50% validation 8	2
#FC8D62	0.899467118207042	15	2	validation	validation	50% validation 25	2
#FC8D62	0.929391598181231	15	2	validation	validation	50% validation 29	2
#FC8D62	0.606719670025367	15	2	validation	validation	50% validation 30	2
#FC8D62	1.08999334314287	15	2	validation	validation	50% validation 9	2
#FC8D62	1.1829861876856	15	2	validation	validation	50% validation 10	2
#FC8D62	0.976990356129305	15	2	validation	validation	50% validation 31	2
#FC8D62	0.341340699013267	15	2	validation	validation	50% validation 32	2
#FC8D62	1.15029439314469	15	2	validation	validation	50% validation 1	2
#FC8D62	0.973150299310062	15	2	validation	validation	50% validation 74	2
#FC8D62	0.815206074438968	15	2	validation	validation	50% validation 33	2
#FC8D62	0.881269878630988	15	2	validation	validation	50% validation 11	2
#FC8D62	0.0600533429601287	15	2	validation	validation	50% validation 72	2
#FC8D62	0.94314854112551	15	2	validation	validation	50% validation 12	2
#FC8D62	0.636650840552427	15	2	validation	validation	50% validation 34	2
#FC8D62	0.576473509253578	15	2	validation	validation	50% validation 86	2
#FC8D62	1.01607292737265	15	2	validation	validation	50% validation 35	2
#FC8D62	0.822396968189268	15	2	validation	validation	50% validation 36	2
#FC8D62	0.483809293897636	15	2	validation	validation	50% validation 37	2
#FC8D62	0.608926001565317	15	2	validation	validation	50% validation 38	2
#FC8D62	0.952535055288923	15	2	validation	validation	50% validation 59	2
#FC8D62	0.976767516549185	15	2	validation	validation	50% validation 60	2
#FC8D62	0.751050254972324	15	2	validation	validation	50% validation 39	2
#FC8D62	0.829626505318676	15	2	validation	validation	50% validation 40	2
#FC8D62	0.363160469036878	15	2	validation	validation	50% validation 41	2
#FC8D62	0.832512510124729	15	2	validation	validation	50% validation 92	2
#FC8D62	0.622372563458354	15	2	validation	validation	50% validation 42	2
#FC8D62	0.341507928640876	15	2	validation	validation	50% validation 43	2
#FC8D62	0.12691242169558	15	2	validation	validation	50% validation 44	2
#FC8D62	0.606806044652061	15	2	validation	validation	50% validation 45	2
#FC8D62	1.05042418815824	15	2	validation	validation	50% validation 13	2
#FC8D62	0.115069572052095	15	2	validation	validation	50% validation 99	2
#FC8D62	0.867588117070614	15	2	validation	validation	50% validation 61	2
#FC8D62	0.985571733506417	15	2	validation	validation	50% validation 14	2
#FC8D62	1.21654606064884	15	2	validation	validation	50% validation 2	2
#FC8D62	0.831657197246413	15	2	validation	validation	50% validation 46	2
#FC8D62	0.894599709931542	15	2	validation	validation	50% validation 75	2
#FC8D62	1.18679595779782	15	2	validation	validation	50% validation 3	2
#FC8D62	0.530906346006609	15	2	validation	validation	50% validation 47	2
#FC8D62	0.509092895716359	15	2	validation	validation	50% validation 76	2
#FC8D62	0.826184703469738	15	2	validation	validation	50% validation 97	2
#FC8D62	1.08915648197573	15	2	validation	validation	50% validation 88	2
#FC8D62	0.707200544377774	15	2	validation	validation	50% validation 62	2
#FC8D62	0.888837783098368	15	2	validation	validation	50% validation 95	2
#FC8D62	0.574380045295859	15	2	validation	validation	50% validation 48	2
#FC8D62	0.842499271069866	15	2	validation	validation	50% validation 49	2
#FC8D62	1.06200573332816	15	2	validation	validation	50% validation 15	2
#FC8D62	0.975022584468617	15	2	validation	validation	50% validation 16	2
#FC8D62	1.11896401895819	15	2	validation	validation	50% validation 17	2
#FC8D62	0.14248522920078	15	2	validation	validation	50% validation 63	2
#FC8D62	0.503922129306138	15	2	validation	validation	50% validation 64	2
#FC8D62	0.481530899784649	15	2	validation	validation	50% validation 26	2
#FC8D62	0.109430272374638	15	2	validation	validation	50% validation 65	2
#FC8D62	-0.50894521187759	15	2	validation	validation	50% validation 77	2
#FC8D62	-0.529258516978793	15	2	validation	validation	50% validation 50	2
#FC8D62	0.946274782145807	15	2	validation	validation	50% validation 18	2
#FC8D62	1.00039548113455	15	2	validation	validation	50% validation 96	2
#FC8D62	0.861560520094869	15	2	validation	validation	50% validation 51	2
#FC8D62	1.21381963079919	15	2	validation	validation	50% validation 52	2
#FC8D62	0.68093984983563	15	2	validation	validation	50% validation 78	2
#FC8D62	0.334672794562922	15	2	validation	validation	50% validation 53	2
#FC8D62	1.1358130965819	15	2	validation	validation	50% validation 19	2
#FC8D62	-0.619621585816619	15	2	validation	validation	50% validation 73	2
#FC8D62	0.973169074218447	15	2	validation	validation	50% validation 54	2
#FC8D62	1.23572262117785	15	2	validation	validation	50% validation 4	2
#FC8D62	0.344214590809891	15	2	validation	validation	50% validation 55	2
#FC8D62	1.24899639441888	15	2	validation	validation	50% validation 5	2
#FC8D62	0.824016798992291	15	2	validation	validation	50% validation 98	2
#FC8D62	0.875359800613747	15	2	validation	validation	50% validation 66	2
#FC8D62	0.822415625493303	15	2	validation	validation	50% validation 89	2
#FC8D62	0.516280543998775	15	2	validation	validation	50% validation 79	2
#FC8D62	0.929166457677795	15	2	validation	validation	50% validation 94	2
#FC8D62	0.313411132680915	15	2	validation	validation	50% validation 80	2
#FC8D62	0.597438284857823	15	2	validation	validation	50% validation 81	2
#FC8D62	1.11871357518802	15	2	validation	validation	50% validation 20	2
#FC8D62	0.914390907331338	15	2	validation	validation	50% validation 21	2
#FC8D62	0.850362463824346	15	2	validation	validation	50% validation 56	2
#FC8D62	0.337895175778249	15	2	validation	validation	50% validation 82	2
#FC8D62	0.447907320713431	15	2	validation	validation	50% validation 67	2
#FC8D62	0.82025280060665	15	2	validation	validation	50% validation 57	2
#FC8D62	0.350584434982065	15	2	validation	validation	50% validation 27	2
#FC8D62	0.344350000853858	15	2	validation	validation	50% validation 83	2
#FC8D62	0.829958646013517	15	2	validation	validation	50% validation 58	2
#FC8D62	0.883193647095767	15	2	validation	validation	50% validation 100	2
#FC8D62	0.966971818972297	15	2	validation	validation	50% validation 68	2
#FC8D62	0.502830802936405	15	2	validation	validation	50% validation 85	2
#FC8D62	0.698206267821866	15	2	validation	validation	50% validation 90	2
#FC8D62	1.05633519777151	15	2	validation	validation	50% validation 84	2
#FC8D62	-0.469567980512965	16	2	validation	validation	VC à 2 blocs 32	2
#FC8D62	0.848135889857174	16	2	validation	validation	VC à 2 blocs 33	2
#FC8D62	0.581858854884201	16	2	validation	validation	VC à 2 blocs 85	2
#FC8D62	0.0829879104682501	16	2	validation	validation	VC à 2 blocs 77	2
#FC8D62	1.11219318238617	16	2	validation	validation	VC à 2 blocs 4	2
#FC8D62	0.0877388991896808	16	2	validation	validation	VC à 2 blocs 34	2
#FC8D62	0.509132586955182	16	2	validation	validation	VC à 2 blocs 28	2
#FC8D62	0.131078325196625	16	2	validation	validation	VC à 2 blocs 78	2
#FC8D62	0.534619826217353	16	2	validation	validation	VC à 2 blocs 35	2
#FC8D62	1.20406890083526	16	2	validation	validation	VC à 2 blocs 5	2
#FC8D62	0.830401328116016	16	2	validation	validation	VC à 2 blocs 36	2
#FC8D62	0.932658971999108	16	2	validation	validation	VC à 2 blocs 6	2
#FC8D62	0.995210773046351	16	2	validation	validation	VC à 2 blocs 37	2
#FC8D62	0.649236469128039	16	2	validation	validation	VC à 2 blocs 91	2
#FC8D62	0.700010459497105	16	2	validation	validation	VC à 2 blocs 38	2
#FC8D62	0.107089143847937	16	2	validation	validation	VC à 2 blocs 39	2
#FC8D62	1.23906628452022	16	2	validation	validation	VC à 2 blocs 7	2
#FC8D62	0.637353950966014	16	2	validation	validation	VC à 2 blocs 92	2
#FC8D62	0.883476625962887	16	2	validation	validation	VC à 2 blocs 79	2
#FC8D62	1.09282693166311	16	2	validation	validation	VC à 2 blocs 98	2
#FC8D62	0.0800122067592538	16	2	validation	validation	VC à 2 blocs 40	2
#FC8D62	0.883042664281516	16	2	validation	validation	VC à 2 blocs 97	2
#FC8D62	0.93683311104032	16	2	validation	validation	VC à 2 blocs 71	2
#FC8D62	0.882417690127905	16	2	validation	validation	VC à 2 blocs 8	2
#FC8D62	1.01358842124986	16	2	validation	validation	VC à 2 blocs 41	2
#FC8D62	1.15071714582589	16	2	validation	validation	VC à 2 blocs 9	2
#FC8D62	0.366157249611749	16	2	validation	validation	VC à 2 blocs 42	2
#FC8D62	0.590374774583194	16	2	validation	validation	VC à 2 blocs 89	2
#FC8D62	0.613933337135958	16	2	validation	validation	VC à 2 blocs 29	2
#FC8D62	0.143893643626051	16	2	validation	validation	VC à 2 blocs 43	2
#FC8D62	0.394393386157736	16	2	validation	validation	VC à 2 blocs 44	2
#FC8D62	1.06336348967675	16	2	validation	validation	VC à 2 blocs 72	2
#FC8D62	0.93919281469142	16	2	validation	validation	VC à 2 blocs 95	2
#FC8D62	0.379980187053834	16	2	validation	validation	VC à 2 blocs 73	2
#FC8D62	1.20886058668595	16	2	validation	validation	VC à 2 blocs 10	2
#FC8D62	0.347988560274065	16	2	validation	validation	VC à 2 blocs 45	2
#FC8D62	-0.281945558505038	16	2	validation	validation	VC à 2 blocs 46	2
#FC8D62	1.01063417738822	16	2	validation	validation	VC à 2 blocs 11	2
#FC8D62	0.659224477300772	16	2	validation	validation	VC à 2 blocs 30	2
#FC8D62	0.616136275323996	16	2	validation	validation	VC à 2 blocs 47	2
#FC8D62	0.931459769641789	16	2	validation	validation	VC à 2 blocs 48	2
#FC8D62	0.879597202731622	16	2	validation	validation	VC à 2 blocs 49	2
#FC8D62	-0.538578153388119	16	2	validation	validation	VC à 2 blocs 80	2
#FC8D62	0.76268165595622	16	2	validation	validation	VC à 2 blocs 50	2
#FC8D62	0.508109886823771	16	2	validation	validation	VC à 2 blocs 51	2
#FC8D62	1.30099743236886	16	2	validation	validation	VC à 2 blocs 12	2
#FC8D62	-0.399488202546751	16	2	validation	validation	VC à 2 blocs 52	2
#FC8D62	1.17903778841531	16	2	validation	validation	VC à 2 blocs 13	2
#FC8D62	1.0850905136635	16	2	validation	validation	VC à 2 blocs 14	2
#FC8D62	0.395752430439004	16	2	validation	validation	VC à 2 blocs 31	2
#FC8D62	0.987319439786927	16	2	validation	validation	VC à 2 blocs 15	2
#FC8D62	0.499409799153449	16	2	validation	validation	VC à 2 blocs 74	2
#FC8D62	0.571443143392601	16	2	validation	validation	VC à 2 blocs 81	2
#FC8D62	0.501055181751931	16	2	validation	validation	VC à 2 blocs 53	2
#FC8D62	-0.667403262244642	16	2	validation	validation	VC à 2 blocs 96	2
#FC8D62	1.19395684358723	16	2	validation	validation	VC à 2 blocs 1	2
#FC8D62	0.950762174241908	16	2	validation	validation	VC à 2 blocs 16	2
#FC8D62	0.501829623521364	16	2	validation	validation	VC à 2 blocs 54	2
#FC8D62	0.362383182446098	16	2	validation	validation	VC à 2 blocs 75	2
#FC8D62	0.306801244794609	16	2	validation	validation	VC à 2 blocs 93	2
#FC8D62	-0.44187797033624	16	2	validation	validation	VC à 2 blocs 55	2
#FC8D62	0.938234342503255	16	2	validation	validation	VC à 2 blocs 56	2
#FC8D62	-0.405259675049094	16	2	validation	validation	VC à 2 blocs 57	2
#FC8D62	0.949878372688907	16	2	validation	validation	VC à 2 blocs 58	2
#FC8D62	1.24167242029079	16	2	validation	validation	VC à 2 blocs 17	2
#FC8D62	0.355772567836543	16	2	validation	validation	VC à 2 blocs 82	2
#FC8D62	0.985726798544701	16	2	validation	validation	VC à 2 blocs 59	2
#FC8D62	0.0728827028323726	16	2	validation	validation	VC à 2 blocs 90	2
#FC8D62	1.09441594535002	16	2	validation	validation	VC à 2 blocs 18	2
#FC8D62	1.08803832921801	16	2	validation	validation	VC à 2 blocs 2	2
#FC8D62	0.882329429284955	16	2	validation	validation	VC à 2 blocs 99	2
#FC8D62	0.915079220469555	16	2	validation	validation	VC à 2 blocs 60	2
#FC8D62	0.974652131040704	16	2	validation	validation	VC à 2 blocs 61	2
#FC8D62	0.933610709549416	16	2	validation	validation	VC à 2 blocs 19	2
#FC8D62	0.608768778551518	16	2	validation	validation	VC à 2 blocs 62	2
#FC8D62	0.925795613724689	16	2	validation	validation	VC à 2 blocs 63	2
#FC8D62	1.25366072142014	16	2	validation	validation	VC à 2 blocs 94	2
#FC8D62	0.477768897069266	16	2	validation	validation	VC à 2 blocs 76	2
#FC8D62	1.19164182308715	16	2	validation	validation	VC à 2 blocs 3	2
#FC8D62	0.983932682611835	16	2	validation	validation	VC à 2 blocs 20	2
#FC8D62	0.353982787330947	16	2	validation	validation	VC à 2 blocs 64	2
#FC8D62	0.982962639632288	16	2	validation	validation	VC à 2 blocs 21	2
#FC8D62	0.784240447851602	16	2	validation	validation	VC à 2 blocs 86	2
#FC8D62	1.18749508842714	16	2	validation	validation	VC à 2 blocs 22	2
#FC8D62	1.13431280184318	16	2	validation	validation	VC à 2 blocs 65	2
#FC8D62	1.12717869035596	16	2	validation	validation	VC à 2 blocs 23	2
#FC8D62	0.713773452310602	16	2	validation	validation	VC à 2 blocs 87	2
#FC8D62	1.15965027052214	16	2	validation	validation	VC à 2 blocs 24	2
#FC8D62	0.696281918151701	16	2	validation	validation	VC à 2 blocs 83	2
#FC8D62	0.936258826931016	16	2	validation	validation	VC à 2 blocs 66	2
#FC8D62	0.497781795098633	16	2	validation	validation	VC à 2 blocs 67	2
#FC8D62	0.981667349082959	16	2	validation	validation	VC à 2 blocs 84	2
#FC8D62	1.02154454798178	16	2	validation	validation	VC à 2 blocs 25	2
#FC8D62	1.06031317898358	16	2	validation	validation	VC à 2 blocs 68	2
#FC8D62	0.107803244612612	16	2	validation	validation	VC à 2 blocs 69	2
#FC8D62	1.05282007713369	16	2	validation	validation	VC à 2 blocs 26	2
#FC8D62	0.882991325112967	16	2	validation	validation	VC à 2 blocs 100	2
#FC8D62	0.354910308171	16	2	validation	validation	VC à 2 blocs 88	2
#FC8D62	0.563807888600661	16	2	validation	validation	VC à 2 blocs 70	2
#FC8D62	1.31449355568726	16	2	validation	validation	VC à 2 blocs 27	2
#FC8D62	0.886669901491556	16	2	validation	validation	50% validation 87	2
#FC8D62	0.893246796131049	16	2	validation	validation	50% validation 6	2
#FC8D62	0.334278224280214	16	2	validation	validation	50% validation 28	2
#FC8D62	1.03840130725895	16	2	validation	validation	50% validation 22	2
#FC8D62	0.982322329535669	16	2	validation	validation	50% validation 23	2
#FC8D62	0.067494155601456	16	2	validation	validation	50% validation 69	2
#FC8D62	0.981457993704776	16	2	validation	validation	50% validation 7	2
#FC8D62	0.579648693661476	16	2	validation	validation	50% validation 91	2
#FC8D62	0.694633924979038	16	2	validation	validation	50% validation 24	2
#FC8D62	-0.489963152080036	16	2	validation	validation	50% validation 70	2
#FC8D62	0.923403481115748	16	2	validation	validation	50% validation 93	2
#FC8D62	0.628737458861716	16	2	validation	validation	50% validation 71	2
#FC8D62	1.31822173745345	16	2	validation	validation	50% validation 8	2
#FC8D62	0.897556376489818	16	2	validation	validation	50% validation 25	2
#FC8D62	0.928896195526906	16	2	validation	validation	50% validation 29	2
#FC8D62	0.605470904183387	16	2	validation	validation	50% validation 30	2
#FC8D62	1.08994323852232	16	2	validation	validation	50% validation 9	2
#FC8D62	1.18292015721919	16	2	validation	validation	50% validation 10	2
#FC8D62	0.976134708930592	16	2	validation	validation	50% validation 31	2
#FC8D62	0.342686552749752	16	2	validation	validation	50% validation 32	2
#FC8D62	1.1504164304805	16	2	validation	validation	50% validation 1	2
#FC8D62	0.973373579265878	16	2	validation	validation	50% validation 74	2
#FC8D62	0.815206074438968	16	2	validation	validation	50% validation 33	2
#FC8D62	0.880857393631289	16	2	validation	validation	50% validation 11	2
#FC8D62	0.10085664640933	16	2	validation	validation	50% validation 72	2
#FC8D62	0.944165446746627	16	2	validation	validation	50% validation 12	2
#FC8D62	0.638799831131475	16	2	validation	validation	50% validation 34	2
#FC8D62	0.578111439082931	16	2	validation	validation	50% validation 86	2
#FC8D62	1.01551972955348	16	2	validation	validation	50% validation 35	2
#FC8D62	0.824301176595543	16	2	validation	validation	50% validation 36	2
#FC8D62	0.502071730445975	16	2	validation	validation	50% validation 37	2
#FC8D62	0.607832476071939	16	2	validation	validation	50% validation 38	2
#FC8D62	0.952930546477159	16	2	validation	validation	50% validation 59	2
#FC8D62	0.976899865009494	16	2	validation	validation	50% validation 60	2
#FC8D62	0.747702910922906	16	2	validation	validation	50% validation 39	2
#FC8D62	0.829369334285978	16	2	validation	validation	50% validation 40	2
#FC8D62	0.369637998758359	16	2	validation	validation	50% validation 41	2
#FC8D62	0.832512343244771	16	2	validation	validation	50% validation 92	2
#FC8D62	0.621216419074656	16	2	validation	validation	50% validation 42	2
#FC8D62	0.343284525196752	16	2	validation	validation	50% validation 43	2
#FC8D62	0.126894459842794	16	2	validation	validation	50% validation 44	2
#FC8D62	0.608384051730411	16	2	validation	validation	50% validation 45	2
#FC8D62	1.05125454126708	16	2	validation	validation	50% validation 13	2
#FC8D62	0.112052805535714	16	2	validation	validation	50% validation 99	2
#FC8D62	0.867868253177248	16	2	validation	validation	50% validation 61	2
#FC8D62	0.982350592095623	16	2	validation	validation	50% validation 14	2
#FC8D62	1.229253667644	16	2	validation	validation	50% validation 2	2
#FC8D62	0.828170628756789	16	2	validation	validation	50% validation 46	2
#FC8D62	0.881378476354494	16	2	validation	validation	50% validation 75	2
#FC8D62	1.18703185137495	16	2	validation	validation	50% validation 3	2
#FC8D62	0.530443751260134	16	2	validation	validation	50% validation 47	2
#FC8D62	0.510385862489879	16	2	validation	validation	50% validation 76	2
#FC8D62	0.825927445740977	16	2	validation	validation	50% validation 97	2
#FC8D62	1.08955549408917	16	2	validation	validation	50% validation 88	2
#FC8D62	0.707906002999443	16	2	validation	validation	50% validation 62	2
#FC8D62	0.888837783098368	16	2	validation	validation	50% validation 95	2
#FC8D62	0.588648898961627	16	2	validation	validation	50% validation 48	2
#FC8D62	0.842318639956076	16	2	validation	validation	50% validation 49	2
#FC8D62	1.06188584011634	16	2	validation	validation	50% validation 15	2
#FC8D62	0.975272638213286	16	2	validation	validation	50% validation 16	2
#FC8D62	1.11896218963067	16	2	validation	validation	50% validation 17	2
#FC8D62	0.136743366530614	16	2	validation	validation	50% validation 63	2
#FC8D62	0.503275423267128	16	2	validation	validation	50% validation 64	2
#FC8D62	0.483340287971288	16	2	validation	validation	50% validation 26	2
#FC8D62	0.109430272374638	16	2	validation	validation	50% validation 65	2
#FC8D62	-0.507488679099567	16	2	validation	validation	50% validation 77	2
#FC8D62	-0.51221272829736	16	2	validation	validation	50% validation 50	2
#FC8D62	0.946145071839581	16	2	validation	validation	50% validation 18	2
#FC8D62	1.00039548113455	16	2	validation	validation	50% validation 96	2
#FC8D62	0.861797749757328	16	2	validation	validation	50% validation 51	2
#FC8D62	1.21304130691327	16	2	validation	validation	50% validation 52	2
#FC8D62	0.681451991136088	16	2	validation	validation	50% validation 78	2
#FC8D62	0.333811393964382	16	2	validation	validation	50% validation 53	2
#FC8D62	1.13575526673731	16	2	validation	validation	50% validation 19	2
#FC8D62	-0.57197461249567	16	2	validation	validation	50% validation 73	2
#FC8D62	0.979140689572129	16	2	validation	validation	50% validation 54	2
#FC8D62	1.23604227554248	16	2	validation	validation	50% validation 4	2
#FC8D62	0.343720246962988	16	2	validation	validation	50% validation 55	2
#FC8D62	1.24898104411481	16	2	validation	validation	50% validation 5	2
#FC8D62	0.823268274177759	16	2	validation	validation	50% validation 98	2
#FC8D62	0.87568718822479	16	2	validation	validation	50% validation 66	2
#FC8D62	0.822691852988607	16	2	validation	validation	50% validation 89	2
#FC8D62	0.518183240447426	16	2	validation	validation	50% validation 79	2
#FC8D62	0.929722589556872	16	2	validation	validation	50% validation 94	2
#FC8D62	0.313411132680915	16	2	validation	validation	50% validation 80	2
#FC8D62	0.598597441763292	16	2	validation	validation	50% validation 81	2
#FC8D62	1.11910113405168	16	2	validation	validation	50% validation 20	2
#FC8D62	0.900441298619779	16	2	validation	validation	50% validation 21	2
#FC8D62	0.849976429092766	16	2	validation	validation	50% validation 56	2
#FC8D62	0.337542526925641	16	2	validation	validation	50% validation 82	2
#FC8D62	0.448565758498656	16	2	validation	validation	50% validation 67	2
#FC8D62	0.820354976511736	16	2	validation	validation	50% validation 57	2
#FC8D62	0.37267483311168	16	2	validation	validation	50% validation 27	2
#FC8D62	0.345353221761608	16	2	validation	validation	50% validation 83	2
#FC8D62	0.829662361672513	16	2	validation	validation	50% validation 58	2
#FC8D62	0.88318198049231	16	2	validation	validation	50% validation 100	2
#FC8D62	0.966826928807486	16	2	validation	validation	50% validation 68	2
#FC8D62	0.502830802936405	16	2	validation	validation	50% validation 85	2
#FC8D62	0.698206267821866	16	2	validation	validation	50% validation 90	2
#FC8D62	1.06137038763041	16	2	validation	validation	50% validation 84	2
#FC8D62	-0.46757015056312	17	2	validation	validation	VC à 2 blocs 32	2
#FC8D62	0.84792800423007	17	2	validation	validation	VC à 2 blocs 33	2
#FC8D62	0.569409514105892	17	2	validation	validation	VC à 2 blocs 85	2
#FC8D62	0.076103631278495	17	2	validation	validation	VC à 2 blocs 77	2
#FC8D62	1.1233786990306	17	2	validation	validation	VC à 2 blocs 4	2
#FC8D62	0.0851749890220108	17	2	validation	validation	VC à 2 blocs 34	2
#FC8D62	0.508932332154465	17	2	validation	validation	VC à 2 blocs 28	2
#FC8D62	0.129700933300849	17	2	validation	validation	VC à 2 blocs 78	2
#FC8D62	0.535453695538274	17	2	validation	validation	VC à 2 blocs 35	2
#FC8D62	1.20438733299048	17	2	validation	validation	VC à 2 blocs 5	2
#FC8D62	0.830166924058344	17	2	validation	validation	VC à 2 blocs 36	2
#FC8D62	0.93716023701927	17	2	validation	validation	VC à 2 blocs 6	2
#FC8D62	0.994655285685236	17	2	validation	validation	VC à 2 blocs 37	2
#FC8D62	0.648762892648183	17	2	validation	validation	VC à 2 blocs 91	2
#FC8D62	0.699659489115769	17	2	validation	validation	VC à 2 blocs 38	2
#FC8D62	0.105265076283788	17	2	validation	validation	VC à 2 blocs 39	2
#FC8D62	1.23207762865157	17	2	validation	validation	VC à 2 blocs 7	2
#FC8D62	0.640215488006205	17	2	validation	validation	VC à 2 blocs 92	2
#FC8D62	0.884495860865002	17	2	validation	validation	VC à 2 blocs 79	2
#FC8D62	1.09300171977546	17	2	validation	validation	VC à 2 blocs 98	2
#FC8D62	0.0762482641665344	17	2	validation	validation	VC à 2 blocs 40	2
#FC8D62	0.883407919584965	17	2	validation	validation	VC à 2 blocs 97	2
#FC8D62	0.936459694941299	17	2	validation	validation	VC à 2 blocs 71	2
#FC8D62	0.882417690127905	17	2	validation	validation	VC à 2 blocs 8	2
#FC8D62	1.01307368127698	17	2	validation	validation	VC à 2 blocs 41	2
#FC8D62	1.15095432421203	17	2	validation	validation	VC à 2 blocs 9	2
#FC8D62	0.365792111730628	17	2	validation	validation	VC à 2 blocs 42	2
#FC8D62	0.594412096922716	17	2	validation	validation	VC à 2 blocs 89	2
#FC8D62	0.612979119485915	17	2	validation	validation	VC à 2 blocs 29	2
#FC8D62	0.13933218723574	17	2	validation	validation	VC à 2 blocs 43	2
#FC8D62	0.404911069374055	17	2	validation	validation	VC à 2 blocs 44	2
#FC8D62	1.06343807034277	17	2	validation	validation	VC à 2 blocs 72	2
#FC8D62	0.938917612044655	17	2	validation	validation	VC à 2 blocs 95	2
#FC8D62	0.379980187053834	17	2	validation	validation	VC à 2 blocs 73	2
#FC8D62	1.20864190471649	17	2	validation	validation	VC à 2 blocs 10	2
#FC8D62	0.347158876235203	17	2	validation	validation	VC à 2 blocs 45	2
#FC8D62	-0.285921741490083	17	2	validation	validation	VC à 2 blocs 46	2
#FC8D62	1.01089380251493	17	2	validation	validation	VC à 2 blocs 11	2
#FC8D62	0.673976623506793	17	2	validation	validation	VC à 2 blocs 30	2
#FC8D62	0.615183497418493	17	2	validation	validation	VC à 2 blocs 47	2
#FC8D62	0.928458958016045	17	2	validation	validation	VC à 2 blocs 48	2
#FC8D62	0.880260615349224	17	2	validation	validation	VC à 2 blocs 49	2
#FC8D62	-0.517700319313076	17	2	validation	validation	VC à 2 blocs 80	2
#FC8D62	0.771736443196462	17	2	validation	validation	VC à 2 blocs 50	2
#FC8D62	0.513084708959999	17	2	validation	validation	VC à 2 blocs 51	2
#FC8D62	1.30098381431403	17	2	validation	validation	VC à 2 blocs 12	2
#FC8D62	-0.404199181570243	17	2	validation	validation	VC à 2 blocs 52	2
#FC8D62	1.17946492824725	17	2	validation	validation	VC à 2 blocs 13	2
#FC8D62	1.08545005843472	17	2	validation	validation	VC à 2 blocs 14	2
#FC8D62	0.395722178723141	17	2	validation	validation	VC à 2 blocs 31	2
#FC8D62	0.985323326174951	17	2	validation	validation	VC à 2 blocs 15	2
#FC8D62	0.492189144096892	17	2	validation	validation	VC à 2 blocs 74	2
#FC8D62	0.575830822722936	17	2	validation	validation	VC à 2 blocs 81	2
#FC8D62	0.499065379768622	17	2	validation	validation	VC à 2 blocs 53	2
#FC8D62	-0.675332183657067	17	2	validation	validation	VC à 2 blocs 96	2
#FC8D62	1.19422203168055	17	2	validation	validation	VC à 2 blocs 1	2
#FC8D62	0.950473150896444	17	2	validation	validation	VC à 2 blocs 16	2
#FC8D62	0.499632920244314	17	2	validation	validation	VC à 2 blocs 54	2
#FC8D62	0.361202650633539	17	2	validation	validation	VC à 2 blocs 75	2
#FC8D62	0.305300080047909	17	2	validation	validation	VC à 2 blocs 93	2
#FC8D62	-0.434224976629624	17	2	validation	validation	VC à 2 blocs 55	2
#FC8D62	0.940896741986914	17	2	validation	validation	VC à 2 blocs 56	2
#FC8D62	-0.397360340124435	17	2	validation	validation	VC à 2 blocs 57	2
#FC8D62	0.94905963109338	17	2	validation	validation	VC à 2 blocs 58	2
#FC8D62	1.24191248884848	17	2	validation	validation	VC à 2 blocs 17	2
#FC8D62	0.354209586936011	17	2	validation	validation	VC à 2 blocs 82	2
#FC8D62	0.985796980901246	17	2	validation	validation	VC à 2 blocs 59	2
#FC8D62	0.0720310931897707	17	2	validation	validation	VC à 2 blocs 90	2
#FC8D62	1.09441594535002	17	2	validation	validation	VC à 2 blocs 18	2
#FC8D62	1.09032572121426	17	2	validation	validation	VC à 2 blocs 2	2
#FC8D62	0.882424972861494	17	2	validation	validation	VC à 2 blocs 99	2
#FC8D62	0.916034592324802	17	2	validation	validation	VC à 2 blocs 60	2
#FC8D62	0.974440099898289	17	2	validation	validation	VC à 2 blocs 61	2
#FC8D62	0.928120304014191	17	2	validation	validation	VC à 2 blocs 19	2
#FC8D62	0.608760986594722	17	2	validation	validation	VC à 2 blocs 62	2
#FC8D62	0.925795613724689	17	2	validation	validation	VC à 2 blocs 63	2
#FC8D62	1.25615815596865	17	2	validation	validation	VC à 2 blocs 94	2
#FC8D62	0.477768897069266	17	2	validation	validation	VC à 2 blocs 76	2
#FC8D62	1.19158727028825	17	2	validation	validation	VC à 2 blocs 3	2
#FC8D62	0.984554482609604	17	2	validation	validation	VC à 2 blocs 20	2
#FC8D62	0.353982787330947	17	2	validation	validation	VC à 2 blocs 64	2
#FC8D62	0.990713689967811	17	2	validation	validation	VC à 2 blocs 21	2
#FC8D62	0.771965100698869	17	2	validation	validation	VC à 2 blocs 86	2
#FC8D62	1.18749508842714	17	2	validation	validation	VC à 2 blocs 22	2
#FC8D62	1.1336379596106	17	2	validation	validation	VC à 2 blocs 65	2
#FC8D62	1.12706936210817	17	2	validation	validation	VC à 2 blocs 23	2
#FC8D62	0.714179812211894	17	2	validation	validation	VC à 2 blocs 87	2
#FC8D62	1.15965027052214	17	2	validation	validation	VC à 2 blocs 24	2
#FC8D62	0.694601531218837	17	2	validation	validation	VC à 2 blocs 83	2
#FC8D62	0.936358762074978	17	2	validation	validation	VC à 2 blocs 66	2
#FC8D62	0.497512154922276	17	2	validation	validation	VC à 2 blocs 67	2
#FC8D62	0.981667349082959	17	2	validation	validation	VC à 2 blocs 84	2
#FC8D62	1.02165364365601	17	2	validation	validation	VC à 2 blocs 25	2
#FC8D62	1.06067833527469	17	2	validation	validation	VC à 2 blocs 68	2
#FC8D62	0.108473665462598	17	2	validation	validation	VC à 2 blocs 69	2
#FC8D62	1.0522133324529	17	2	validation	validation	VC à 2 blocs 26	2
#FC8D62	0.881881545963426	17	2	validation	validation	VC à 2 blocs 100	2
#FC8D62	0.354226519522316	17	2	validation	validation	VC à 2 blocs 88	2
#FC8D62	0.570224017028148	17	2	validation	validation	VC à 2 blocs 70	2
#FC8D62	1.31478712705983	17	2	validation	validation	VC à 2 blocs 27	2
#FC8D62	0.886959409433366	17	2	validation	validation	50% validation 87	2
#FC8D62	0.893349745845153	17	2	validation	validation	50% validation 6	2
#FC8D62	0.334580484579216	17	2	validation	validation	50% validation 28	2
#FC8D62	1.03856293905756	17	2	validation	validation	50% validation 22	2
#FC8D62	0.98126878833655	17	2	validation	validation	50% validation 23	2
#FC8D62	0.0817945044099616	17	2	validation	validation	50% validation 69	2
#FC8D62	0.985003674760712	17	2	validation	validation	50% validation 7	2
#FC8D62	0.607998070525677	17	2	validation	validation	50% validation 91	2
#FC8D62	0.695231069061622	17	2	validation	validation	50% validation 24	2
#FC8D62	-0.492952475716483	17	2	validation	validation	50% validation 70	2
#FC8D62	0.9235342239814	17	2	validation	validation	50% validation 93	2
#FC8D62	0.629670926082587	17	2	validation	validation	50% validation 71	2
#FC8D62	1.30415817063796	17	2	validation	validation	50% validation 8	2
#FC8D62	0.90195885070506	17	2	validation	validation	50% validation 25	2
#FC8D62	0.929251286205024	17	2	validation	validation	50% validation 29	2
#FC8D62	0.606465175702878	17	2	validation	validation	50% validation 30	2
#FC8D62	1.08981864987562	17	2	validation	validation	50% validation 9	2
#FC8D62	1.18295816638565	17	2	validation	validation	50% validation 10	2
#FC8D62	0.977081719205314	17	2	validation	validation	50% validation 31	2
#FC8D62	0.34104239297928	17	2	validation	validation	50% validation 32	2
#FC8D62	1.1503397803651	17	2	validation	validation	50% validation 1	2
#FC8D62	0.974823923639584	17	2	validation	validation	50% validation 74	2
#FC8D62	0.816327890417661	17	2	validation	validation	50% validation 33	2
#FC8D62	0.882036399484471	17	2	validation	validation	50% validation 11	2
#FC8D62	0.0954859617047069	17	2	validation	validation	50% validation 72	2
#FC8D62	0.944070024939835	17	2	validation	validation	50% validation 12	2
#FC8D62	0.626147865074986	17	2	validation	validation	50% validation 34	2
#FC8D62	0.577147927295509	17	2	validation	validation	50% validation 86	2
#FC8D62	1.01472120501942	17	2	validation	validation	50% validation 35	2
#FC8D62	0.824301176595543	17	2	validation	validation	50% validation 36	2
#FC8D62	0.502071730445975	17	2	validation	validation	50% validation 37	2
#FC8D62	0.607286266175083	17	2	validation	validation	50% validation 38	2
#FC8D62	0.953392376309675	17	2	validation	validation	50% validation 59	2
#FC8D62	0.978212895283263	17	2	validation	validation	50% validation 60	2
#FC8D62	0.748613006501961	17	2	validation	validation	50% validation 39	2
#FC8D62	0.829807283082408	17	2	validation	validation	50% validation 40	2
#FC8D62	0.384388199407558	17	2	validation	validation	50% validation 41	2
#FC8D62	0.829739333251967	17	2	validation	validation	50% validation 92	2
#FC8D62	0.62209128784398	17	2	validation	validation	50% validation 42	2
#FC8D62	0.345386141820263	17	2	validation	validation	50% validation 43	2
#FC8D62	0.125442340805924	17	2	validation	validation	50% validation 44	2
#FC8D62	0.608061420660383	17	2	validation	validation	50% validation 45	2
#FC8D62	1.04910858190252	17	2	validation	validation	50% validation 13	2
#FC8D62	0.111638780539514	17	2	validation	validation	50% validation 99	2
#FC8D62	0.867985230127607	17	2	validation	validation	50% validation 61	2
#FC8D62	0.983002108501387	17	2	validation	validation	50% validation 14	2
#FC8D62	1.22939863145374	17	2	validation	validation	50% validation 2	2
#FC8D62	0.828256651614651	17	2	validation	validation	50% validation 46	2
#FC8D62	0.881774605200189	17	2	validation	validation	50% validation 75	2
#FC8D62	1.18682199965923	17	2	validation	validation	50% validation 3	2
#FC8D62	0.531578552287349	17	2	validation	validation	50% validation 47	2
#FC8D62	0.510038150018171	17	2	validation	validation	50% validation 76	2
#FC8D62	0.825927445740977	17	2	validation	validation	50% validation 97	2
#FC8D62	1.09010116629829	17	2	validation	validation	50% validation 88	2
#FC8D62	0.707906002999443	17	2	validation	validation	50% validation 62	2
#FC8D62	0.888837783098368	17	2	validation	validation	50% validation 95	2
#FC8D62	0.589510768256946	17	2	validation	validation	50% validation 48	2
#FC8D62	0.843609054004105	17	2	validation	validation	50% validation 49	2
#FC8D62	1.06658139968453	17	2	validation	validation	50% validation 15	2
#FC8D62	0.974538059272046	17	2	validation	validation	50% validation 16	2
#FC8D62	1.11881452296683	17	2	validation	validation	50% validation 17	2
#FC8D62	0.148066546845405	17	2	validation	validation	50% validation 63	2
#FC8D62	0.503488535241795	17	2	validation	validation	50% validation 64	2
#FC8D62	0.489771403706176	17	2	validation	validation	50% validation 26	2
#FC8D62	0.101505748952117	17	2	validation	validation	50% validation 65	2
#FC8D62	-0.488910689521263	17	2	validation	validation	50% validation 77	2
#FC8D62	-0.515794369682069	17	2	validation	validation	50% validation 50	2
#FC8D62	0.951450353176509	17	2	validation	validation	50% validation 18	2
#FC8D62	1.00019576245546	17	2	validation	validation	50% validation 96	2
#FC8D62	0.8623007261227	17	2	validation	validation	50% validation 51	2
#FC8D62	1.21461274518376	17	2	validation	validation	50% validation 52	2
#FC8D62	0.709095994182182	17	2	validation	validation	50% validation 78	2
#FC8D62	0.324533896749213	17	2	validation	validation	50% validation 53	2
#FC8D62	1.13558231815224	17	2	validation	validation	50% validation 19	2
#FC8D62	-0.57197461249567	17	2	validation	validation	50% validation 73	2
#FC8D62	0.979524630284523	17	2	validation	validation	50% validation 54	2
#FC8D62	1.23621521763106	17	2	validation	validation	50% validation 4	2
#FC8D62	0.338365469084843	17	2	validation	validation	50% validation 55	2
#FC8D62	1.24872321742134	17	2	validation	validation	50% validation 5	2
#FC8D62	0.822990714088707	17	2	validation	validation	50% validation 98	2
#FC8D62	0.880703003143161	17	2	validation	validation	50% validation 66	2
#FC8D62	0.821716413186128	17	2	validation	validation	50% validation 89	2
#FC8D62	0.517101242307817	17	2	validation	validation	50% validation 79	2
#FC8D62	0.929542854399719	17	2	validation	validation	50% validation 94	2
#FC8D62	0.313411132680915	17	2	validation	validation	50% validation 80	2
#FC8D62	0.596382234675121	17	2	validation	validation	50% validation 81	2
#FC8D62	1.11910113405168	17	2	validation	validation	50% validation 20	2
#FC8D62	0.900441298619779	17	2	validation	validation	50% validation 21	2
#FC8D62	0.849263647689357	17	2	validation	validation	50% validation 56	2
#FC8D62	0.337876631892209	17	2	validation	validation	50% validation 82	2
#FC8D62	0.451375304114714	17	2	validation	validation	50% validation 67	2
#FC8D62	0.821930727509952	17	2	validation	validation	50% validation 57	2
#FC8D62	0.372211862731498	17	2	validation	validation	50% validation 27	2
#FC8D62	0.347474007503497	17	2	validation	validation	50% validation 83	2
#FC8D62	0.837087784858094	17	2	validation	validation	50% validation 58	2
#FC8D62	0.88327395247058	17	2	validation	validation	50% validation 100	2
#FC8D62	0.9672797442205	17	2	validation	validation	50% validation 68	2
#FC8D62	0.494855534771059	17	2	validation	validation	50% validation 85	2
#FC8D62	0.698722710089454	17	2	validation	validation	50% validation 90	2
#FC8D62	1.06689495180387	17	2	validation	validation	50% validation 84	2
#FC8D62	-0.473493998694646	18	2	validation	validation	VC à 2 blocs 32	2
#FC8D62	0.848314466117697	18	2	validation	validation	VC à 2 blocs 33	2
#FC8D62	0.587481252102909	18	2	validation	validation	VC à 2 blocs 85	2
#FC8D62	0.075441224369545	18	2	validation	validation	VC à 2 blocs 77	2
#FC8D62	1.12334341784222	18	2	validation	validation	VC à 2 blocs 4	2
#FC8D62	0.0860750289312486	18	2	validation	validation	VC à 2 blocs 34	2
#FC8D62	0.510024824243384	18	2	validation	validation	VC à 2 blocs 28	2
#FC8D62	0.137537190116006	18	2	validation	validation	VC à 2 blocs 78	2
#FC8D62	0.535651591617303	18	2	validation	validation	VC à 2 blocs 35	2
#FC8D62	1.21063340047029	18	2	validation	validation	VC à 2 blocs 5	2
#FC8D62	0.829500207905598	18	2	validation	validation	VC à 2 blocs 36	2
#FC8D62	0.938246198378234	18	2	validation	validation	VC à 2 blocs 6	2
#FC8D62	0.994655285685236	18	2	validation	validation	VC à 2 blocs 37	2
#FC8D62	0.64958404417994	18	2	validation	validation	VC à 2 blocs 91	2
#FC8D62	0.70023289623198	18	2	validation	validation	VC à 2 blocs 38	2
#FC8D62	0.110689259254409	18	2	validation	validation	VC à 2 blocs 39	2
#FC8D62	1.2320655718621	18	2	validation	validation	VC à 2 blocs 7	2
#FC8D62	0.636098375912841	18	2	validation	validation	VC à 2 blocs 92	2
#FC8D62	0.884275915838207	18	2	validation	validation	VC à 2 blocs 79	2
#FC8D62	1.09264330513531	18	2	validation	validation	VC à 2 blocs 98	2
#FC8D62	0.0762482641665344	18	2	validation	validation	VC à 2 blocs 40	2
#FC8D62	0.882330910844491	18	2	validation	validation	VC à 2 blocs 97	2
#FC8D62	0.937788035956571	18	2	validation	validation	VC à 2 blocs 71	2
#FC8D62	0.882905699881702	18	2	validation	validation	VC à 2 blocs 8	2
#FC8D62	1.01576260558981	18	2	validation	validation	VC à 2 blocs 41	2
#FC8D62	1.15180756967765	18	2	validation	validation	VC à 2 blocs 9	2
#FC8D62	0.364969762271029	18	2	validation	validation	VC à 2 blocs 42	2
#FC8D62	0.58251174960681	18	2	validation	validation	VC à 2 blocs 89	2
#FC8D62	0.613156344405008	18	2	validation	validation	VC à 2 blocs 29	2
#FC8D62	0.13933218723574	18	2	validation	validation	VC à 2 blocs 43	2
#FC8D62	0.404779650844455	18	2	validation	validation	VC à 2 blocs 44	2
#FC8D62	1.0566875634728	18	2	validation	validation	VC à 2 blocs 72	2
#FC8D62	0.938216805481529	18	2	validation	validation	VC à 2 blocs 95	2
#FC8D62	0.380315751111301	18	2	validation	validation	VC à 2 blocs 73	2
#FC8D62	1.208404003018	18	2	validation	validation	VC à 2 blocs 10	2
#FC8D62	0.347591560445803	18	2	validation	validation	VC à 2 blocs 45	2
#FC8D62	-0.285921741490083	18	2	validation	validation	VC à 2 blocs 46	2
#FC8D62	1.01207133339427	18	2	validation	validation	VC à 2 blocs 11	2
#FC8D62	0.685521477883771	18	2	validation	validation	VC à 2 blocs 30	2
#FC8D62	0.614386361962939	18	2	validation	validation	VC à 2 blocs 47	2
#FC8D62	0.934830935718102	18	2	validation	validation	VC à 2 blocs 48	2
#FC8D62	0.877269181123167	18	2	validation	validation	VC à 2 blocs 49	2
#FC8D62	-0.50607408844866	18	2	validation	validation	VC à 2 blocs 80	2
#FC8D62	0.771702976076884	18	2	validation	validation	VC à 2 blocs 50	2
#FC8D62	0.513306409860316	18	2	validation	validation	VC à 2 blocs 51	2
#FC8D62	1.30219356920703	18	2	validation	validation	VC à 2 blocs 12	2
#FC8D62	-0.401292479353398	18	2	validation	validation	VC à 2 blocs 52	2
#FC8D62	1.17977579624124	18	2	validation	validation	VC à 2 blocs 13	2
#FC8D62	1.08502188371516	18	2	validation	validation	VC à 2 blocs 14	2
#FC8D62	0.398283910364133	18	2	validation	validation	VC à 2 blocs 31	2
#FC8D62	0.985591402120644	18	2	validation	validation	VC à 2 blocs 15	2
#FC8D62	0.49251769751401	18	2	validation	validation	VC à 2 blocs 74	2
#FC8D62	0.575386280436734	18	2	validation	validation	VC à 2 blocs 81	2
#FC8D62	0.499065379768622	18	2	validation	validation	VC à 2 blocs 53	2
#FC8D62	-0.687536278333911	18	2	validation	validation	VC à 2 blocs 96	2
#FC8D62	1.19422004201887	18	2	validation	validation	VC à 2 blocs 1	2
#FC8D62	0.954862395333458	18	2	validation	validation	VC à 2 blocs 16	2
#FC8D62	0.499847826698634	18	2	validation	validation	VC à 2 blocs 54	2
#FC8D62	0.360395674552788	18	2	validation	validation	VC à 2 blocs 75	2
#FC8D62	0.328721053587966	18	2	validation	validation	VC à 2 blocs 93	2
#FC8D62	-0.434224976629624	18	2	validation	validation	VC à 2 blocs 55	2
#FC8D62	0.93338091380027	18	2	validation	validation	VC à 2 blocs 56	2
#FC8D62	-0.407574467895031	18	2	validation	validation	VC à 2 blocs 57	2
#FC8D62	0.948560419586653	18	2	validation	validation	VC à 2 blocs 58	2
#FC8D62	1.24209360174489	18	2	validation	validation	VC à 2 blocs 17	2
#FC8D62	0.358039857384224	18	2	validation	validation	VC à 2 blocs 82	2
#FC8D62	0.979322625105831	18	2	validation	validation	VC à 2 blocs 59	2
#FC8D62	0.0725214940133473	18	2	validation	validation	VC à 2 blocs 90	2
#FC8D62	1.09447444419976	18	2	validation	validation	VC à 2 blocs 18	2
#FC8D62	1.08990333872618	18	2	validation	validation	VC à 2 blocs 2	2
#FC8D62	0.883403332722093	18	2	validation	validation	VC à 2 blocs 99	2
#FC8D62	0.916468415935566	18	2	validation	validation	VC à 2 blocs 60	2
#FC8D62	0.971679386772628	18	2	validation	validation	VC à 2 blocs 61	2
#FC8D62	0.927902294616126	18	2	validation	validation	VC à 2 blocs 19	2
#FC8D62	0.60769056065246	18	2	validation	validation	VC à 2 blocs 62	2
#FC8D62	0.929080786232068	18	2	validation	validation	VC à 2 blocs 63	2
#FC8D62	1.25181033274749	18	2	validation	validation	VC à 2 blocs 94	2
#FC8D62	0.473737189990556	18	2	validation	validation	VC à 2 blocs 76	2
#FC8D62	1.191639067961	18	2	validation	validation	VC à 2 blocs 3	2
#FC8D62	0.984629989478223	18	2	validation	validation	VC à 2 blocs 20	2
#FC8D62	0.35394077933112	18	2	validation	validation	VC à 2 blocs 64	2
#FC8D62	0.990548994696019	18	2	validation	validation	VC à 2 blocs 21	2
#FC8D62	0.790382888479599	18	2	validation	validation	VC à 2 blocs 86	2
#FC8D62	1.18749508842714	18	2	validation	validation	VC à 2 blocs 22	2
#FC8D62	1.13380034243019	18	2	validation	validation	VC à 2 blocs 65	2
#FC8D62	1.12638737845154	18	2	validation	validation	VC à 2 blocs 23	2
#FC8D62	0.713172461317203	18	2	validation	validation	VC à 2 blocs 87	2
#FC8D62	1.15092417641477	18	2	validation	validation	VC à 2 blocs 24	2
#FC8D62	0.69990217207496	18	2	validation	validation	VC à 2 blocs 83	2
#FC8D62	0.928750444587568	18	2	validation	validation	VC à 2 blocs 66	2
#FC8D62	0.4978280272251	18	2	validation	validation	VC à 2 blocs 67	2
#FC8D62	0.973544797813248	18	2	validation	validation	VC à 2 blocs 84	2
#FC8D62	1.02226142401983	18	2	validation	validation	VC à 2 blocs 25	2
#FC8D62	1.06072277855672	18	2	validation	validation	VC à 2 blocs 68	2
#FC8D62	0.109002417152859	18	2	validation	validation	VC à 2 blocs 69	2
#FC8D62	1.0570140613506	18	2	validation	validation	VC à 2 blocs 26	2
#FC8D62	0.882787021639997	18	2	validation	validation	VC à 2 blocs 100	2
#FC8D62	0.354178560298607	18	2	validation	validation	VC à 2 blocs 88	2
#FC8D62	0.567482878808701	18	2	validation	validation	VC à 2 blocs 70	2
#FC8D62	1.31463798578566	18	2	validation	validation	VC à 2 blocs 27	2
#FC8D62	0.886834320435544	18	2	validation	validation	50% validation 87	2
#FC8D62	0.899577801813264	18	2	validation	validation	50% validation 6	2
#FC8D62	0.335606322898776	18	2	validation	validation	50% validation 28	2
#FC8D62	1.03832968357451	18	2	validation	validation	50% validation 22	2
#FC8D62	0.981256422318813	18	2	validation	validation	50% validation 23	2
#FC8D62	0.0767576119330005	18	2	validation	validation	50% validation 69	2
#FC8D62	0.978219373088988	18	2	validation	validation	50% validation 7	2
#FC8D62	0.606489763280263	18	2	validation	validation	50% validation 91	2
#FC8D62	0.695231069061622	18	2	validation	validation	50% validation 24	2
#FC8D62	-0.494219661577992	18	2	validation	validation	50% validation 70	2
#FC8D62	0.923282679004173	18	2	validation	validation	50% validation 93	2
#FC8D62	0.629200339485043	18	2	validation	validation	50% validation 71	2
#FC8D62	1.30412202670574	18	2	validation	validation	50% validation 8	2
#FC8D62	0.897060910703928	18	2	validation	validation	50% validation 25	2
#FC8D62	0.929251286205024	18	2	validation	validation	50% validation 29	2
#FC8D62	0.607115737522626	18	2	validation	validation	50% validation 30	2
#FC8D62	1.0894766716809	18	2	validation	validation	50% validation 9	2
#FC8D62	1.1832214254489	18	2	validation	validation	50% validation 10	2
#FC8D62	0.975614942798488	18	2	validation	validation	50% validation 31	2
#FC8D62	0.338742995967025	18	2	validation	validation	50% validation 32	2
#FC8D62	1.1503397803651	18	2	validation	validation	50% validation 1	2
#FC8D62	0.974612089330867	18	2	validation	validation	50% validation 74	2
#FC8D62	0.815490102217987	18	2	validation	validation	50% validation 33	2
#FC8D62	0.882475198350361	18	2	validation	validation	50% validation 11	2
#FC8D62	0.0970402228405423	18	2	validation	validation	50% validation 72	2
#FC8D62	0.944058039185422	18	2	validation	validation	50% validation 12	2
#FC8D62	0.655602851204801	18	2	validation	validation	50% validation 34	2
#FC8D62	0.577041418890552	18	2	validation	validation	50% validation 86	2
#FC8D62	1.01447478262214	18	2	validation	validation	50% validation 35	2
#FC8D62	0.825254522094583	18	2	validation	validation	50% validation 36	2
#FC8D62	0.502071730445975	18	2	validation	validation	50% validation 37	2
#FC8D62	0.609465876648624	18	2	validation	validation	50% validation 38	2
#FC8D62	0.953388912056463	18	2	validation	validation	50% validation 59	2
#FC8D62	0.975756183367763	18	2	validation	validation	50% validation 60	2
#FC8D62	0.756274626855124	18	2	validation	validation	50% validation 39	2
#FC8D62	0.829310442465536	18	2	validation	validation	50% validation 40	2
#FC8D62	0.384388199407558	18	2	validation	validation	50% validation 41	2
#FC8D62	0.830492912387531	18	2	validation	validation	50% validation 92	2
#FC8D62	0.623103137901184	18	2	validation	validation	50% validation 42	2
#FC8D62	0.345904953743473	18	2	validation	validation	50% validation 43	2
#FC8D62	0.120889596973078	18	2	validation	validation	50% validation 44	2
#FC8D62	0.606324240913405	18	2	validation	validation	50% validation 45	2
#FC8D62	1.05192647825008	18	2	validation	validation	50% validation 13	2
#FC8D62	0.112261042808278	18	2	validation	validation	50% validation 99	2
#FC8D62	0.867500020879943	18	2	validation	validation	50% validation 61	2
#FC8D62	0.988695654223221	18	2	validation	validation	50% validation 14	2
#FC8D62	1.22934084620966	18	2	validation	validation	50% validation 2	2
#FC8D62	0.83501704546764	18	2	validation	validation	50% validation 46	2
#FC8D62	0.881182640337155	18	2	validation	validation	50% validation 75	2
#FC8D62	1.18611213921406	18	2	validation	validation	50% validation 3	2
#FC8D62	0.531450842147705	18	2	validation	validation	50% validation 47	2
#FC8D62	0.510038150018171	18	2	validation	validation	50% validation 76	2
#FC8D62	0.82619237204257	18	2	validation	validation	50% validation 97	2
#FC8D62	1.08992580124919	18	2	validation	validation	50% validation 88	2
#FC8D62	0.707906002999443	18	2	validation	validation	50% validation 62	2
#FC8D62	0.894521199811669	18	2	validation	validation	50% validation 95	2
#FC8D62	0.589603724185328	18	2	validation	validation	50% validation 48	2
#FC8D62	0.844313083020198	18	2	validation	validation	50% validation 49	2
#FC8D62	1.06984481776452	18	2	validation	validation	50% validation 15	2
#FC8D62	0.973989673926593	18	2	validation	validation	50% validation 16	2
#FC8D62	1.1189830264856	18	2	validation	validation	50% validation 17	2
#FC8D62	0.1316802078995	18	2	validation	validation	50% validation 63	2
#FC8D62	0.502815542806375	18	2	validation	validation	50% validation 64	2
#FC8D62	0.488520692679345	18	2	validation	validation	50% validation 26	2
#FC8D62	0.0991407664978801	18	2	validation	validation	50% validation 65	2
#FC8D62	-0.488914187595705	18	2	validation	validation	50% validation 77	2
#FC8D62	-0.509830816480091	18	2	validation	validation	50% validation 50	2
#FC8D62	0.951294455264194	18	2	validation	validation	50% validation 18	2
#FC8D62	0.999692768374166	18	2	validation	validation	50% validation 96	2
#FC8D62	0.862037594368728	18	2	validation	validation	50% validation 51	2
#FC8D62	1.21441238817163	18	2	validation	validation	50% validation 52	2
#FC8D62	0.708882358915108	18	2	validation	validation	50% validation 78	2
#FC8D62	0.343886995405524	18	2	validation	validation	50% validation 53	2
#FC8D62	1.13550800096267	18	2	validation	validation	50% validation 19	2
#FC8D62	-0.548318410790696	18	2	validation	validation	50% validation 73	2
#FC8D62	0.976734497369436	18	2	validation	validation	50% validation 54	2
#FC8D62	1.23598044576357	18	2	validation	validation	50% validation 4	2
#FC8D62	0.3561685295305	18	2	validation	validation	50% validation 55	2
#FC8D62	1.24889327843898	18	2	validation	validation	50% validation 5	2
#FC8D62	0.822977312748357	18	2	validation	validation	50% validation 98	2
#FC8D62	0.880640785608769	18	2	validation	validation	50% validation 66	2
#FC8D62	0.821437859201015	18	2	validation	validation	50% validation 89	2
#FC8D62	0.517260513207034	18	2	validation	validation	50% validation 79	2
#FC8D62	0.929897416961452	18	2	validation	validation	50% validation 94	2
#FC8D62	0.310395461571414	18	2	validation	validation	50% validation 80	2
#FC8D62	0.597489081440283	18	2	validation	validation	50% validation 81	2
#FC8D62	1.11910113405168	18	2	validation	validation	50% validation 20	2
#FC8D62	0.904811903455956	18	2	validation	validation	50% validation 21	2
#FC8D62	0.848919155833269	18	2	validation	validation	50% validation 56	2
#FC8D62	0.33694626320712	18	2	validation	validation	50% validation 82	2
#FC8D62	0.451375304114714	18	2	validation	validation	50% validation 67	2
#FC8D62	0.822031015846594	18	2	validation	validation	50% validation 57	2
#FC8D62	0.373590578708545	18	2	validation	validation	50% validation 27	2
#FC8D62	0.346211708288347	18	2	validation	validation	50% validation 83	2
#FC8D62	0.837055507782176	18	2	validation	validation	50% validation 58	2
#FC8D62	0.882844160752315	18	2	validation	validation	50% validation 100	2
#FC8D62	0.9672797442205	18	2	validation	validation	50% validation 68	2
#FC8D62	0.504891906572413	18	2	validation	validation	50% validation 85	2
#FC8D62	0.699749952452369	18	2	validation	validation	50% validation 90	2
#FC8D62	1.06689485452428	18	2	validation	validation	50% validation 84	2
#FC8D62	-0.456156135003364	19	2	validation	validation	VC à 2 blocs 32	2
#FC8D62	0.848691697332813	19	2	validation	validation	VC à 2 blocs 33	2
#FC8D62	0.588884448417262	19	2	validation	validation	VC à 2 blocs 85	2
#FC8D62	0.0764066781363056	19	2	validation	validation	VC à 2 blocs 77	2
#FC8D62	1.12317182008469	19	2	validation	validation	VC à 2 blocs 4	2
#FC8D62	0.0857449874433093	19	2	validation	validation	VC à 2 blocs 34	2
#FC8D62	0.508550711671732	19	2	validation	validation	VC à 2 blocs 28	2
#FC8D62	0.137537190116006	19	2	validation	validation	VC à 2 blocs 78	2
#FC8D62	0.536544314860387	19	2	validation	validation	VC à 2 blocs 35	2
#FC8D62	1.21054602191685	19	2	validation	validation	VC à 2 blocs 5	2
#FC8D62	0.82964730628499	19	2	validation	validation	VC à 2 blocs 36	2
#FC8D62	0.938012886383254	19	2	validation	validation	VC à 2 blocs 6	2
#FC8D62	0.993833775901356	19	2	validation	validation	VC à 2 blocs 37	2
#FC8D62	0.649265939864474	19	2	validation	validation	VC à 2 blocs 91	2
#FC8D62	0.69986187399776	19	2	validation	validation	VC à 2 blocs 38	2
#FC8D62	0.110689259254409	19	2	validation	validation	VC à 2 blocs 39	2
#FC8D62	1.23089202999765	19	2	validation	validation	VC à 2 blocs 7	2
#FC8D62	0.635847812405953	19	2	validation	validation	VC à 2 blocs 92	2
#FC8D62	0.884134438871555	19	2	validation	validation	VC à 2 blocs 79	2
#FC8D62	1.09271302376988	19	2	validation	validation	VC à 2 blocs 98	2
#FC8D62	0.0621771310757424	19	2	validation	validation	VC à 2 blocs 40	2
#FC8D62	0.88370079306187	19	2	validation	validation	VC à 2 blocs 97	2
#FC8D62	0.937973515913309	19	2	validation	validation	VC à 2 blocs 71	2
#FC8D62	0.882736697203255	19	2	validation	validation	VC à 2 blocs 8	2
#FC8D62	1.01554228389238	19	2	validation	validation	VC à 2 blocs 41	2
#FC8D62	1.15189631846709	19	2	validation	validation	VC à 2 blocs 9	2
#FC8D62	0.364210226757041	19	2	validation	validation	VC à 2 blocs 42	2
#FC8D62	0.581801823002324	19	2	validation	validation	VC à 2 blocs 89	2
#FC8D62	0.612600579987277	19	2	validation	validation	VC à 2 blocs 29	2
#FC8D62	0.139958975926887	19	2	validation	validation	VC à 2 blocs 43	2
#FC8D62	0.404779650844455	19	2	validation	validation	VC à 2 blocs 44	2
#FC8D62	1.0566875634728	19	2	validation	validation	VC à 2 blocs 72	2
#FC8D62	0.938053276005785	19	2	validation	validation	VC à 2 blocs 95	2
#FC8D62	0.382339369538366	19	2	validation	validation	VC à 2 blocs 73	2
#FC8D62	1.20836166994656	19	2	validation	validation	VC à 2 blocs 10	2
#FC8D62	0.344421772222952	19	2	validation	validation	VC à 2 blocs 45	2
#FC8D62	-0.282601964374816	19	2	validation	validation	VC à 2 blocs 46	2
#FC8D62	1.01168940964759	19	2	validation	validation	VC à 2 blocs 11	2
#FC8D62	0.686996629561573	19	2	validation	validation	VC à 2 blocs 30	2
#FC8D62	0.60949947481001	19	2	validation	validation	VC à 2 blocs 47	2
#FC8D62	0.934458249061132	19	2	validation	validation	VC à 2 blocs 48	2
#FC8D62	0.877466657289007	19	2	validation	validation	VC à 2 blocs 49	2
#FC8D62	-0.502035881579682	19	2	validation	validation	VC à 2 blocs 80	2
#FC8D62	0.772299867773424	19	2	validation	validation	VC à 2 blocs 50	2
#FC8D62	0.512270290226012	19	2	validation	validation	VC à 2 blocs 51	2
#FC8D62	1.30234375796271	19	2	validation	validation	VC à 2 blocs 12	2
#FC8D62	-0.404031227222421	19	2	validation	validation	VC à 2 blocs 52	2
#FC8D62	1.17982902189538	19	2	validation	validation	VC à 2 blocs 13	2
#FC8D62	1.08472757916417	19	2	validation	validation	VC à 2 blocs 14	2
#FC8D62	0.39066456469312	19	2	validation	validation	VC à 2 blocs 31	2
#FC8D62	0.985327879117834	19	2	validation	validation	VC à 2 blocs 15	2
#FC8D62	0.492182153734821	19	2	validation	validation	VC à 2 blocs 74	2
#FC8D62	0.576138651812147	19	2	validation	validation	VC à 2 blocs 81	2
#FC8D62	0.497071585246825	19	2	validation	validation	VC à 2 blocs 53	2
#FC8D62	-0.691686212216198	19	2	validation	validation	VC à 2 blocs 96	2
#FC8D62	1.19415839291591	19	2	validation	validation	VC à 2 blocs 1	2
#FC8D62	0.95497578114003	19	2	validation	validation	VC à 2 blocs 16	2
#FC8D62	0.499112352178628	19	2	validation	validation	VC à 2 blocs 54	2
#FC8D62	0.352285033450507	19	2	validation	validation	VC à 2 blocs 75	2
#FC8D62	0.331007263900698	19	2	validation	validation	VC à 2 blocs 93	2
#FC8D62	-0.43830330538499	19	2	validation	validation	VC à 2 blocs 55	2
#FC8D62	0.933275655129519	19	2	validation	validation	VC à 2 blocs 56	2
#FC8D62	-0.40378515000072	19	2	validation	validation	VC à 2 blocs 57	2
#FC8D62	0.9487114917454	19	2	validation	validation	VC à 2 blocs 58	2
#FC8D62	1.24254679888056	19	2	validation	validation	VC à 2 blocs 17	2
#FC8D62	0.363444893032492	19	2	validation	validation	VC à 2 blocs 82	2
#FC8D62	0.978938920467378	19	2	validation	validation	VC à 2 blocs 59	2
#FC8D62	0.0738933791114748	19	2	validation	validation	VC à 2 blocs 90	2
#FC8D62	1.0928626532155	19	2	validation	validation	VC à 2 blocs 18	2
#FC8D62	1.08990333872618	19	2	validation	validation	VC à 2 blocs 2	2
#FC8D62	0.881781028019954	19	2	validation	validation	VC à 2 blocs 99	2
#FC8D62	0.916337048359923	19	2	validation	validation	VC à 2 blocs 60	2
#FC8D62	0.971344452274569	19	2	validation	validation	VC à 2 blocs 61	2
#FC8D62	0.934360316275552	19	2	validation	validation	VC à 2 blocs 19	2
#FC8D62	0.608515492787582	19	2	validation	validation	VC à 2 blocs 62	2
#FC8D62	0.929078753155934	19	2	validation	validation	VC à 2 blocs 63	2
#FC8D62	1.25736827902591	19	2	validation	validation	VC à 2 blocs 94	2
#FC8D62	0.466966683080482	19	2	validation	validation	VC à 2 blocs 76	2
#FC8D62	1.19159856207172	19	2	validation	validation	VC à 2 blocs 3	2
#FC8D62	0.984483037792599	19	2	validation	validation	VC à 2 blocs 20	2
#FC8D62	0.353686478061131	19	2	validation	validation	VC à 2 blocs 64	2
#FC8D62	0.988039255784424	19	2	validation	validation	VC à 2 blocs 21	2
#FC8D62	0.790380628833338	19	2	validation	validation	VC à 2 blocs 86	2
#FC8D62	1.18747723303163	19	2	validation	validation	VC à 2 blocs 22	2
#FC8D62	1.13384867959709	19	2	validation	validation	VC à 2 blocs 65	2
#FC8D62	1.12803718081414	19	2	validation	validation	VC à 2 blocs 23	2
#FC8D62	0.71267888708309	19	2	validation	validation	VC à 2 blocs 87	2
#FC8D62	1.15011157619259	19	2	validation	validation	VC à 2 blocs 24	2
#FC8D62	0.700892995634682	19	2	validation	validation	VC à 2 blocs 83	2
#FC8D62	0.928763260092605	19	2	validation	validation	VC à 2 blocs 66	2
#FC8D62	0.4978280272251	19	2	validation	validation	VC à 2 blocs 67	2
#FC8D62	0.973515574769448	19	2	validation	validation	VC à 2 blocs 84	2
#FC8D62	1.02220381054835	19	2	validation	validation	VC à 2 blocs 25	2
#FC8D62	1.05996256095408	19	2	validation	validation	VC à 2 blocs 68	2
#FC8D62	0.107655241409564	19	2	validation	validation	VC à 2 blocs 69	2
#FC8D62	1.05715643843788	19	2	validation	validation	VC à 2 blocs 26	2
#FC8D62	0.882787021639997	19	2	validation	validation	VC à 2 blocs 100	2
#FC8D62	0.354178560298607	19	2	validation	validation	VC à 2 blocs 88	2
#FC8D62	0.567482878808701	19	2	validation	validation	VC à 2 blocs 70	2
#FC8D62	1.31458547129106	19	2	validation	validation	VC à 2 blocs 27	2
#FC8D62	0.886928663728067	19	2	validation	validation	50% validation 87	2
#FC8D62	0.886287230483416	19	2	validation	validation	50% validation 6	2
#FC8D62	0.338548210912567	19	2	validation	validation	50% validation 28	2
#FC8D62	1.03810930741064	19	2	validation	validation	50% validation 22	2
#FC8D62	0.981027863833711	19	2	validation	validation	50% validation 23	2
#FC8D62	0.0726509821143318	19	2	validation	validation	50% validation 69	2
#FC8D62	0.97781927050589	19	2	validation	validation	50% validation 7	2
#FC8D62	0.607514568193015	19	2	validation	validation	50% validation 91	2
#FC8D62	0.695231069061622	19	2	validation	validation	50% validation 24	2
#FC8D62	-0.495538155631052	19	2	validation	validation	50% validation 70	2
#FC8D62	0.923600124600222	19	2	validation	validation	50% validation 93	2
#FC8D62	0.628808270833282	19	2	validation	validation	50% validation 71	2
#FC8D62	1.30412202670574	19	2	validation	validation	50% validation 8	2
#FC8D62	0.897146987459093	19	2	validation	validation	50% validation 25	2
#FC8D62	0.929460585821669	19	2	validation	validation	50% validation 29	2
#FC8D62	0.606569576021238	19	2	validation	validation	50% validation 30	2
#FC8D62	1.08905245041821	19	2	validation	validation	50% validation 9	2
#FC8D62	1.18339391841661	19	2	validation	validation	50% validation 10	2
#FC8D62	0.977910224998261	19	2	validation	validation	50% validation 31	2
#FC8D62	0.336936605898012	19	2	validation	validation	50% validation 32	2
#FC8D62	1.14927201203254	19	2	validation	validation	50% validation 1	2
#FC8D62	0.977549170558696	19	2	validation	validation	50% validation 74	2
#FC8D62	0.81488968593088	19	2	validation	validation	50% validation 33	2
#FC8D62	0.882522550038351	19	2	validation	validation	50% validation 11	2
#FC8D62	0.102123221941052	19	2	validation	validation	50% validation 72	2
#FC8D62	0.944058039185422	19	2	validation	validation	50% validation 12	2
#FC8D62	0.654841949229989	19	2	validation	validation	50% validation 34	2
#FC8D62	0.577041418890552	19	2	validation	validation	50% validation 86	2
#FC8D62	1.01447478262214	19	2	validation	validation	50% validation 35	2
#FC8D62	0.825126101657979	19	2	validation	validation	50% validation 36	2
#FC8D62	0.501440309259299	19	2	validation	validation	50% validation 37	2
#FC8D62	0.609744279521172	19	2	validation	validation	50% validation 38	2
#FC8D62	0.952589657293638	19	2	validation	validation	50% validation 59	2
#FC8D62	0.979509310171458	19	2	validation	validation	50% validation 60	2
#FC8D62	0.755440304221557	19	2	validation	validation	50% validation 39	2
#FC8D62	0.828459712617877	19	2	validation	validation	50% validation 40	2
#FC8D62	0.384388199407558	19	2	validation	validation	50% validation 41	2
#FC8D62	0.836847625274358	19	2	validation	validation	50% validation 92	2
#FC8D62	0.618313895677527	19	2	validation	validation	50% validation 42	2
#FC8D62	0.345904953743473	19	2	validation	validation	50% validation 43	2
#FC8D62	0.127069567344842	19	2	validation	validation	50% validation 44	2
#FC8D62	0.603802379693344	19	2	validation	validation	50% validation 45	2
#FC8D62	1.05183031424962	19	2	validation	validation	50% validation 13	2
#FC8D62	0.10966199773969	19	2	validation	validation	50% validation 99	2
#FC8D62	0.867329041498786	19	2	validation	validation	50% validation 61	2
#FC8D62	0.988562108325171	19	2	validation	validation	50% validation 14	2
#FC8D62	1.23444310470154	19	2	validation	validation	50% validation 2	2
#FC8D62	0.83501704546764	19	2	validation	validation	50% validation 46	2
#FC8D62	0.880728104427814	19	2	validation	validation	50% validation 75	2
#FC8D62	1.18599431200417	19	2	validation	validation	50% validation 3	2
#FC8D62	0.530541156424912	19	2	validation	validation	50% validation 47	2
#FC8D62	0.510596849849005	19	2	validation	validation	50% validation 76	2
#FC8D62	0.826144122783088	19	2	validation	validation	50% validation 97	2
#FC8D62	1.08981247159376	19	2	validation	validation	50% validation 88	2
#FC8D62	0.706883977055617	19	2	validation	validation	50% validation 62	2
#FC8D62	0.881072543673059	19	2	validation	validation	50% validation 95	2
#FC8D62	0.588685975148753	19	2	validation	validation	50% validation 48	2
#FC8D62	0.844712966535321	19	2	validation	validation	50% validation 49	2
#FC8D62	1.0602710864816	19	2	validation	validation	50% validation 15	2
#FC8D62	0.974514252589959	19	2	validation	validation	50% validation 16	2
#FC8D62	1.11891853820442	19	2	validation	validation	50% validation 17	2
#FC8D62	0.127052390685921	19	2	validation	validation	50% validation 63	2
#FC8D62	0.501293077313505	19	2	validation	validation	50% validation 64	2
#FC8D62	0.489515632045448	19	2	validation	validation	50% validation 26	2
#FC8D62	0.0972554365505922	19	2	validation	validation	50% validation 65	2
#FC8D62	-0.490544931274848	19	2	validation	validation	50% validation 77	2
#FC8D62	-0.514024937698806	19	2	validation	validation	50% validation 50	2
#FC8D62	0.951092104179315	19	2	validation	validation	50% validation 18	2
#FC8D62	0.999299077168721	19	2	validation	validation	50% validation 96	2
#FC8D62	0.862471802256001	19	2	validation	validation	50% validation 51	2
#FC8D62	1.21441238817163	19	2	validation	validation	50% validation 52	2
#FC8D62	0.708728156184719	19	2	validation	validation	50% validation 78	2
#FC8D62	0.344023525942221	19	2	validation	validation	50% validation 53	2
#FC8D62	1.13555944674444	19	2	validation	validation	50% validation 19	2
#FC8D62	-0.540504280775987	19	2	validation	validation	50% validation 73	2
#FC8D62	0.976999174895061	19	2	validation	validation	50% validation 54	2
#FC8D62	1.23796641579466	19	2	validation	validation	50% validation 4	2
#FC8D62	0.35519300519906	19	2	validation	validation	50% validation 55	2
#FC8D62	1.24876873158478	19	2	validation	validation	50% validation 5	2
#FC8D62	0.823082958821373	19	2	validation	validation	50% validation 98	2
#FC8D62	0.880431994085561	19	2	validation	validation	50% validation 66	2
#FC8D62	0.822446689159474	19	2	validation	validation	50% validation 89	2
#FC8D62	0.516231528921263	19	2	validation	validation	50% validation 79	2
#FC8D62	0.926368791715098	19	2	validation	validation	50% validation 94	2
#FC8D62	0.312119865662749	19	2	validation	validation	50% validation 80	2
#FC8D62	0.596170742950834	19	2	validation	validation	50% validation 81	2
#FC8D62	1.11948971708783	19	2	validation	validation	50% validation 20	2
#FC8D62	0.905129944549689	19	2	validation	validation	50% validation 21	2
#FC8D62	0.849436016879314	19	2	validation	validation	50% validation 56	2
#FC8D62	0.337248960183641	19	2	validation	validation	50% validation 82	2
#FC8D62	0.439815961943777	19	2	validation	validation	50% validation 67	2
#FC8D62	0.822730066529306	19	2	validation	validation	50% validation 57	2
#FC8D62	0.370647349537685	19	2	validation	validation	50% validation 27	2
#FC8D62	0.347220401235062	19	2	validation	validation	50% validation 83	2
#FC8D62	0.836799924516882	19	2	validation	validation	50% validation 58	2
#FC8D62	0.882933101587826	19	2	validation	validation	50% validation 100	2
#FC8D62	0.966945778184919	19	2	validation	validation	50% validation 68	2
#FC8D62	0.504891906572413	19	2	validation	validation	50% validation 85	2
#FC8D62	0.69903415630775	19	2	validation	validation	50% validation 90	2
#FC8D62	1.06683506667142	19	2	validation	validation	50% validation 84	2
#FC8D62	-0.451683148261859	20	2	validation	validation	VC à 2 blocs 32	2
#FC8D62	0.850401351231913	20	2	validation	validation	VC à 2 blocs 33	2
#FC8D62	0.5893393286065	20	2	validation	validation	VC à 2 blocs 85	2
#FC8D62	0.0785445325570749	20	2	validation	validation	VC à 2 blocs 77	2
#FC8D62	1.12317182008469	20	2	validation	validation	VC à 2 blocs 4	2
#FC8D62	0.0857449874433093	20	2	validation	validation	VC à 2 blocs 34	2
#FC8D62	0.508231292939504	20	2	validation	validation	VC à 2 blocs 28	2
#FC8D62	0.138558767623273	20	2	validation	validation	VC à 2 blocs 78	2
#FC8D62	0.534956148919943	20	2	validation	validation	VC à 2 blocs 35	2
#FC8D62	1.20739214337409	20	2	validation	validation	VC à 2 blocs 5	2
#FC8D62	0.828992020720008	20	2	validation	validation	VC à 2 blocs 36	2
#FC8D62	0.938432031454813	20	2	validation	validation	VC à 2 blocs 6	2
#FC8D62	0.994092889873925	20	2	validation	validation	VC à 2 blocs 37	2
#FC8D62	0.636513665992992	20	2	validation	validation	VC à 2 blocs 91	2
#FC8D62	0.700141976809425	20	2	validation	validation	VC à 2 blocs 38	2
#FC8D62	0.110689259254409	20	2	validation	validation	VC à 2 blocs 39	2
#FC8D62	1.23089202999765	20	2	validation	validation	VC à 2 blocs 7	2
#FC8D62	0.636172383091905	20	2	validation	validation	VC à 2 blocs 92	2
#FC8D62	0.883892533007814	20	2	validation	validation	VC à 2 blocs 79	2
#FC8D62	1.09271302376988	20	2	validation	validation	VC à 2 blocs 98	2
#FC8D62	0.0605008004039505	20	2	validation	validation	VC à 2 blocs 40	2
#FC8D62	0.882639862647496	20	2	validation	validation	VC à 2 blocs 97	2
#FC8D62	0.937710533201923	20	2	validation	validation	VC à 2 blocs 71	2
#FC8D62	0.882825660047108	20	2	validation	validation	VC à 2 blocs 8	2
#FC8D62	1.01560781006317	20	2	validation	validation	VC à 2 blocs 41	2
#FC8D62	1.15184587514251	20	2	validation	validation	VC à 2 blocs 9	2
#FC8D62	0.364210226757041	20	2	validation	validation	VC à 2 blocs 42	2
#FC8D62	0.581985895808297	20	2	validation	validation	VC à 2 blocs 89	2
#FC8D62	0.6122511747146	20	2	validation	validation	VC à 2 blocs 29	2
#FC8D62	0.137921630722356	20	2	validation	validation	VC à 2 blocs 43	2
#FC8D62	0.404779650844455	20	2	validation	validation	VC à 2 blocs 44	2
#FC8D62	1.0566875634728	20	2	validation	validation	VC à 2 blocs 72	2
#FC8D62	0.941051927803153	20	2	validation	validation	VC à 2 blocs 95	2
#FC8D62	0.382339369538366	20	2	validation	validation	VC à 2 blocs 73	2
#FC8D62	1.20822058583746	20	2	validation	validation	VC à 2 blocs 10	2
#FC8D62	0.344161833875003	20	2	validation	validation	VC à 2 blocs 45	2
#FC8D62	-0.278774505722497	20	2	validation	validation	VC à 2 blocs 46	2
#FC8D62	1.01306424170716	20	2	validation	validation	VC à 2 blocs 11	2
#FC8D62	0.687840365818894	20	2	validation	validation	VC à 2 blocs 30	2
#FC8D62	0.6102041562421	20	2	validation	validation	VC à 2 blocs 47	2
#FC8D62	0.934332212749148	20	2	validation	validation	VC à 2 blocs 48	2
#FC8D62	0.877466657289007	20	2	validation	validation	VC à 2 blocs 49	2
#FC8D62	-0.499632420970366	20	2	validation	validation	VC à 2 blocs 80	2
#FC8D62	0.771956207237128	20	2	validation	validation	VC à 2 blocs 50	2
#FC8D62	0.512093694508102	20	2	validation	validation	VC à 2 blocs 51	2
#FC8D62	1.3023255615218	20	2	validation	validation	VC à 2 blocs 12	2
#FC8D62	-0.407641718582082	20	2	validation	validation	VC à 2 blocs 52	2
#FC8D62	1.17979777755996	20	2	validation	validation	VC à 2 blocs 13	2
#FC8D62	1.08469286639898	20	2	validation	validation	VC à 2 blocs 14	2
#FC8D62	0.389853309839408	20	2	validation	validation	VC à 2 blocs 31	2
#FC8D62	0.983263788730081	20	2	validation	validation	VC à 2 blocs 15	2
#FC8D62	0.491148624040979	20	2	validation	validation	VC à 2 blocs 74	2
#FC8D62	0.576318854423688	20	2	validation	validation	VC à 2 blocs 81	2
#FC8D62	0.49706013964981	20	2	validation	validation	VC à 2 blocs 53	2
#FC8D62	-0.677105178238375	20	2	validation	validation	VC à 2 blocs 96	2
#FC8D62	1.19694967002951	20	2	validation	validation	VC à 2 blocs 1	2
#FC8D62	0.95497578114003	20	2	validation	validation	VC à 2 blocs 16	2
#FC8D62	0.499602370324232	20	2	validation	validation	VC à 2 blocs 54	2
#FC8D62	0.353052207979767	20	2	validation	validation	VC à 2 blocs 75	2
#FC8D62	0.330501280088922	20	2	validation	validation	VC à 2 blocs 93	2
#FC8D62	-0.432496465628211	20	2	validation	validation	VC à 2 blocs 55	2
#FC8D62	0.933043484729001	20	2	validation	validation	VC à 2 blocs 56	2
#FC8D62	-0.402067574187026	20	2	validation	validation	VC à 2 blocs 57	2
#FC8D62	0.948664011639213	20	2	validation	validation	VC à 2 blocs 58	2
#FC8D62	1.24254679888056	20	2	validation	validation	VC à 2 blocs 17	2
#FC8D62	0.363468014172288	20	2	validation	validation	VC à 2 blocs 82	2
#FC8D62	0.978938920467378	20	2	validation	validation	VC à 2 blocs 59	2
#FC8D62	0.0721696485592999	20	2	validation	validation	VC à 2 blocs 90	2
#FC8D62	1.09292541243666	20	2	validation	validation	VC à 2 blocs 18	2
#FC8D62	1.08854733040718	20	2	validation	validation	VC à 2 blocs 2	2
#FC8D62	0.881781028019954	20	2	validation	validation	VC à 2 blocs 99	2
#FC8D62	0.916324157668283	20	2	validation	validation	VC à 2 blocs 60	2
#FC8D62	0.977121248359345	20	2	validation	validation	VC à 2 blocs 61	2
#FC8D62	0.934360316275552	20	2	validation	validation	VC à 2 blocs 19	2
#FC8D62	0.608604469090856	20	2	validation	validation	VC à 2 blocs 62	2
#FC8D62	0.929078753155934	20	2	validation	validation	VC à 2 blocs 63	2
#FC8D62	1.25753498892462	20	2	validation	validation	VC à 2 blocs 94	2
#FC8D62	0.467365941916884	20	2	validation	validation	VC à 2 blocs 76	2
#FC8D62	1.19147435038222	20	2	validation	validation	VC à 2 blocs 3	2
#FC8D62	0.982753742386046	20	2	validation	validation	VC à 2 blocs 20	2
#FC8D62	0.353499579309127	20	2	validation	validation	VC à 2 blocs 64	2
#FC8D62	0.988109065469001	20	2	validation	validation	VC à 2 blocs 21	2
#FC8D62	0.790541589786607	20	2	validation	validation	VC à 2 blocs 86	2
#FC8D62	1.18747710767412	20	2	validation	validation	VC à 2 blocs 22	2
#FC8D62	1.13396548997827	20	2	validation	validation	VC à 2 blocs 65	2
#FC8D62	1.12784736346578	20	2	validation	validation	VC à 2 blocs 23	2
#FC8D62	0.712905679524544	20	2	validation	validation	VC à 2 blocs 87	2
#FC8D62	1.15002328667957	20	2	validation	validation	VC à 2 blocs 24	2
#FC8D62	0.701194917936608	20	2	validation	validation	VC à 2 blocs 83	2
#FC8D62	0.928587225460521	20	2	validation	validation	VC à 2 blocs 66	2
#FC8D62	0.487037416610932	20	2	validation	validation	VC à 2 blocs 67	2
#FC8D62	0.973222371430951	20	2	validation	validation	VC à 2 blocs 84	2
#FC8D62	1.02202779781791	20	2	validation	validation	VC à 2 blocs 25	2
#FC8D62	1.05950849236056	20	2	validation	validation	VC à 2 blocs 68	2
#FC8D62	0.107655241409564	20	2	validation	validation	VC à 2 blocs 69	2
#FC8D62	1.05729937620189	20	2	validation	validation	VC à 2 blocs 26	2
#FC8D62	0.882787021639997	20	2	validation	validation	VC à 2 blocs 100	2
#FC8D62	0.354178560298607	20	2	validation	validation	VC à 2 blocs 88	2
#FC8D62	0.567482878808701	20	2	validation	validation	VC à 2 blocs 70	2
#FC8D62	1.31458547129106	20	2	validation	validation	VC à 2 blocs 27	2
#FC8D62	0.886782588471463	20	2	validation	validation	50% validation 87	2
#FC8D62	0.886287230483416	20	2	validation	validation	50% validation 6	2
#FC8D62	0.338548210912567	20	2	validation	validation	50% validation 28	2
#FC8D62	1.03798653058096	20	2	validation	validation	50% validation 22	2
#FC8D62	0.980946015306407	20	2	validation	validation	50% validation 23	2
#FC8D62	0.0726509821143318	20	2	validation	validation	50% validation 69	2
#FC8D62	0.979889370896439	20	2	validation	validation	50% validation 7	2
#FC8D62	0.607506885923393	20	2	validation	validation	50% validation 91	2
#FC8D62	0.695942790446511	20	2	validation	validation	50% validation 24	2
#FC8D62	-0.484305139527893	20	2	validation	validation	50% validation 70	2
#FC8D62	0.925039370693955	20	2	validation	validation	50% validation 93	2
#FC8D62	0.628770675639945	20	2	validation	validation	50% validation 71	2
#FC8D62	1.30410672243437	20	2	validation	validation	50% validation 8	2
#FC8D62	0.892032238408935	20	2	validation	validation	50% validation 25	2
#FC8D62	0.929160691991925	20	2	validation	validation	50% validation 29	2
#FC8D62	0.606542752331279	20	2	validation	validation	50% validation 30	2
#FC8D62	1.08904616462204	20	2	validation	validation	50% validation 9	2
#FC8D62	1.18277202059647	20	2	validation	validation	50% validation 10	2
#FC8D62	0.977590912243019	20	2	validation	validation	50% validation 31	2
#FC8D62	0.338181046201838	20	2	validation	validation	50% validation 32	2
#FC8D62	1.14927201203254	20	2	validation	validation	50% validation 1	2
#FC8D62	0.977620686837309	20	2	validation	validation	50% validation 74	2
#FC8D62	0.80578017040787	20	2	validation	validation	50% validation 33	2
#FC8D62	0.883617379893832	20	2	validation	validation	50% validation 11	2
#FC8D62	0.102659757264576	20	2	validation	validation	50% validation 72	2
#FC8D62	0.94333793934228	20	2	validation	validation	50% validation 12	2
#FC8D62	0.654138115902024	20	2	validation	validation	50% validation 34	2
#FC8D62	0.576510168346883	20	2	validation	validation	50% validation 86	2
#FC8D62	1.01451915468182	20	2	validation	validation	50% validation 35	2
#FC8D62	0.825008900930559	20	2	validation	validation	50% validation 36	2
#FC8D62	0.50014402529376	20	2	validation	validation	50% validation 37	2
#FC8D62	0.609117886288209	20	2	validation	validation	50% validation 38	2
#FC8D62	0.952577904377804	20	2	validation	validation	50% validation 59	2
#FC8D62	0.97912800354025	20	2	validation	validation	50% validation 60	2
#FC8D62	0.750174499880847	20	2	validation	validation	50% validation 39	2
#FC8D62	0.828390972166855	20	2	validation	validation	50% validation 40	2
#FC8D62	0.385652337302442	20	2	validation	validation	50% validation 41	2
#FC8D62	0.83677937714344	20	2	validation	validation	50% validation 92	2
#FC8D62	0.616285016796069	20	2	validation	validation	50% validation 42	2
#FC8D62	0.358684870032335	20	2	validation	validation	50% validation 43	2
#FC8D62	0.12622859224251	20	2	validation	validation	50% validation 44	2
#FC8D62	0.598794235712435	20	2	validation	validation	50% validation 45	2
#FC8D62	1.05181336191991	20	2	validation	validation	50% validation 13	2
#FC8D62	0.105182258202062	20	2	validation	validation	50% validation 99	2
#FC8D62	0.867221123120732	20	2	validation	validation	50% validation 61	2
#FC8D62	0.988636921688745	20	2	validation	validation	50% validation 14	2
#FC8D62	1.23397249003238	20	2	validation	validation	50% validation 2	2
#FC8D62	0.835950773163983	20	2	validation	validation	50% validation 46	2
#FC8D62	0.880728104427814	20	2	validation	validation	50% validation 75	2
#FC8D62	1.18602420691744	20	2	validation	validation	50% validation 3	2
#FC8D62	0.530541156424912	20	2	validation	validation	50% validation 47	2
#FC8D62	0.509991448313561	20	2	validation	validation	50% validation 76	2
#FC8D62	0.825797422803358	20	2	validation	validation	50% validation 97	2
#FC8D62	1.08376557360764	20	2	validation	validation	50% validation 88	2
#FC8D62	0.706837608683173	20	2	validation	validation	50% validation 62	2
#FC8D62	0.880754400452309	20	2	validation	validation	50% validation 95	2
#FC8D62	0.589476169170925	20	2	validation	validation	50% validation 48	2
#FC8D62	0.844575095846145	20	2	validation	validation	50% validation 49	2
#FC8D62	1.0574690031108	20	2	validation	validation	50% validation 15	2
#FC8D62	0.974591525240075	20	2	validation	validation	50% validation 16	2
#FC8D62	1.11977957723714	20	2	validation	validation	50% validation 17	2
#FC8D62	0.127052390685921	20	2	validation	validation	50% validation 63	2
#FC8D62	0.501242651381793	20	2	validation	validation	50% validation 64	2
#FC8D62	0.4890082563281	20	2	validation	validation	50% validation 26	2
#FC8D62	0.0964430080465859	20	2	validation	validation	50% validation 65	2
#FC8D62	-0.487481599664552	20	2	validation	validation	50% validation 77	2
#FC8D62	-0.480890578878658	20	2	validation	validation	50% validation 50	2
#FC8D62	0.9507472715224	20	2	validation	validation	50% validation 18	2
#FC8D62	1.00017711945291	20	2	validation	validation	50% validation 96	2
#FC8D62	0.863557209604137	20	2	validation	validation	50% validation 51	2
#FC8D62	1.21319009288727	20	2	validation	validation	50% validation 52	2
#FC8D62	0.708588192095297	20	2	validation	validation	50% validation 78	2
#FC8D62	0.345509668592575	20	2	validation	validation	50% validation 53	2
#FC8D62	1.12633845671531	20	2	validation	validation	50% validation 19	2
#FC8D62	-0.536588452006846	20	2	validation	validation	50% validation 73	2
#FC8D62	0.976672602723531	20	2	validation	validation	50% validation 54	2
#FC8D62	1.23765193340872	20	2	validation	validation	50% validation 4	2
#FC8D62	0.359080031198644	20	2	validation	validation	50% validation 55	2
#FC8D62	1.248762617816	20	2	validation	validation	50% validation 5	2
#FC8D62	0.823438167109188	20	2	validation	validation	50% validation 98	2
#FC8D62	0.881072312471938	20	2	validation	validation	50% validation 66	2
#FC8D62	0.822556107751511	20	2	validation	validation	50% validation 89	2
#FC8D62	0.516544190098704	20	2	validation	validation	50% validation 79	2
#FC8D62	0.92590265221278	20	2	validation	validation	50% validation 94	2
#FC8D62	0.311007608082265	20	2	validation	validation	50% validation 80	2
#FC8D62	0.595655105131852	20	2	validation	validation	50% validation 81	2
#FC8D62	1.12495030833303	20	2	validation	validation	50% validation 20	2
#FC8D62	0.910957172614714	20	2	validation	validation	50% validation 21	2
#FC8D62	0.849558064690646	20	2	validation	validation	50% validation 56	2
#FC8D62	0.337425536603124	20	2	validation	validation	50% validation 82	2
#FC8D62	0.440621395170369	20	2	validation	validation	50% validation 67	2
#FC8D62	0.823919342204898	20	2	validation	validation	50% validation 57	2
#FC8D62	0.369958562832314	20	2	validation	validation	50% validation 27	2
#FC8D62	0.348018533602967	20	2	validation	validation	50% validation 83	2
#FC8D62	0.836143321428193	20	2	validation	validation	50% validation 58	2
#FC8D62	0.881371561620157	20	2	validation	validation	50% validation 100	2
#FC8D62	0.966797629987389	20	2	validation	validation	50% validation 68	2
#FC8D62	0.504891906572413	20	2	validation	validation	50% validation 85	2
#FC8D62	0.69963682342976	20	2	validation	validation	50% validation 90	2
#FC8D62	1.06689754255277	20	2	validation	validation	50% validation 84	2
#FC8D62	-0.452577534628797	21	2	validation	validation	VC à 2 blocs 32	2
#FC8D62	0.850688534913742	21	2	validation	validation	VC à 2 blocs 33	2
#FC8D62	0.588682779699978	21	2	validation	validation	VC à 2 blocs 85	2
#FC8D62	0.0803574312216668	21	2	validation	validation	VC à 2 blocs 77	2
#FC8D62	1.12330201797431	21	2	validation	validation	VC à 2 blocs 4	2
#FC8D62	0.0865869558356108	21	2	validation	validation	VC à 2 blocs 34	2
#FC8D62	0.508265040657478	21	2	validation	validation	VC à 2 blocs 28	2
#FC8D62	0.138180876591512	21	2	validation	validation	VC à 2 blocs 78	2
#FC8D62	0.525059856599807	21	2	validation	validation	VC à 2 blocs 35	2
#FC8D62	1.2071481480523	21	2	validation	validation	VC à 2 blocs 5	2
#FC8D62	0.828999936062565	21	2	validation	validation	VC à 2 blocs 36	2
#FC8D62	0.938615205908666	21	2	validation	validation	VC à 2 blocs 6	2
#FC8D62	0.994092889873925	21	2	validation	validation	VC à 2 blocs 37	2
#FC8D62	0.635604606229552	21	2	validation	validation	VC à 2 blocs 91	2
#FC8D62	0.700210566540848	21	2	validation	validation	VC à 2 blocs 38	2
#FC8D62	0.110582779446361	21	2	validation	validation	VC à 2 blocs 39	2
#FC8D62	1.23080424400488	21	2	validation	validation	VC à 2 blocs 7	2
#FC8D62	0.636172383091905	21	2	validation	validation	VC à 2 blocs 92	2
#FC8D62	0.883481336007868	21	2	validation	validation	VC à 2 blocs 79	2
#FC8D62	1.09266215521539	21	2	validation	validation	VC à 2 blocs 98	2
#FC8D62	0.0605008004039505	21	2	validation	validation	VC à 2 blocs 40	2
#FC8D62	0.882428097847141	21	2	validation	validation	VC à 2 blocs 97	2
#FC8D62	0.937710533201923	21	2	validation	validation	VC à 2 blocs 71	2
#FC8D62	0.883191067268034	21	2	validation	validation	VC à 2 blocs 8	2
#FC8D62	1.01567794745993	21	2	validation	validation	VC à 2 blocs 41	2
#FC8D62	1.14970993813245	21	2	validation	validation	VC à 2 blocs 9	2
#FC8D62	0.364210226757041	21	2	validation	validation	VC à 2 blocs 42	2
#FC8D62	0.582904746166568	21	2	validation	validation	VC à 2 blocs 89	2
#FC8D62	0.608553921608038	21	2	validation	validation	VC à 2 blocs 29	2
#FC8D62	0.138415737861773	21	2	validation	validation	VC à 2 blocs 43	2
#FC8D62	0.410157534259918	21	2	validation	validation	VC à 2 blocs 44	2
#FC8D62	1.05683929556062	21	2	validation	validation	VC à 2 blocs 72	2
#FC8D62	0.941047549975473	21	2	validation	validation	VC à 2 blocs 95	2
#FC8D62	0.382295676536465	21	2	validation	validation	VC à 2 blocs 73	2
#FC8D62	1.20810860744645	21	2	validation	validation	VC à 2 blocs 10	2
#FC8D62	0.344691490215483	21	2	validation	validation	VC à 2 blocs 45	2
#FC8D62	-0.27090955205037	21	2	validation	validation	VC à 2 blocs 46	2
#FC8D62	1.01761587000368	21	2	validation	validation	VC à 2 blocs 11	2
#FC8D62	0.687479914891634	21	2	validation	validation	VC à 2 blocs 30	2
#FC8D62	0.610230841725784	21	2	validation	validation	VC à 2 blocs 47	2
#FC8D62	0.934067015137091	21	2	validation	validation	VC à 2 blocs 48	2
#FC8D62	0.881136896290671	21	2	validation	validation	VC à 2 blocs 49	2
#FC8D62	-0.502114815679315	21	2	validation	validation	VC à 2 blocs 80	2
#FC8D62	0.772441100349304	21	2	validation	validation	VC à 2 blocs 50	2
#FC8D62	0.512399141055521	21	2	validation	validation	VC à 2 blocs 51	2
#FC8D62	1.30230247685019	21	2	validation	validation	VC à 2 blocs 12	2
#FC8D62	-0.409988022443312	21	2	validation	validation	VC à 2 blocs 52	2
#FC8D62	1.17969294314033	21	2	validation	validation	VC à 2 blocs 13	2
#FC8D62	1.08463932043216	21	2	validation	validation	VC à 2 blocs 14	2
#FC8D62	0.38301340564575	21	2	validation	validation	VC à 2 blocs 31	2
#FC8D62	0.983511934888567	21	2	validation	validation	VC à 2 blocs 15	2
#FC8D62	0.488471935588633	21	2	validation	validation	VC à 2 blocs 74	2
#FC8D62	0.575779084458741	21	2	validation	validation	VC à 2 blocs 81	2
#FC8D62	0.496740745934527	21	2	validation	validation	VC à 2 blocs 53	2
#FC8D62	-0.677105178238375	21	2	validation	validation	VC à 2 blocs 96	2
#FC8D62	1.19701490486028	21	2	validation	validation	VC à 2 blocs 1	2
#FC8D62	0.954816858859694	21	2	validation	validation	VC à 2 blocs 16	2
#FC8D62	0.499636795248626	21	2	validation	validation	VC à 2 blocs 54	2
#FC8D62	0.351228930685595	21	2	validation	validation	VC à 2 blocs 75	2
#FC8D62	0.329584437533647	21	2	validation	validation	VC à 2 blocs 93	2
#FC8D62	-0.432781809491338	21	2	validation	validation	VC à 2 blocs 55	2
#FC8D62	0.933056174177531	21	2	validation	validation	VC à 2 blocs 56	2
#FC8D62	-0.400236338865756	21	2	validation	validation	VC à 2 blocs 57	2
#FC8D62	0.948670020590414	21	2	validation	validation	VC à 2 blocs 58	2
#FC8D62	1.24269296081765	21	2	validation	validation	VC à 2 blocs 17	2
#FC8D62	0.362564750463299	21	2	validation	validation	VC à 2 blocs 82	2
#FC8D62	0.978950337360858	21	2	validation	validation	VC à 2 blocs 59	2
#FC8D62	0.0811045314487878	21	2	validation	validation	VC à 2 blocs 90	2
#FC8D62	1.09292541243666	21	2	validation	validation	VC à 2 blocs 18	2
#FC8D62	1.08854733040718	21	2	validation	validation	VC à 2 blocs 2	2
#FC8D62	0.881781028019954	21	2	validation	validation	VC à 2 blocs 99	2
#FC8D62	0.916491131974678	21	2	validation	validation	VC à 2 blocs 60	2
#FC8D62	0.976706544823875	21	2	validation	validation	VC à 2 blocs 61	2
#FC8D62	0.934232904072106	21	2	validation	validation	VC à 2 blocs 19	2
#FC8D62	0.60920942019874	21	2	validation	validation	VC à 2 blocs 62	2
#FC8D62	0.922092442563505	21	2	validation	validation	VC à 2 blocs 63	2
#FC8D62	1.25753498892462	21	2	validation	validation	VC à 2 blocs 94	2
#FC8D62	0.466427882774036	21	2	validation	validation	VC à 2 blocs 76	2
#FC8D62	1.19067925518126	21	2	validation	validation	VC à 2 blocs 3	2
#FC8D62	0.982925983964966	21	2	validation	validation	VC à 2 blocs 20	2
#FC8D62	0.35352323601583	21	2	validation	validation	VC à 2 blocs 64	2
#FC8D62	0.988183787057324	21	2	validation	validation	VC à 2 blocs 21	2
#FC8D62	0.790541589786607	21	2	validation	validation	VC à 2 blocs 86	2
#FC8D62	1.18729798509128	21	2	validation	validation	VC à 2 blocs 22	2
#FC8D62	1.13369708083097	21	2	validation	validation	VC à 2 blocs 65	2
#FC8D62	1.1267227640409	21	2	validation	validation	VC à 2 blocs 23	2
#FC8D62	0.712372973186623	21	2	validation	validation	VC à 2 blocs 87	2
#FC8D62	1.14932913732132	21	2	validation	validation	VC à 2 blocs 24	2
#FC8D62	0.700426686069101	21	2	validation	validation	VC à 2 blocs 83	2
#FC8D62	0.928535259904298	21	2	validation	validation	VC à 2 blocs 66	2
#FC8D62	0.486616427916288	21	2	validation	validation	VC à 2 blocs 67	2
#FC8D62	0.973222371430951	21	2	validation	validation	VC à 2 blocs 84	2
#FC8D62	1.02044198204303	21	2	validation	validation	VC à 2 blocs 25	2
#FC8D62	1.05776129351408	21	2	validation	validation	VC à 2 blocs 68	2
#FC8D62	0.0944601172442288	21	2	validation	validation	VC à 2 blocs 69	2
#FC8D62	1.05759421536513	21	2	validation	validation	VC à 2 blocs 26	2
#FC8D62	0.879785537671305	21	2	validation	validation	VC à 2 blocs 100	2
#FC8D62	0.353924398263968	21	2	validation	validation	VC à 2 blocs 88	2
#FC8D62	0.56482230129942	21	2	validation	validation	VC à 2 blocs 70	2
#FC8D62	1.31452101029407	21	2	validation	validation	VC à 2 blocs 27	2
#FC8D62	0.886892425584088	21	2	validation	validation	50% validation 87	2
#FC8D62	0.88636204409944	21	2	validation	validation	50% validation 6	2
#FC8D62	0.338154231780314	21	2	validation	validation	50% validation 28	2
#FC8D62	1.03798653058096	21	2	validation	validation	50% validation 22	2
#FC8D62	0.980946015306407	21	2	validation	validation	50% validation 23	2
#FC8D62	0.0738146374250886	21	2	validation	validation	50% validation 69	2
#FC8D62	0.980544587247611	21	2	validation	validation	50% validation 7	2
#FC8D62	0.607506885923393	21	2	validation	validation	50% validation 91	2
#FC8D62	0.696560185786681	21	2	validation	validation	50% validation 24	2
#FC8D62	-0.473068619522574	21	2	validation	validation	50% validation 70	2
#FC8D62	0.925006694414416	21	2	validation	validation	50% validation 93	2
#FC8D62	0.629397809422267	21	2	validation	validation	50% validation 71	2
#FC8D62	1.30377306589283	21	2	validation	validation	50% validation 8	2
#FC8D62	0.887710917245122	21	2	validation	validation	50% validation 25	2
#FC8D62	0.929214695113389	21	2	validation	validation	50% validation 29	2
#FC8D62	0.613141930957805	21	2	validation	validation	50% validation 30	2
#FC8D62	1.08913955750151	21	2	validation	validation	50% validation 9	2
#FC8D62	1.18253922898531	21	2	validation	validation	50% validation 10	2
#FC8D62	0.977041952434325	21	2	validation	validation	50% validation 31	2
#FC8D62	0.340071521132592	21	2	validation	validation	50% validation 32	2
#FC8D62	1.14408755790918	21	2	validation	validation	50% validation 1	2
#FC8D62	0.97551005871743	21	2	validation	validation	50% validation 74	2
#FC8D62	0.806861080162028	21	2	validation	validation	50% validation 33	2
#FC8D62	0.883475688202942	21	2	validation	validation	50% validation 11	2
#FC8D62	0.109139643069849	21	2	validation	validation	50% validation 72	2
#FC8D62	0.94333793934228	21	2	validation	validation	50% validation 12	2
#FC8D62	0.653790877987906	21	2	validation	validation	50% validation 34	2
#FC8D62	0.576711259374754	21	2	validation	validation	50% validation 86	2
#FC8D62	1.01445621780732	21	2	validation	validation	50% validation 35	2
#FC8D62	0.824933741229845	21	2	validation	validation	50% validation 36	2
#FC8D62	0.50014402529376	21	2	validation	validation	50% validation 37	2
#FC8D62	0.616135783941092	21	2	validation	validation	50% validation 38	2
#FC8D62	0.950341670343209	21	2	validation	validation	50% validation 59	2
#FC8D62	0.979014288012309	21	2	validation	validation	50% validation 60	2
#FC8D62	0.750681131388418	21	2	validation	validation	50% validation 39	2
#FC8D62	0.828390972166855	21	2	validation	validation	50% validation 40	2
#FC8D62	0.37904249476327	21	2	validation	validation	50% validation 41	2
#FC8D62	0.835057478584929	21	2	validation	validation	50% validation 92	2
#FC8D62	0.616285016796069	21	2	validation	validation	50% validation 42	2
#FC8D62	0.358684870032335	21	2	validation	validation	50% validation 43	2
#FC8D62	0.126968804338294	21	2	validation	validation	50% validation 44	2
#FC8D62	0.596274374463163	21	2	validation	validation	50% validation 45	2
#FC8D62	1.05092714259787	21	2	validation	validation	50% validation 13	2
#FC8D62	0.100410895722293	21	2	validation	validation	50% validation 99	2
#FC8D62	0.870028844018579	21	2	validation	validation	50% validation 61	2
#FC8D62	0.988555305863074	21	2	validation	validation	50% validation 14	2
#FC8D62	1.23397560527335	21	2	validation	validation	50% validation 2	2
#FC8D62	0.836049853968044	21	2	validation	validation	50% validation 46	2
#FC8D62	0.880551693926886	21	2	validation	validation	50% validation 75	2
#FC8D62	1.18598180457468	21	2	validation	validation	50% validation 3	2
#FC8D62	0.530900641745572	21	2	validation	validation	50% validation 47	2
#FC8D62	0.509410338068186	21	2	validation	validation	50% validation 76	2
#FC8D62	0.825577195305001	21	2	validation	validation	50% validation 97	2
#FC8D62	1.08376557360764	21	2	validation	validation	50% validation 88	2
#FC8D62	0.706970987093581	21	2	validation	validation	50% validation 62	2
#FC8D62	0.880754400452309	21	2	validation	validation	50% validation 95	2
#FC8D62	0.589119670944113	21	2	validation	validation	50% validation 48	2
#FC8D62	0.844475336705171	21	2	validation	validation	50% validation 49	2
#FC8D62	1.05762036556687	21	2	validation	validation	50% validation 15	2
#FC8D62	0.975398821272323	21	2	validation	validation	50% validation 16	2
#FC8D62	1.11977957723714	21	2	validation	validation	50% validation 17	2
#FC8D62	0.125381537787205	21	2	validation	validation	50% validation 63	2
#FC8D62	0.501265681311667	21	2	validation	validation	50% validation 64	2
#FC8D62	0.485760929972102	21	2	validation	validation	50% validation 26	2
#FC8D62	0.0964430080465859	21	2	validation	validation	50% validation 65	2
#FC8D62	-0.485735671892434	21	2	validation	validation	50% validation 77	2
#FC8D62	-0.521583059715312	21	2	validation	validation	50% validation 50	2
#FC8D62	0.9507472715224	21	2	validation	validation	50% validation 18	2
#FC8D62	1.00024500522693	21	2	validation	validation	50% validation 96	2
#FC8D62	0.863557209604137	21	2	validation	validation	50% validation 51	2
#FC8D62	1.21319675020303	21	2	validation	validation	50% validation 52	2
#FC8D62	0.709278374152514	21	2	validation	validation	50% validation 78	2
#FC8D62	0.346142798937398	21	2	validation	validation	50% validation 53	2
#FC8D62	1.12600764777118	21	2	validation	validation	50% validation 19	2
#FC8D62	-0.537209723072498	21	2	validation	validation	50% validation 73	2
#FC8D62	0.976672602723531	21	2	validation	validation	50% validation 54	2
#FC8D62	1.23769399827917	21	2	validation	validation	50% validation 4	2
#FC8D62	0.359767504878001	21	2	validation	validation	50% validation 55	2
#FC8D62	1.248762617816	21	2	validation	validation	50% validation 5	2
#FC8D62	0.82377633555497	21	2	validation	validation	50% validation 98	2
#FC8D62	0.881161616874902	21	2	validation	validation	50% validation 66	2
#FC8D62	0.822665747433617	21	2	validation	validation	50% validation 89	2
#FC8D62	0.516544190098704	21	2	validation	validation	50% validation 79	2
#FC8D62	0.92590265221278	21	2	validation	validation	50% validation 94	2
#FC8D62	0.311775479122247	21	2	validation	validation	50% validation 80	2
#FC8D62	0.596260637715501	21	2	validation	validation	50% validation 81	2
#FC8D62	1.12493702187024	21	2	validation	validation	50% validation 20	2
#FC8D62	0.911455937118055	21	2	validation	validation	50% validation 21	2
#FC8D62	0.849234944500553	21	2	validation	validation	50% validation 56	2
#FC8D62	0.337377082774717	21	2	validation	validation	50% validation 82	2
#FC8D62	0.440621395170369	21	2	validation	validation	50% validation 67	2
#FC8D62	0.823919342204898	21	2	validation	validation	50% validation 57	2
#FC8D62	0.369668189782943	21	2	validation	validation	50% validation 27	2
#FC8D62	0.348018533602967	21	2	validation	validation	50% validation 83	2
#FC8D62	0.835941339286893	21	2	validation	validation	50% validation 58	2
#FC8D62	0.881385854306727	21	2	validation	validation	50% validation 100	2
#FC8D62	0.96685782417325	21	2	validation	validation	50% validation 68	2
#FC8D62	0.504862229796409	21	2	validation	validation	50% validation 85	2
#FC8D62	0.715937466249612	21	2	validation	validation	50% validation 90	2
#FC8D62	1.07092098704617	21	2	validation	validation	50% validation 84	2
#FC8D62	-0.453080087580127	22	2	validation	validation	VC à 2 blocs 32	2
#FC8D62	0.850561195953381	22	2	validation	validation	VC à 2 blocs 33	2
#FC8D62	0.58875420496755	22	2	validation	validation	VC à 2 blocs 85	2
#FC8D62	0.0790047232487848	22	2	validation	validation	VC à 2 blocs 77	2
#FC8D62	1.12331319180788	22	2	validation	validation	VC à 2 blocs 4	2
#FC8D62	0.0880666401216441	22	2	validation	validation	VC à 2 blocs 34	2
#FC8D62	0.505214417499365	22	2	validation	validation	VC à 2 blocs 28	2
#FC8D62	0.137612909553714	22	2	validation	validation	VC à 2 blocs 78	2
#FC8D62	0.525167720420803	22	2	validation	validation	VC à 2 blocs 35	2
#FC8D62	1.20724575549537	22	2	validation	validation	VC à 2 blocs 5	2
#FC8D62	0.828883776236687	22	2	validation	validation	VC à 2 blocs 36	2
#FC8D62	0.938194262364268	22	2	validation	validation	VC à 2 blocs 6	2
#FC8D62	0.994026921929447	22	2	validation	validation	VC à 2 blocs 37	2
#FC8D62	0.635366228339721	22	2	validation	validation	VC à 2 blocs 91	2
#FC8D62	0.700180262080587	22	2	validation	validation	VC à 2 blocs 38	2
#FC8D62	0.110582779446361	22	2	validation	validation	VC à 2 blocs 39	2
#FC8D62	1.23079116339998	22	2	validation	validation	VC à 2 blocs 7	2
#FC8D62	0.636172383091905	22	2	validation	validation	VC à 2 blocs 92	2
#FC8D62	0.883679924759446	22	2	validation	validation	VC à 2 blocs 79	2
#FC8D62	1.09264107087652	22	2	validation	validation	VC à 2 blocs 98	2
#FC8D62	0.0616974253307306	22	2	validation	validation	VC à 2 blocs 40	2
#FC8D62	0.88223599917492	22	2	validation	validation	VC à 2 blocs 97	2
#FC8D62	0.937727664517075	22	2	validation	validation	VC à 2 blocs 71	2
#FC8D62	0.883191067268034	22	2	validation	validation	VC à 2 blocs 8	2
#FC8D62	1.01551116180273	22	2	validation	validation	VC à 2 blocs 41	2
#FC8D62	1.14983234103367	22	2	validation	validation	VC à 2 blocs 9	2
#FC8D62	0.360561268057013	22	2	validation	validation	VC à 2 blocs 42	2
#FC8D62	0.582188584279394	22	2	validation	validation	VC à 2 blocs 89	2
#FC8D62	0.608590475835048	22	2	validation	validation	VC à 2 blocs 29	2
#FC8D62	0.137098872576197	22	2	validation	validation	VC à 2 blocs 43	2
#FC8D62	0.409494531044426	22	2	validation	validation	VC à 2 blocs 44	2
#FC8D62	1.05685308864407	22	2	validation	validation	VC à 2 blocs 72	2
#FC8D62	0.940990014251624	22	2	validation	validation	VC à 2 blocs 95	2
#FC8D62	0.374035854789852	22	2	validation	validation	VC à 2 blocs 73	2
#FC8D62	1.20815558293617	22	2	validation	validation	VC à 2 blocs 10	2
#FC8D62	0.343446809620194	22	2	validation	validation	VC à 2 blocs 45	2
#FC8D62	-0.269059576948733	22	2	validation	validation	VC à 2 blocs 46	2
#FC8D62	1.01686483520757	22	2	validation	validation	VC à 2 blocs 11	2
#FC8D62	0.687540579502892	22	2	validation	validation	VC à 2 blocs 30	2
#FC8D62	0.609905735108132	22	2	validation	validation	VC à 2 blocs 47	2
#FC8D62	0.934268107365861	22	2	validation	validation	VC à 2 blocs 48	2
#FC8D62	0.881136896290671	22	2	validation	validation	VC à 2 blocs 49	2
#FC8D62	-0.502114815679315	22	2	validation	validation	VC à 2 blocs 80	2
#FC8D62	0.772256643694755	22	2	validation	validation	VC à 2 blocs 50	2
#FC8D62	0.512399141055521	22	2	validation	validation	VC à 2 blocs 51	2
#FC8D62	1.30230247685019	22	2	validation	validation	VC à 2 blocs 12	2
#FC8D62	-0.409988022443312	22	2	validation	validation	VC à 2 blocs 52	2
#FC8D62	1.17969647311009	22	2	validation	validation	VC à 2 blocs 13	2
#FC8D62	1.08457218252924	22	2	validation	validation	VC à 2 blocs 14	2
#FC8D62	0.382975063746524	22	2	validation	validation	VC à 2 blocs 31	2
#FC8D62	0.983372708354502	22	2	validation	validation	VC à 2 blocs 15	2
#FC8D62	0.488119893172706	22	2	validation	validation	VC à 2 blocs 74	2
#FC8D62	0.571333491655567	22	2	validation	validation	VC à 2 blocs 81	2
#FC8D62	0.490322118988313	22	2	validation	validation	VC à 2 blocs 53	2
#FC8D62	-0.677606463809078	22	2	validation	validation	VC à 2 blocs 96	2
#FC8D62	1.19701490486028	22	2	validation	validation	VC à 2 blocs 1	2
#FC8D62	0.954856591626704	22	2	validation	validation	VC à 2 blocs 16	2
#FC8D62	0.499961630090151	22	2	validation	validation	VC à 2 blocs 54	2
#FC8D62	0.351848719940631	22	2	validation	validation	VC à 2 blocs 75	2
#FC8D62	0.329779828604203	22	2	validation	validation	VC à 2 blocs 93	2
#FC8D62	-0.434290125464762	22	2	validation	validation	VC à 2 blocs 55	2
#FC8D62	0.933056174177531	22	2	validation	validation	VC à 2 blocs 56	2
#FC8D62	-0.400236338865756	22	2	validation	validation	VC à 2 blocs 57	2
#FC8D62	0.948596778714684	22	2	validation	validation	VC à 2 blocs 58	2
#FC8D62	1.24289749668376	22	2	validation	validation	VC à 2 blocs 17	2
#FC8D62	0.362182101666391	22	2	validation	validation	VC à 2 blocs 82	2
#FC8D62	0.978926976605854	22	2	validation	validation	VC à 2 blocs 59	2
#FC8D62	0.0811045314487878	22	2	validation	validation	VC à 2 blocs 90	2
#FC8D62	1.0929704354282	22	2	validation	validation	VC à 2 blocs 18	2
#FC8D62	1.08843386556026	22	2	validation	validation	VC à 2 blocs 2	2
#FC8D62	0.881587441719292	22	2	validation	validation	VC à 2 blocs 99	2
#FC8D62	0.916675188880202	22	2	validation	validation	VC à 2 blocs 60	2
#FC8D62	0.976592193407394	22	2	validation	validation	VC à 2 blocs 61	2
#FC8D62	0.934196935778513	22	2	validation	validation	VC à 2 blocs 19	2
#FC8D62	0.60920942019874	22	2	validation	validation	VC à 2 blocs 62	2
#FC8D62	0.922488633297699	22	2	validation	validation	VC à 2 blocs 63	2
#FC8D62	1.25717462957832	22	2	validation	validation	VC à 2 blocs 94	2
#FC8D62	0.465967812976805	22	2	validation	validation	VC à 2 blocs 76	2
#FC8D62	1.1906506044727	22	2	validation	validation	VC à 2 blocs 3	2
#FC8D62	0.983013339974528	22	2	validation	validation	VC à 2 blocs 20	2
#FC8D62	0.353234823687605	22	2	validation	validation	VC à 2 blocs 64	2
#FC8D62	0.988077954199888	22	2	validation	validation	VC à 2 blocs 21	2
#FC8D62	0.790541589786607	22	2	validation	validation	VC à 2 blocs 86	2
#FC8D62	1.18729798509128	22	2	validation	validation	VC à 2 blocs 22	2
#FC8D62	1.13363711464524	22	2	validation	validation	VC à 2 blocs 65	2
#FC8D62	1.1268775886143	22	2	validation	validation	VC à 2 blocs 23	2
#FC8D62	0.712401755284063	22	2	validation	validation	VC à 2 blocs 87	2
#FC8D62	1.14933578950437	22	2	validation	validation	VC à 2 blocs 24	2
#FC8D62	0.699918403041057	22	2	validation	validation	VC à 2 blocs 83	2
#FC8D62	0.928482864736651	22	2	validation	validation	VC à 2 blocs 66	2
#FC8D62	0.486359252558749	22	2	validation	validation	VC à 2 blocs 67	2
#FC8D62	0.973222371430951	22	2	validation	validation	VC à 2 blocs 84	2
#FC8D62	1.02044198204303	22	2	validation	validation	VC à 2 blocs 25	2
#FC8D62	1.05762366010834	22	2	validation	validation	VC à 2 blocs 68	2
#FC8D62	0.0940124027871572	22	2	validation	validation	VC à 2 blocs 69	2
#FC8D62	1.05746588590628	22	2	validation	validation	VC à 2 blocs 26	2
#FC8D62	0.879785537671305	22	2	validation	validation	VC à 2 blocs 100	2
#FC8D62	0.353877750768394	22	2	validation	validation	VC à 2 blocs 88	2
#FC8D62	0.564455540713551	22	2	validation	validation	VC à 2 blocs 70	2
#FC8D62	1.3141334187379	22	2	validation	validation	VC à 2 blocs 27	2
#FC8D62	0.887603867740651	22	2	validation	validation	50% validation 87	2
#FC8D62	0.886321884183947	22	2	validation	validation	50% validation 6	2
#FC8D62	0.338713948077593	22	2	validation	validation	50% validation 28	2
#FC8D62	1.03753807016851	22	2	validation	validation	50% validation 22	2
#FC8D62	0.980946015306407	22	2	validation	validation	50% validation 23	2
#FC8D62	0.0738146374250886	22	2	validation	validation	50% validation 69	2
#FC8D62	0.979500133825848	22	2	validation	validation	50% validation 7	2
#FC8D62	0.607506885923393	22	2	validation	validation	50% validation 91	2
#FC8D62	0.694486351086946	22	2	validation	validation	50% validation 24	2
#FC8D62	-0.484063309083209	22	2	validation	validation	50% validation 70	2
#FC8D62	0.925093296569635	22	2	validation	validation	50% validation 93	2
#FC8D62	0.629345563326136	22	2	validation	validation	50% validation 71	2
#FC8D62	1.30347258397765	22	2	validation	validation	50% validation 8	2
#FC8D62	0.8878892607115	22	2	validation	validation	50% validation 25	2
#FC8D62	0.929138097284243	22	2	validation	validation	50% validation 29	2
#FC8D62	0.61227713559724	22	2	validation	validation	50% validation 30	2
#FC8D62	1.08897390386315	22	2	validation	validation	50% validation 9	2
#FC8D62	1.18235805774989	22	2	validation	validation	50% validation 10	2
#FC8D62	0.97787272519147	22	2	validation	validation	50% validation 31	2
#FC8D62	0.340054053034794	22	2	validation	validation	50% validation 32	2
#FC8D62	1.14389025281046	22	2	validation	validation	50% validation 1	2
#FC8D62	0.975308699368262	22	2	validation	validation	50% validation 74	2
#FC8D62	0.806792302068785	22	2	validation	validation	50% validation 33	2
#FC8D62	0.883628750646686	22	2	validation	validation	50% validation 11	2
#FC8D62	0.107696725561494	22	2	validation	validation	50% validation 72	2
#FC8D62	0.94333793934228	22	2	validation	validation	50% validation 12	2
#FC8D62	0.653790877987906	22	2	validation	validation	50% validation 34	2
#FC8D62	0.576668104136925	22	2	validation	validation	50% validation 86	2
#FC8D62	1.01445621780732	22	2	validation	validation	50% validation 35	2
#FC8D62	0.824677728716068	22	2	validation	validation	50% validation 36	2
#FC8D62	0.500568625731041	22	2	validation	validation	50% validation 37	2
#FC8D62	0.615755182140693	22	2	validation	validation	50% validation 38	2
#FC8D62	0.946382663936555	22	2	validation	validation	50% validation 59	2
#FC8D62	0.979050379355115	22	2	validation	validation	50% validation 60	2
#FC8D62	0.748725040892855	22	2	validation	validation	50% validation 39	2
#FC8D62	0.828398898471456	22	2	validation	validation	50% validation 40	2
#FC8D62	0.379249209782884	22	2	validation	validation	50% validation 41	2
#FC8D62	0.840359085625998	22	2	validation	validation	50% validation 92	2
#FC8D62	0.616285016796069	22	2	validation	validation	50% validation 42	2
#FC8D62	0.358995986411782	22	2	validation	validation	50% validation 43	2
#FC8D62	0.126359394601954	22	2	validation	validation	50% validation 44	2
#FC8D62	0.597716075933219	22	2	validation	validation	50% validation 45	2
#FC8D62	1.05100954299021	22	2	validation	validation	50% validation 13	2
#FC8D62	0.100410895722293	22	2	validation	validation	50% validation 99	2
#FC8D62	0.869923588751265	22	2	validation	validation	50% validation 61	2
#FC8D62	0.98845108988337	22	2	validation	validation	50% validation 14	2
#FC8D62	1.23400237337469	22	2	validation	validation	50% validation 2	2
#FC8D62	0.827377897701187	22	2	validation	validation	50% validation 46	2
#FC8D62	0.880551693926886	22	2	validation	validation	50% validation 75	2
#FC8D62	1.18593095776901	22	2	validation	validation	50% validation 3	2
#FC8D62	0.527650604954881	22	2	validation	validation	50% validation 47	2
#FC8D62	0.509157821756325	22	2	validation	validation	50% validation 76	2
#FC8D62	0.825511318494247	22	2	validation	validation	50% validation 97	2
#FC8D62	1.08377089085678	22	2	validation	validation	50% validation 88	2
#FC8D62	0.706970987093581	22	2	validation	validation	50% validation 62	2
#FC8D62	0.880754400452309	22	2	validation	validation	50% validation 95	2
#FC8D62	0.589006113939186	22	2	validation	validation	50% validation 48	2
#FC8D62	0.837640650300927	22	2	validation	validation	50% validation 49	2
#FC8D62	1.05762036556687	22	2	validation	validation	50% validation 15	2
#FC8D62	0.973800429734887	22	2	validation	validation	50% validation 16	2
#FC8D62	1.11973319564657	22	2	validation	validation	50% validation 17	2
#FC8D62	0.125034457689637	22	2	validation	validation	50% validation 63	2
#FC8D62	0.501018591028114	22	2	validation	validation	50% validation 64	2
#FC8D62	0.485504856311171	22	2	validation	validation	50% validation 26	2
#FC8D62	0.0943609546669049	22	2	validation	validation	50% validation 65	2
#FC8D62	-0.487086773063734	22	2	validation	validation	50% validation 77	2
#FC8D62	-0.515217430922668	22	2	validation	validation	50% validation 50	2
#FC8D62	0.950655887147916	22	2	validation	validation	50% validation 18	2
#FC8D62	0.998241761683541	22	2	validation	validation	50% validation 96	2
#FC8D62	0.863542782491887	22	2	validation	validation	50% validation 51	2
#FC8D62	1.21311566569243	22	2	validation	validation	50% validation 52	2
#FC8D62	0.706013692722642	22	2	validation	validation	50% validation 78	2
#FC8D62	0.346851042962998	22	2	validation	validation	50% validation 53	2
#FC8D62	1.12600764777118	22	2	validation	validation	50% validation 19	2
#FC8D62	-0.528822147582685	22	2	validation	validation	50% validation 73	2
#FC8D62	0.976672602723531	22	2	validation	validation	50% validation 54	2
#FC8D62	1.23653558747746	22	2	validation	validation	50% validation 4	2
#FC8D62	0.359080448598569	22	2	validation	validation	50% validation 55	2
#FC8D62	1.2487566753082	22	2	validation	validation	50% validation 5	2
#FC8D62	0.823124253113272	22	2	validation	validation	50% validation 98	2
#FC8D62	0.8811686362842	22	2	validation	validation	50% validation 66	2
#FC8D62	0.822393622003196	22	2	validation	validation	50% validation 89	2
#FC8D62	0.516544190098704	22	2	validation	validation	50% validation 79	2
#FC8D62	0.926107559659959	22	2	validation	validation	50% validation 94	2
#FC8D62	0.312086887667538	22	2	validation	validation	50% validation 80	2
#FC8D62	0.596260637715501	22	2	validation	validation	50% validation 81	2
#FC8D62	1.12493702187024	22	2	validation	validation	50% validation 20	2
#FC8D62	0.911376141908768	22	2	validation	validation	50% validation 21	2
#FC8D62	0.849276745803716	22	2	validation	validation	50% validation 56	2
#FC8D62	0.33700177800858	22	2	validation	validation	50% validation 82	2
#FC8D62	0.440621395170369	22	2	validation	validation	50% validation 67	2
#FC8D62	0.824733999104668	22	2	validation	validation	50% validation 57	2
#FC8D62	0.362500177318472	22	2	validation	validation	50% validation 27	2
#FC8D62	0.345369896933602	22	2	validation	validation	50% validation 83	2
#FC8D62	0.835915491424943	22	2	validation	validation	50% validation 58	2
#FC8D62	0.881211755698047	22	2	validation	validation	50% validation 100	2
#FC8D62	0.966810242162612	22	2	validation	validation	50% validation 68	2
#FC8D62	0.504862229796409	22	2	validation	validation	50% validation 85	2
#FC8D62	0.715937466249612	22	2	validation	validation	50% validation 90	2
#FC8D62	1.07080258726016	22	2	validation	validation	50% validation 84	2
#FC8D62	-0.453080087580127	23	2	validation	validation	VC à 2 blocs 32	2
#FC8D62	0.850663756433326	23	2	validation	validation	VC à 2 blocs 33	2
#FC8D62	0.58869683296454	23	2	validation	validation	VC à 2 blocs 85	2
#FC8D62	0.0788901836057444	23	2	validation	validation	VC à 2 blocs 77	2
#FC8D62	1.12331319180788	23	2	validation	validation	VC à 2 blocs 4	2
#FC8D62	0.0864631268004145	23	2	validation	validation	VC à 2 blocs 34	2
#FC8D62	0.506469450205627	23	2	validation	validation	VC à 2 blocs 28	2
#FC8D62	0.132980660388889	23	2	validation	validation	VC à 2 blocs 78	2
#FC8D62	0.525167720420803	23	2	validation	validation	VC à 2 blocs 35	2
#FC8D62	1.20724575549537	23	2	validation	validation	VC à 2 blocs 5	2
#FC8D62	0.828787269565781	23	2	validation	validation	VC à 2 blocs 36	2
#FC8D62	0.937999780684481	23	2	validation	validation	VC à 2 blocs 6	2
#FC8D62	0.994026921929447	23	2	validation	validation	VC à 2 blocs 37	2
#FC8D62	0.635366228339721	23	2	validation	validation	VC à 2 blocs 91	2
#FC8D62	0.700064577338688	23	2	validation	validation	VC à 2 blocs 38	2
#FC8D62	0.110650816498563	23	2	validation	validation	VC à 2 blocs 39	2
#FC8D62	1.23079116339998	23	2	validation	validation	VC à 2 blocs 7	2
#FC8D62	0.632494935311593	23	2	validation	validation	VC à 2 blocs 92	2
#FC8D62	0.883661967819358	23	2	validation	validation	VC à 2 blocs 79	2
#FC8D62	1.09251406062736	23	2	validation	validation	VC à 2 blocs 98	2
#FC8D62	0.0609891041791069	23	2	validation	validation	VC à 2 blocs 40	2
#FC8D62	0.882331563305773	23	2	validation	validation	VC à 2 blocs 97	2
#FC8D62	0.93776899183371	23	2	validation	validation	VC à 2 blocs 71	2
#FC8D62	0.883203344471386	23	2	validation	validation	VC à 2 blocs 8	2
#FC8D62	1.01357726655083	23	2	validation	validation	VC à 2 blocs 41	2
#FC8D62	1.14973087994944	23	2	validation	validation	VC à 2 blocs 9	2
#FC8D62	0.35967537535869	23	2	validation	validation	VC à 2 blocs 42	2
#FC8D62	0.5819835097334	23	2	validation	validation	VC à 2 blocs 89	2
#FC8D62	0.608727792465008	23	2	validation	validation	VC à 2 blocs 29	2
#FC8D62	0.135558620728472	23	2	validation	validation	VC à 2 blocs 43	2
#FC8D62	0.407335494146052	23	2	validation	validation	VC à 2 blocs 44	2
#FC8D62	1.05685308864407	23	2	validation	validation	VC à 2 blocs 72	2
#FC8D62	0.941053893576572	23	2	validation	validation	VC à 2 blocs 95	2
#FC8D62	0.374315564517267	23	2	validation	validation	VC à 2 blocs 73	2
#FC8D62	1.20824512472449	23	2	validation	validation	VC à 2 blocs 10	2
#FC8D62	0.33889969074239	23	2	validation	validation	VC à 2 blocs 45	2
#FC8D62	-0.269342001696439	23	2	validation	validation	VC à 2 blocs 46	2
#FC8D62	1.01794646648691	23	2	validation	validation	VC à 2 blocs 11	2
#FC8D62	0.685524087699659	23	2	validation	validation	VC à 2 blocs 30	2
#FC8D62	0.610006393653907	23	2	validation	validation	VC à 2 blocs 47	2
#FC8D62	0.93387448156635	23	2	validation	validation	VC à 2 blocs 48	2
#FC8D62	0.881187374951141	23	2	validation	validation	VC à 2 blocs 49	2
#FC8D62	-0.497553624622673	23	2	validation	validation	VC à 2 blocs 80	2
#FC8D62	0.772146694719025	23	2	validation	validation	VC à 2 blocs 50	2
#FC8D62	0.512399141055521	23	2	validation	validation	VC à 2 blocs 51	2
#FC8D62	1.30230247685019	23	2	validation	validation	VC à 2 blocs 12	2
#FC8D62	-0.411280999188975	23	2	validation	validation	VC à 2 blocs 52	2
#FC8D62	1.1795373375594	23	2	validation	validation	VC à 2 blocs 13	2
#FC8D62	1.08457218252924	23	2	validation	validation	VC à 2 blocs 14	2
#FC8D62	0.382975063746524	23	2	validation	validation	VC à 2 blocs 31	2
#FC8D62	0.983372708354502	23	2	validation	validation	VC à 2 blocs 15	2
#FC8D62	0.488119893172706	23	2	validation	validation	VC à 2 blocs 74	2
#FC8D62	0.571249135174902	23	2	validation	validation	VC à 2 blocs 81	2
#FC8D62	0.490322118988313	23	2	validation	validation	VC à 2 blocs 53	2
#FC8D62	-0.678450539658173	23	2	validation	validation	VC à 2 blocs 96	2
#FC8D62	1.19701490486028	23	2	validation	validation	VC à 2 blocs 1	2
#FC8D62	0.954843195058643	23	2	validation	validation	VC à 2 blocs 16	2
#FC8D62	0.49982219088105	23	2	validation	validation	VC à 2 blocs 54	2
#FC8D62	0.351192516958892	23	2	validation	validation	VC à 2 blocs 75	2
#FC8D62	0.329779828604203	23	2	validation	validation	VC à 2 blocs 93	2
#FC8D62	-0.434290125464762	23	2	validation	validation	VC à 2 blocs 55	2
#FC8D62	0.933004321635916	23	2	validation	validation	VC à 2 blocs 56	2
#FC8D62	-0.393578281490895	23	2	validation	validation	VC à 2 blocs 57	2
#FC8D62	0.948504940662704	23	2	validation	validation	VC à 2 blocs 58	2
#FC8D62	1.24289147337783	23	2	validation	validation	VC à 2 blocs 17	2
#FC8D62	0.361899384546787	23	2	validation	validation	VC à 2 blocs 82	2
#FC8D62	0.978992206813426	23	2	validation	validation	VC à 2 blocs 59	2
#FC8D62	0.0820574909044852	23	2	validation	validation	VC à 2 blocs 90	2
#FC8D62	1.09300116138882	23	2	validation	validation	VC à 2 blocs 18	2
#FC8D62	1.08760550940059	23	2	validation	validation	VC à 2 blocs 2	2
#FC8D62	0.881471658867909	23	2	validation	validation	VC à 2 blocs 99	2
#FC8D62	0.916549944183605	23	2	validation	validation	VC à 2 blocs 60	2
#FC8D62	0.97739578244561	23	2	validation	validation	VC à 2 blocs 61	2
#FC8D62	0.933913957047858	23	2	validation	validation	VC à 2 blocs 19	2
#FC8D62	0.609175636223379	23	2	validation	validation	VC à 2 blocs 62	2
#FC8D62	0.9221599308599	23	2	validation	validation	VC à 2 blocs 63	2
#FC8D62	1.25718064567685	23	2	validation	validation	VC à 2 blocs 94	2
#FC8D62	0.465967812976805	23	2	validation	validation	VC à 2 blocs 76	2
#FC8D62	1.1906506044727	23	2	validation	validation	VC à 2 blocs 3	2
#FC8D62	0.982961104067359	23	2	validation	validation	VC à 2 blocs 20	2
#FC8D62	0.352872981159849	23	2	validation	validation	VC à 2 blocs 64	2
#FC8D62	0.98799775275326	23	2	validation	validation	VC à 2 blocs 21	2
#FC8D62	0.790732306737754	23	2	validation	validation	VC à 2 blocs 86	2
#FC8D62	1.18511382961931	23	2	validation	validation	VC à 2 blocs 22	2
#FC8D62	1.13363711464524	23	2	validation	validation	VC à 2 blocs 65	2
#FC8D62	1.12722356364959	23	2	validation	validation	VC à 2 blocs 23	2
#FC8D62	0.712333342226498	23	2	validation	validation	VC à 2 blocs 87	2
#FC8D62	1.1492243250802	23	2	validation	validation	VC à 2 blocs 24	2
#FC8D62	0.699959172911446	23	2	validation	validation	VC à 2 blocs 83	2
#FC8D62	0.928482864736651	23	2	validation	validation	VC à 2 blocs 66	2
#FC8D62	0.486359252558749	23	2	validation	validation	VC à 2 blocs 67	2
#FC8D62	0.973222371430951	23	2	validation	validation	VC à 2 blocs 84	2
#FC8D62	1.02039958070951	23	2	validation	validation	VC à 2 blocs 25	2
#FC8D62	1.05755970203664	23	2	validation	validation	VC à 2 blocs 68	2
#FC8D62	0.0948353183706302	23	2	validation	validation	VC à 2 blocs 69	2
#FC8D62	1.05768969430352	23	2	validation	validation	VC à 2 blocs 26	2
#FC8D62	0.879780496570468	23	2	validation	validation	VC à 2 blocs 100	2
#FC8D62	0.353690650046435	23	2	validation	validation	VC à 2 blocs 88	2
#FC8D62	0.566006639453337	23	2	validation	validation	VC à 2 blocs 70	2
#FC8D62	1.3141187008048	23	2	validation	validation	VC à 2 blocs 27	2
#FC8D62	0.887782255163405	23	2	validation	validation	50% validation 87	2
#FC8D62	0.886005914555626	23	2	validation	validation	50% validation 6	2
#FC8D62	0.337929172795525	23	2	validation	validation	50% validation 28	2
#FC8D62	1.03757297903469	23	2	validation	validation	50% validation 22	2
#FC8D62	0.98097897457359	23	2	validation	validation	50% validation 23	2
#FC8D62	0.0738146374250886	23	2	validation	validation	50% validation 69	2
#FC8D62	0.979630147008703	23	2	validation	validation	50% validation 7	2
#FC8D62	0.607862977004619	23	2	validation	validation	50% validation 91	2
#FC8D62	0.69436913944321	23	2	validation	validation	50% validation 24	2
#FC8D62	-0.463772521675047	23	2	validation	validation	50% validation 70	2
#FC8D62	0.925000576634618	23	2	validation	validation	50% validation 93	2
#FC8D62	0.627961794912941	23	2	validation	validation	50% validation 71	2
#FC8D62	1.30347799173617	23	2	validation	validation	50% validation 8	2
#FC8D62	0.88771499198302	23	2	validation	validation	50% validation 25	2
#FC8D62	0.929138097284243	23	2	validation	validation	50% validation 29	2
#FC8D62	0.612251404095277	23	2	validation	validation	50% validation 30	2
#FC8D62	1.08897390386315	23	2	validation	validation	50% validation 9	2
#FC8D62	1.18228407827957	23	2	validation	validation	50% validation 10	2
#FC8D62	0.976283429439679	23	2	validation	validation	50% validation 31	2
#FC8D62	0.340611327767517	23	2	validation	validation	50% validation 32	2
#FC8D62	1.14374447811202	23	2	validation	validation	50% validation 1	2
#FC8D62	0.975201333709001	23	2	validation	validation	50% validation 74	2
#FC8D62	0.806770867157255	23	2	validation	validation	50% validation 33	2
#FC8D62	0.88326926778038	23	2	validation	validation	50% validation 11	2
#FC8D62	0.107696725561494	23	2	validation	validation	50% validation 72	2
#FC8D62	0.943347942327567	23	2	validation	validation	50% validation 12	2
#FC8D62	0.653810361711104	23	2	validation	validation	50% validation 34	2
#FC8D62	0.577147383030627	23	2	validation	validation	50% validation 86	2
#FC8D62	1.01443613302963	23	2	validation	validation	50% validation 35	2
#FC8D62	0.82465715864291	23	2	validation	validation	50% validation 36	2
#FC8D62	0.501864040321055	23	2	validation	validation	50% validation 37	2
#FC8D62	0.615215856403112	23	2	validation	validation	50% validation 38	2
#FC8D62	0.946382663936555	23	2	validation	validation	50% validation 59	2
#FC8D62	0.979034433068653	23	2	validation	validation	50% validation 60	2
#FC8D62	0.755072484850525	23	2	validation	validation	50% validation 39	2
#FC8D62	0.828398898471456	23	2	validation	validation	50% validation 40	2
#FC8D62	0.37900695608537	23	2	validation	validation	50% validation 41	2
#FC8D62	0.840253603057199	23	2	validation	validation	50% validation 92	2
#FC8D62	0.616309629060662	23	2	validation	validation	50% validation 42	2
#FC8D62	0.359626848725196	23	2	validation	validation	50% validation 43	2
#FC8D62	0.126359394601954	23	2	validation	validation	50% validation 44	2
#FC8D62	0.597510031699161	23	2	validation	validation	50% validation 45	2
#FC8D62	1.05100954299021	23	2	validation	validation	50% validation 13	2
#FC8D62	0.100410895722293	23	2	validation	validation	50% validation 99	2
#FC8D62	0.869923588751265	23	2	validation	validation	50% validation 61	2
#FC8D62	0.988370957320715	23	2	validation	validation	50% validation 14	2
#FC8D62	1.23396440609616	23	2	validation	validation	50% validation 2	2
#FC8D62	0.827261303162605	23	2	validation	validation	50% validation 46	2
#FC8D62	0.88027403743022	23	2	validation	validation	50% validation 75	2
#FC8D62	1.18593095776901	23	2	validation	validation	50% validation 3	2
#FC8D62	0.527650604954881	23	2	validation	validation	50% validation 47	2
#FC8D62	0.509157821756325	23	2	validation	validation	50% validation 76	2
#FC8D62	0.825511318494247	23	2	validation	validation	50% validation 97	2
#FC8D62	1.08377089085678	23	2	validation	validation	50% validation 88	2
#FC8D62	0.706252339255484	23	2	validation	validation	50% validation 62	2
#FC8D62	0.88080152070114	23	2	validation	validation	50% validation 95	2
#FC8D62	0.588970721144045	23	2	validation	validation	50% validation 48	2
#FC8D62	0.83718599140225	23	2	validation	validation	50% validation 49	2
#FC8D62	1.05762036556687	23	2	validation	validation	50% validation 15	2
#FC8D62	0.97360830005801	23	2	validation	validation	50% validation 16	2
#FC8D62	1.11973319564657	23	2	validation	validation	50% validation 17	2
#FC8D62	0.125145738352572	23	2	validation	validation	50% validation 63	2
#FC8D62	0.500948374063948	23	2	validation	validation	50% validation 64	2
#FC8D62	0.485315190751897	23	2	validation	validation	50% validation 26	2
#FC8D62	0.0930628315199246	23	2	validation	validation	50% validation 65	2
#FC8D62	-0.487086773063734	23	2	validation	validation	50% validation 77	2
#FC8D62	-0.495083791842716	23	2	validation	validation	50% validation 50	2
#FC8D62	0.950606496396762	23	2	validation	validation	50% validation 18	2
#FC8D62	0.998632211175585	23	2	validation	validation	50% validation 96	2
#FC8D62	0.863605593009031	23	2	validation	validation	50% validation 51	2
#FC8D62	1.21277703278128	23	2	validation	validation	50% validation 52	2
#FC8D62	0.706013692722642	23	2	validation	validation	50% validation 78	2
#FC8D62	0.347192221551644	23	2	validation	validation	50% validation 53	2
#FC8D62	1.12575455848797	23	2	validation	validation	50% validation 19	2
#FC8D62	-0.53032658610929	23	2	validation	validation	50% validation 73	2
#FC8D62	0.976458346206701	23	2	validation	validation	50% validation 54	2
#FC8D62	1.23659513949291	23	2	validation	validation	50% validation 4	2
#FC8D62	0.356654915093582	23	2	validation	validation	50% validation 55	2
#FC8D62	1.24762743767974	23	2	validation	validation	50% validation 5	2
#FC8D62	0.822532932491881	23	2	validation	validation	50% validation 98	2
#FC8D62	0.876409488183825	23	2	validation	validation	50% validation 66	2
#FC8D62	0.822175642966597	23	2	validation	validation	50% validation 89	2
#FC8D62	0.516502370486666	23	2	validation	validation	50% validation 79	2
#FC8D62	0.926015056035964	23	2	validation	validation	50% validation 94	2
#FC8D62	0.312159229040105	23	2	validation	validation	50% validation 80	2
#FC8D62	0.596260637715501	23	2	validation	validation	50% validation 81	2
#FC8D62	1.12493702187024	23	2	validation	validation	50% validation 20	2
#FC8D62	0.911361334648506	23	2	validation	validation	50% validation 21	2
#FC8D62	0.849074021544175	23	2	validation	validation	50% validation 56	2
#FC8D62	0.337258375371832	23	2	validation	validation	50% validation 82	2
#FC8D62	0.440867570964711	23	2	validation	validation	50% validation 67	2
#FC8D62	0.824463166946349	23	2	validation	validation	50% validation 57	2
#FC8D62	0.362547380231281	23	2	validation	validation	50% validation 27	2
#FC8D62	0.345010336019039	23	2	validation	validation	50% validation 83	2
#FC8D62	0.835801166880526	23	2	validation	validation	50% validation 58	2
#FC8D62	0.880379426561675	23	2	validation	validation	50% validation 100	2
#FC8D62	0.966731407680775	23	2	validation	validation	50% validation 68	2
#FC8D62	0.499715371371054	23	2	validation	validation	50% validation 85	2
#FC8D62	0.71427952663818	23	2	validation	validation	50% validation 90	2
#FC8D62	1.07080258726016	23	2	validation	validation	50% validation 84	2
#FC8D62	-0.454333180587714	24	2	validation	validation	VC à 2 blocs 32	2
#FC8D62	0.850027797943055	24	2	validation	validation	VC à 2 blocs 33	2
#FC8D62	0.588794950216381	24	2	validation	validation	VC à 2 blocs 85	2
#FC8D62	0.0791886848138921	24	2	validation	validation	VC à 2 blocs 77	2
#FC8D62	1.12331319180788	24	2	validation	validation	VC à 2 blocs 4	2
#FC8D62	0.0858232788046449	24	2	validation	validation	VC à 2 blocs 34	2
#FC8D62	0.506442352643637	24	2	validation	validation	VC à 2 blocs 28	2
#FC8D62	0.132553460210709	24	2	validation	validation	VC à 2 blocs 78	2
#FC8D62	0.524994612343108	24	2	validation	validation	VC à 2 blocs 35	2
#FC8D62	1.20650644334992	24	2	validation	validation	VC à 2 blocs 5	2
#FC8D62	0.828474452929257	24	2	validation	validation	VC à 2 blocs 36	2
#FC8D62	0.937846964013798	24	2	validation	validation	VC à 2 blocs 6	2
#FC8D62	0.993554915616909	24	2	validation	validation	VC à 2 blocs 37	2
#FC8D62	0.635131162882958	24	2	validation	validation	VC à 2 blocs 91	2
#FC8D62	0.700140503025185	24	2	validation	validation	VC à 2 blocs 38	2
#FC8D62	0.110650816498563	24	2	validation	validation	VC à 2 blocs 39	2
#FC8D62	1.23061134961664	24	2	validation	validation	VC à 2 blocs 7	2
#FC8D62	0.632359737032054	24	2	validation	validation	VC à 2 blocs 92	2
#FC8D62	0.883526829811493	24	2	validation	validation	VC à 2 blocs 79	2
#FC8D62	1.09254779370158	24	2	validation	validation	VC à 2 blocs 98	2
#FC8D62	0.0609891041791069	24	2	validation	validation	VC à 2 blocs 40	2
#FC8D62	0.882331563305773	24	2	validation	validation	VC à 2 blocs 97	2
#FC8D62	0.937759640154318	24	2	validation	validation	VC à 2 blocs 71	2
#FC8D62	0.88339212113392	24	2	validation	validation	VC à 2 blocs 8	2
#FC8D62	1.01274677388181	24	2	validation	validation	VC à 2 blocs 41	2
#FC8D62	1.14972114850593	24	2	validation	validation	VC à 2 blocs 9	2
#FC8D62	0.35967537535869	24	2	validation	validation	VC à 2 blocs 42	2
#FC8D62	0.58202237009732	24	2	validation	validation	VC à 2 blocs 89	2
#FC8D62	0.608727792465008	24	2	validation	validation	VC à 2 blocs 29	2
#FC8D62	0.134539318763722	24	2	validation	validation	VC à 2 blocs 43	2
#FC8D62	0.407335494146052	24	2	validation	validation	VC à 2 blocs 44	2
#FC8D62	1.05677558733614	24	2	validation	validation	VC à 2 blocs 72	2
#FC8D62	0.940379364612362	24	2	validation	validation	VC à 2 blocs 95	2
#FC8D62	0.374264566489338	24	2	validation	validation	VC à 2 blocs 73	2
#FC8D62	1.20825431355169	24	2	validation	validation	VC à 2 blocs 10	2
#FC8D62	0.338939496499814	24	2	validation	validation	VC à 2 blocs 45	2
#FC8D62	-0.268676736409947	24	2	validation	validation	VC à 2 blocs 46	2
#FC8D62	1.01793328503031	24	2	validation	validation	VC à 2 blocs 11	2
#FC8D62	0.685362445578579	24	2	validation	validation	VC à 2 blocs 30	2
#FC8D62	0.609998885681774	24	2	validation	validation	VC à 2 blocs 47	2
#FC8D62	0.933891764866819	24	2	validation	validation	VC à 2 blocs 48	2
#FC8D62	0.881173521787687	24	2	validation	validation	VC à 2 blocs 49	2
#FC8D62	-0.497985812897943	24	2	validation	validation	VC à 2 blocs 80	2
#FC8D62	0.772071585861494	24	2	validation	validation	VC à 2 blocs 50	2
#FC8D62	0.511930914562896	24	2	validation	validation	VC à 2 blocs 51	2
#FC8D62	1.30233548067767	24	2	validation	validation	VC à 2 blocs 12	2
#FC8D62	-0.410358841111892	24	2	validation	validation	VC à 2 blocs 52	2
#FC8D62	1.1795226179748	24	2	validation	validation	VC à 2 blocs 13	2
#FC8D62	1.08456502410363	24	2	validation	validation	VC à 2 blocs 14	2
#FC8D62	0.383017180295321	24	2	validation	validation	VC à 2 blocs 31	2
#FC8D62	0.983372708354502	24	2	validation	validation	VC à 2 blocs 15	2
#FC8D62	0.486203187700274	24	2	validation	validation	VC à 2 blocs 74	2
#FC8D62	0.571039687453268	24	2	validation	validation	VC à 2 blocs 81	2
#FC8D62	0.490322118988313	24	2	validation	validation	VC à 2 blocs 53	2
#FC8D62	-0.675965085861296	24	2	validation	validation	VC à 2 blocs 96	2
#FC8D62	1.19640280579584	24	2	validation	validation	VC à 2 blocs 1	2
#FC8D62	0.954843195058643	24	2	validation	validation	VC à 2 blocs 16	2
#FC8D62	0.500096617959415	24	2	validation	validation	VC à 2 blocs 54	2
#FC8D62	0.350996098403877	24	2	validation	validation	VC à 2 blocs 75	2
#FC8D62	0.329779828604203	24	2	validation	validation	VC à 2 blocs 93	2
#FC8D62	-0.43403517295112	24	2	validation	validation	VC à 2 blocs 55	2
#FC8D62	0.932968939986394	24	2	validation	validation	VC à 2 blocs 56	2
#FC8D62	-0.395016071565208	24	2	validation	validation	VC à 2 blocs 57	2
#FC8D62	0.948431112118383	24	2	validation	validation	VC à 2 blocs 58	2
#FC8D62	1.24174686155638	24	2	validation	validation	VC à 2 blocs 17	2
#FC8D62	0.361899384546787	24	2	validation	validation	VC à 2 blocs 82	2
#FC8D62	0.978992206813426	24	2	validation	validation	VC à 2 blocs 59	2
#FC8D62	0.0826589889867918	24	2	validation	validation	VC à 2 blocs 90	2
#FC8D62	1.09300116138882	24	2	validation	validation	VC à 2 blocs 18	2
#FC8D62	1.08735544967348	24	2	validation	validation	VC à 2 blocs 2	2
#FC8D62	0.881386159294381	24	2	validation	validation	VC à 2 blocs 99	2
#FC8D62	0.916535312280383	24	2	validation	validation	VC à 2 blocs 60	2
#FC8D62	0.97739578244561	24	2	validation	validation	VC à 2 blocs 61	2
#FC8D62	0.934074304905619	24	2	validation	validation	VC à 2 blocs 19	2
#FC8D62	0.609101019778021	24	2	validation	validation	VC à 2 blocs 62	2
#FC8D62	0.92199424775892	24	2	validation	validation	VC à 2 blocs 63	2
#FC8D62	1.25690208988098	24	2	validation	validation	VC à 2 blocs 94	2
#FC8D62	0.465976157887979	24	2	validation	validation	VC à 2 blocs 76	2
#FC8D62	1.19064302548885	24	2	validation	validation	VC à 2 blocs 3	2
#FC8D62	0.982961104067359	24	2	validation	validation	VC à 2 blocs 20	2
#FC8D62	0.352872981159849	24	2	validation	validation	VC à 2 blocs 64	2
#FC8D62	0.98798881161444	24	2	validation	validation	VC à 2 blocs 21	2
#FC8D62	0.788800617890402	24	2	validation	validation	VC à 2 blocs 86	2
#FC8D62	1.18511382961931	24	2	validation	validation	VC à 2 blocs 22	2
#FC8D62	1.13360444235952	24	2	validation	validation	VC à 2 blocs 65	2
#FC8D62	1.12722356364959	24	2	validation	validation	VC à 2 blocs 23	2
#FC8D62	0.712333342226498	24	2	validation	validation	VC à 2 blocs 87	2
#FC8D62	1.14917782097855	24	2	validation	validation	VC à 2 blocs 24	2
#FC8D62	0.698854411197243	24	2	validation	validation	VC à 2 blocs 83	2
#FC8D62	0.928536488677876	24	2	validation	validation	VC à 2 blocs 66	2
#FC8D62	0.486359252558749	24	2	validation	validation	VC à 2 blocs 67	2
#FC8D62	0.972596034478086	24	2	validation	validation	VC à 2 blocs 84	2
#FC8D62	1.02038987353644	24	2	validation	validation	VC à 2 blocs 25	2
#FC8D62	1.05756739173004	24	2	validation	validation	VC à 2 blocs 68	2
#FC8D62	0.0948353183706302	24	2	validation	validation	VC à 2 blocs 69	2
#FC8D62	1.05762109141271	24	2	validation	validation	VC à 2 blocs 26	2
#FC8D62	0.87952946624203	24	2	validation	validation	VC à 2 blocs 100	2
#FC8D62	0.353735704291909	24	2	validation	validation	VC à 2 blocs 88	2
#FC8D62	0.565784984364213	24	2	validation	validation	VC à 2 blocs 70	2
#FC8D62	1.31415081880727	24	2	validation	validation	VC à 2 blocs 27	2
#FC8D62	0.887676611345176	24	2	validation	validation	50% validation 87	2
#FC8D62	0.884807557558517	24	2	validation	validation	50% validation 6	2
#FC8D62	0.337929172795525	24	2	validation	validation	50% validation 28	2
#FC8D62	1.03756136696841	24	2	validation	validation	50% validation 22	2
#FC8D62	0.980981523829616	24	2	validation	validation	50% validation 23	2
#FC8D62	0.073887922275463	24	2	validation	validation	50% validation 69	2
#FC8D62	0.979619103558388	24	2	validation	validation	50% validation 7	2
#FC8D62	0.60784006100822	24	2	validation	validation	50% validation 91	2
#FC8D62	0.693306641054199	24	2	validation	validation	50% validation 24	2
#FC8D62	-0.465669723945589	24	2	validation	validation	50% validation 70	2
#FC8D62	0.925172035415367	24	2	validation	validation	50% validation 93	2
#FC8D62	0.627908522909336	24	2	validation	validation	50% validation 71	2
#FC8D62	1.30321688454429	24	2	validation	validation	50% validation 8	2
#FC8D62	0.88771499198302	24	2	validation	validation	50% validation 25	2
#FC8D62	0.929199619166698	24	2	validation	validation	50% validation 29	2
#FC8D62	0.607340297559702	24	2	validation	validation	50% validation 30	2
#FC8D62	1.08897390386315	24	2	validation	validation	50% validation 9	2
#FC8D62	1.18137945857216	24	2	validation	validation	50% validation 10	2
#FC8D62	0.976283429439679	24	2	validation	validation	50% validation 31	2
#FC8D62	0.340255051532536	24	2	validation	validation	50% validation 32	2
#FC8D62	1.14377019557949	24	2	validation	validation	50% validation 1	2
#FC8D62	0.975156595282813	24	2	validation	validation	50% validation 74	2
#FC8D62	0.806793513556283	24	2	validation	validation	50% validation 33	2
#FC8D62	0.883069993432215	24	2	validation	validation	50% validation 11	2
#FC8D62	0.107084929120055	24	2	validation	validation	50% validation 72	2
#FC8D62	0.943347942327567	24	2	validation	validation	50% validation 12	2
#FC8D62	0.653832936684597	24	2	validation	validation	50% validation 34	2
#FC8D62	0.576628045196565	24	2	validation	validation	50% validation 86	2
#FC8D62	1.01445017209489	24	2	validation	validation	50% validation 35	2
#FC8D62	0.82465715864291	24	2	validation	validation	50% validation 36	2
#FC8D62	0.500119490136133	24	2	validation	validation	50% validation 37	2
#FC8D62	0.61394062828411	24	2	validation	validation	50% validation 38	2
#FC8D62	0.946323863147069	24	2	validation	validation	50% validation 59	2
#FC8D62	0.978957786814936	24	2	validation	validation	50% validation 60	2
#FC8D62	0.754994364016383	24	2	validation	validation	50% validation 39	2
#FC8D62	0.828398898471456	24	2	validation	validation	50% validation 40	2
#FC8D62	0.379156546505716	24	2	validation	validation	50% validation 41	2
#FC8D62	0.84023616096547	24	2	validation	validation	50% validation 92	2
#FC8D62	0.616302229271217	24	2	validation	validation	50% validation 42	2
#FC8D62	0.359843012519188	24	2	validation	validation	50% validation 43	2
#FC8D62	0.126359394601954	24	2	validation	validation	50% validation 44	2
#FC8D62	0.597397740321604	24	2	validation	validation	50% validation 45	2
#FC8D62	1.05093099173984	24	2	validation	validation	50% validation 13	2
#FC8D62	0.100231375634616	24	2	validation	validation	50% validation 99	2
#FC8D62	0.869923588751265	24	2	validation	validation	50% validation 61	2
#FC8D62	0.988325306124189	24	2	validation	validation	50% validation 14	2
#FC8D62	1.23396440609616	24	2	validation	validation	50% validation 2	2
#FC8D62	0.827314516538101	24	2	validation	validation	50% validation 46	2
#FC8D62	0.880290822464145	24	2	validation	validation	50% validation 75	2
#FC8D62	1.18597145796684	24	2	validation	validation	50% validation 3	2
#FC8D62	0.527847001787799	24	2	validation	validation	50% validation 47	2
#FC8D62	0.509140071691812	24	2	validation	validation	50% validation 76	2
#FC8D62	0.825564830035701	24	2	validation	validation	50% validation 97	2
#FC8D62	1.08370361855798	24	2	validation	validation	50% validation 88	2
#FC8D62	0.706098861848481	24	2	validation	validation	50% validation 62	2
#FC8D62	0.880870553483082	24	2	validation	validation	50% validation 95	2
#FC8D62	0.588821268877494	24	2	validation	validation	50% validation 48	2
#FC8D62	0.837072000861882	24	2	validation	validation	50% validation 49	2
#FC8D62	1.0574895322318	24	2	validation	validation	50% validation 15	2
#FC8D62	0.97360830005801	24	2	validation	validation	50% validation 16	2
#FC8D62	1.11973319564657	24	2	validation	validation	50% validation 17	2
#FC8D62	0.120711831095542	24	2	validation	validation	50% validation 63	2
#FC8D62	0.500808117870161	24	2	validation	validation	50% validation 64	2
#FC8D62	0.4853439080133	24	2	validation	validation	50% validation 26	2
#FC8D62	0.0930825249345867	24	2	validation	validation	50% validation 65	2
#FC8D62	-0.487457552464116	24	2	validation	validation	50% validation 77	2
#FC8D62	-0.49177829773714	24	2	validation	validation	50% validation 50	2
#FC8D62	0.950591104062721	24	2	validation	validation	50% validation 18	2
#FC8D62	0.998632211175585	24	2	validation	validation	50% validation 96	2
#FC8D62	0.863516502424215	24	2	validation	validation	50% validation 51	2
#FC8D62	1.21278326537402	24	2	validation	validation	50% validation 52	2
#FC8D62	0.706013692722642	24	2	validation	validation	50% validation 78	2
#FC8D62	0.346931404078157	24	2	validation	validation	50% validation 53	2
#FC8D62	1.12575455848797	24	2	validation	validation	50% validation 19	2
#FC8D62	-0.531356531839812	24	2	validation	validation	50% validation 73	2
#FC8D62	0.976411804559737	24	2	validation	validation	50% validation 54	2
#FC8D62	1.23654988647548	24	2	validation	validation	50% validation 4	2
#FC8D62	0.356654915093582	24	2	validation	validation	50% validation 55	2
#FC8D62	1.24762743767974	24	2	validation	validation	50% validation 5	2
#FC8D62	0.823161009745891	24	2	validation	validation	50% validation 98	2
#FC8D62	0.876409488183825	24	2	validation	validation	50% validation 66	2
#FC8D62	0.821858025872075	24	2	validation	validation	50% validation 89	2
#FC8D62	0.516618229804384	24	2	validation	validation	50% validation 79	2
#FC8D62	0.926015056035964	24	2	validation	validation	50% validation 94	2
#FC8D62	0.312333434749261	24	2	validation	validation	50% validation 80	2
#FC8D62	0.595355466067916	24	2	validation	validation	50% validation 81	2
#FC8D62	1.12493472789135	24	2	validation	validation	50% validation 20	2
#FC8D62	0.911328224689392	24	2	validation	validation	50% validation 21	2
#FC8D62	0.849011614443745	24	2	validation	validation	50% validation 56	2
#FC8D62	0.337433418621814	24	2	validation	validation	50% validation 82	2
#FC8D62	0.440997304751993	24	2	validation	validation	50% validation 67	2
#FC8D62	0.824248519729028	24	2	validation	validation	50% validation 57	2
#FC8D62	0.362547380231281	24	2	validation	validation	50% validation 27	2
#FC8D62	0.345172104651131	24	2	validation	validation	50% validation 83	2
#FC8D62	0.835801166880526	24	2	validation	validation	50% validation 58	2
#FC8D62	0.880379426561675	24	2	validation	validation	50% validation 100	2
#FC8D62	0.966728105540372	24	2	validation	validation	50% validation 68	2
#FC8D62	0.500788597538472	24	2	validation	validation	50% validation 85	2
#FC8D62	0.714235857311245	24	2	validation	validation	50% validation 90	2
#FC8D62	1.07073327571324	24	2	validation	validation	50% validation 84	2
#FC8D62	-0.456203692305617	25	2	validation	validation	VC à 2 blocs 32	2
#FC8D62	0.849585930347751	25	2	validation	validation	VC à 2 blocs 33	2
#FC8D62	0.588794950216381	25	2	validation	validation	VC à 2 blocs 85	2
#FC8D62	0.0793096142964899	25	2	validation	validation	VC à 2 blocs 77	2
#FC8D62	1.12324668847211	25	2	validation	validation	VC à 2 blocs 4	2
#FC8D62	0.0858920776641564	25	2	validation	validation	VC à 2 blocs 34	2
#FC8D62	0.506437719590312	25	2	validation	validation	VC à 2 blocs 28	2
#FC8D62	0.132386749277327	25	2	validation	validation	VC à 2 blocs 78	2
#FC8D62	0.524968646376723	25	2	validation	validation	VC à 2 blocs 35	2
#FC8D62	1.2065118428847	25	2	validation	validation	VC à 2 blocs 5	2
#FC8D62	0.828474452929257	25	2	validation	validation	VC à 2 blocs 36	2
#FC8D62	0.937846964013798	25	2	validation	validation	VC à 2 blocs 6	2
#FC8D62	0.993554915616909	25	2	validation	validation	VC à 2 blocs 37	2
#FC8D62	0.635111013347789	25	2	validation	validation	VC à 2 blocs 91	2
#FC8D62	0.700140503025185	25	2	validation	validation	VC à 2 blocs 38	2
#FC8D62	0.110778081890343	25	2	validation	validation	VC à 2 blocs 39	2
#FC8D62	1.23061134961664	25	2	validation	validation	VC à 2 blocs 7	2
#FC8D62	0.631217654179683	25	2	validation	validation	VC à 2 blocs 92	2
#FC8D62	0.883513526268355	25	2	validation	validation	VC à 2 blocs 79	2
#FC8D62	1.09254779370158	25	2	validation	validation	VC à 2 blocs 98	2
#FC8D62	0.0608869350301264	25	2	validation	validation	VC à 2 blocs 40	2
#FC8D62	0.882291783632586	25	2	validation	validation	VC à 2 blocs 97	2
#FC8D62	0.937756110213563	25	2	validation	validation	VC à 2 blocs 71	2
#FC8D62	0.883333986192003	25	2	validation	validation	VC à 2 blocs 8	2
#FC8D62	1.01274677388181	25	2	validation	validation	VC à 2 blocs 41	2
#FC8D62	1.14968966414442	25	2	validation	validation	VC à 2 blocs 9	2
#FC8D62	0.35967537535869	25	2	validation	validation	VC à 2 blocs 42	2
#FC8D62	0.58202237009732	25	2	validation	validation	VC à 2 blocs 89	2
#FC8D62	0.608727792465008	25	2	validation	validation	VC à 2 blocs 29	2
#FC8D62	0.134895326796933	25	2	validation	validation	VC à 2 blocs 43	2
#FC8D62	0.407369496813677	25	2	validation	validation	VC à 2 blocs 44	2
#FC8D62	1.05673851050424	25	2	validation	validation	VC à 2 blocs 72	2
#FC8D62	0.940389329700372	25	2	validation	validation	VC à 2 blocs 95	2
#FC8D62	0.374333929114466	25	2	validation	validation	VC à 2 blocs 73	2
#FC8D62	1.20825431355169	25	2	validation	validation	VC à 2 blocs 10	2
#FC8D62	0.339014736303304	25	2	validation	validation	VC à 2 blocs 45	2
#FC8D62	-0.268676736409947	25	2	validation	validation	VC à 2 blocs 46	2
#FC8D62	1.01793328503031	25	2	validation	validation	VC à 2 blocs 11	2
#FC8D62	0.685337528710032	25	2	validation	validation	VC à 2 blocs 30	2
#FC8D62	0.610049600473539	25	2	validation	validation	VC à 2 blocs 47	2
#FC8D62	0.933875768567821	25	2	validation	validation	VC à 2 blocs 48	2
#FC8D62	0.881223558956371	25	2	validation	validation	VC à 2 blocs 49	2
#FC8D62	-0.497985812897943	25	2	validation	validation	VC à 2 blocs 80	2
#FC8D62	0.772086267906768	25	2	validation	validation	VC à 2 blocs 50	2
#FC8D62	0.512102454633667	25	2	validation	validation	VC à 2 blocs 51	2
#FC8D62	1.30233121613713	25	2	validation	validation	VC à 2 blocs 12	2
#FC8D62	-0.410204812755662	25	2	validation	validation	VC à 2 blocs 52	2
#FC8D62	1.17952059493845	25	2	validation	validation	VC à 2 blocs 13	2
#FC8D62	1.08458202944533	25	2	validation	validation	VC à 2 blocs 14	2
#FC8D62	0.383017180295321	25	2	validation	validation	VC à 2 blocs 31	2
#FC8D62	0.983372708354502	25	2	validation	validation	VC à 2 blocs 15	2
#FC8D62	0.486250563272647	25	2	validation	validation	VC à 2 blocs 74	2
#FC8D62	0.571039687453268	25	2	validation	validation	VC à 2 blocs 81	2
#FC8D62	0.490317310731894	25	2	validation	validation	VC à 2 blocs 53	2
#FC8D62	-0.675965085861296	25	2	validation	validation	VC à 2 blocs 96	2
#FC8D62	1.19640813955553	25	2	validation	validation	VC à 2 blocs 1	2
#FC8D62	0.954885753453335	25	2	validation	validation	VC à 2 blocs 16	2
#FC8D62	0.500123123035001	25	2	validation	validation	VC à 2 blocs 54	2
#FC8D62	0.351041433039807	25	2	validation	validation	VC à 2 blocs 75	2
#FC8D62	0.329856671994709	25	2	validation	validation	VC à 2 blocs 93	2
#FC8D62	-0.435234427806729	25	2	validation	validation	VC à 2 blocs 55	2
#FC8D62	0.932978722829448	25	2	validation	validation	VC à 2 blocs 56	2
#FC8D62	-0.3952778934707	25	2	validation	validation	VC à 2 blocs 57	2
#FC8D62	0.948431112118383	25	2	validation	validation	VC à 2 blocs 58	2
#FC8D62	1.24174686155638	25	2	validation	validation	VC à 2 blocs 17	2
#FC8D62	0.35976804678201	25	2	validation	validation	VC à 2 blocs 82	2
#FC8D62	0.978945558986856	25	2	validation	validation	VC à 2 blocs 59	2
#FC8D62	0.0829549118886954	25	2	validation	validation	VC à 2 blocs 90	2
#FC8D62	1.09300116138882	25	2	validation	validation	VC à 2 blocs 18	2
#FC8D62	1.08735544967348	25	2	validation	validation	VC à 2 blocs 2	2
#FC8D62	0.881433211051941	25	2	validation	validation	VC à 2 blocs 99	2
#FC8D62	0.916535312280383	25	2	validation	validation	VC à 2 blocs 60	2
#FC8D62	0.977381310906144	25	2	validation	validation	VC à 2 blocs 61	2
#FC8D62	0.934122888344509	25	2	validation	validation	VC à 2 blocs 19	2
#FC8D62	0.606478321625733	25	2	validation	validation	VC à 2 blocs 62	2
#FC8D62	0.92199424775892	25	2	validation	validation	VC à 2 blocs 63	2
#FC8D62	1.25690208988098	25	2	validation	validation	VC à 2 blocs 94	2
#FC8D62	0.465976157887979	25	2	validation	validation	VC à 2 blocs 76	2
#FC8D62	1.19064862589676	25	2	validation	validation	VC à 2 blocs 3	2
#FC8D62	0.982929552019188	25	2	validation	validation	VC à 2 blocs 20	2
#FC8D62	0.352581932993684	25	2	validation	validation	VC à 2 blocs 64	2
#FC8D62	0.987977975449429	25	2	validation	validation	VC à 2 blocs 21	2
#FC8D62	0.788706288929872	25	2	validation	validation	VC à 2 blocs 86	2
#FC8D62	1.18511492322766	25	2	validation	validation	VC à 2 blocs 22	2
#FC8D62	1.13361082878502	25	2	validation	validation	VC à 2 blocs 65	2
#FC8D62	1.12722356364959	25	2	validation	validation	VC à 2 blocs 23	2
#FC8D62	0.712291663314482	25	2	validation	validation	VC à 2 blocs 87	2
#FC8D62	1.14917782097855	25	2	validation	validation	VC à 2 blocs 24	2
#FC8D62	0.698854411197243	25	2	validation	validation	VC à 2 blocs 83	2
#FC8D62	0.928546729241894	25	2	validation	validation	VC à 2 blocs 66	2
#FC8D62	0.486331336101606	25	2	validation	validation	VC à 2 blocs 67	2
#FC8D62	0.972534256547399	25	2	validation	validation	VC à 2 blocs 84	2
#FC8D62	1.02039558735079	25	2	validation	validation	VC à 2 blocs 25	2
#FC8D62	1.05756471281316	25	2	validation	validation	VC à 2 blocs 68	2
#FC8D62	0.0949519691650028	25	2	validation	validation	VC à 2 blocs 69	2
#FC8D62	1.05653862101898	25	2	validation	validation	VC à 2 blocs 26	2
#FC8D62	0.87952946624203	25	2	validation	validation	VC à 2 blocs 100	2
#FC8D62	0.353626149430258	25	2	validation	validation	VC à 2 blocs 88	2
#FC8D62	0.563956678924938	25	2	validation	validation	VC à 2 blocs 70	2
#FC8D62	1.31414570539581	25	2	validation	validation	VC à 2 blocs 27	2
#FC8D62	0.887676611345176	25	2	validation	validation	50% validation 87	2
#FC8D62	0.884818487702803	25	2	validation	validation	50% validation 6	2
#FC8D62	0.337929172795525	25	2	validation	validation	50% validation 28	2
#FC8D62	1.03756136696841	25	2	validation	validation	50% validation 22	2
#FC8D62	0.980972437067902	25	2	validation	validation	50% validation 23	2
#FC8D62	0.0739150701390789	25	2	validation	validation	50% validation 69	2
#FC8D62	0.979628304851522	25	2	validation	validation	50% validation 7	2
#FC8D62	0.607934676519985	25	2	validation	validation	50% validation 91	2
#FC8D62	0.693255497022686	25	2	validation	validation	50% validation 24	2
#FC8D62	-0.468059943578237	25	2	validation	validation	50% validation 70	2
#FC8D62	0.925154681032568	25	2	validation	validation	50% validation 93	2
#FC8D62	0.627883693699721	25	2	validation	validation	50% validation 71	2
#FC8D62	1.30322120616293	25	2	validation	validation	50% validation 8	2
#FC8D62	0.887630070063773	25	2	validation	validation	50% validation 25	2
#FC8D62	0.929199619166698	25	2	validation	validation	50% validation 29	2
#FC8D62	0.606986367241936	25	2	validation	validation	50% validation 30	2
#FC8D62	1.08893769253129	25	2	validation	validation	50% validation 9	2
#FC8D62	1.18132572806622	25	2	validation	validation	50% validation 10	2
#FC8D62	0.976294173293653	25	2	validation	validation	50% validation 31	2
#FC8D62	0.337850062129882	25	2	validation	validation	50% validation 32	2
#FC8D62	1.14377019557949	25	2	validation	validation	50% validation 1	2
#FC8D62	0.975144147057933	25	2	validation	validation	50% validation 74	2
#FC8D62	0.806788741185654	25	2	validation	validation	50% validation 33	2
#FC8D62	0.883052011254822	25	2	validation	validation	50% validation 11	2
#FC8D62	0.107061026125422	25	2	validation	validation	50% validation 72	2
#FC8D62	0.943366652055503	25	2	validation	validation	50% validation 12	2
#FC8D62	0.653826149404866	25	2	validation	validation	50% validation 34	2
#FC8D62	0.576651317152701	25	2	validation	validation	50% validation 86	2
#FC8D62	1.01445017209489	25	2	validation	validation	50% validation 35	2
#FC8D62	0.824678891324677	25	2	validation	validation	50% validation 36	2
#FC8D62	0.500119490136133	25	2	validation	validation	50% validation 37	2
#FC8D62	0.61394062828411	25	2	validation	validation	50% validation 38	2
#FC8D62	0.946235567287251	25	2	validation	validation	50% validation 59	2
#FC8D62	0.978997736513458	25	2	validation	validation	50% validation 60	2
#FC8D62	0.754973138430003	25	2	validation	validation	50% validation 39	2
#FC8D62	0.828497171706136	25	2	validation	validation	50% validation 40	2
#FC8D62	0.379504321063363	25	2	validation	validation	50% validation 41	2
#FC8D62	0.840223596146337	25	2	validation	validation	50% validation 92	2
#FC8D62	0.616322512007638	25	2	validation	validation	50% validation 42	2
#FC8D62	0.359999350447313	25	2	validation	validation	50% validation 43	2
#FC8D62	0.126424328821304	25	2	validation	validation	50% validation 44	2
#FC8D62	0.597372030289741	25	2	validation	validation	50% validation 45	2
#FC8D62	1.0504957073789	25	2	validation	validation	50% validation 13	2
#FC8D62	0.100300336012014	25	2	validation	validation	50% validation 99	2
#FC8D62	0.86991185414834	25	2	validation	validation	50% validation 61	2
#FC8D62	0.988325306124189	25	2	validation	validation	50% validation 14	2
#FC8D62	1.23393847332921	25	2	validation	validation	50% validation 2	2
#FC8D62	0.827327582804884	25	2	validation	validation	50% validation 46	2
#FC8D62	0.880301299172025	25	2	validation	validation	50% validation 75	2
#FC8D62	1.18562919024556	25	2	validation	validation	50% validation 3	2
#FC8D62	0.527877172586762	25	2	validation	validation	50% validation 47	2
#FC8D62	0.509250293077309	25	2	validation	validation	50% validation 76	2
#FC8D62	0.825564452886228	25	2	validation	validation	50% validation 97	2
#FC8D62	1.08373314880992	25	2	validation	validation	50% validation 88	2
#FC8D62	0.70493955623777	25	2	validation	validation	50% validation 62	2
#FC8D62	0.8808685971727	25	2	validation	validation	50% validation 95	2
#FC8D62	0.588847487780679	25	2	validation	validation	50% validation 48	2
#FC8D62	0.837226404377877	25	2	validation	validation	50% validation 49	2
#FC8D62	1.05757757198088	25	2	validation	validation	50% validation 15	2
#FC8D62	0.973050039327939	25	2	validation	validation	50% validation 16	2
#FC8D62	1.11972614448616	25	2	validation	validation	50% validation 17	2
#FC8D62	0.121212927035567	25	2	validation	validation	50% validation 63	2
#FC8D62	0.500798463543244	25	2	validation	validation	50% validation 64	2
#FC8D62	0.4853439080133	25	2	validation	validation	50% validation 26	2
#FC8D62	0.0930578386853289	25	2	validation	validation	50% validation 65	2
#FC8D62	-0.487213290237787	25	2	validation	validation	50% validation 77	2
#FC8D62	-0.493159537370087	25	2	validation	validation	50% validation 50	2
#FC8D62	0.950517629338408	25	2	validation	validation	50% validation 18	2
#FC8D62	0.998620417980522	25	2	validation	validation	50% validation 96	2
#FC8D62	0.863565530462811	25	2	validation	validation	50% validation 51	2
#FC8D62	1.21278326537402	25	2	validation	validation	50% validation 52	2
#FC8D62	0.706089166881574	25	2	validation	validation	50% validation 78	2
#FC8D62	0.346969116867656	25	2	validation	validation	50% validation 53	2
#FC8D62	1.12575455848797	25	2	validation	validation	50% validation 19	2
#FC8D62	-0.531061360338931	25	2	validation	validation	50% validation 73	2
#FC8D62	0.976411804559737	25	2	validation	validation	50% validation 54	2
#FC8D62	1.23655474927763	25	2	validation	validation	50% validation 4	2
#FC8D62	0.356654915093582	25	2	validation	validation	50% validation 55	2
#FC8D62	1.24761485409477	25	2	validation	validation	50% validation 5	2
#FC8D62	0.823140367707034	25	2	validation	validation	50% validation 98	2
#FC8D62	0.876423945106606	25	2	validation	validation	50% validation 66	2
#FC8D62	0.821858025872075	25	2	validation	validation	50% validation 89	2
#FC8D62	0.516643745530387	25	2	validation	validation	50% validation 79	2
#FC8D62	0.925970915858373	25	2	validation	validation	50% validation 94	2
#FC8D62	0.312507842143951	25	2	validation	validation	50% validation 80	2
#FC8D62	0.595377520658113	25	2	validation	validation	50% validation 81	2
#FC8D62	1.12494124308757	25	2	validation	validation	50% validation 20	2
#FC8D62	0.911328224689392	25	2	validation	validation	50% validation 21	2
#FC8D62	0.848948689889989	25	2	validation	validation	50% validation 56	2
#FC8D62	0.337433418621814	25	2	validation	validation	50% validation 82	2
#FC8D62	0.44099191817684	25	2	validation	validation	50% validation 67	2
#FC8D62	0.824261675223907	25	2	validation	validation	50% validation 57	2
#FC8D62	0.362547380231281	25	2	validation	validation	50% validation 27	2
#FC8D62	0.345165388219651	25	2	validation	validation	50% validation 83	2
#FC8D62	0.837356253522178	25	2	validation	validation	50% validation 58	2
#FC8D62	0.88036394245652	25	2	validation	validation	50% validation 100	2
#FC8D62	0.966728105540372	25	2	validation	validation	50% validation 68	2
#FC8D62	0.500788597538472	25	2	validation	validation	50% validation 85	2
#FC8D62	0.714235857311245	25	2	validation	validation	50% validation 90	2
#FC8D62	1.07072301647058	25	2	validation	validation	50% validation 84	2
